Marka,Model,Cena,Waluta,Paliwo,Przebieg,Rocznik,Skrzynia biegów,Pojemność silnika
Alfa Romeo,Alfa Romeo 147,3000,PLN,Benzyna,159000,2008,Manualna,NULL
Volvo,Volvo XC 60,129999,PLN,Benzyna,127000,2018,Automatyczna,NULL
Ford,Ford B-MAX,22900,PLN,Benzyna,161000,2016,Manualna,NULL
Jaguar,Jaguar I-Pace EV400 AWD SE,69900,PLN,Elektryczny,135125,2019,Automatyczna,NULL
Cupra,Cupra Formentor VZ 2.0 TSI 4Drive DSG,119999,PLN,Benzyna,81800,2020,Automatyczna,2.0
Hyundai,Hyundai Kona 1.0 T-GDI Advantage+,44900,PLN,Benzyna,112000,2018,Manualna,1.0
Denza,Denza Z9 GT,269000,PLN,Benzyna,18500,2024,Automatyczna,NULL
Fiat,Fiat Tipo 1.4 16V More,29900,PLN,Benzyna,108000,2017,Manualna,1.4
Toyota,Toyota RAV4 2.0 D-4D 4x4,13900,PLN,Diesel,223759,2004,Manualna,2.0
Renault,Renault Megane 1.9 dCi Dynamique,16900,PLN,Diesel,208000,2010,Manualna,1.9
Jeep,Jeep Compass 2.0 MJD Limited 4WD S&S,57000,PLN,Diesel,159000,2017,Manualna,2.0
Opel,Opel Insignia,13200,PLN,Diesel,195500,2010,Automatyczna,NULL
Renault,Renault Trafic,26900,PLN,Diesel,270000,2011,Manualna,NULL
Volkswagen,Volkswagen CC,30000,PLN,Benzyna,215000,2014,Automatyczna,NULL
Ford,Ford Focus 1.0 EcoBoost ST-Line,28700,PLN,Benzyna,150000,2018,Manualna,1.0
Seat,Seat Ateca,90500,PLN,Benzyna,53590,2019,Automatyczna,NULL
Mitsubishi,Mitsubishi Outlander 2.2 DID Instyle Navi 4WD,34900,PLN,Diesel,341500,2014,Automatyczna,2.2
Mercedes-Benz,Mercedes-Benz Klasa V 250 d 4-Matic Avantgarde 9G-Tronic (d³ugi),182000,PLN,Diesel,130300,2019,Automatyczna,NULL
Mitsubishi,Mitsubishi Lancer,20900,PLN,Benzyna,167800,2009,Manualna,NULL
Alfa Romeo,Alfa Romeo Giulia,67900,PLN,Diesel,127300,2017,Automatyczna,NULL
Nissan,Nissan Juke 1.6 Acenta,27900,PLN,Benzyna,141058,2013,Manualna,1.6
Hyundai,Hyundai Veloster,23900,PLN,Benzyna,213100,2012,Automatyczna,NULL
Mercedes-Benz,Mercedes-Benz Klasa C AMG 43 4Matic 9G-TRONIC,129900,PLN,Benzyna,76214,2017,Automatyczna,NULL
Chevrolet,Chevrolet Cruze,3800,PLN,Diesel,333080,2009,Manualna,NULL
Peugeot,Peugeot 208,24000,PLN,Benzyna,101000,2017,Manualna,NULL
Volvo,Volvo XC 90 B5 B AWD Ultra Bright 7os,35670,PLN,Benzyna,14600,2025,Automatyczna,NULL
Fiat,Fiat Panda,11800,PLN,Benzyna,82000,2011,Manualna,NULL
Audi,Audi Q5 Sportback 50 TFSI e Quattro S Line S tronic,209000,PLN,Hybryda Plug-in,24200,2024,Automatyczna,NULL
Nissan,Nissan Micra 1.0 N-Way,35900,PLN,Benzyna,98000,2019,Manualna,1.0
Chevrolet,Chevrolet Orlando,19900,PLN,Benzyna,252000,2012,Manualna,NULL
Volkswagen,Volkswagen Passat 2.0 TDI DPF Sportline,29999,PLN,Diesel,189953,2011,Manualna,2.0
Renault,Renault Scenic 1.6 16V TomTom Edition,24500,PLN,Benzyna,89598,2012,Manualna,1.6
Aixam,Aixam Inny,9900,PLN,Diesel,21000,1997,Automatyczna,NULL
Lexus,Lexus CT 200h Comfort,46200,PLN,Benzyna+LPG,187000,2012,Automatyczna,NULL
Nissan,Nissan Qashqai ver-1-5-dci-tekna,26999,PLN,Diesel,167669,2011,Manualna,NULL
Renault,Renault Grand Scenic,71000,PLN,Benzyna,131941,2018,Automatyczna,NULL
Volvo,Volvo V60 T6 AWD Plug-In Hybrid Inscription,139999,PLN,Hybryda Plug-in,23000,2021,Automatyczna,NULL
Skoda,Skoda Octavia 1.9 TDI Ambiente,6000,PLN,Diesel,211372,2005,Manualna,1.9
Kia,Kia Rio 1.2 Spirit,23500,PLN,Benzyna,168963,2013,Manualna,1.2
Volkswagen,Volkswagen Fox 1.2 Style,6999,PLN,Benzyna,182685,2009,Manualna,1.2
Opel,Opel Corsa 1.2 16V Enjoy,3000,PLN,Benzyna,231500,2007,Manualna,1.2
Audi,Audi Q3 Sportback 35 TFSI mHEV S tronic,104900,PLN,Benzyna,104000,2021,Automatyczna,NULL
Renault,Renault Espace 2.0 dCi Celsium ESM,33500,PLN,Diesel,148056,2014,Manualna,2.0
Volkswagen,Volkswagen Golf Plus 2.0 TDI DPF MATCH,25900,PLN,Diesel,184000,2012,Manualna,2.0
Opel,Opel Meriva 1.4 Ecoflex Design Edition,23999,PLN,Benzyna,149825,2015,Manualna,1.4
BMW,BMW Seria 4 420d xDrive M Sport sport,139000,PLN,Diesel,24000,2025,Automatyczna,NULL
Renault,Renault Clio 1.2 TCE Extreme,13900,PLN,Benzyna,225000,2010,Manualna,1.2
Renault,Renault Espace 2.0 dCi Initiale ESM,33500,PLN,Diesel,139259,2013,Automatyczna,2.0
Peugeot,Peugeot 107 70 Black&Silver,10800,PLN,Benzyna,142852,2012,Manualna,NULL
Nissan,Nissan Juke 1.0 DIG-T Tekna DCT,64900,PLN,Benzyna,43100,2020,Automatyczna,1.0
Audi,Audi A3 Limousine,49000,PLN,Diesel,161732,2016,Manualna,NULL
Seat,Seat Leon 2.0 TDI DPF Start&Stop DSG FR,44000,PLN,Diesel,238000,2016,Automatyczna,2.0
Opel,Opel Zafira 2.0 CDTI Cosmo,19999,PLN,Diesel,225007,2012,Manualna,2.0
Ford,Ford Kuga,14900,PLN,Diesel,320000,2010,Manualna,NULL
Citroën,Citroën Berlingo M 1.5 BlueHDI Live,45000,PLN,Diesel,181350,2018,Manualna,1.5
Volkswagen,Volkswagen Passat 2.0 TDI (BlueMotion Technology) DSG Comfortline,64000,PLN,Diesel,181000,2022,Automatyczna,2.0
Citroën,Citroën Berlingo 1.4i Advance,8500,PLN,Benzyna,224085,2007,Manualna,1.4
Audi,Audi A3 3-drzwiowe 1.4 TFSI S line Sportpaket,19900,PLN,Benzyna,176000,2013,Manualna,1.4
Fiat,Fiat Freemont 2.0 Multijet,22800,PLN,Diesel,231000,2012,Manualna,2.0
Chevrolet,Chevrolet Aveo 1.2 16V LS Design+,6500,PLN,Benzyna,160407,2008,Manualna,1.2
BMW,BMW Seria 1,14900,PLN,Benzyna,285000,2005,Manualna,NULL
Mercedes-Benz,Mercedes-Benz Klasa B 200 d 7G-DCT Edition,27700,PLN,Diesel,56000,2018,Automatyczna,NULL
Mercedes-Benz,Mercedes-Benz GLC,169000,PLN,Hybryda Plug-in,101582,2021,Automatyczna,NULL
Ford,Ford S-Max 2.0 TDCi DPF Titanium,23900,PLN,Diesel,292600,2012,Manualna,2.0
Ford,Ford Focus 2.0 EcoBoost ST mit Leder-Sport-Paket,43500,PLN,Benzyna,147000,2013,Manualna,2.0
Skoda,Skoda Superb,104900,PLN,Diesel,118100,2022,Automatyczna,NULL
Toyota,Toyota Hilux 3.0 D-4D Invincible,69000,PLN,Diesel,222000,2011,Automatyczna,3.0
Seat,Seat Ibiza,77900,PLN,Benzyna,14500,2025,Manualna,NULL
Renault,Renault Laguna,28900,PLN,Benzyna,167150,2014,Manualna,NULL
Volkswagen,Volkswagen Caravelle,157900,PLN,Diesel,62500,2022,Manualna,NULL
Seat,Seat Alhambra,49900,PLN,Diesel,222900,2014,Automatyczna,NULL
Kia,Kia Sportage,106500,PLN,Benzyna,75300,2023,Automatyczna,NULL
Fiat,Fiat Freemont,28900,PLN,Diesel,226950,2013,Automatyczna,NULL
Toyota,Toyota Yaris,74900,PLN,Hybryda,55500,2023,Automatyczna,NULL
Skoda,Skoda Fabia,68900,PLN,Benzyna,70485,2023,Manualna,NULL
Skoda,Skoda Kamiq,81900,PLN,Benzyna,42500,2022,Automatyczna,NULL
Ford,Ford Kuga,82900,PLN,Benzyna,76300,2022,Manualna,NULL
Ford,Ford Kuga,51900,PLN,Diesel,155500,2017,Automatyczna,NULL
Seat,Seat Tarraco,89500,PLN,Benzyna,77860,2022,Manualna,NULL
Kia,Kia Ceed,96500,PLN,Benzyna,96500,2022,Manualna,NULL
Seat,Seat Ibiza,53900,PLN,Benzyna,83500,2022,Manualna,NULL
Alfa Romeo,Alfa Romeo Giulietta,10500,PLN,Diesel,224722,2012,Manualna,NULL
Mercedes-Benz,Mercedes-Benz GLK 220 CDI DPF 4Matic BlueEFFICIENCY 7G-TRONIC,16600,PLN,Diesel,99000,2009,Automatyczna,NULL
BMW,BMW Seria 3 318i Advantage,54900,PLN,Benzyna,131000,2018,Automatyczna,NULL
Citroën,Citroën C5,7500,PLN,Diesel,412330,2006,Manualna,NULL
Audi,Audi A4 Avant 40 TDI S tronic design,73700,PLN,Diesel,99500,2017,Automatyczna,NULL
Kia,Kia Sportage,71900,PLN,Benzyna,47000,2021,Automatyczna,NULL
Skoda,Skoda Octavia,17000,PLN,Diesel,345000,2011,Manualna,NULL
Ford,Ford Fiesta 1.6 Ti-VCT Ghia,12900,PLN,Benzyna,154000,2010,Manualna,1.6
Mercedes-Benz,Mercedes-Benz Klasa C,129900,PLN,Benzyna,81200,2021,Automatyczna,NULL
Toyota,Toyota Auris 1.6 VVT-i Executive,17400,PLN,Benzyna,180000,2008,Manualna,1.6
Audi,Audi A4 Avant,108900,PLN,Benzyna,89300,2023,Automatyczna,NULL
Ford,Ford Mondeo 1.8 TDCi Ambiente,2900,PLN,Diesel,220000,2010,Manualna,1.8
Renault,Renault Captur ENERGY TCe 90 Start&Stop Experience,21800,PLN,Benzyna,105000,2018,Manualna,NULL
Ford,Ford Puma 1.0 EcoBoost Hybrid ST-LINE,65900,PLN,Benzyna,67000,2022,Manualna,1.0
Ford,Ford Focus 2.0 EcoBoost ST mit Leder-Sport-Paket,46500,PLN,Benzyna,154020,2014,Manualna,2.0
Mercedes-Benz,Mercedes-Benz GLA 250 AMG Line,112500,PLN,Benzyna,92508,2022,Automatyczna,NULL
Ford,Ford Kuga 2.0 TDCi 2x4 Trend,19400,PLN,Diesel,228000,2014,Manualna,2.0
Mercedes-Benz,Mercedes-Benz CL 63 AMG 7G-TRONIC,79900,PLN,Benzyna,164000,2008,Automatyczna,NULL
Volvo,Volvo XC 90 T8 AWD Plug-In Hybrid Ultimate Bright 7os,234900,PLN,Hybryda Plug-in,98000,2022,Automatyczna,NULL
Audi,Audi A3 Sportback,29999,PLN,Diesel,264000,2011,Automatyczna,NULL
Ford,Ford Focus 2.0 EcoBoost ST mit Leder-Exclusiv-Paket,60800,PLN,Benzyna,147091,2015,Manualna,2.0
Audi,Audi A5 Sportback 2.0 TDI DPF quattro,44500,PLN,Diesel,197090,2010,Manualna,2.0
Dacia,Dacia Duster TCe 130 2WD GPF Prestige,49900,PLN,Benzyna,118000,2019,Manualna,NULL
Dacia,Dacia Duster TCe 125 2WD Prestige,29900,PLN,Benzyna,69000,2016,Manualna,NULL
Volvo,Volvo 340,8500,PLN,Benzyna,146634,1983,Manualna,NULL
Audi,Audi A1 3-drzwiowe 1.6 TDI admired,18600,PLN,Diesel,197000,2011,Manualna,1.6
Mercedes-Benz,Mercedes-Benz Klasa E AMG 53 4Matic+ AMG Speedshift TCT-9G,109000,PLN,Benzyna,165000,2019,Automatyczna,NULL
Ford,Ford Fiesta 1.25 Champions Edition,19900,PLN,Benzyna,166000,2014,Manualna,1.2
Ford,Ford Kuga 1.5 EcoBoost FWD Edition ASS GPF,65000,PLN,Benzyna+LPG,102000,2018,Manualna,1.5
Volvo,Volvo XC 60 B4 D AWD Ultimate Dark,199900,PLN,Diesel,66000,2023,Automatyczna,NULL
Ford,Ford Focus 2.0 EcoBoost ST mit Leder-Sport-Paket,66800,PLN,Benzyna,151657,2017,Manualna,2.0
Skoda,Skoda Fabia 1.2 TSI Comfort,12900,PLN,Benzyna,139000,2010,Manualna,1.2
Ford,Ford Fiesta,26900,PLN,Benzyna,165000,2014,Manualna,NULL
BMW,BMW Seria 7,249000,PLN,Benzyna,150000,2017,Automatyczna,NULL
BMW,BMW Seria 5 520d xDrive,46900,PLN,Diesel,237188,2016,Automatyczna,NULL
Skoda,Skoda Roomster 1.9 TDI,2000,PLN,Diesel,450000,2008,Manualna,1.9
Kia,Kia Sportage,69900,PLN,Diesel,158000,2022,Manualna,NULL
MINI,MINI ONE,55000,PLN,Benzyna,133000,2019,Manualna,NULL
Peugeot,Peugeot 308,38500,PLN,Diesel,150000,2018,Manualna,NULL
Ford,Ford S-Max 2.0 TDCi Ambiente,12500,PLN,Diesel,273000,2008,Manualna,2.0
Ford,Ford Focus,58500,PLN,Benzyna,165714,2018,Manualna,NULL
Ford,Ford Focus,57800,PLN,Benzyna,180600,2017,Manualna,NULL
Kia,Kia Soul,14444,PLN,Benzyna,168000,2009,Manualna,NULL
Volvo,Volvo XC 40 B4 B AWD Momentum,103000,PLN,Benzyna,69362,2021,Automatyczna,NULL
Ford,Ford Fiesta 1.5 TDCi S&S ST-LINE,46000,PLN,Diesel,110000,2018,Manualna,1.5
Mazda,Mazda CX-3 SKYACTIV-D 105 FWD Exclusive-Line,43500,PLN,Diesel,163000,2015,Manualna,NULL
Alfa Romeo,Alfa Romeo Giulia 2.2 AT8 Executive,56000,PLN,Diesel,110000,2017,Automatyczna,2.2
Mercedes-Benz,Mercedes-Benz GLC 200 mHEV 4-Matic AMG Line,249600,PLN,Benzyna,12480,2024,Automatyczna,NULL
Volvo,Volvo C30 D4 RDesign,41700,PLN,Diesel,179000,2011,Manualna,NULL
Opel,Opel Astra 1.6 Cosmo EU6,28500,PLN,Benzyna,84000,2015,Manualna,1.6
Mercedes-Benz,Mercedes-Benz GLB 200 d 4-Matic AMG Line 8G-DCT,122000,PLN,Diesel,123000,2020,Automatyczna,NULL
Peugeot,Peugeot 307 1.6 HDi,3550,PLN,Diesel,330743,2006,Manualna,1.6
Renault,Renault Clio 1.2 16V Alize Euro5,11400,PLN,Benzyna,185000,2012,Manualna,1.2
Porsche,Porsche 911,199900,PLN,Benzyna,82618,2005,Automatyczna,NULL
Peugeot,Peugeot 308 BlueHDi 130 Stop & Start Active,64900,PLN,Diesel,78000,2022,Manualna,NULL
Cupra,Cupra Ateca 2.0 TSI 4Drive DSG Limited Edition,57900,PLN,Benzyna,67000,2020,Automatyczna,2.0
BMW,BMW Seria 4,78900,PLN,Diesel,154000,2019,Automatyczna,NULL
Honda,Honda HR-V 1.5 Elegance (ADAS) CVT,59999,PLN,Benzyna,100270,2017,Automatyczna,1.5
Opel,Opel Astra 1.4 T Essentia,29950,PLN,Benzyna,159000,2015,Manualna,1.4
Ford,Ford Mondeo 2.0 TDCi Titanium,15900,PLN,Diesel,249000,2010,Manualna,2.0
Ford,Ford S-Max 2.0 TDCi DPF Titanium,26900,PLN,Diesel,279950,2014,Manualna,2.0
Volvo,Volvo XC 60 B4 D AWD Momentum,83700,PLN,Diesel,135000,2021,Automatyczna,NULL
Chevrolet,Chevrolet Cruze 1.4 T LT,9500,PLN,Benzyna,178819,2012,Manualna,1.4
Opel,Opel Astra 1.6 Catch me,8900,PLN,Benzyna+LPG,237000,2006,Manualna,1.6
Audi,Audi A4 Avant,6900,PLN,Benzyna,319000,2005,Automatyczna,NULL
Opel,Opel Meriva 1.4 T Cosmo,35900,PLN,Benzyna,106788,2016,Automatyczna,1.4
Mitsubishi,Mitsubishi Eclipse Cross 1.5 T Intense CVT,58900,PLN,Benzyna,157000,2018,Automatyczna,1.5
Renault,Renault Laguna dCi 175 FAP GT,21900,PLN,Diesel,238622,2012,Automatyczna,NULL
Ford,Ford Focus 1.0 EcoBoost Start-Stopp-System COOL&CONNECT,22500,PLN,Benzyna,165000,2017,Manualna,1.0
Renault,Renault Grand Scenic,29999,PLN,Benzyna,159000,2014,Manualna,NULL
Opel,Opel Mokka 1.6 Cosmo S&S,34900,PLN,Benzyna,149000,2016,Manualna,1.6
Ford,Ford Focus 1.6 EcoBoost Titanium,17900,PLN,Benzyna,160800,2012,Manualna,1.6
BMW,BMW Seria 4 435d xDrive Sport-Aut M Sport,69990,PLN,Diesel,187500,2014,Automatyczna,NULL
Renault,Renault Megane TCe 115 GPF ZEN,44900,PLN,Benzyna,137912,2022,Manualna,NULL
Ford,Ford Fiesta 1.25 Ambiente,13500,PLN,Benzyna,182000,2010,Manualna,1.2
Ford,Ford Focus 1.0 EcoBoost Titanium ASS,12000,PLN,Benzyna,164544,2013,Manualna,1.0
Ford,Ford B-MAX 1.0 EcoBoost Individual,19000,PLN,Benzyna,140000,2013,Manualna,1.0
Renault,Renault Captur,31500,PLN,Benzyna,153000,2017,Automatyczna,NULL
BMW,BMW Seria 2 220i Sport-Aut Sport Line,21900,PLN,Benzyna,103511,2019,Automatyczna,NULL
Volkswagen,Volkswagen Golf 1.2 TSI Trendline,13000,PLN,Benzyna,210000,2010,Manualna,1.2
Volkswagen,Volkswagen Touran,8800,PLN,Benzyna,303000,2003,Manualna,NULL
MINI,MINI Clubman Cooper,44900,PLN,Benzyna,169601,2017,Automatyczna,NULL
Volkswagen,Volkswagen Caddy,25900,PLN,Diesel,318236,2014,Manualna,NULL
BMW,BMW Seria 3 320d xDrive M Sport Shadow,189800,PLN,Diesel,45000,2024,Automatyczna,NULL
Kia,Kia Rio 1.0 T-GDI MHEV GT Line,45990,PLN,Benzyna,75953,2021,Manualna,1.0
BMW,BMW Seria 5 520d xDrive,222800,PLN,Diesel,72000,2024,Automatyczna,NULL
Renault,Renault Megane 1.2 16V TCe Energy Limited,15700,PLN,Benzyna,180000,2013,Manualna,1.2
Suzuki,Suzuki Vitara 1.4 Boosterjet XLED Sun 4WD,69900,PLN,Benzyna,104000,2020,Manualna,1.4
Skoda,Skoda Octavia 2.0 TDI Ambition DSG,70970,PLN,Diesel,148836,2022,Automatyczna,2.0
Opel,Opel Astra,8400,PLN,Benzyna,195000,2009,Manualna,NULL
Renault,Renault Grand Scenic Energy dCi 130 Start & Stop Bose Edition,19900,PLN,Diesel,280001,2012,Manualna,NULL
Opel,Opel Astra 1.7 CDTI DPF Sport,14000,PLN,Diesel,180000,2012,Manualna,1.7
Skoda,Skoda Fabia,26500,PLN,Benzyna,155025,2017,Manualna,NULL
Toyota,Toyota Proace Verso,153840,PLN,Diesel,63088,2024,Manualna,NULL
Kia,Kia Ceed 1.6 GDI Fifa World Cup Edition,36900,PLN,Benzyna,156000,2016,Manualna,1.6
Honda,Honda Civic 1.8 Comfort,16000,PLN,Benzyna,260000,2009,Manualna,1.8
BMW,BMW Seria 4 420d xDrive M Sport sport,239800,PLN,Diesel,14700,2025,Automatyczna,NULL
Hyundai,Hyundai i30 1.6 Premium,31900,PLN,Benzyna,145730,2015,Manualna,1.6
Citroën,Citroën C5 Aircross 1.6 PHEV 225 Shine Pack EAT8,74700,PLN,Hybryda Plug-in,148400,2022,Automatyczna,1.6
Renault,Renault Megane,4000,PLN,Diesel,246000,2005,Manualna,NULL
Opel,Opel Meriva,14000,PLN,Benzyna,181000,2011,Manualna,NULL
Jeep,Jeep Grand Cherokee,95400,PLN,Benzyna,174841,2017,Automatyczna,NULL
Renault,Renault Clio Energy TCe 90 Start & Stop 99g Eco-Drive,20900,PLN,Benzyna,156032,2013,Manualna,NULL
Hyundai,Hyundai ix35 2.0 CRDi 4WD Premium,38900,PLN,Diesel,150000,2014,Manualna,2.0
Kia,Kia Ceed 1.6 GDI Dream Team Edition,31900,PLN,Benzyna,170000,2015,Manualna,1.6
BMW,BMW X2,96900,PLN,Diesel,85000,2022,Automatyczna,NULL
Opel,Opel Insignia 2.0 CDTI Edition,31000,PLN,Diesel,179797,2016,Automatyczna,2.0
Opel,Opel Mokka 1.4 Turbo ecoFLEX Start/Stop Color Innovation,42900,PLN,Benzyna,80617,2015,Manualna,1.4
Toyota,Toyota Avensis 2.0 Prestige MS,44500,PLN,Benzyna+LPG,204764,2016,Automatyczna,2.0
Volvo,Volvo V60 B4 D Inscription,68000,PLN,Diesel,209000,2020,Automatyczna,NULL
Lancia,Lancia Ypsilon,6999,PLN,Benzyna,115000,2007,Manualna,NULL
Mitsubishi,Mitsubishi Outlander,17999,PLN,Diesel,178000,2009,Manualna,NULL
Abarth,Abarth 500 ver-1-4-16v-t--jet-abarth,34000,PLN,Benzyna,154735,2016,Manualna,NULL
Citroën,Citroën DS3,21500,PLN,Benzyna,98000,2013,Manualna,NULL
Land Rover,Land Rover Range Rover Velar 2.0 Si4 GPF R-Dynamic SE,137700,PLN,Benzyna,95000,2018,Automatyczna,2.0
Renault,Renault Modus 1.2 16V Alize,4500,PLN,Benzyna,188755,2005,Manualna,1.2
Ford,Ford Fiesta 1.5 EcoBoost ST2 ASS,56666,PLN,Benzyna,110000,2019,Manualna,1.5
Ford,Ford EcoSport 1.0 EcoBoost Titanium ASS,56600,PLN,Benzyna,79200,2020,Manualna,1.0
Ford,Ford EcoSport,28800,PLN,Benzyna,69600,2016,Manualna,NULL
BMW,BMW X1 xDrive20i M Sport,97500,PLN,Benzyna,72000,2019,Automatyczna,NULL
BMW,BMW Seria 3 318 Ci Edition Exclusive,24900,PLN,Benzyna,232555,2004,Manualna,NULL
Ford,Ford Focus 1.5 EcoBlue Start-Stopp-System ACTIVE X,52999,PLN,Diesel,161000,2021,Automatyczna,1.5
Skoda,Skoda Fabia 1.4 TDI DSG Ambition,29700,PLN,Diesel,169000,2016,Automatyczna,1.4
Peugeot,Peugeot 208 PureTech 100 Allure,46999,PLN,Benzyna,56000,2023,Manualna,NULL
Ford,Ford EcoSport 1.0 EcoBoost ST-Line Black ASS,49900,PLN,Benzyna,58200,2020,Manualna,1.0
Mazda,Mazda 6 Sport 2.0 Dynamic,14900,PLN,Benzyna,239500,2008,Manualna,2.0
Opel,Opel Grandland X 1.2 Start/Stop Automatik INNOVATION,52999,PLN,Benzyna,134000,2020,Automatyczna,1.2
Ford,Ford C-MAX 1.6 Ti-VCT Ambiente,14999,PLN,Benzyna,239000,2011,Manualna,1.6
Nissan,Nissan Qashqai 1.3 DIG-T N-Connecta,59999,PLN,Benzyna,81000,2019,Manualna,1.3
Audi,Audi A4 Avant 1.8 TFSI Prime Line,24700,PLN,Benzyna,162000,2010,Manualna,1.8
Peugeot,Peugeot 208 BlueHDi 100 Active,26700,PLN,Diesel,87026,2018,Manualna,NULL
Ford,Ford B-MAX 1.0 EcoBoost Titanium EU6,22900,PLN,Benzyna,140000,2015,Manualna,1.0
Fiat,Fiat Panda 1.0 GSE Hybrid GARMIN,49700,PLN,Benzyna,20000,2023,Manualna,1.0
Citroën,Citroën C3 Pure Tech 83 S&S SHINE PACK,41999,PLN,Benzyna,50000,2023,Manualna,NULL
Renault,Renault Megane ENERGY TCe 115 Start & Stop Bose Edition,20999,PLN,Benzyna,121000,2013,Manualna,NULL
Peugeot,Peugeot 308 1.5 BlueHDi Active Pack S&S,52999,PLN,Diesel,147000,2022,Manualna,1.5
Opel,Opel Mokka,32999,PLN,Diesel,220000,2018,Manualna,NULL
Renault,Renault Scenic,46999,PLN,Diesel,198000,2021,Automatyczna,NULL
Skoda,Skoda Fabia 1.0 MPI Active,33999,PLN,Benzyna,69000,2019,Manualna,1.0
Opel,Opel Grandland X 1.2 Start/Stop Business INNOVATION,61999,PLN,Benzyna,130000,2022,Manualna,1.2
Hyundai,Hyundai ix35 1.7 CRDi Premium 2WD,33999,PLN,Diesel,194000,2015,Manualna,1.7
Renault,Renault Megane 1.4 16V TCE Bose Edition,19999,PLN,Benzyna,199000,2013,Manualna,1.4
Suzuki,Suzuki Ignis 1.3 Comfort,9999,PLN,Benzyna,154000,2005,Manualna,1.3
Renault,Renault Megane ENERGY dCi 130 BOSE EDITION,34999,PLN,Diesel,188000,2017,Manualna,NULL
Renault,Renault Scenic ENERGY dCi 110 EDC LIMITED,41999,PLN,Diesel,198000,2018,Automatyczna,NULL
Renault,Renault Megane 1.2 16V TCe Limited EDC EU6,25999,PLN,Benzyna,123000,2015,Automatyczna,1.2
Ford,Ford B-MAX 1.0 EcoBoost Trend,16999,PLN,Benzyna,165000,2014,Manualna,1.0
Peugeot,Peugeot 3008 225 e-EAT8 GT Pack,77600,PLN,Hybryda Plug-in,164000,2021,Automatyczna,NULL
Ford,Ford B-MAX,22900,PLN,Benzyna,161702,2015,Manualna,NULL
Renault,Renault Kadjar 1.5 dCi Energy Limited,40999,PLN,Diesel,136000,2016,Manualna,1.5
BMW,BMW Seria 4 418d Luxury Line,55999,PLN,Diesel,198000,2017,Automatyczna,NULL
Renault,Renault Arkana E-TECH 145 R.S.LINE,87999,PLN,Hybryda,25000,2023,Automatyczna,NULL
DS Automobiles,DS Automobiles DS 3 Crossback 1.2 PureTech Bastille,41999,PLN,Benzyna,121000,2019,Manualna,1.2
DS Automobiles,DS Automobiles DS 7 Crossback 1.6 PureTech Rivoli,77999,PLN,Benzyna,146000,2021,Automatyczna,1.6
Ford,Ford Fiesta 1.0 EcoBoost S&S TITANIUM,39999,PLN,Benzyna,125000,2022,Manualna,1.0
Ford,Ford Puma 1.0 EcoBoost TITANIUM,59999,PLN,Benzyna,44000,2024,Manualna,1.0
Alfa Romeo,Alfa Romeo Giulietta 2.0 JTDM 16V Turismo,19999,PLN,Diesel,199000,2011,Manualna,2.0
DS Automobiles,DS Automobiles DS 5,39999,PLN,Diesel,202000,2016,Manualna,NULL
Peugeot,Peugeot 208 PureTech 100 EAT8 GT,56999,PLN,Benzyna,55000,2021,Automatyczna,NULL
MINI,MINI Countryman Cooper S All4,29900,PLN,Benzyna,145000,2011,Manualna,NULL
Peugeot,Peugeot 508 BlueHDi 130 EAT8 Allure,57999,PLN,Diesel,150000,2020,Automatyczna,NULL
Ford,Ford Fiesta 1.1 COOL&CONNECT,31900,PLN,Benzyna,104798,2019,Manualna,1.1
Kia,"Kia Sportage 2,0 CRDI AWD Vision",40999,PLN,Diesel,173000,2015,Manualna,NULL
BMW,BMW Seria 5 520d xDrive,239777,PLN,Diesel,29000,2025,Automatyczna,NULL
Ford,Ford Fiesta 1.25 Trend,21000,PLN,Benzyna,176000,2015,Manualna,1.2
Lexus,Lexus NX 200t,78700,PLN,Benzyna,183017,2015,Automatyczna,NULL
Opel,Opel Mokka X,48000,PLN,Benzyna,85165,2016,Manualna,NULL
Renault,Renault Clio TCe 90 TECHNO,52500,PLN,Benzyna,42700,2022,Manualna,NULL
Skoda,Skoda Fabia 1.0 TSI Cool Plus,26900,PLN,Benzyna,142350,2017,Manualna,1.0
Opel,Opel Mokka 1.4 T Cosmo EU6,38900,PLN,Benzyna+LPG,127000,2016,Manualna,1.4
Ford,Ford C-MAX 1.8 Trend,12900,PLN,Benzyna,229222,2010,Manualna,1.8
Opel,Opel Astra 1.4 T Enjoy,33500,PLN,Benzyna,129232,2016,Manualna,1.4
Hyundai,Hyundai ix35 2.0 CRDi 4WD Premium,32900,PLN,Diesel,176300,2012,Manualna,2.0
Toyota,Toyota Corolla 2.0 Hybrid Comfort,89900,PLN,Hybryda,85000,2021,Automatyczna,2.0
Opel,Opel Mokka X 1.4 (ecoFLEX) ECOTEC Start/Stop Edition,47900,PLN,Benzyna,121000,2017,Manualna,1.4
Kia,Kia Sportage 1.6 GDI 2WD DREAM-TEAM EDITION,69900,PLN,Benzyna,101000,2020,Manualna,1.6
Audi,Audi A4 Avant 2.0 TDI DPF quattro S line Sportpaket,44900,PLN,Diesel,258000,2015,Manualna,2.0
Audi,Audi A3 Sportback 1.6 TDI DPF Ambiente,19999,PLN,Diesel,251515,2009,Manualna,1.6
BMW,BMW X1,65000,PLN,Diesel,175013,2015,Automatyczna,NULL
Ford,Ford Kuga 2.0 TDCi 4x4 ST-Line,64900,PLN,Diesel,167000,2017,Manualna,2.0
Jeep,Jeep Compass 2.0 MultiJet Active Drive Automatik Limited,57800,PLN,Diesel,179000,2020,Automatyczna,2.0
Toyota,Toyota Corolla,73999,PLN,Hybryda,60259,2019,Automatyczna,NULL
Suzuki,Suzuki Jimny,2500,PLN,Benzyna,185000,2002,Manualna,NULL
Mazda,Mazda CX-5 e-SKYACTIV-G 141 AWD Centre-Line,172200,PLN,Benzyna,2,2026,Automatyczna,NULL
Opel,Opel Zafira Tourer 1.4 Turbo Active,23000,PLN,Benzyna+LPG,227000,2012,Manualna,1.4
Kia,Kia Ceed 1.4 CVVT Spirit,34990,PLN,Benzyna,150000,2013,Manualna,1.4
Audi,Audi Q7 3.0 TDI DPF clean diesel Quattro Tiptronic,39900,PLN,Diesel,230000,2009,Automatyczna,3.0
BMW,BMW Seria 5 520d Luxury Line,95000,PLN,Diesel,177687,2021,Automatyczna,NULL
BMW,BMW Z4,28500,PLN,Benzyna,234789,2008,Manualna,NULL
Peugeot,Peugeot 3008 BlueHDi 130 Stop & Start EAT8 Allure Pack,69999,PLN,Diesel,139993,2022,Automatyczna,NULL
Peugeot,Peugeot 5008 BlueHDi 130 Active Pack,69900,PLN,Diesel,149998,2021,Manualna,NULL
Skoda,Skoda Superb 1.5 TSI ACT DSG Style,31500,PLN,Benzyna,111800,2018,Automatyczna,1.5
Mazda,Mazda CX-30 SKYACTIV-X 2.0 M-Hybrid 100th Anniversary,64999,PLN,Benzyna,159996,2021,Manualna,2.0
Skoda,Skoda Octavia 1.6 TDI Ambition,16950,PLN,Diesel,364320,2014,Manualna,1.6
Lexus,Lexus UX 250h GPF F Sport AWD,126900,PLN,Hybryda,68149,2021,Automatyczna,NULL
Audi,Audi A7 Sportback 55 TFSI mHEV Quattro S tronic,89000,PLN,Benzyna,47000,2020,Automatyczna,NULL
Mercedes-Benz,Mercedes-Benz CLA 45 AMG 4Matic 7G-DCT,37500,PLN,Benzyna,70266,2016,Automatyczna,NULL
Mercedes-Benz,Mercedes-Benz CLS 300 d 9G-TRONIC AMG Line,57900,PLN,Diesel,85343,2020,Automatyczna,NULL
Mercedes-Benz,Mercedes-Benz Klasa S 560 4Matic 9G-TRONIC,49000,PLN,Benzyna,117000,2019,Automatyczna,NULL
Toyota,Toyota GR86 2.4 Dynamic,49199,PLN,Benzyna,17185,2023,Automatyczna,2.4
Citroën,Citroën C4 Picasso 1.6 HDi X,19700,PLN,Diesel,153000,2012,Manualna,1.6
Fiat,Fiat Croma 1.9 JTD Dynamic,10500,PLN,Diesel,256988,2012,Manualna,1.9
Ford,Ford Mondeo,13900,PLN,Benzyna,216000,2008,Manualna,NULL
Mazda,Mazda CX-5 e-SKYACTIV-G 141 AWD Exclusive-Line,180200,PLN,Benzyna,2,2026,Automatyczna,NULL
Volkswagen,Volkswagen Arteon Shooting Brake 2.0 TDI SCR 4Motion DSG Elegance,99876,PLN,Diesel,173214,2022,Automatyczna,2.0
Ford,Ford Mondeo 2.2 TDCi Black Magic,13999,PLN,Diesel,256900,2010,Manualna,2.2
Skoda,Skoda Kamiq 1.0 TSI Selection DSG,39800,PLN,Benzyna,82500,2024,Automatyczna,1.0
Kia,Kia XCeed 1.6 CRDi EDITION 7,64999,PLN,Diesel,74384,2020,Manualna,1.6
Opel,Opel Astra 1.5 D Start/Stop Automatik Design&Tech,47999,PLN,Diesel,99874,2022,Automatyczna,1.5
Volkswagen,Volkswagen Multivan 2.0 BiTDI L1 Highline,93777,PLN,Diesel,177000,2015,Manualna,2.0
Volkswagen,Volkswagen up!,35500,PLN,Benzyna,56964,2019,Manualna,NULL
Mercedes-Benz,Mercedes-Benz CLS,44000,PLN,Benzyna,266754,2006,Automatyczna,NULL
Opel,Opel Vectra,4000,PLN,Diesel,380000,2005,Manualna,NULL
Peugeot,Peugeot 2008 BlueHDi 110 Active,52999,PLN,Diesel,152474,2021,Manualna,NULL
Toyota,Toyota Corolla 1.8 Hybrid Comfort,52900,PLN,Hybryda,278000,2020,Automatyczna,1.8
Renault,Renault Kadjar Energy TCe 130 Life,33999,PLN,Benzyna,99874,2016,Manualna,NULL
Audi,Audi A4 Avant 40 TFSI mHEV Quattro Advanced S tronic,107899,PLN,Benzyna,89000,2023,Automatyczna,NULL
Ford,Ford Kuga 1.5 EcoBoost FWD Titanium ASS,38900,PLN,Benzyna,185747,2016,Manualna,1.5
Toyota,Toyota Avensis,4300,PLN,Benzyna,313000,2004,Manualna,NULL
Fiat,Fiat Tipo,36900,PLN,Diesel,190000,2019,Manualna,NULL
BMW,BMW X4 xDrive20d mHEV sport,174900,PLN,Diesel,78300,2023,Automatyczna,NULL
BMW,BMW X1 xDrive20d mHEV M Sport sport,174800,PLN,Diesel,47000,2024,Automatyczna,NULL
Peugeot,Peugeot 308 1.5 BlueHDi Allure S&S EAT8,69990,PLN,Diesel,124000,2022,Automatyczna,1.5
Volvo,Volvo XC 60,249900,PLN,Benzyna,20676,2025,Automatyczna,NULL
Ford,Ford Focus 1.6 TDCi Ambiente DPF,3300,PLN,Diesel,395000,2007,Manualna,1.6
Ford,Ford Focus 1.6 Trend,6500,PLN,Benzyna,235000,2007,Manualna,1.6
Renault,Renault Grand Espace Gr 2.0T Privilege,44900,PLN,Benzyna,333250,2013,Manualna,2.0
Land Rover,Land Rover Range Rover Evoque 2.0TD4 SE Dynamic,59999,PLN,Diesel,166000,2017,Automatyczna,2.0
Volkswagen,Volkswagen Passat Variant 2.0 TDI EVO Elegance DSG,142900,PLN,Diesel,56179,2024,Automatyczna,2.0
Volkswagen,Volkswagen Tiguan 2.0 TSI 4Mot R-Line DSG,188900,PLN,Benzyna,7739,2025,Automatyczna,2.0
Suzuki,Suzuki Jimny 1.5 Premium,124000,PLN,Benzyna,25600,2024,Manualna,1.5
Suzuki,Suzuki Grand Vitara 1.9 DDiS De Luxe,15800,PLN,Diesel,220000,2007,Manualna,1.9
Hyundai,Hyundai Tucson 1.6 Turbo 4WD DCT Premium,74900,PLN,Benzyna,100980,2020,Automatyczna,1.6
Nissan,Nissan Qashqai 1.2 DIG-T Xtronic TEKNA+,39800,PLN,Benzyna,160777,2016,Automatyczna,1.2
Opel,Opel Astra 1.0 Turbo Start/Stop Active,28900,PLN,Benzyna,157190,2017,Manualna,1.0
Suzuki,Suzuki Vitara,72000,PLN,Benzyna,30771,2023,Manualna,NULL
Dacia,Dacia Sandero 1.2 16V 75 Live,6600,PLN,Benzyna,200000,2010,Manualna,1.2
Skoda,Skoda Octavia,64900,PLN,Benzyna,128000,2019,Automatyczna,NULL
BMW,BMW Seria 3,202950,PLN,Hybryda Plug-in,59000,2024,Automatyczna,NULL
Volvo,Volvo V40 T3 Drive-E Ocean Race,15000,PLN,Benzyna,157000,2016,Manualna,NULL
Ford,Ford KA 1.2 Start-Stopp-System Champions Edition,12500,PLN,Benzyna,169800,2011,Manualna,1.2
Audi,Audi A3 3-drzwiowe 2.0 TDI Ambiente,12000,PLN,Diesel,280000,2008,Manualna,2.0
Renault,Renault Captur 1.2 Energy TCe Intens EDC EU6,29900,PLN,Benzyna,160000,2016,Automatyczna,1.2
BMW,BMW X5 xDrive40i mHEV sport,345900,PLN,Benzyna,28235,2023,Automatyczna,NULL
Opel,Opel Mokka X,42900,PLN,Benzyna,140000,2019,Manualna,NULL
Mazda,Mazda 6 SKYACTIV-G 165 Exclusive-Line,37500,PLN,Benzyna,246251,2014,Manualna,NULL
Skoda,Skoda Octavia 1.5 TSI mHEV Drive Selection DSG,134900,PLN,Benzyna,5,2026,Automatyczna,1.5
Jaguar,Jaguar XE D180 R-Dynamic S,39900,PLN,Diesel,263100,2016,Automatyczna,NULL
Toyota,Toyota Corolla 1.8 Hybrid GPF Comfort,34900,PLN,Hybryda,89600,2020,Automatyczna,1.8
Audi,Audi Q4 e-tron,248247,PLN,Elektryczny,1,2026,Automatyczna,NULL
Opel,Opel Astra,6000,PLN,Diesel,299980,2008,Manualna,NULL
Alfa Romeo,Alfa Romeo Giulietta 1.6 JTDM 16V Impression,20900,PLN,Diesel,205000,2015,Manualna,1.6
Lexus,Lexus RX,311900,PLN,Hybryda,15652,2025,Automatyczna,NULL
Renault,Renault Modus 1.2 16V Yahoo,9500,PLN,Benzyna,181906,2011,Manualna,1.2
Fiat,Fiat Doblo,14000,PLN,Diesel,180000,2012,Manualna,NULL
Renault,Renault Espace 1.2 E-Tech Full Hybrid 200 Iconic MMT 7os,159900,PLN,Hybryda,23500,2025,Automatyczna,1.2
Renault,Renault Austral 1.2 E-Tech Full Hybrid 200 Esprit Alpine MMT,149900,PLN,Hybryda,20200,2025,Automatyczna,1.2
Renault,Renault Symbioz 1.6 E-Tech Full Hybrid 145 Iconic,114900,PLN,Hybryda,16600,2025,Automatyczna,1.6
Audi,Audi A4 Avant 2.0 TDI,7300,PLN,Diesel,279056,2007,Manualna,2.0
Dacia,Dacia Jogger 1.6 Full Hybrid 140 Expression MMT,78900,PLN,Hybryda,2690,2025,Automatyczna,1.6
Lexus,Lexus UX,193850,PLN,Hybryda,8326,2024,Automatyczna,NULL
Renault,Renault Espace 1.2 E-Tech Full Hybrid 200 esprit Alpine MMT 5os,124900,PLN,Hybryda,43100,2023,Automatyczna,1.2
Opel,Opel Astra 1.6 Cosmo,23900,PLN,Benzyna,130000,2013,Manualna,1.6
Lexus,Lexus RX,349900,PLN,Hybryda,21585,2025,Automatyczna,NULL
Renault,Renault Clio 1.2 16V TCE Dwudziestka,17500,PLN,Benzyna,83000,2011,Manualna,1.2
BMW,BMW X5 xDrive30d mHEV sport,339900,PLN,Diesel,73226,2024,Automatyczna,NULL
Toyota,Toyota Corolla,58500,PLN,Benzyna+CNG,286000,2022,Automatyczna,NULL
Citroën,Citroën C4 Picasso 1.6 VTi Seduction,7900,PLN,Benzyna,193099,2009,Manualna,1.6
Toyota,Toyota Verso 1.6 5-Sitzer Life,18700,PLN,Benzyna,170100,2009,Manualna,1.6
Toyota,Toyota Yaris 1.0 Entry,12500,PLN,Benzyna,72028,2009,Manualna,1.0
Hyundai,Hyundai ix20 1.4 Classic,29999,PLN,Benzyna,154062,2014,Manualna,1.4
Kia,Kia Stonic 1.0 T-GDI L,58900,PLN,Benzyna,48971,2020,Manualna,1.0
Volvo,Volvo V60 D3 Geartronic Inscription,67990,PLN,Diesel,180000,2020,Automatyczna,NULL
Suzuki,Suzuki Vitara 1.6 DDiS (4x4) Allgrip Comfort+,37400,PLN,Diesel,235000,2017,Manualna,1.6
Opel,Opel Insignia 1.6 CDTI S&S,53900,PLN,Diesel,141401,2018,Manualna,1.6
Suzuki,Suzuki Swift 1.2 4x4 Club,21900,PLN,Benzyna,123000,2013,Manualna,1.2
Ford,Ford Fiesta,17900,PLN,Benzyna,178508,2014,Manualna,NULL
Opel,Opel Astra,17900,PLN,Benzyna,129000,2011,Manualna,NULL
Ford,Ford Kuga 2.0 TDCi 4WD Trend,35900,PLN,Diesel,224000,2013,Manualna,2.0
BMW,BMW Seria 4 420d xDrive mHEV M Sport,186500,PLN,Diesel,66969,2024,Automatyczna,NULL
Land Rover,Land Rover Range Rover Sport,389000,PLN,Benzyna,30430,2021,Automatyczna,NULL
Toyota,Toyota Auris 1.6 VVT-i Sol,15500,PLN,Benzyna,180289,2007,Manualna,1.6
BMW,BMW Seria 3 318i,10400,PLN,Benzyna,194000,2007,Manualna,NULL
Fiat,Fiat Panda 1.2 Classic,22900,PLN,Benzyna,90100,2014,Manualna,1.2
Dacia,Dacia Sandero Stepway,52900,PLN,Benzyna,15000,2023,Manualna,NULL
Citroën,Citroën C3,43900,PLN,Benzyna,19000,2023,Manualna,NULL
Peugeot,Peugeot 2008 PureTech 155 EAT8 GT Pack,60900,PLN,Benzyna,57000,2020,Automatyczna,NULL
Renault,Renault Scenic,43900,PLN,Diesel,151000,2016,Manualna,NULL
Ligier,Ligier JS50L,42500,PLN,Diesel,26000,2018,Automatyczna,NULL
Volkswagen,Volkswagen Golf 2.0 TSI 4Motion R DSG,205000,PLN,Benzyna,27273,2024,Automatyczna,2.0
Renault,Renault Captur 0.9 Energy TCe Limited,44500,PLN,Benzyna,43000,2017,Manualna,0.9
Toyota,Toyota RAV4,16600,PLN,Diesel,220000,2012,Manualna,NULL
Toyota,Toyota Supra GR 3.0,189999,PLN,Benzyna,20000,2022,Automatyczna,3.0
Kia,Kia Sportage 1.6 T-GDI L 2WD DCT,127900,PLN,Benzyna,11648,2025,Automatyczna,1.6
Audi,Audi RS6 Avant TFSI mHEV Quattro Tiptronic,389000,PLN,Benzyna,19999,2021,Automatyczna,NULL
Porsche,Porsche Taycan,316842,PLN,Elektryczny,49400,2022,Automatyczna,NULL
Toyota,Toyota C-HR 1.2 T GPF Premium,62850,PLN,Benzyna,87708,2018,Manualna,1.2
BMW,BMW X3,259900,PLN,Diesel,5000,2026,Automatyczna,NULL
Volkswagen,Volkswagen Golf Sportsvan SV 1.6 TDI BMT Comfortline DSG,35900,PLN,Diesel,211000,2015,Automatyczna,1.6
BMW,BMW X5 xDrive30d mHEV sport,319900,PLN,Diesel,29500,2025,Automatyczna,NULL
Ford,Ford Mondeo 2.0 TDCi Titanium,7500,PLN,Diesel,302562,2007,Manualna,2.0
DS Automobiles,DS Automobiles DS 4 1.6 E-Tense Performance Line +,87700,PLN,Hybryda Plug-in,129680,2022,Automatyczna,1.6
Mazda,Mazda CX-30 e-SKYACTIVE X 186 AWD CENTRE-LINE,165500,PLN,Benzyna,2,2026,Automatyczna,NULL
Kia,Kia Carens,8900,PLN,Benzyna,270000,2008,Manualna,NULL
Toyota,Toyota Corolla 1.6 Classic Plus,34950,PLN,Benzyna,266444,2017,Manualna,1.6
Mercedes-Benz,Mercedes-Benz GLA 200 7G-DCT AMG Line,85000,PLN,Benzyna,73000,2018,Automatyczna,NULL
Hyundai,Hyundai i30 1.6 CRDi Comfort,8000,PLN,Diesel,317500,2010,Manualna,1.6
Mitsubishi,Mitsubishi Colt 1.3 Inform,4000,PLN,Benzyna,195247,2005,Manualna,1.3
Peugeot,Peugeot 3008 225 e-EAT8 Allure Pack,73700,PLN,Hybryda Plug-in,152200,2022,Automatyczna,NULL
Subaru,Subaru Impreza 2.0i Exclusive (EyeSight) Lineartronic,34950,PLN,Benzyna,256169,2017,Automatyczna,2.0
Nissan,Nissan Micra 1.2 N-Tec EU6,21900,PLN,Benzyna,102000,2016,Manualna,1.2
Audi,Audi A3 Sportback 2.0 TDI DPF Ambition,27700,PLN,Diesel,240000,2012,Manualna,2.0
Mazda,Mazda CX-30 e-SKYACTIVE G 140 EXCLUSIVE-LINE,157200,PLN,Benzyna,2,2026,Automatyczna,NULL
Fiat,Fiat Tipo 1.4 16v Pop,32000,PLN,Benzyna,124000,2018,Manualna,1.4
Opel,"Opel Vivaro L1H1 2,7t Elegance Business",62999,PLN,Diesel,187233,2016,Manualna,NULL
Jeep,Jeep Renegade 2.0 MultiJet Active Drive Limited,47000,PLN,Diesel,135374,2017,Manualna,2.0
Opel,Opel Astra 1.7 CDTI DPF Active,10900,PLN,Diesel,300000,2012,Manualna,1.7
Peugeot,Peugeot 508 1.6 T Allure,19900,PLN,Benzyna,93100,2014,Manualna,1.6
Nissan,Nissan Micra 1.2 30th Anniversary,10900,PLN,Benzyna,88656,2013,Manualna,1.2
Volkswagen,Volkswagen up! 1.0 move,14500,PLN,Benzyna,156000,2014,Manualna,1.0
Opel,Opel Grandland X 1.2 Start/Stop Design Line,46900,PLN,Benzyna,111000,2018,Manualna,1.2
Suzuki,Suzuki Swift 1.3 Comfort XL,11950,PLN,Benzyna,184000,2008,Manualna,1.3
Kia,Kia Sportage,68500,PLN,Benzyna,97123,2017,Automatyczna,NULL
Peugeot,Peugeot 207,6000,PLN,Diesel,259445,2011,Manualna,NULL
Hyundai,Hyundai i20,59000,PLN,Benzyna,15745,2023,Manualna,NULL
Kia,Kia Sportage,68500,PLN,Benzyna,89084,2018,Manualna,NULL
Opel,Opel Meriva,25000,PLN,Benzyna,155270,2013,Manualna,NULL
Toyota,Toyota Corolla,61499,PLN,Benzyna,91547,2022,Manualna,NULL
Citroën,Citroën DS4,16500,PLN,Diesel,175865,2013,Manualna,NULL
Audi,Audi A4 Limousine,66000,PLN,Diesel,182056,2018,Automatyczna,NULL
Jeep,Jeep Renegade,50000,PLN,Benzyna,97528,2019,Manualna,NULL
Volkswagen,Volkswagen Passat,11500,PLN,Benzyna,177743,2005,Manualna,NULL
Renault,Renault Captur (ENERGY) TCe 90 LIMITED,41800,PLN,Benzyna,125900,2018,Manualna,NULL
Mercedes-Benz,Mercedes-Benz GLE,185000,PLN,Diesel,85000,2018,Automatyczna,NULL
Mazda,Mazda 3,5000,PLN,Benzyna,280000,2005,Manualna,NULL
Toyota,Toyota Corolla 1.8 Hybrid Comfort,99800,PLN,Benzyna+LPG,80146,2023,Automatyczna,1.8
Seat,Seat Arona 1.0 TSI GPF FR S&S,57850,PLN,Benzyna,78675,2019,Manualna,1.0
Mazda,Mazda CX-30 2.0 mHEV Kanjo 2WD,101850,PLN,Benzyna,25084,2021,Manualna,2.0
Opel,Opel Corsa 1.2 T Yes S&S,74900,PLN,Benzyna,2,2026,Manualna,1.2
BMW,BMW X3,37000,PLN,Diesel,192297,2013,Manualna,NULL
Toyota,Toyota Avensis,25500,PLN,Benzyna,174400,2009,Manualna,NULL
Opel,Opel Astra 1.4 Turbo Active,28600,PLN,Benzyna,157000,2015,Manualna,1.4
BYD,BYD Seal 6,156219,PLN,Hybryda Plug-in,10,2026,Automatyczna,NULL
Toyota,Toyota C-HR 1.8 Hybrid Executive,129900,PLN,Hybryda,22300,2024,Automatyczna,1.8
Renault,Renault Twingo SCe 70 Expression,25500,PLN,Benzyna,97000,2017,Manualna,NULL
BMW,BMW Seria 3,24900,PLN,Diesel,580000,2007,Manualna,NULL
Skoda,Skoda Fabia 1.2 TSI Active,32500,PLN,Benzyna,95500,2017,Manualna,1.2
Suzuki,Suzuki Jimny 1.3 Jeans,8900,PLN,Benzyna,180000,1999,Manualna,1.3
Peugeot,Peugeot 508 BlueHDi 130 EAT8 Active Pack,63000,PLN,Diesel,137922,2020,Automatyczna,NULL
Toyota,Toyota Avensis 2.0 D-4D Sol,13900,PLN,Diesel,241000,2012,Manualna,2.0
Volkswagen,Volkswagen Polo 1.2 Trendline,19900,PLN,Benzyna,154066,2013,Manualna,1.2
Kia,Kia Rio 1.0 T-GDI 120 Mild-Hybrid DCT7 Platinum,22900,PLN,Benzyna,52000,2023,Automatyczna,1.0
Opel,Opel Insignia 2.0 CDTI,16800,PLN,Diesel,298765,2013,Manualna,2.0
Peugeot,Peugeot 207 1.4 16V Trendy,7900,PLN,Benzyna,160500,2009,Manualna,1.4
MINI,MINI Countryman One D EU6,21999,PLN,Diesel,176111,2011,Manualna,NULL
Kia,Kia Soul 1.6 CRDI Automatik Dream-Team Edition,29999,PLN,Diesel,165000,2014,Automatyczna,1.6
Kia,Kia Sportage 1.6 CRDI 2WD EDITION 7,27900,PLN,Diesel,124000,2018,Manualna,1.6
Volkswagen,Volkswagen Transporter,29900,PLN,Diesel,236000,2007,Automatyczna,NULL
Opel,Opel Crossland 1.2 T Edition,48900,PLN,Benzyna,85000,2022,Manualna,1.2
Dodge,Dodge Charger 6.4 Scat Pack,139000,PLN,Benzyna,48000,2020,Automatyczna,6.4
Mercedes-Benz,Mercedes-Benz Klasa A,29000,PLN,Diesel,204000,2016,Manualna,NULL
Volkswagen,Volkswagen Golf,37500,PLN,Diesel,165000,2017,Manualna,NULL
Jeep,Jeep Wrangler 2.8 CRD Unlim Rubicon,87500,PLN,Diesel,126016,2011,Automatyczna,2.8
Volkswagen,Volkswagen Polo 1.4 TDI (Blue Motion Technology) Comfortline,17900,PLN,Diesel,192000,2016,Manualna,1.4
Audi,Audi A3 Sportback,10900,PLN,Diesel,203794,2005,Manualna,NULL
Audi,Audi A4 Avant 3.0 TDI Quattro Tiptr,15900,PLN,Diesel,265938,2005,Automatyczna,3.0
Volkswagen,Volkswagen Passat,14900,PLN,Diesel,166746,2007,Manualna,NULL
Fiat,Fiat Freemont 2.0 Multijet 16V DPF Automatik Allrad Black Code,19900,PLN,Diesel,203000,2012,Automatyczna,2.0
Citroën,Citroën C5 2.2 HDi Exclusive,12900,PLN,Diesel,262673,2009,Manualna,2.2
Chevrolet,Chevrolet Aveo,13900,PLN,Diesel,107929,2013,Manualna,NULL
Ford,Ford Tourneo Courier,34500,PLN,Diesel,200429,2019,Manualna,NULL
Fiat,Fiat 500,16900,PLN,Diesel,150464,2011,Manualna,NULL
Volvo,Volvo XC 90,18900,PLN,Diesel,330229,2005,Automatyczna,NULL
BMW,BMW Seria 3,14900,PLN,Benzyna+LPG,227339,2007,Automatyczna,NULL
Audi,Audi A3 3-drzwiowe,9900,PLN,Diesel,240370,2004,Automatyczna,NULL
Opel,Opel Adam 1.2 Open Air,26500,PLN,Benzyna,52845,2015,Manualna,1.2
Renault,Renault Koleos 2.0 dCi FAP 4x4 Expression,9900,PLN,Diesel,198000,2008,Manualna,2.0
Toyota,Toyota Auris,21900,PLN,Benzyna,180000,2011,Manualna,NULL
Volkswagen,Volkswagen Golf,37500,PLN,Benzyna,135171,2013,Automatyczna,NULL
Ford,Ford Fiesta,13900,PLN,Benzyna,109000,2011,Manualna,NULL
Renault,Renault Megane,43900,PLN,Benzyna,126676,2020,Manualna,NULL
Fiat,Fiat Panda 1.3 Multijet Easy S&S,34900,PLN,Diesel,67603,2016,Manualna,1.3
Skoda,Skoda Roomster,8900,PLN,Benzyna,212000,2008,Manualna,NULL
Lexus,Lexus RX 350h Prestige,235000,PLN,Hybryda,24800,2024,Automatyczna,NULL
Volkswagen,Volkswagen Polo 1.2 12V Basis,5043,PLN,Benzyna,159682,2002,Manualna,1.2
Mercedes-Benz,Mercedes-Benz CLA AMG 45 S 4-Matic+ 8G-DCT,149000,PLN,Benzyna,43450,2023,Automatyczna,NULL
BMW,BMW Seria 5 520d xDrive MHEV Sport,129500,PLN,Diesel,151800,2023,Automatyczna,NULL
Audi,Audi A3 Sportback,12500,PLN,Diesel,266000,2006,Manualna,NULL
Mercedes-Benz,Mercedes-Benz EQE 350 89kWh 4-Matic AMG Line,259900,PLN,Elektryczny,50566,2023,Automatyczna,NULL
Bestune,Bestune T77 1.5T Elegance DCT,99000,PLN,Benzyna,2152,2025,Automatyczna,1.5
Bestune,Bestune B70,109000,PLN,Benzyna,2800,2025,Automatyczna,NULL
Toyota,Toyota Prius+ Hybrid 135 Prestige,52000,PLN,Benzyna+LPG,440000,2018,Automatyczna,NULL
Volkswagen,Volkswagen Passat,8800,PLN,Benzyna,134000,2001,Manualna,NULL
Skoda,Skoda Superb 1.5 TSI Ambition DSG,59900,PLN,Benzyna,171201,2019,Automatyczna,1.5
Bestune,Bestune T90,119000,PLN,Benzyna,2033,2025,Automatyczna,NULL
Mazda,Mazda 3 1.6 Active +,7900,PLN,Benzyna,224262,2006,Manualna,1.6
Mercedes-Benz,Mercedes-Benz GLA,53000,PLN,Diesel,152000,2015,Manualna,NULL
BMW,BMW Seria 1,8200,PLN,Benzyna,288902,2005,Manualna,NULL
Mazda,Mazda 3 2.0 mHEV Kai,77850,PLN,Benzyna,87243,2022,Manualna,2.0
Citroën,Citroën C5X,69800,PLN,Benzyna,46000,2023,Automatyczna,NULL
Citroën,Citroën C4 1.5 BlueHDi Feel Pack S&S,63800,PLN,Diesel,83000,2023,Manualna,1.5
Mazda,Mazda CX-30 e-SKYACTIVE X 186 AWD EXCLUSIVE-LINE,158500,PLN,Benzyna,2,2025,Automatyczna,NULL
Mitsubishi,Mitsubishi Colt,9500,PLN,Benzyna+LPG,265382,2006,Manualna,NULL
Citroën,Citroën C4X,77800,PLN,Benzyna,21000,2024,Automatyczna,NULL
Opel,Opel Corsa 1.2 16V Enjoy,13700,PLN,Benzyna,222022,2014,Manualna,1.2
Citroën,Citroën C5X,68800,PLN,Benzyna,42000,2023,Automatyczna,NULL
Renault,Renault Scenic ENERGY dCi 110 EXPERIENCE,42800,PLN,Diesel,142000,2018,Manualna,NULL
Volvo,Volvo V40,34900,PLN,Diesel,169900,2013,Manualna,NULL
Kia,Kia Sportage 1.6 GDI L 2WD,44800,PLN,Benzyna,107000,2014,Manualna,1.6
Suzuki,Suzuki SX4,45700,PLN,Diesel,203024,2017,Manualna,NULL
Mercedes-Benz,Mercedes-Benz Klasa A 250 4Matic 7G-DCT,55900,PLN,Benzyna,193710,2015,Automatyczna,NULL
Toyota,Toyota Corolla,65000,PLN,Hybryda,65750,2019,Automatyczna,NULL
Dacia,Dacia Jogger,59850,PLN,Benzyna+LPG,71599,2023,Manualna,NULL
Opel,Opel Grandland X,64900,PLN,Benzyna,94000,2022,Manualna,NULL
BMW,BMW Seria 3,24900,PLN,Diesel,277500,2007,Manualna,NULL
Mazda,Mazda CX-7,8000,PLN,Benzyna,180000,2009,Automatyczna,NULL
Opel,Opel Zafira Tourer 1.4 Turbo Innovation,27900,PLN,Benzyna,152000,2013,Manualna,1.4
Peugeot,Peugeot 208 Blue-HDi 100 Stop&Start Style,23900,PLN,Diesel,158000,2017,Manualna,NULL
Ford,Ford Kuga 2.5 Duratec FHEV ST-LINE X,97850,PLN,Hybryda,68965,2023,Automatyczna,2.5
BMW,BMW Seria 3 318i Sport Line,52900,PLN,Benzyna,193158,2016,Automatyczna,NULL
Renault,Renault Twingo,10900,PLN,Benzyna,138000,2012,Manualna,NULL
Renault,Renault Arkana 1.3 TCe mHEV Evolution EDC,89850,PLN,Benzyna,18672,2024,Automatyczna,1.3
Ford,Ford Mustang,80000,PLN,Benzyna,136728,2017,Automatyczna,NULL
Audi,Audi A6 Avant 45 TFSI mHEV Quattro Sport S tronic,194899,PLN,Benzyna,20000,2025,Automatyczna,NULL
Chevrolet,Chevrolet Aveo,12800,PLN,Benzyna,166000,2013,Manualna,NULL
Hyundai,Hyundai Tucson,65900,PLN,Diesel,97750,2019,Manualna,NULL
Hyundai,Hyundai Tucson,54900,PLN,Benzyna,132503,2016,Manualna,NULL
Volvo,Volvo V60 D3 Inscription,64900,PLN,Diesel,295000,2018,Automatyczna,NULL
Audi,Audi Q7 3.0 TDI DPF clean diesel Quattro Tiptronic,74500,PLN,Diesel,187000,2012,Automatyczna,3.0
Audi,Audi A5 Sportback,40900,PLN,Benzyna,146000,2013,Automatyczna,NULL
Ford,Ford Mondeo,73900,PLN,Diesel,132000,2020,Automatyczna,NULL
Volvo,Volvo V60 D3 Momentum Pro,75850,PLN,Diesel,135663,2019,Manualna,NULL
Alfa Romeo,Alfa Romeo Junior 54kWh,133900,PLN,Elektryczny,1,2026,Automatyczna,NULL
Opel,Opel Astra 1.4 Turbo Innovation,44999,PLN,Benzyna,179000,2018,Manualna,1.4
BMW,BMW Seria 5 520d,16500,PLN,Diesel,248000,2007,Manualna,NULL
Seat,Seat Leon 2.0 TDI DPF DSG Stylance,8999,PLN,Diesel,360820,2006,Automatyczna,2.0
Kia,Kia XCeed 1.6 T-GDI XL DCT,68000,PLN,Benzyna,115200,2019,Automatyczna,1.6
Skoda,Skoda Octavia 1.4 TSI Ambition,38500,PLN,Benzyna,217000,2018,Manualna,1.4
Suzuki,Suzuki SX4 1.9 DDiS 4WD GS / Premium,8000,PLN,Diesel,204991,2006,Manualna,1.9
Volvo,Volvo XC 60 D4 Momentum Pro,109900,PLN,Diesel,139365,2020,Automatyczna,NULL
DS Automobiles,DS Automobiles N°8 97.2kWh Long Range AWD Pallas,275000,PLN,Elektryczny,3,2025,Automatyczna,7.2
Seat,Seat Ibiza 1.4 16V Reference,9500,PLN,Benzyna,182203,2008,Manualna,1.4
Volvo,Volvo XC 40,149900,PLN,Benzyna,25390,2025,Automatyczna,NULL
Toyota,Toyota C-HR,149900,PLN,Hybryda,33728,2024,Automatyczna,NULL
Fiat,Fiat Tipo,26900,PLN,Benzyna,124000,2017,Manualna,NULL
Porsche,Porsche Panamera 4S,225000,PLN,Benzyna,95000,2017,Automatyczna,NULL
Volkswagen,Volkswagen Golf 1.0 TSI (BlueMotion Technology) DSG Comfortline,67980,PLN,Benzyna,97000,2023,Automatyczna,1.0
Volvo,Volvo V60 D4 Momentum,26900,PLN,Diesel,296203,2013,Manualna,NULL
Ford,Ford Focus,23900,PLN,Benzyna,108000,2015,Manualna,NULL
Audi,Audi A4 Avant 1.6,14000,PLN,Benzyna,260000,2008,Manualna,1.6
Saab,Saab 9-5 2.0T Vector,32000,PLN,Benzyna,153000,2010,Manualna,2.0
Toyota,Toyota RAV4,83900,PLN,Hybryda,140000,2018,Automatyczna,NULL
Nissan,Nissan Leaf 40 kWh Acenta,49500,PLN,Elektryczny,27800,2021,Automatyczna,NULL
Ford,Ford Ranger,95900,PLN,Diesel,90000,2021,Automatyczna,NULL
Kia,Kia Sportage,59900,PLN,Benzyna,56570,2017,Manualna,NULL
Volkswagen,Volkswagen Golf Variant 1.5 TSI BMT Comfortline,43900,PLN,Benzyna,44369,2018,Manualna,1.5
Opel,Opel Meriva 1.4 Style,18900,PLN,Benzyna+LPG,212346,2015,Manualna,1.4
Fiat,Fiat Panda 1.2 MyLife,30999,PLN,Benzyna,113580,2018,Manualna,1.2
BMW,BMW Seria 1 116i Sport Line,24900,PLN,Benzyna,192248,2013,Manualna,NULL
Audi,Audi A3 Sportback 1.6 TDI Ambition,23800,PLN,Diesel,230052,2011,Manualna,1.6
MINI,MINI Cooper Standard,52900,PLN,Benzyna,83500,2017,Automatyczna,NULL
Opel,Opel Insignia,25000,PLN,Diesel,317000,2012,Manualna,NULL
Opel,Opel Insignia 2.0 CDTI GS Line + S&S,37999,PLN,Diesel,199851,2020,Automatyczna,2.0
Mercedes-Benz,Mercedes-Benz Klasa C 220 d mHEV 4-Matic Avantgarde,155000,PLN,Diesel,68854,2023,Automatyczna,NULL
Dodge,Dodge Caliber 2.0 CRD SXT,6900,PLN,Diesel,282826,2007,Manualna,2.0
Peugeot,Peugeot 2008,17500,PLN,Benzyna,174000,2016,Manualna,NULL
Ford,Ford Thunderbird,160000,PLN,Benzyna,62446,1960,Automatyczna,NULL
Toyota,Toyota Proace Verso,98900,PLN,Diesel,128500,2022,Automatyczna,NULL
Land Rover,Land Rover Range Rover Sport,159900,PLN,Benzyna,177471,2016,Automatyczna,NULL
BMW,BMW X5 xDrive25d sport,160000,PLN,Diesel,133003,2019,Automatyczna,NULL
Omoda,Omoda 5,89000,PLN,Benzyna,1,2025,Automatyczna,NULL
Kia,Kia Ceed 1.4 T-GDI M DCT,58499,PLN,Benzyna,136491,2020,Automatyczna,1.4
Mercedes-Benz,Mercedes-Benz Klasa E 200 7G-TRONIC Avantgarde,57900,PLN,Benzyna,195000,2013,Automatyczna,NULL
Opel,Opel Crossland X 1.2 Start/Stop Design Line,41114,PLN,Benzyna,68169,2020,Manualna,1.2
Toyota,Toyota Prius,25500,PLN,Hybryda,230000,2009,Automatyczna,NULL
Renault,Renault Kadjar 1.3 TCe FAP Intens EDC,79600,PLN,Benzyna,9800,2022,Automatyczna,1.3
BMW,BMW Seria 1 118i,22500,PLN,Benzyna,208096,2011,Manualna,NULL
Dodge,Dodge RAM,239900,PLN,Benzyna,19680,2023,Automatyczna,NULL
BMW,BMW Seria 5 528i,37500,PLN,Benzyna,245000,2012,Manualna,NULL
Jeep,Jeep Renegade 1.3 T-GDI 4xe Automatik S,85900,PLN,Hybryda Plug-in,76969,2022,Automatyczna,1.3
Mitsubishi,Mitsubishi Lancer 1.6 ClearTec Plus,31900,PLN,Benzyna,115000,2015,Manualna,1.6
Nissan,Nissan Juke,21000,PLN,Diesel,131000,2012,Manualna,NULL
Mazda,Mazda CX-30 e-SKYACTIVE G 140 CENTRE-LINE,150200,PLN,Benzyna,2,2026,Automatyczna,NULL
Opel,Opel Astra 1.6 Exklusiv,26999,PLN,Benzyna,166000,2015,Manualna,1.6
Audi,Audi Q7 3.0 TDI DPF Quattro Tiptronic,10000,PLN,Diesel,370000,2009,Automatyczna,3.0
BMW,BMW Seria 1 118i,94900,PLN,Benzyna,37384,2024,Automatyczna,NULL
Opel,Opel Astra 1.2 Turbo Start/Stop 120 Jahre,39999,PLN,Benzyna,136152,2020,Manualna,1.2
Chevrolet,Chevrolet Corvette,380000,PLN,Benzyna,42219,1961,Manualna,NULL
Mazda,Mazda 5 2.0 Navi +,19900,PLN,Benzyna,204000,2012,Manualna,2.0
Peugeot,Peugeot 2008,22900,PLN,Diesel,232479,2014,Manualna,NULL
Peugeot,Peugeot 5008 PureTech 130 Allure,44900,PLN,Benzyna,185100,2017,Manualna,NULL
Opel,Opel Insignia 2.0 CDTI Innovation S&S,55850,PLN,Diesel,98041,2017,Manualna,2.0
Honda,Honda Civic 1.8 Sport (ADAS),41700,PLN,Benzyna,199000,2015,Manualna,1.8
Toyota,Toyota Urban Cruiser,20000,PLN,Diesel,202000,2009,Manualna,NULL
Opel,Opel Astra 1.6 CDTI Enjoy S&S,35500,PLN,Diesel,114770,2020,Manualna,1.6
BMW,BMW X5 xDrive25d,169900,PLN,Diesel,123925,2021,Automatyczna,NULL
Nissan,Nissan Qashqai,52900,PLN,Benzyna,91000,2019,Manualna,NULL
Toyota,Toyota Yaris 1.0 Terra A/C,21400,PLN,Benzyna,121000,2012,Manualna,1.0
Audi,Audi A4 Avant 2.0 TDI ultra S tronic design,52900,PLN,Diesel,238100,2017,Automatyczna,2.0
Ford,Ford Focus,22800,PLN,Diesel,197000,2013,Manualna,NULL
Peugeot,Peugeot 207,8000,PLN,Benzyna,175000,2008,Manualna,NULL
Peugeot,Peugeot 407 2.0 HDI ST Komfort EU3,7000,PLN,Diesel,272447,2005,Manualna,2.0
Audi,Audi A4 Limousine,7900,PLN,Benzyna+LPG,291000,2002,Automatyczna,NULL
Citroën,Citroën DS4,26500,PLN,Benzyna,111584,2011,Automatyczna,NULL
Renault,Renault Scenic ENERGY dCi 110 LIMITED,32900,PLN,Diesel,193100,2017,Manualna,NULL
Hyundai,Hyundai ix20 1.6 Comfort,31700,PLN,Benzyna,98000,2014,Manualna,1.6
Ford,Ford Mondeo 2.0 TDCi Titanium,17500,PLN,Diesel,306020,2014,Manualna,2.0
Skoda,Skoda Superb 1.6 TDI Style DSG,42900,PLN,Diesel,492000,2018,Automatyczna,1.6
Volkswagen,Volkswagen Passat,79900,PLN,Diesel,126407,2019,Automatyczna,NULL
Volkswagen,Volkswagen Passat Variant 1.6 TDI SCR DSG,39900,PLN,Diesel,252100,2015,Automatyczna,1.6
Kia,Kia Ceed 1.6 GDI Dream-Team Edition,9900,PLN,Benzyna,201000,2012,Manualna,1.6
Opel,Opel Mokka 1.4 T Cosmo S&S 4x4,31000,PLN,Benzyna,152946,2013,Manualna,1.4
Ford,Ford EcoSport 1.0 EcoBoost TITANIUM,33700,PLN,Benzyna,131000,2018,Manualna,1.0
Mercedes-Benz,Mercedes-Benz SL,125000,PLN,Benzyna,119500,2002,Automatyczna,NULL
Audi,Audi S3 Limousine TFSI Quattro S tronic,169900,PLN,Benzyna,5500,2024,Automatyczna,NULL
Toyota,Toyota Camry 2.5 Hybrid Comfort CVT,135899,PLN,Hybryda,21551,2024,Automatyczna,2.5
Toyota,Toyota Auris 1.4 D-4D Terra,15000,PLN,Diesel,227022,2009,Manualna,1.4
Mazda,Mazda CX-5 SKYACTIV-G 165 Exclusive-Line,48300,PLN,Benzyna,178000,2014,Manualna,NULL
Ford,Ford Mondeo 2.0 Trend,28500,PLN,Benzyna,140000,2012,Manualna,2.0
BMW,BMW X3,56800,PLN,Diesel,227702,2014,Manualna,NULL
Honda,Honda CR-V 2.2i-CTDi Executive,4900,PLN,Diesel,286160,2005,Manualna,2.2
Mazda,Mazda CX-3 SKYACTIV-G 120 FWD Exclusive-Line,55900,PLN,Benzyna,147000,2017,Manualna,NULL
Citroën,Citroën DS4 VTi 120 SoChic,23400,PLN,Benzyna,155000,2011,Manualna,NULL
Audi,Audi S5 Limousine TFSI S tronic,316100,PLN,Benzyna,12078,2024,Automatyczna,NULL
Volkswagen,Volkswagen Taigo 1.0 TSI OPF DSG R-Line,58900,PLN,Benzyna,16300,2024,Automatyczna,1.0
Ford,Ford Transit Custom Kombi 310 L1H1 Trend,63900,PLN,Diesel,197200,2018,Manualna,NULL
Fiat,Fiat Talento L1H1 Family,56900,PLN,Diesel,177000,2017,Manualna,NULL
Renault,Renault Laguna ENERGY dCi 175 FAP Start & Stop GT,34900,PLN,Diesel,175000,2015,Manualna,NULL
Peugeot,Peugeot Partner 1.6 HDi Active,7200,PLN,Diesel,333531,2013,Manualna,1.6
Citroën,Citroën C4 Picasso 1.6 e-HDi Intensive,32500,PLN,Diesel,86000,2013,Manualna,1.6
Toyota,Toyota RAV4 4x4 Sol,21500,PLN,Benzyna,190000,2000,Manualna,NULL
Kia,Kia Sportage 1.7 CRDI 2WD Vision,40900,PLN,Diesel,153000,2016,Manualna,1.7
Land Rover,Land Rover Defender,219000,PLN,Diesel,151000,2006,Manualna,NULL
Volkswagen,Volkswagen Touran 1.6 TDI DPF BlueMot Comfortline,22800,PLN,Diesel,270000,2014,Manualna,1.6
Kia,Kia Sportage 1.6 T-GDI Anniversary 2WD DCT,144500,PLN,Benzyna,7,2026,Automatyczna,1.6
Opel,Opel Mokka 1.6 ecoFLEX Start/Stop Selection,34500,PLN,Benzyna,152000,2016,Manualna,1.6
Ford,Ford Focus 2.0 EcoBoost ST mit Leder-Sport-Paket,52900,PLN,Benzyna,199999,2018,Manualna,2.0
Ford,Ford Fiesta 1.6 Ti-VCT Titanium,29900,PLN,Benzyna,112000,2013,Automatyczna,1.6
Nissan,Nissan Qashqai 1.2 DIG-T Acenta,38000,PLN,Benzyna,123000,2016,Manualna,1.2
Renault,Renault Megane 1.5 dCi Tech Run,9900,PLN,Diesel,249138,2011,Manualna,1.5
Volkswagen,Volkswagen Passat 1.4 TSI BlueMotion Technology Comfortline,27400,PLN,Benzyna,190000,2013,Manualna,1.4
Skoda,Skoda Octavia,114500,PLN,Benzyna,23204,2025,Automatyczna,NULL
Volkswagen,Volkswagen Golf 2.0 TDI DPF Style,14500,PLN,Diesel,435000,2008,Manualna,2.0
Skoda,Skoda Octavia 2.0 TDI DSG RS,39999,PLN,Diesel,275000,2014,Automatyczna,2.0
Suzuki,Suzuki Jimny 1.3 JLX,39900,PLN,Benzyna,161000,2002,Manualna,1.3
Peugeot,Peugeot 308 120 VTi Active,17999,PLN,Benzyna,104000,2011,Manualna,NULL
Mercedes-Benz,Mercedes-Benz Klasa A 200 (BlueEFFICIENCY),29900,PLN,Benzyna,127400,2017,Manualna,NULL
Ford,Ford Focus 1.6 TI-VCT Titanium,28999,PLN,Benzyna,139000,2013,Automatyczna,1.6
Toyota,Toyota ProAce,79900,PLN,Diesel,365000,2017,Automatyczna,NULL
Fiat,Fiat Bravo 1.4 16V Active,8990,PLN,Benzyna,153000,2007,Manualna,1.4
Volkswagen,Volkswagen Golf 1.6 TDI Comfortline,15000,PLN,Diesel,380179,2014,Manualna,1.6
Suzuki,Suzuki SX4 1.6 VVT 4x4 Limited,31000,PLN,Benzyna,192000,2014,Manualna,1.6
Opel,Opel Astra 1.4 Turbo Active,22700,PLN,Benzyna,177450,2013,Manualna,1.4
Skoda,Skoda Superb 2.0 TDI DSG Premium Edition,72900,PLN,Diesel,185000,2020,Automatyczna,2.0
Opel,Opel Combo 1.6 CDTI L1H1 Selection,29999,PLN,Diesel,131000,2014,Manualna,1.6
Ford,Ford Kuga 2.0 TDCi 2x4 Titanium,36800,PLN,Diesel,250000,2016,Manualna,2.0
Volkswagen,Volkswagen T-Roc 1.5 TSI ACT Advance DSG,83900,PLN,Benzyna,78523,2021,Automatyczna,1.5
Peugeot,Peugeot 508 1.6 PureTech HYbrid PHEV GT Pack S&S EAT8,76999,PLN,Hybryda Plug-in,115000,2021,Automatyczna,1.6
Opel,Opel Insignia,34900,PLN,Benzyna,152000,2014,Manualna,NULL
MINI,MINI Cooper S,39900,PLN,Benzyna,176000,2015,Manualna,NULL
Hyundai,Hyundai i40,30900,PLN,Benzyna,166000,2012,Manualna,NULL
MINI,MINI Cooper S Linia Favoured,177200,PLN,Benzyna,10,2026,Automatyczna,NULL
Volkswagen,Volkswagen Golf 1.2 TSI BlueMotion Technology Allstar,39900,PLN,Benzyna,78000,2016,Manualna,1.2
BYD,BYD Dolphin Surf,88888,PLN,Elektryczny,20,2025,Automatyczna,NULL
BYD,BYD Seal 6,135900,PLN,Hybryda Plug-in,15,2025,Automatyczna,NULL
Audi,Audi A8 4.0 TFSI cylinder on demand quattro tiptronic Lang,97900,PLN,Benzyna,166647,2014,Automatyczna,4.0
BYD,BYD Seal 6,123900,PLN,Hybryda Plug-in,7100,2025,Automatyczna,NULL
Skoda,Skoda Octavia 2.0 TDI Essence,57900,PLN,Diesel,189500,2023,Manualna,2.0
Opel,Opel Astra,20000,PLN,Benzyna,239782,2015,Manualna,NULL
Volkswagen,Volkswagen Golf Variant,50000,PLN,Diesel,146774,2018,Manualna,NULL
Toyota,Toyota Corolla,81500,PLN,Hybryda,59454,2019,Automatyczna,NULL
Citroën,Citroën C4 Picasso,8000,PLN,Diesel,189379,2008,Automatyczna,NULL
Volkswagen,Volkswagen Tiguan,60000,PLN,Diesel,179991,2018,Manualna,NULL
Kia,Kia Sportage,104999,PLN,Hybryda,120323,2022,Automatyczna,NULL
Citroën,Citroën C3,41999,PLN,Benzyna,92631,2023,Manualna,NULL
Kia,Kia Sportage,104999,PLN,Benzyna,148784,2023,Automatyczna,NULL
Dacia,Dacia Duster,49500,PLN,Benzyna+LPG,92975,2021,Manualna,NULL
Renault,Renault Clio,36498,PLN,Benzyna,133933,2020,Manualna,NULL
Volvo,Volvo V60 D3 Geartronic RDesign,33000,PLN,Diesel,218750,2012,Automatyczna,NULL
Citroën,Citroën DS3 1.6 THP SportChic,11000,PLN,Benzyna,170900,2011,Manualna,1.6
Opel,Opel Corsa,20000,PLN,Benzyna+LPG,249636,2017,Manualna,NULL
Hyundai,Hyundai i30,49999,PLN,Diesel,150875,2021,Manualna,NULL
Volkswagen,Volkswagen T-Roc,77998,PLN,Benzyna,90854,2021,Manualna,NULL
Kia,Kia Niro,102000,PLN,Hybryda,21201,2023,Automatyczna,NULL
Chery,Chery Tiggo 4,94998,PLN,Hybryda,10,2025,Automatyczna,NULL
Audi,Audi A5 Sportback,58000,PLN,Diesel,181092,2015,Automatyczna,NULL
Renault,Renault Kadjar,40000,PLN,Benzyna,68749,2015,Manualna,NULL
Ford,Ford Mustang,76800,PLN,Benzyna,127000,2014,Manualna,NULL
Suzuki,Suzuki SX4 S-Cross 1.4 Boosterjet Hybrid Allgrip Comfort,65900,PLN,Benzyna,71000,2020,Manualna,1.4
Audi,Audi Q5 TDI mHEV 150 kW Quattro S tronic,232400,PLN,Diesel,6052,2025,Automatyczna,NULL
Audi,Audi A3 Limousine 35 TFSI mHEV Advanced S tronic,123500,PLN,Benzyna,13955,2025,Automatyczna,NULL
Volkswagen,Volkswagen Touran 1.6 United,10690,PLN,Benzyna,266200,2007,Manualna,1.6
Ford,Ford Ranger 2.0 EcoBlue 4x4 DC Limited,139000,PLN,Diesel,63941,2022,Automatyczna,2.0
Renault,Renault Captur,51900,PLN,Benzyna,86100,2019,Manualna,NULL
Audi,Audi Q5,54500,PLN,Benzyna,182300,2016,Automatyczna,NULL
Skoda,Skoda RAPID 1.2 TSI Ambition,24999,PLN,Benzyna,188000,2017,Manualna,1.2
Audi,Audi A7 Sportback 40 TDI mHEV Quattro S tronic,264900,PLN,Diesel,14441,2025,Automatyczna,NULL
Audi,Audi A7 Sportback 45 TFSI mHEV Quattro S tronic,279900,PLN,Benzyna,11348,2025,Automatyczna,NULL
Audi,Audi A5 Limousine TFSI Quattro S tronic,179900,PLN,Benzyna,31335,2025,Automatyczna,NULL
Audi,Audi A4 Avant 35 TDI mHEV S tronic,72900,PLN,Diesel,193910,2022,Automatyczna,NULL
Toyota,Toyota Corolla 1.5 Comfort,60000,PLN,Benzyna,100449,2022,Manualna,1.5
Volkswagen,Volkswagen Passat 2.0 TDI BMT Comfortline,37999,PLN,Diesel,235000,2015,Manualna,2.0
Ford,Ford Focus,21500,PLN,Diesel,168000,2014,Manualna,NULL
Toyota,Toyota C-HR 1.8 Hybrid Style,87900,PLN,Hybryda,133475,2022,Automatyczna,1.8
Land Rover,Land Rover Range Rover Evoque 2.0 P249 mHEV R-Dynamic HSE,127000,PLN,Benzyna,51000,2021,Automatyczna,2.0
Kia,Kia Sportage 1.7 CRDI XL 2WD,39900,PLN,Diesel,141000,2014,Manualna,1.7
BMW,BMW X2,65900,PLN,Diesel,190000,2019,Automatyczna,NULL
Hyundai,Hyundai ix35 1.6 2WD Style,37900,PLN,Benzyna,120000,2012,Manualna,1.6
Jeep,Jeep Cherokee,15900,PLN,Diesel,273000,2003,Automatyczna,NULL
Toyota,Toyota Tacoma,129999,PLN,Benzyna,8300,2021,Automatyczna,NULL
Cupra,Cupra Ateca 2.0 TSI 4Drive VZ DSG,139900,PLN,Benzyna,39826,2024,Automatyczna,2.0
Volkswagen,Volkswagen Tiguan 1.4 TSI BMT ACT Comfortline DSG,63900,PLN,Benzyna,174000,2017,Automatyczna,1.4
Audi,Audi A4 Avant,10900,PLN,Benzyna+LPG,260921,2001,Manualna,NULL
Opel,Opel Mokka 1.6 ecoFLEX Start/Stop Edition,45500,PLN,Benzyna,81000,2016,Manualna,1.6
Mercedes-Benz,Mercedes-Benz GLA,69900,PLN,Benzyna,117500,2019,Automatyczna,NULL
Opel,Opel Insignia 1.5 T GPF Innovation S&S,53900,PLN,Benzyna,32000,2018,Manualna,1.5
Toyota,Toyota Avensis 2.0 D-4D Premium,25000,PLN,Diesel,222635,2017,Manualna,2.0
Bestune,Bestune T90,99000,PLN,Benzyna,2152,2025,Automatyczna,NULL
DS Automobiles,DS Automobiles DS 4,26500,PLN,Benzyna,110000,2017,Manualna,NULL
BMW,BMW Seria 3 320d,31500,PLN,Diesel,243500,2013,Manualna,NULL
Volkswagen,Volkswagen T-Roc 1.5 TSI Style DSG,97900,PLN,Benzyna,55654,2022,Automatyczna,1.5
Toyota,Toyota Proace Verso 2.0 D4-D Long Business,117501,PLN,Diesel,99000,2024,Manualna,2.0
Volkswagen,Volkswagen Touran 1.5 TSI EVO Comfortline DSG,90500,PLN,Benzyna,100000,2020,Automatyczna,1.5
Kia,Kia Ceed 1.5 T-GDI DCT7 OPF Platinum,77367,PLN,Benzyna,40000,2024,Automatyczna,1.5
Volvo,Volvo V60 T8 AWD Plug-In Hybrid R-Design,98700,PLN,Hybryda Plug-in,100000,2019,Automatyczna,NULL
Land Rover,Land Rover Defender 130 D250 X-Dynamic SE,458000,PLN,Diesel,3206,2026,Automatyczna,NULL
Land Rover,Land Rover Discovery Sport 2.0 D200 mHEV Dynamic SE,219000,PLN,Diesel,11600,2025,Automatyczna,2.0
Audi,Audi A4 Avant 2.0 TDI,18900,PLN,Diesel,278965,2009,Manualna,2.0
Renault,Renault Megane,26000,PLN,Benzyna,88509,2015,Manualna,NULL
Volvo,Volvo XC 90 D5 AWD Inscription 7os,105000,PLN,Diesel,225000,2017,Automatyczna,NULL
Land Rover,Land Rover Range Rover Velar P250,129500,PLN,Benzyna,59850,2019,Automatyczna,NULL
Audi,Audi Q7,64900,PLN,Diesel,155000,2007,Automatyczna,NULL
Seat,Seat Leon 1.0 eTSI Style DSG,58001,PLN,Benzyna,68000,2022,Automatyczna,1.0
Jeep,Jeep Wrangler,142999,PLN,Benzyna,56300,2021,Automatyczna,NULL
Porsche,Porsche Cayenne,295000,PLN,Benzyna,92000,2019,Automatyczna,NULL
Renault,Renault Austral 1.3 TCe mHEV Techno,132900,PLN,Benzyna,10,2026,Automatyczna,1.3
Nissan,Nissan Leaf 40kWh N-Connecta,49900,PLN,Elektryczny,106022,2019,Automatyczna,NULL
Peugeot,Peugeot 208 Elektromotor 136 Active,59900,PLN,Elektryczny,82639,2023,Automatyczna,NULL
BMW,BMW M3 M Competition xDrive sport,379999,PLN,Benzyna,2937,2025,Automatyczna,NULL
Hyundai,Hyundai ix20 1.4 Edition 20,26899,PLN,Benzyna,145800,2012,Manualna,1.4
Hyundai,Hyundai ix35,32500,PLN,Diesel,199000,2013,Manualna,NULL
Audi,Audi A4 Avant 40 TDI quattro S tronic,96000,PLN,Diesel,168980,2019,Automatyczna,NULL
Audi,Audi RS3 Sportback 2.5 TFSI Quattro S tronic,123999,PLN,Benzyna,53392,2020,Automatyczna,2.5
Volvo,Volvo V90 Cross Country,99999,PLN,Diesel,207000,2018,Automatyczna,NULL
Toyota,Toyota Celica S,14500,PLN,Benzyna+LPG,242000,2001,Manualna,NULL
Toyota,Toyota Auris 1.6 Active,44900,PLN,Benzyna,210000,2018,Manualna,1.6
Land Rover,Land Rover Range Rover Evoque 2.0 D165 mHEV Dynamic SE,249000,PLN,Diesel,1400,2026,Automatyczna,2.0
Hyundai,Hyundai i20 1.2 Select,18999,PLN,Benzyna,157000,2013,Manualna,1.2
BMW,BMW Seria 3 318i,11500,PLN,Benzyna,275000,2006,Manualna,NULL
Mercedes-Benz,Mercedes-Benz Klasa S,389000,PLN,Benzyna,100000,2017,Automatyczna,NULL
Ford,Ford Transit Connect Kombi 230 L2 Trend,82287,PLN,Diesel,56000,2024,Manualna,NULL
Changan,Changan CS55 Plus,122600,PLN,Benzyna,1,2026,Automatyczna,NULL
Ford,Ford Focus 1.6 TDCi Titanium,11500,PLN,Diesel,318425,2012,Manualna,1.6
Fiat,Fiat Doblo,45000,PLN,Benzyna+LPG,88053,2020,Manualna,NULL
Seat,Seat Leon 1.4 TSI Start&Stop FR,37990,PLN,Benzyna,154000,2013,Manualna,1.4
Hyundai,Hyundai Tucson 1.6 CRDi 48V-Hybrid 4WD DCT Select,84700,PLN,Diesel,184058,2022,Automatyczna,1.6
Peugeot,Peugeot 308 1.5 BlueHDi Allure Pack S&S EAT8,82890,PLN,Diesel,44038,2024,Automatyczna,1.5
Peugeot,Peugeot 2008 1.2 Pure Tech GPF Allure S&S EAT6,34000,PLN,Benzyna,117500,2018,Automatyczna,1.2
Nissan,Nissan Qashqai 1.6 DCi Xtronic TEKNA,39500,PLN,Diesel,230000,2018,Automatyczna,1.6
Peugeot,Peugeot 3008 1.6 BlueHDi Allure S&S EAT6,53000,PLN,Diesel,199700,2017,Automatyczna,1.6
Jeep,Jeep Grand Cherokee 3.7 V6,17000,PLN,Benzyna+LPG,185926,2005,Automatyczna,3.7
Opel,Opel Mokka 1.4 T Enjoy EU6,29500,PLN,Benzyna,129000,2015,Manualna,1.4
Fiat,Fiat Tipo,5700,PLN,Benzyna,75000,1992,Manualna,NULL
Opel,Opel Insignia CT 2.0 T 4x4 EU6,47000,PLN,Benzyna,169042,2016,Automatyczna,2.0
Toyota,Toyota Aygo X Air Team D,34500,PLN,Benzyna,7126,2025,Manualna,NULL
Volkswagen,Volkswagen Tiguan 2.0 TDI SCR 4MOTION DSG Highline,69999,PLN,Diesel,186000,2016,Automatyczna,2.0
Ford,Ford Focus SW 1.5 EcoBlue Titanium,37900,PLN,Diesel,174032,2019,Automatyczna,1.5
Ford,Ford Kuga 2.0 TDCi AWD Titanium,49900,PLN,Diesel,269000,2018,Automatyczna,2.0
Fiat,Fiat Doblo Maxi Active,32900,PLN,Diesel,263112,2017,Manualna,NULL
Toyota,Toyota Aygo x-final,29900,PLN,Benzyna,198000,2021,Manualna,NULL
Opel,Opel Mokka 1.4 T Cosmo S&S EU6,34300,PLN,Benzyna,198000,2014,Manualna,1.4
Hyundai,Hyundai i30 N,61500,PLN,Benzyna,198000,2021,Automatyczna,NULL
Renault,Renault Grand Scenic ENERGY TCe 115 LIMITED,46500,PLN,Benzyna+LPG,229000,2021,Manualna,NULL
Opel,Opel Astra 1.4 T Cosmo EU6,17500,PLN,Benzyna,239000,2011,Manualna,1.4
Opel,Opel Astra 1.4 Turbo Exklusiv,18700,PLN,Benzyna,199999,2013,Manualna,1.4
Renault,Renault Scenic dCi 110 EDC Bose Edition,44900,PLN,Diesel,127697,2016,Automatyczna,NULL
Peugeot,Peugeot 308,14900,PLN,Benzyna,180000,2011,Manualna,NULL
Citroën,Citroën C4 Picasso 1.6 VTi Vitamin,14300,PLN,Benzyna,213000,2011,Manualna,1.6
Ford,Ford Mondeo,23000,PLN,Benzyna,198000,2008,Manualna,NULL
Volvo,Volvo S80 2.0T Summum,28700,PLN,Benzyna,212000,2011,Automatyczna,2.0
Mazda,Mazda 6 2.0 SkyEnergy,86000,PLN,Benzyna,55000,2019,Manualna,2.0
Nissan,Nissan Note 1.4 I-Way EU5,14400,PLN,Benzyna,229000,2010,Manualna,1.4
Opel,Opel Crossland X 1.2 Start/Stop Design Line,42999,PLN,Benzyna,43300,2017,Manualna,1.2
Renault,Renault Megane 1.6 16V Tech Run,18700,PLN,Benzyna,212000,2010,Manualna,1.6
Kia,Kia Optima,37600,PLN,Hybryda,191000,2013,Automatyczna,NULL
Seat,Seat Ibiza 1.0 TSI Full LED S&S,19900,PLN,Benzyna,261000,2016,Manualna,1.0
Lincoln,Lincoln Town Car,33900,PLN,Benzyna,180400,1983,Automatyczna,NULL
Seat,Seat Leon 1.0 TSI Style,73900,PLN,Benzyna,13800,2024,Manualna,1.0
Mercedes-Benz,Mercedes-Benz CLK,18500,PLN,Benzyna,340000,2003,Automatyczna,NULL
Citroën,Citroën DS4 HDi 165 SportChic,18900,PLN,Diesel,313000,2011,Manualna,NULL
Mercedes-Benz,Mercedes-Benz GLE,269000,PLN,Hybryda,40448,2022,Automatyczna,NULL
Ford,Ford Tourneo Custom 2.0 EcoBlue 320 AWD L2 Active,329000,PLN,Diesel,100,2026,Automatyczna,2.0
Ford,Ford Tourneo Custom 2.0 EcoBlue 320 L2 Active,329900,PLN,Diesel,100,2026,Automatyczna,2.0
Skoda,Skoda Fabia,10900,PLN,Benzyna,182000,2009,Manualna,NULL
Hyundai,Hyundai ix20 1.4 blue Style,21900,PLN,Benzyna+LPG,189000,2014,Manualna,1.4
Toyota,Toyota C-HR 2.0 Hybrid Selection,99850,PLN,Hybryda,87120,2020,Automatyczna,2.0
Toyota,Toyota Corolla 1.8 Hybrid GR Sport Dynamic,104850,PLN,Hybryda,104531,2023,Automatyczna,1.8
Toyota,Toyota Yaris Hybrid 1.5 Comfort,76800,PLN,Hybryda,92065,2022,Automatyczna,1.5
Kia,"Kia Sportage 2,0 CRDI AWD Spirit",34900,PLN,Diesel,174000,2012,Manualna,NULL
Renault,Renault Megane 1.5 dCi Energy Bose EU6,9980,PLN,Diesel,229000,2013,Manualna,1.5
Citroën,Citroën C1 1.0 VTi JCC+,32900,PLN,Benzyna,45655,2020,Manualna,1.0
Hyundai,Hyundai i40,24500,PLN,Benzyna,265260,2011,Manualna,NULL
Volkswagen,Volkswagen Golf Sportsvan 1.6 TDI BlueMotion Technology Comfortline,39900,PLN,Diesel,68800,2015,Manualna,1.6
Jeep,Jeep Grand Cherokee 3.0 CRD Automatik Overland,35000,PLN,Diesel,239271,2007,Automatyczna,3.0
Mitsubishi,Mitsubishi Eclipse Cross 1.5 T-MIVEC ClearTec 2WD Diamant Edition Plus,62900,PLN,Benzyna,77000,2018,Manualna,1.5
Kia,Kia Sportage 1.6 T-GDI GT Line 4WD,72900,PLN,Benzyna,93000,2018,Manualna,1.6
Fiat,Fiat Bravo 1.4 T-JET 16V Sport Plus,17900,PLN,Benzyna,118000,2009,Manualna,1.4
Volvo,Volvo XC 40,81000,PLN,Diesel,166600,2019,Automatyczna,NULL
Mercedes-Benz,Mercedes-Benz Klasa A 200 (BlueEFFICIENCY) Urban,62900,PLN,Benzyna,119000,2018,Manualna,NULL
Fiat,Fiat Freemont,14900,PLN,Diesel,274000,2013,Automatyczna,NULL
Dacia,Dacia Spring 27.4kWh Comfort Plus,37000,PLN,Elektryczny,10472,2021,Automatyczna,7.4
Volvo,Volvo XC 40 T3 R-Design,89999,PLN,Benzyna,141300,2021,Automatyczna,NULL
Jaguar,Jaguar F-Pace 2.0 i4P AWD Prestige,85000,PLN,Benzyna,149945,2019,Automatyczna,2.0
Peugeot,Peugeot 5008 BlueHDi 180 EAT8 GT Pack,77900,PLN,Diesel,146000,2018,Automatyczna,NULL
Land Rover,Land Rover Range Rover Evoque,16500,PLN,Diesel,210517,2015,Manualna,NULL
Hyundai,Hyundai i30,10500,PLN,Benzyna,153475,2016,Manualna,NULL
Citroën,Citroën DS4,14500,PLN,Benzyna,106458,2017,Manualna,NULL
Kia,Kia Rio,15800,PLN,Benzyna,103008,2019,Manualna,NULL
Ford,Ford Fiesta,10800,PLN,Benzyna,185711,2018,Manualna,NULL
Ford,Ford Kuga,15800,PLN,Diesel,202876,2013,Manualna,NULL
Dacia,Dacia Duster,12800,PLN,Diesel,193416,2012,Manualna,NULL
Citroën,Citroën DS3,8200,PLN,Benzyna,170693,2012,Manualna,NULL
Citroën,Citroën C4 Grand Picasso,12800,PLN,Diesel,170786,2015,Manualna,NULL
Citroën,Citroën C3,15200,PLN,Benzyna,130411,2017,Manualna,NULL
Citroën,Citroën DS3,5500,PLN,Diesel,249918,2011,Manualna,NULL
Citroën,Citroën C4,7500,PLN,Benzyna,129332,2015,Manualna,NULL
BMW,BMW Seria 1,13200,PLN,Diesel,217309,2014,Manualna,NULL
Citroën,Citroën C3,11200,PLN,Diesel,101438,2021,Manualna,NULL
Chevrolet,Chevrolet Trax,8500,PLN,Diesel,248628,2013,Automatyczna,NULL
Audi,Audi TT Coupé,9200,PLN,Benzyna,265794,1999,Manualna,NULL
BMW,BMW Seria 1,13200,PLN,Benzyna,173614,2013,Manualna,NULL
Audi,Audi Q3,14800,PLN,Benzyna,172953,2012,Automatyczna,NULL
Audi,Audi Q3,11800,PLN,Diesel,97000,2016,Automatyczna,NULL
Alfa Romeo,Alfa Romeo Giulietta,16800,PLN,Benzyna,201678,2010,Manualna,NULL
Citroën,Citroën C4 Cactus,12500,PLN,Benzyna,136036,2016,Manualna,NULL
Nissan,Nissan Juke 1.6 Acenta,23000,PLN,Benzyna,176528,2011,Manualna,1.6
Hyundai,Hyundai Elantra 1.6 Comfort,32000,PLN,Benzyna,182000,2016,Manualna,1.6
BMW,BMW M4,180000,PLN,Benzyna,123512,2015,Automatyczna,NULL
Ford,Ford Tourneo Custom 2.0 EcoBlue L2 Titanium X SelectShift,158000,PLN,Diesel,105222,2020,Automatyczna,2.0
Volvo,Volvo S60 B4 B Plus Dark,139000,PLN,Benzyna,36638,2023,Automatyczna,NULL
Citroën,Citroën C3,4600,PLN,Benzyna,176982,2007,Manualna,NULL
Hyundai,Hyundai i20,44900,PLN,Benzyna,35500,2019,Manualna,NULL
Ford,Ford C-MAX 1.0 EcoBoost Ambiente ASS,23800,PLN,Benzyna,146000,2016,Manualna,1.0
Volkswagen,Volkswagen Passat 2.0 TDI EVO Business DSG,89900,PLN,Diesel,133800,2023,Automatyczna,2.0
Hyundai,Hyundai i30 1.4 Comfort,27000,PLN,Benzyna,130000,2020,Manualna,1.4
Hyundai,Hyundai Genesis,87000,PLN,Benzyna,177000,2015,Automatyczna,NULL
BMW,BMW X4 xDrive20d Advantage,49800,PLN,Diesel,286000,2015,Automatyczna,NULL
Mazda,Mazda 3 1.6 Exclusive,22900,PLN,Benzyna,128700,2011,Manualna,1.6
Mercedes-Benz,Mercedes-Benz GLC AMG 63 S 4-Matic+,164900,PLN,Benzyna,160000,2019,Automatyczna,NULL
Lynk & Co,Lynk & Co 01,73700,PLN,Hybryda,69000,2022,Automatyczna,NULL
Opel,Opel Astra 1.5 D Automatik Enjoy,55700,PLN,Diesel,58000,2024,Automatyczna,1.5
Cupra,Cupra Formentor 1.5 TSI DSG,71700,PLN,Benzyna,40000,2023,Automatyczna,1.5
Opel,Opel Cascada 1.4 T Cosmo EU6,15700,PLN,Benzyna,78000,2013,Manualna,1.4
Citroën,Citroën Jumper L3H2 Snoeks Profi,77490,PLN,Diesel,96088,2020,Manualna,NULL
Peugeot,Peugeot 308,21999,PLN,Diesel,256000,2016,Manualna,NULL
Hyundai,Hyundai Tucson,62700,PLN,Diesel,39000,2019,Manualna,NULL
Hyundai,Hyundai i30 1.0 T-GDI Family,41700,PLN,Benzyna,74400,2017,Manualna,1.0
Volkswagen,Volkswagen Passat 2.0 TDI SCR (BlueMotion Technology) DSG Comfortline,41500,PLN,Diesel,206000,2015,Automatyczna,2.0
Lexus,Lexus NX 300 Elegance 2WD,105000,PLN,Benzyna,119398,2019,Automatyczna,NULL
Mazda,Mazda 3,71900,PLN,Benzyna,81502,2023,Manualna,NULL
Mercedes-Benz,Mercedes-Benz SL,59500,PLN,Benzyna,278000,1997,Automatyczna,NULL
Porsche,Porsche Cayenne S Tiptronic S,29500,PLN,Benzyna,204500,2011,Automatyczna,NULL
Lexus,Lexus RX,243000,PLN,Benzyna,25000,2024,Automatyczna,NULL
Ford,Ford Kuga,104900,PLN,Diesel,104288,2022,Automatyczna,NULL
Mercedes-Benz,Mercedes-Benz Klasa A,97900,PLN,Diesel,105198,2022,Automatyczna,NULL
Volkswagen,Volkswagen Golf Alltrack 2.0 TDI BMT 4Mot DSG,65500,PLN,Diesel,214000,2019,Automatyczna,2.0
Opel,Opel Adam 1.0 Start/Stop Jam,29990,PLN,Benzyna,35000,2017,Manualna,1.0
Volvo,Volvo V60 T4 Drive-E R-Design Kinetic,65900,PLN,Benzyna,152863,2017,Automatyczna,NULL
BMW,BMW Seria 5 530d xDrive Edition Exclusive,28200,PLN,Diesel,303277,2009,Automatyczna,NULL
BMW,BMW Seria 3 330i xDrive Sport Line,167500,PLN,Benzyna,15060,2023,Automatyczna,NULL
Nissan,Nissan Qashqai 2.0 360 CVT,29990,PLN,Benzyna,212000,2013,Automatyczna,2.0
BMW,BMW M3,450000,PLN,Benzyna,15200,2025,Automatyczna,NULL
Ford,Ford Ranger,57000,PLN,Diesel,33000,2024,Automatyczna,NULL
Skoda,Skoda Kodiaq,134900,PLN,Diesel,122392,2023,Automatyczna,NULL
Kia,Kia Carens 1.7 CRDi Business Line 7os,39900,PLN,Diesel,157000,2016,Manualna,1.7
Toyota,Toyota Prius+ (Hybrid) Executive,19600,PLN,Hybryda,670000,2014,Automatyczna,NULL
Skoda,Skoda Superb,162900,PLN,Hybryda Plug-in,57788,2024,Automatyczna,NULL
Mercedes-Benz,Mercedes-Benz GLA 200 CDI 7G-DCT Edition 1,33900,PLN,Diesel,75000,2019,Automatyczna,NULL
Nissan,Nissan Micra IG-T 100 Xtronic N-Connecta,24800,PLN,Benzyna,20000,2021,Automatyczna,NULL
Peugeot,Peugeot 208 1.4 HDi Active Pack,15000,PLN,Diesel,180060,2013,Manualna,1.4
Fiat,Fiat Freemont 2.0 Multijet Lounge,24900,PLN,Diesel,216100,2012,Manualna,2.0
Peugeot,Peugeot 107,3500,PLN,Benzyna,250460,2005,Manualna,NULL
Opel,Opel Meriva 1.4 Ecoflex Start/Stop Active,15999,PLN,Benzyna,190000,2013,Manualna,1.4
BMW,BMW Seria 5 530d xDrive,22900,PLN,Diesel,298000,2007,Automatyczna,NULL
Dacia,Dacia Duster TCe 125 2WD Comfort,28900,PLN,Benzyna,79500,2016,Manualna,NULL
BMW,BMW Seria 5,36500,PLN,Diesel,290000,2011,Automatyczna,NULL
Volvo,Volvo C30,6300,PLN,Diesel,299000,2007,Manualna,NULL
Ford,Ford Transit Connect 230 L2 Trend,32000,PLN,Diesel,255195,2019,Manualna,NULL
Ferrari,Ferrari 812 GTS,365000,EUR,Benzyna,3000,2022,Automatyczna,NULL
Peugeot,Peugeot 5008 1.6 PureTech GT S&S EAT8,89900,PLN,Benzyna,160000,2022,Automatyczna,1.6
Mercedes-Benz,Mercedes-Benz Klasa G AMG 63 AMG Speedshift 9G-TRONIC Edition 1,390000,PLN,Benzyna,120000,2016,Automatyczna,NULL
Mitsubishi,Mitsubishi L200,170000,PLN,Diesel,300,2026,Automatyczna,NULL
Fiat,Fiat Freemont 2.0 Multijet 16V DPF Lounge,9900,PLN,Diesel,197000,2012,Manualna,2.0
Opel,Opel Insignia 1.6 Automatik Business Innovation,58900,PLN,Diesel,186000,2019,Automatyczna,1.6
Toyota,Toyota Hilux,289000,PLN,Benzyna,300,2026,Automatyczna,NULL
Mercedes-Benz,Mercedes-Benz GLS 450 4Matic 9G-TRONIC Edition,299000,PLN,Benzyna,69000,2020,Automatyczna,NULL
Suzuki,Suzuki Swift 1.2 Comfort,29000,PLN,Benzyna,84700,2015,Manualna,1.2
Toyota,Toyota Land Cruiser,280000,PLN,Diesel,300,2026,Manualna,NULL
Mercedes-Benz,Mercedes-Benz Klasa G AMG 63 AMG SPEEDSHIFT 7G-TRONIC,319000,PLN,Benzyna,140000,2016,Automatyczna,NULL
Toyota,Toyota Land Cruiser,280000,PLN,Diesel,50,2026,Automatyczna,NULL
Mercedes-Benz,Mercedes-Benz Klasa V 300 lang 9G-TRONIC Special Edition Avantgarde,490000,PLN,Benzyna,200,2026,Automatyczna,NULL
Toyota,Toyota Land Cruiser,300000,PLN,Diesel,200,2026,Automatyczna,NULL
Audi,Audi Q5 45 TFSI quattro S tronic,135000,PLN,Benzyna,80000,2021,Automatyczna,NULL
Nissan,Nissan Qashqai+2 1.6 dCi DPF 4x4 Start/Stop I-Way,15900,PLN,Diesel,229000,2013,Manualna,1.6
Lexus,Lexus LX,170000,EUR,Diesel,1500,2026,Automatyczna,NULL
Toyota,Toyota Land Cruiser,520000,PLN,Diesel,500,2026,Automatyczna,NULL
Audi,Audi Q3 35 TFSI mHEV S-Line S tronic,107900,PLN,Benzyna,99000,2022,Automatyczna,NULL
Citroën,Citroën DS5 2.0 HDi Hybrid4 SportChic MCP,11900,PLN,Hybryda,160000,2012,Automatyczna,2.0
Nissan,Nissan Micra,19900,PLN,Benzyna,143545,2015,Manualna,NULL
Opel,Opel Astra,14500,PLN,Diesel,204200,2013,Manualna,NULL
Ford,Ford Kuga 2.0 TDCi 4x4 Titanium,34900,PLN,Diesel,176000,2011,Manualna,2.0
BMW,BMW Seria 2 218d GT Sport Line,39500,PLN,Diesel,192829,2016,Manualna,NULL
Audi,Audi Q3 2.0 TDI Quattro Prime Line S tronic,49900,PLN,Diesel,174000,2012,Automatyczna,2.0
Seat,Seat Leon 1.8 TSI Sport,14400,PLN,Benzyna,239000,2009,Manualna,1.8
Volkswagen,Volkswagen Tiguan 2.0 TSI 4Mot R-Style DSG,76900,PLN,Benzyna,218000,2017,Automatyczna,2.0
Ford,Ford Fusion 1.4 Ambiente,6900,PLN,Benzyna,192358,2006,Manualna,1.4
Suzuki,Suzuki Splash 1.0 Club,9999,PLN,Benzyna,145000,2009,Manualna,1.0
Mercedes-Benz,Mercedes-Benz Klasa S AMG 63 E Performance PHEV L 4-Matic Edition 1 9G-TRONIC,799000,PLN,Hybryda Plug-in,25000,2023,Automatyczna,NULL
Hyundai,Hyundai i20 1.0 T-GDi N Line,21400,PLN,Benzyna,7000,2021,Manualna,1.0
BMW,BMW Seria 3 330e iPerformance Advantage,62900,PLN,Hybryda Plug-in,141600,2018,Automatyczna,NULL
Honda,Honda Accord,83900,PLN,Benzyna+CNG,79000,2018,Automatyczna,NULL
Toyota,Toyota Aygo,5790,PLN,Benzyna,229000,2006,Manualna,NULL
Citroën,Citroën Berlingo XL 130 EAT8 MAX,54990,PLN,Diesel,173000,2020,Automatyczna,NULL
Ford,Ford Galaxy 2.0 TDCi Titanium,28000,PLN,Diesel,220000,2013,Manualna,2.0
Mercedes-Benz,Mercedes-Benz CLA AMG 45 4Matic AMG Speedshift 7G-DCT Yellow Night Edition,150000,PLN,Benzyna,140000,2017,Automatyczna,NULL
Honda,Honda HR-V,86900,PLN,Benzyna,38000,2022,Automatyczna,NULL
Ligier,Ligier JS50,36900,PLN,Elektryczny,1300,2023,Automatyczna,NULL
BMW,BMW Seria 3 325i,32900,PLN,Benzyna+LPG,274000,2006,Automatyczna,NULL
Kia,Kia Sportage 1.6 T-GDI GT Line 4WD,73800,PLN,Benzyna,129600,2019,Manualna,1.6
Peugeot,Peugeot 206 CC,6300,PLN,Diesel,240000,2005,Manualna,NULL
Hyundai,Hyundai i20 1.2 Classic,6900,PLN,Benzyna,189017,2010,Manualna,1.2
Hyundai,Hyundai Tucson 1.6 T-GDi Executive 2WD,115000,PLN,Benzyna,1700,2024,Manualna,1.6
Peugeot,Peugeot 3008,13900,PLN,Diesel,169500,2012,Automatyczna,NULL
Ford,Ford Kuga 2.0 TDCi 4WD Titanium,44500,PLN,Diesel,209717,2016,Manualna,2.0
Lexus,Lexus IS 200t Elegance,79000,PLN,Benzyna,142000,2016,Automatyczna,NULL
Mitsubishi,Mitsubishi ASX 1.8 DI-D 2WD Invite,24900,PLN,Diesel,164200,2011,Manualna,1.8
Nissan,Nissan X-Trail 1.6 DCi Xtronic Tekna,34000,PLN,Diesel,118000,2016,Automatyczna,1.6
Seat,Seat Leon 1.8 TSI Ecomotive FR,48900,PLN,Benzyna,189000,2018,Manualna,1.8
Mazda,Mazda CX-5 SKYACTIV-G 194 AWD Signature,125000,PLN,Benzyna,16000,2024,Automatyczna,NULL
Toyota,Toyota GR Yaris,155000,PLN,Benzyna,20418,2022,Manualna,NULL
Opel,Opel Mokka 1.4 Turbo ecoFLEX Start/Stop 4x4 Innovation,42900,PLN,Benzyna,130000,2015,Manualna,1.4
Volvo,Volvo V40,29950,PLN,Diesel,252000,2014,Manualna,NULL
Renault,Renault Kadjar 1.2 Energy TCe Business,39900,PLN,Benzyna,131000,2016,Manualna,1.2
Audi,Audi A5 Coupé,47700,PLN,Diesel,237000,2013,Automatyczna,NULL
Cupra,Cupra Formentor 2.0 TSI 4Drive DSG,139000,PLN,Benzyna,72000,2024,Automatyczna,2.0
Mazda,Mazda RX-8 Standard,54000,PLN,Benzyna,155533,2005,Manualna,NULL
Alfa Romeo,Alfa Romeo 147,8400,PLN,Benzyna,200000,2005,Manualna,NULL
Kia,Kia Sportage 1.6 GDI Business Line 2WD,59900,PLN,Benzyna,100000,2017,Manualna,1.6
Suzuki,Suzuki Swift 1.6 Sport,33000,PLN,Benzyna,154634,2012,Manualna,1.6
Dacia,Dacia Sandero SCe 75 Comfort,16900,PLN,Benzyna,81000,2017,Manualna,NULL
Fiat,Fiat Panda 1.2 4x4 Climbing,9300,PLN,Benzyna,126000,2006,Manualna,1.2
Hyundai,Hyundai ix20 1.4 UEFA EURO 2012 Edition,26800,PLN,Benzyna,88200,2012,Manualna,1.4
Peugeot,Peugeot 207 1.6 HDi 16V Speed,5900,PLN,Diesel,267500,2006,Manualna,1.6
Hyundai,Hyundai ix35 2.0 2WD Automatik Style,39900,PLN,Benzyna,114000,2012,Automatyczna,2.0
Nissan,Nissan Qashqai,29900,PLN,Benzyna+LPG,180000,2012,Manualna,NULL
Mercedes-Benz,Mercedes-Benz Klasa E 320 CDI Elegance,43500,PLN,Diesel,168830,2005,Automatyczna,NULL
Suzuki,Suzuki Splash 1.2 active+,8800,PLN,Benzyna,158000,2009,Manualna,1.2
Renault,Renault Twingo ENERGY TCe 90 LIMITED,26900,PLN,Benzyna,91800,2017,Manualna,NULL
Toyota,Toyota RAV4 Hybrid Prestige 4x4,78000,PLN,Hybryda,100775,2016,Automatyczna,NULL
Audi,Audi S3,79900,PLN,Benzyna,133000,2016,Automatyczna,NULL
Renault,Renault Clio,65000,PLN,Benzyna+LPG,24993,2023,Manualna,NULL
Fiat,Fiat Tipo 1.4 T-Jet Lounge,36900,PLN,Benzyna,138000,2019,Manualna,1.4
Mazda,Mazda 3,26300,PLN,Benzyna,135433,2014,Manualna,NULL
Ford,Ford Fusion,40900,PLN,Benzyna,82500,2017,Automatyczna,NULL
Volkswagen,Volkswagen Polo,5500,PLN,Diesel,155000,2007,Manualna,NULL
Volkswagen,Volkswagen Polo 1.2 Basis,3300,PLN,Benzyna,207000,2004,Manualna,1.2
Audi,Audi A3 3-drzwiowe 1.6 Ambition,14900,PLN,Benzyna,173492,2007,Manualna,1.6
Volkswagen,Volkswagen Polo 1.0 (Blue Motion Technology) Trendline,22500,PLN,Benzyna,189000,2015,Manualna,1.0
Toyota,Toyota Corolla 1.6 Prestige MS EU6,59900,PLN,Benzyna,46100,2016,Automatyczna,1.6
Mercedes-Benz,Mercedes-Benz Klasa C,34900,PLN,Diesel,206000,2011,Automatyczna,NULL
Citroën,Citroën C1 1.0i Vitamin,7900,PLN,Benzyna,135934,2011,Manualna,1.0
Opel,Opel Astra 1.5 CDTI Business Elegance S&S,29900,PLN,Diesel,193222,2021,Automatyczna,1.5
Chrysler,Chrysler Pacifica,99000,PLN,Benzyna,190000,2021,Automatyczna,NULL
Jaguar,Jaguar E-Pace 1.5 P160 mHEV S,89900,PLN,Benzyna,96825,2021,Automatyczna,1.5
Toyota,Toyota RAV4 2.5 Hybrid Selection 4x2,129050,PLN,Hybryda,96442,2020,Automatyczna,2.5
Lexus,Lexus UX 300e 54.3 kWh Prestige 2WD,109000,PLN,Elektryczny,88813,2021,Automatyczna,4.3
Porsche,Porsche Cayman,269000,PLN,Benzyna,40000,2018,Manualna,NULL
Mercedes-Benz,Mercedes-Benz CLK 220 CDI Avantgarde,23000,PLN,Diesel,231557,2005,Manualna,NULL
Toyota,Toyota Yaris 1.0 VVT-i,11900,PLN,Benzyna,196000,2008,Manualna,1.0
Ford,Ford Kuga,28000,PLN,Diesel,244624,2009,Manualna,NULL
Skoda,Skoda Fabia,77998,PLN,Benzyna,29517,2025,Manualna,NULL
Mercedes-Benz,Mercedes-Benz Klasa B,17000,PLN,Benzyna,169395,2009,Manualna,NULL
Nissan,Nissan X-Trail,44000,PLN,Benzyna,176782,2015,Manualna,NULL
Toyota,Toyota Camry,79000,PLN,Hybryda,152055,2020,Automatyczna,NULL
Audi,Audi A3 Sportback 1.6 TDI ultra Attraction,31500,PLN,Diesel,238730,2014,Manualna,1.6
Peugeot,Peugeot 3008 HDi FAP 150 Family,14900,PLN,Diesel,228285,2011,Manualna,NULL
Suzuki,Suzuki Swift 1.2 Premium,15000,PLN,Benzyna,267000,2011,Manualna,1.2
Volkswagen,Volkswagen Tiguan 1.4 TSI 4Mot Trend&Fun,25900,PLN,Benzyna,77000,2008,Manualna,1.4
Seat,Seat Ibiza,51900,PLN,Benzyna,96800,2022,Manualna,NULL
BMW,BMW Seria 3 318i Edition Lifestyle,23900,PLN,Benzyna,181000,2010,Manualna,NULL
Opel,Opel Insignia,61900,PLN,Benzyna,181200,2018,Automatyczna,NULL
Opel,Opel Crossland,58900,PLN,Benzyna,18800,2024,Manualna,NULL
Kia,Kia Sportage,96500,PLN,Benzyna,69000,2023,Manualna,NULL
BMW,BMW Seria 5,32900,PLN,Diesel,370000,2003,Automatyczna,NULL
Toyota,Toyota Sienna,150000,PLN,Benzyna,88902,2021,Automatyczna,NULL
Ford,Ford Focus,55300,PLN,Benzyna,112200,2023,Manualna,NULL
Skoda,Skoda Octavia,149900,PLN,Benzyna,39200,2023,Automatyczna,NULL
BMW,BMW X5,187900,PLN,Diesel,100100,2022,Automatyczna,NULL
Mercedes-Benz,Mercedes-Benz GLC 400 e PHEV 4-Matic AMG Line,245000,PLN,Hybryda Plug-in,79900,2023,Automatyczna,NULL
Hyundai,Hyundai i20 1.2 YES,29000,PLN,Benzyna,125000,2017,Manualna,1.2
Tesla,Tesla Model 3 RWD,140900,PLN,Elektryczny,21000,2023,Automatyczna,NULL
Renault,Renault Kadjar 1.2 Energy TCe Limited,38000,PLN,Benzyna,99124,2017,Manualna,1.2
Chrysler,Chrysler Town & Country,11900,PLN,Benzyna+LPG,309841,2010,Automatyczna,NULL
Kia,Kia Ceed 1.6 GDI Business Line,31999,PLN,Benzyna,188600,2013,Manualna,1.6
Renault,Renault Trafic L2H1,25555,PLN,Diesel,204203,2011,Manualna,NULL
Cupra,Cupra Formentor,126000,PLN,Benzyna,55532,2023,Automatyczna,NULL
Toyota,Toyota Yaris 1.5 Comfort,54900,PLN,Benzyna,102720,2021,Manualna,1.5
Hyundai,Hyundai i30,109900,PLN,Benzyna,2685,2026,Automatyczna,NULL
Audi,Audi A8 4.2 Quattro,14700,PLN,Benzyna+LPG,420000,2002,Automatyczna,4.2
Skoda,Skoda Octavia,56000,PLN,Benzyna,179754,2020,Manualna,NULL
Ford,Ford Fiesta 1.4 Champions Edition,21900,PLN,Benzyna,161763,2012,Manualna,1.4
Seat,Seat Ibiza,21900,PLN,Benzyna+LPG,164714,2017,Manualna,NULL
Volkswagen,Volkswagen Golf Variant,40000,PLN,Benzyna,116369,2019,Manualna,NULL
Hyundai,Hyundai i20,63000,PLN,Benzyna,44516,2022,Manualna,NULL
Opel,Opel Astra 1.7 CDTI DPF Color Edition,12999,PLN,Diesel,240000,2010,Manualna,1.7
Volkswagen,Volkswagen Polo 1.4 16V Basis,6800,PLN,Benzyna,163000,2004,Manualna,1.4
BMW,BMW Seria 1 116i,10500,PLN,Benzyna,209000,2007,Manualna,NULL
BMW,BMW M4 DKG,175000,PLN,Benzyna,102000,2017,Automatyczna,NULL
Ford,Ford Mondeo 2.0 TDCi Titanium PowerShift,48800,PLN,Diesel,21000,2015,Automatyczna,2.0
Citroën,Citroën C3 Pure Tech (VTi) 68 Selection,13999,PLN,Benzyna,144000,2016,Manualna,NULL
Audi,Audi Q3 2.0 TDI,41900,PLN,Diesel,209000,2013,Manualna,2.0
Opel,Opel Astra 1.4 Turbo Edition,17900,PLN,Benzyna,222000,2011,Manualna,1.4
BMW,BMW X5,69900,PLN,Diesel,359000,2014,Automatyczna,NULL
Renault,Renault Megane 1.6 16V Color Edition,15700,PLN,Benzyna,79000,2009,Manualna,1.6
Cupra,Cupra Formentor 2.0 TSI 4Drive VZ DSG,139990,PLN,Benzyna,28000,2024,Automatyczna,2.0
Renault,Renault Clio 1.2 16V 75 LIMITED,24900,PLN,Benzyna,175287,2015,Manualna,1.2
Opel,Opel Grandland X 2.0 CDTI Ultimate S&S,56900,PLN,Diesel,187000,2018,Automatyczna,2.0
Kia,Kia Rio 1.2 L,33900,PLN,Benzyna,87000,2018,Manualna,1.2
Skoda,Skoda Fabia,13000,PLN,Benzyna+LPG,182663,2017,Manualna,NULL
Volvo,Volvo S60 B5 B AWD R-Design,84700,PLN,Benzyna,232968,2020,Automatyczna,NULL
Skoda,Skoda Octavia 1.6 TDI Active,21500,PLN,Diesel,239282,2015,Manualna,1.6
Opel,Opel Astra,14900,PLN,Diesel,180800,2012,Manualna,NULL
Opel,Opel Astra,27900,PLN,Benzyna,182625,2016,Manualna,NULL
Jeep,Jeep Compass 1.4 MultiAir Limited,56666,PLN,Benzyna,179000,2018,Manualna,1.4
Audi,Audi A4 Avant,12900,PLN,Benzyna,279000,2006,Manualna,NULL
Skoda,Skoda Octavia 1.4 TSI Ambiente,16500,PLN,Benzyna,188000,2010,Manualna,1.4
Seat,Seat Ibiza,6999,PLN,Benzyna,124000,2014,Manualna,NULL
Nissan,Nissan Note 1.6 Acenta,5000,PLN,Benzyna,168651,2008,Manualna,1.6
Toyota,Toyota Yaris 1.0 Luna A/C,11700,PLN,Benzyna+LPG,135000,2006,Manualna,1.0
Renault,Renault Scenic 1.5 dCi Tech Run,10000,PLN,Diesel,186451,2011,Manualna,1.5
Hyundai,Hyundai Tucson 1.6 T-GDi HEV Executive 2WD,118900,PLN,Hybryda,33000,2022,Automatyczna,1.6
BMW,BMW Seria 5,45000,PLN,Diesel,339300,2011,Automatyczna,NULL
Seat,Seat Altea 1.2 TSI Reference,14000,PLN,Benzyna,211218,2012,Manualna,1.2
Alfa Romeo,Alfa Romeo Stelvio 2.2 16V AT8 Executive,67000,PLN,Diesel,63444,2017,Automatyczna,2.2
Opel,Opel Meriva 1.3 CDTI EcoFLEX 150 Jahre,9800,PLN,Diesel,259000,2011,Manualna,1.3
Seat,Seat Ibiza,1350,PLN,Benzyna,252647,2003,Manualna,NULL
Toyota,Toyota Highlander 2.5 Hybrid Executive Style,195000,PLN,Hybryda,54533,2022,Automatyczna,2.5
Opel,Opel Zafira 1.9 CDTI,7500,PLN,Diesel,292000,2006,Manualna,1.9
Volkswagen,Volkswagen T-Roc 1.5 TSI ACT Premium,74900,PLN,Benzyna,71855,2019,Manualna,1.5
Peugeot,Peugeot 308 BlueHDi 130 EAT8 Black Edition,39999,PLN,Diesel,161374,2020,Automatyczna,NULL
Audi,Audi A1 Sportback 1.4 TFSI S tronic Attraction,39500,PLN,Benzyna,112000,2013,Automatyczna,1.4
Renault,Renault Captur (ENERGY) dCi 90 LIMITED,31900,PLN,Diesel,112000,2015,Manualna,NULL
Citroën,Citroën C4 1.4 16V SX,7500,PLN,Benzyna,171600,2005,Manualna,1.4
Kia,Kia Ceed 1.6 CRDi M,37999,PLN,Diesel,174000,2017,Manualna,1.6
BMW,BMW Seria 4 420d xDrive M Sport sport,152900,PLN,Diesel,99000,2022,Automatyczna,NULL
Audi,Audi S5 Limousine TFSI S tronic,372900,PLN,Benzyna,1,2026,Automatyczna,NULL
Renault,Renault Clio (Energy) TCe 90 Bose Edition,38999,PLN,Benzyna,72000,2019,Manualna,NULL
Volvo,Volvo V60 B4 B Core,123899,PLN,Benzyna,19000,2023,Automatyczna,NULL
Skoda,Skoda Kodiaq 2.0 TSI 4x4 Sportline DSG,199518,PLN,Benzyna,7,2026,Automatyczna,2.0
Land Rover,Land Rover Range Rover Sport,529000,PLN,Benzyna,10,2026,Automatyczna,NULL
Volkswagen,Volkswagen Polo 1.6 TDI SCR IQ.DRIVE,34990,PLN,Diesel,151748,2018,Manualna,1.6
Renault,Renault Kadjar TCe 140 GPF LIMITED,54900,PLN,Benzyna,85961,2018,Manualna,NULL
Kia,Kia Ceed 1.6 CRDi SCR M DCT,43000,PLN,Diesel,189600,2020,Automatyczna,1.6
Citroën,Citroën C3 1.2 PureTech Shine EAT6,51900,PLN,Benzyna,50160,2024,Automatyczna,1.2
Peugeot,Peugeot 308 1.5 BlueHDi Allure S&S EAT8,94900,PLN,Diesel,31200,2025,Automatyczna,1.5
Peugeot,Peugeot 508 1.5 BlueHDi Allure S&S EAT8,119900,PLN,Diesel,44600,2024,Automatyczna,1.5
Kia,Kia Sportage 1.6 T-GDI MHEV Anniversary 2WD DCT,123900,PLN,Benzyna,58150,2023,Automatyczna,1.6
Peugeot,Peugeot 308 Hybrid 136e-DSC6 GT,98900,PLN,Benzyna,20350,2025,Automatyczna,NULL
Jeep,Jeep Compass 1.4 TMair Limited 4WD S&S,72900,PLN,Benzyna,86650,2018,Automatyczna,1.4
Audi,Audi Q5 40 TDI mHEV Quattro S Line S tronic,114900,PLN,Diesel,201027,2021,Automatyczna,NULL
Dacia,Dacia Sandero Stepway 1.0 TCe Comfort,49900,PLN,Benzyna,82752,2022,Manualna,1.0
Citroën,Citroën C3 1.2 PureTech Elle EAT6,52900,PLN,Benzyna,35343,2024,Automatyczna,1.2
Peugeot,Peugeot 408 1.2 PureTech mHEV GT Exclusive S&S e-DCS6,137900,PLN,Benzyna,3,2026,Automatyczna,1.2
BAIC,BAIC X7,95900,PLN,Benzyna,50,2023,Automatyczna,NULL
Citroën,Citroën Berlingo M 1.2 PureTech Feel S&S N1,74900,PLN,Benzyna,12500,2023,Manualna,1.2
Volkswagen,Volkswagen Arteon 2.0 TSI 4Motion Elegance DSG,117900,PLN,Benzyna,120714,2021,Automatyczna,2.0
Fiat,Fiat Tipo 1.4 16v Pop,29900,PLN,Benzyna,111000,2017,Manualna,1.4
Hyundai,Hyundai Sonata,4500,PLN,Diesel,370360,2007,Manualna,NULL
Audi,Audi Q7 50 TDI mHEV Quattro Tiptr,334909,PLN,Diesel,67000,2023,Automatyczna,NULL
Citroën,Citroën C4 Picasso 1.6 VTi Selection,31500,PLN,Benzyna,121000,2014,Manualna,1.6
Ford,Ford Scorpio,4300,PLN,Benzyna+LPG,202974,1997,Automatyczna,NULL
BMW,BMW X1 sDrive20d,27999,PLN,Diesel,227008,2009,Manualna,NULL
MINI,MINI John Cooper Works ALL4 Classic Trim sport,119900,PLN,Benzyna,53356,2022,Automatyczna,NULL
Volkswagen,Volkswagen Tiguan 1.5 eTSI Life Plus DSG,154910,PLN,Benzyna,10,2026,Automatyczna,1.5
Peugeot,Peugeot 2008,24800,PLN,Benzyna,95000,2016,Manualna,NULL
Volkswagen,Volkswagen Passat 2.0 FSI Highline,9900,PLN,Benzyna,311000,2006,Manualna,2.0
Audi,Audi A1 Sportback 1.0 TFSI ultra S tronic,36000,PLN,Benzyna,77000,2017,Automatyczna,1.0
Skoda,Skoda Superb 2.0 TSI L&K DSG,194700,PLN,Benzyna,7,2026,Automatyczna,2.0
BMW,BMW Seria 1 116i Sport Line,27990,PLN,Benzyna,163000,2012,Manualna,NULL
Cupra,Cupra Terramar,194900,PLN,Benzyna,4736,2025,Automatyczna,NULL
Cupra,Cupra Leon Sportstourer,163883,PLN,Benzyna,10,2026,Automatyczna,NULL
Cupra,Cupra Leon Sportstourer,155900,PLN,Benzyna,10,2026,Automatyczna,NULL
Cupra,Cupra Leon,139900,PLN,Benzyna,10,2026,Automatyczna,NULL
Cupra,Cupra Terramar,184900,PLN,Benzyna,10,2026,Automatyczna,NULL
Cupra,Cupra Formentor,173769,PLN,Benzyna,10,2026,Automatyczna,NULL
Cupra,Cupra Formentor,143900,PLN,Benzyna,10,2025,Automatyczna,NULL
Cupra,Cupra Formentor,146473,PLN,Benzyna,10,2026,Automatyczna,NULL
Cupra,Cupra Formentor,174500,PLN,Benzyna,10,2026,Automatyczna,NULL
Cupra,Cupra Formentor,159900,PLN,Benzyna,10,2026,Automatyczna,NULL
Opel,Opel Frontera 1.2 T mHEV GS eDTC6,104500,PLN,Benzyna,2,2026,Automatyczna,1.2
Ford,Ford Mondeo 1.5 EcoBoost Edition,36999,PLN,Benzyna,170841,2016,Manualna,1.5
Mazda,Mazda CX-3 SKYACTIV-G 121 FWD Selection,72999,PLN,Benzyna,56412,2021,Manualna,NULL
Ford,Ford S-Max 2.0 Trend,30000,PLN,Benzyna+LPG,217009,2010,Manualna,2.0
Opel,"Opel Vivaro L2H1 2,9t Edition Elegance",58000,PLN,Diesel,185000,2018,Manualna,NULL
Opel,Opel Mokka X 1.4 (ecoFLEX) ECOTEC Start/Stop Color Innovation,48999,PLN,Benzyna+LPG,112974,2017,Manualna,1.4
Mazda,Mazda CX-30 SKYACTIV-X 2.0 M-Hybrid SELECTION,83900,PLN,Benzyna,124990,2020,Automatyczna,2.0
Mazda,Mazda CX-30 SKYACTIV-G 2.0 M-Hybrid 150,67999,PLN,Benzyna,177220,2020,Automatyczna,2.0
Toyota,Toyota Land Cruiser KJ90 3.0 TD,45000,PLN,Diesel,466225,1997,Manualna,3.0
Fiat,Fiat 500X 1.3 FireFly Turbo DCT 4x2 S&S Cross,53700,PLN,Benzyna,119500,2019,Automatyczna,1.3
Opel,Opel Zafira 1.8 Cosmo,15000,PLN,Benzyna,200000,2011,Manualna,1.8
Volkswagen,Volkswagen Caravelle,29900,PLN,Diesel,315239,2003,Manualna,NULL
Ford,Ford S-Max 2.0 TDCi 4WD Titanium,48999,PLN,Diesel,250000,2016,Manualna,2.0
Audi,Audi Q5 2.0 TDI Quattro Sport S tronic,86600,PLN,Diesel,232500,2018,Automatyczna,2.0
Land Rover,Land Rover Range Rover Evoque 2.0 D200 mHEV Dynamic SE,199000,PLN,Diesel,13700,2025,Automatyczna,2.0
Peugeot,Peugeot 2008 PureTech 110 Stop&Start Crossway,37999,PLN,Benzyna,45024,2019,Manualna,NULL
BAIC,BAIC BJ30,178300,PLN,Hybryda,10,2026,Automatyczna,NULL
BAIC,BAIC 5,122200,PLN,Benzyna,10,2026,Automatyczna,NULL
BAIC,BAIC 3,74900,PLN,Benzyna,10,2026,Manualna,NULL
BAIC,BAIC 5,102800,PLN,Benzyna,10,2026,Automatyczna,NULL
Alfa Romeo,Alfa Romeo Giulia,75000,PLN,Benzyna,106900,2017,Automatyczna,NULL
BAIC,BAIC BJ60,276900,PLN,Benzyna,10,2025,Automatyczna,NULL
BAIC,BAIC 5,119300,PLN,Benzyna,10,2026,Automatyczna,NULL
BMW,BMW X1 xDrive18d Sport Line,62999,PLN,Diesel,192140,2017,Automatyczna,NULL
Ford,Ford Fiesta 1.0 EcoBoost STart-Stop Trend,19999,PLN,Benzyna,118052,2016,Manualna,1.0
Mercury,Mercury Marquis,19900,PLN,Benzyna+LPG,376500,2000,Automatyczna,NULL
Dodge,Dodge Charger,51499,PLN,Benzyna,196000,2015,Automatyczna,NULL
Nissan,Nissan Juke 1.6 Start/Stop Acenta,26500,PLN,Benzyna,206493,2014,Manualna,1.6
Porsche,Porsche Panamera 4S E-Hybrid PHEV,743800,PLN,Hybryda Plug-in,3000,2026,Automatyczna,NULL
Nissan,Nissan Qashqai 1.6 dCi Tekna S&S,39000,PLN,Diesel,196654,2015,Manualna,1.6
Audi,Audi Q3 45 TFSI Quattro S tronic,149000,PLN,Benzyna,43000,2022,Automatyczna,NULL
Toyota,Toyota Proace Verso,77899,PLN,Diesel,90353,2021,Manualna,NULL
Renault,Renault Captur ENERGY TCe 120 Experience,33900,PLN,Benzyna,146000,2016,Manualna,NULL
Opel,Opel Grandland X Plug-in-Hybrid4 1.6 DI Start/Stop Business Edition,73999,PLN,Hybryda Plug-in,64393,2020,Automatyczna,1.6
Hyundai,Hyundai Inster,114800,PLN,Elektryczny,13,2025,Automatyczna,NULL
Ford,Ford Kuga 2.0 TDCi 4x4 Titanium,24999,PLN,Diesel,216329,2009,Manualna,2.0
Opel,Opel Astra 2.0 DTI,2000,PLN,Diesel,258423,2002,Manualna,2.0
Skoda,Skoda Octavia 2.0 TDI Ambition DSG,69900,PLN,Diesel,142000,2022,Automatyczna,2.0
Volkswagen,Volkswagen Caddy,36900,PLN,Diesel,252000,2020,Manualna,NULL
Opel,Opel Astra 1.4 Turbo Dynamic,44900,PLN,Benzyna,139998,2019,Manualna,1.4
Citroën,Citroën C4 PureTech 130 Stop&Start MAX,59999,PLN,Benzyna,6148,2024,Manualna,NULL
Toyota,Toyota Corolla,102850,PLN,Hybryda,93456,2020,Automatyczna,NULL
Opel,Opel Astra 1.4 T EU6,42900,PLN,Benzyna,150000,2018,Manualna,1.4
Opel,Opel Astra,115500,PLN,Benzyna,1000,2026,Automatyczna,NULL
Citroën,Citroën C4 Aircross,9900,PLN,Diesel,292000,2012,Manualna,NULL
Seat,Seat Ateca 1.5 Eco TSI FR S&S,71900,PLN,Benzyna,106000,2021,Manualna,1.5
Volkswagen,Volkswagen Passat 2.0 TDI BMT Highline DSG7,66999,PLN,Diesel,179999,2019,Automatyczna,2.0
Land Rover,Land Rover Defender 4.4 P635 V8 mHEV Octa Black,979000,PLN,Benzyna,1000,2026,Automatyczna,4.4
Nissan,Nissan Pulsar 1.2 DIG-T Tekna,29900,PLN,Benzyna,62770,2015,Manualna,1.2
Forthing,Forthing S7 REEV,159900,PLN,Hybryda Plug-in,22,2026,Automatyczna,NULL
Citroën,Citroën C5 Aircross,48900,PLN,Benzyna,123500,2019,Manualna,NULL
Nissan,Nissan Qashqai 2.0 dCi 4x4 Tekna Premium,15900,PLN,Diesel,235000,2008,Manualna,2.0
Opel,Opel Insignia 2.0 CDTI 4x4 Elite S&S,46900,PLN,Diesel,185043,2019,Automatyczna,2.0
Chery,Chery Tiggo 8 1.5 T-GDI Super Hybrid Comfort DCT,136500,PLN,Hybryda Plug-in,7000,2025,Automatyczna,1.5
Peugeot,Peugeot Partner BlueHDi 120 Stop&Start Outdoor,36999,PLN,Diesel,194617,2017,Manualna,NULL
Mercedes-Benz,Mercedes-Benz Klasa C,51900,PLN,Diesel,215000,2015,Automatyczna,NULL
Audi,Audi A4 Avant 35 TFSI mHEV S tronic,99900,PLN,Benzyna,86000,2023,Automatyczna,NULL
Kia,Kia Niro 1.6 GDI Hybrid L,43665,PLN,Hybryda,316320,2019,Automatyczna,1.6
Volvo,Volvo V90 Cross Country D5 SCR AWD,87900,PLN,Diesel,258251,2016,Automatyczna,NULL
Hyundai,Hyundai i20 1.0 T-GDI Advantage+,35999,PLN,Benzyna,139985,2020,Manualna,1.0
BMW,BMW Seria 2 218d Sport Line,90000,PLN,Diesel,101000,2021,Automatyczna,NULL
Peugeot,Peugeot 508 1.6 PureTech GT S&S EAT8,81900,PLN,Benzyna,77500,2021,Automatyczna,1.6
Volkswagen,Volkswagen Arteon 1.5 TSI Elegance,91900,PLN,Benzyna,97000,2023,Manualna,1.5
Audi,Audi A6 Limousine,66000,PLN,Benzyna,176233,2015,Automatyczna,NULL
Opel,Opel Insignia 2.0 CDTI ecoFLEX Start/Stop,21500,PLN,Diesel,170859,2013,Manualna,2.0
Toyota,Toyota Camry,185850,PLN,Hybryda,9205,2024,Automatyczna,NULL
Citroën,Citroën C4 Picasso 1.6 THP Exclusive,32500,PLN,Benzyna,134558,2015,Manualna,1.6
Mercedes-Benz,Mercedes-Benz Klasa A 250 4-Matic AMG Line 7G-DCT,139900,PLN,Benzyna,57671,2023,Automatyczna,NULL
Mazda,Mazda 626,19500,PLN,Benzyna,161000,1988,Automatyczna,NULL
Mercedes-Benz,Mercedes-Benz GLC 200 mHEV 4-Matic Avantgarde,249900,PLN,Benzyna,4546,2025,Automatyczna,NULL
Audi,Audi A4 Limousine 2.0 TFSI Quattro Sport S tronic,25000,PLN,Benzyna,132000,2018,Automatyczna,2.0
BMW,BMW Seria 3 318i M Sport sport,119900,PLN,Benzyna,36641,2021,Automatyczna,NULL
Peugeot,Peugeot RCZ,30900,PLN,Benzyna,111000,2014,Manualna,NULL
Mercedes-Benz,Mercedes-Benz Klasa C 300 d mHEV Avantgarde,155000,PLN,Diesel,63024,2021,Automatyczna,NULL
Ford,Ford C-MAX 1.6 Titanium,11699,PLN,Benzyna,199000,2009,Manualna,1.6
Audi,Audi A3 Sportback,2900,PLN,Benzyna+LPG,280000,1997,Manualna,NULL
Chery,Chery Tiggo 9 1.5 T-GDI Super Hybrid Prestige 3DHT,185900,PLN,Hybryda Plug-in,5,2026,Automatyczna,1.5
Volkswagen,Volkswagen Tiguan 2.0 TSI OPF 4MOTION DSG R-Line,75900,PLN,Benzyna,6000,2025,Automatyczna,2.0
Audi,Audi S5 Sportback 3.0 TFSI Quattro Tiptronic,124000,PLN,Benzyna,62277,2018,Automatyczna,3.0
MG,MG HS 1.5T HEV+ Exclusive,129500,PLN,Hybryda,5,2026,Automatyczna,1.5
MG,MG MG3,92250,PLN,Hybryda,10,2026,Automatyczna,NULL
MG,MG HS PHEV 1.5T Excite,126900,PLN,Hybryda Plug-in,10,2024,Automatyczna,1.5
MG,MG S9,175055,PLN,Hybryda Plug-in,5,2026,Automatyczna,NULL
Mercedes-Benz,Mercedes-Benz W123,33900,PLN,Benzyna,287000,1981,Manualna,NULL
Opel,Opel Corsa 1.2 Edition S&S,38990,PLN,Benzyna,65000,2020,Manualna,1.2
Opel,Opel Mokka 1.7 CDTI ecoFLEX Start/Stop 4x4 Innovation,35900,PLN,Diesel,115000,2014,Manualna,1.7
Honda,Honda HR-V 1.5 i-VTEC CVT Elegance,49999,PLN,Benzyna,186000,2016,Automatyczna,1.5
Dacia,Dacia Duster 1.8 Full Hybrid 155 Journey MMT,106499,PLN,Hybryda,5,2026,Automatyczna,1.8
MG,MG HS 1.5 T-GDI Exclusive DCT,119900,PLN,Benzyna,8854,2025,Automatyczna,1.5
Fiat,Fiat Panda,13900,PLN,Benzyna,105000,2012,Manualna,NULL
Ford,Ford Tourneo Custom,224900,PLN,Diesel,11,2026,Automatyczna,NULL
Opel,Opel Insignia 1.8 Cosmo,19600,PLN,Benzyna,169000,2010,Manualna,1.8
Land Rover,Land Rover Range Rover Sport S 3.0 D HSE Dynamic Stealth,459000,PLN,Diesel,18500,2025,Automatyczna,3.0
Seat,Seat Leon 1.4 TSI Start&Stop FR,53900,PLN,Benzyna,137000,2018,Manualna,1.4
Nissan,Nissan Qashqai 2.0 dCi 4 x 4 DPF tekna,26970,PLN,Diesel,215000,2011,Automatyczna,2.0
Ford,Ford Mondeo,5700,PLN,Diesel,370120,2005,Manualna,NULL
BMW,BMW X1,227000,PLN,Diesel,5500,2024,Automatyczna,NULL
Opel,Opel Agila 1.2 Edition,11900,PLN,Benzyna,210591,2010,Manualna,1.2
Honda,Honda Civic 1.0 i-VTEC Turbo Comfort Sport Line,56900,PLN,Benzyna,85900,2019,Manualna,1.0
Audi,Audi A5 Sportback 2.0 TFSI S tronic,39900,PLN,Benzyna+LPG,170000,2020,Automatyczna,2.0
BMW,BMW Seria 1 118i M Sport,27500,PLN,Benzyna,150271,2013,Manualna,NULL
Volkswagen,Volkswagen Touran 1.5 TSI EVO Highline DSG,134000,PLN,Benzyna,45100,2023,Automatyczna,1.5
Cupra,Cupra Terramar 1.5 eTSI mHEV DSG,149900,PLN,Benzyna,26050,2025,Automatyczna,1.5
Fiat,Fiat Panda,2100,PLN,Benzyna,384500,2005,Manualna,NULL
Volkswagen,Volkswagen Passat 2.0 TDI BMT 4Mot Highline,38500,PLN,Diesel,369000,2015,Manualna,2.0
Dodge,"Dodge Durango 3,6 Citadel",159000,PLN,Benzyna,34889,2022,Automatyczna,NULL
Fiat,Fiat Scudo Panorama L2H1 Family,20800,PLN,Diesel,273000,2008,Manualna,NULL
Volvo,Volvo XC 40,108899,PLN,Benzyna,80851,2023,Automatyczna,NULL
Audi,Audi A3 Sportback 1.5 TFSI S tronic,96899,PLN,Benzyna,17395,2023,Automatyczna,1.5
Jeep,Jeep Cherokee 3.2 V6 Active Drive Lock Trailhawk,59500,PLN,Benzyna,158693,2015,Automatyczna,3.2
BMW,BMW Seria 1 125d,41500,PLN,Diesel,204000,2013,Automatyczna,NULL
Opel,Opel Grandland X 1.6 T PHEV 4x4 Elite,85700,PLN,Hybryda Plug-in,44000,2020,Automatyczna,1.6
Peugeot,Peugeot 508,31900,PLN,Diesel,235953,2016,Manualna,NULL
Kia,Kia Sportage 1.6 T-GDI L Business Line 2WD,70900,PLN,Benzyna+LPG,180000,2017,Manualna,1.6
Opel,Opel Astra 1.4 T Dynamic S&S,50000,PLN,Benzyna,116200,2019,Automatyczna,1.4
Hyundai,Hyundai Veloster,71900,PLN,Benzyna,51000,2019,Manualna,NULL
Citroën,Citroën C3 1.2 PureTech Feel,22800,PLN,Benzyna,119789,2017,Manualna,1.2
Dacia,Dacia Lodgy 1.6 SCe Stepway S&S,34000,PLN,Benzyna,87295,2018,Manualna,1.6
Citroën,Citroën C3 1.2 PureTech Feel,26500,PLN,Benzyna,68776,2017,Manualna,1.2
Skoda,Skoda Octavia 2.0 TDI Sportline DSG,44000,PLN,Diesel,170000,2022,Automatyczna,2.0
Audi,Audi S5 Coupé 3.0 TFSI Quattro S tronic,51000,PLN,Benzyna,242000,2013,Automatyczna,3.0
Audi,Audi S3 2.0 TFSI Quattro S tronic,59999,PLN,Benzyna,245000,2010,Automatyczna,2.0
Ford,Ford Fiesta 1.0 EcoBoost Hybrid S&S ACTIVE VIGNALE,42500,PLN,Benzyna,72912,2019,Manualna,1.0
Ford,Ford KA,9900,PLN,Benzyna,184620,2009,Manualna,NULL
Fiat,Fiat Tipo 1.0 T3 City Life,56900,PLN,Benzyna,56100,2022,Manualna,1.0
Opel,Opel Zafira 2.2 Diesel XL Business,177900,PLN,Diesel,5,2026,Automatyczna,2.2
Opel,Opel Mokka 1.4 T Enjoy S&S 4x4,32900,PLN,Benzyna,175353,2013,Manualna,1.4
Renault,Renault Scenic,19900,PLN,Benzyna,131361,2013,Manualna,NULL
Mazda,Mazda CX-7 2.2 CD Exclusive,11900,PLN,Diesel,324000,2010,Manualna,2.2
Toyota,Toyota Auris,35600,PLN,Benzyna,232405,2014,Automatyczna,NULL
Volkswagen,Volkswagen Polo 1.2 Team,15999,PLN,Benzyna,173000,2010,Manualna,1.2
Opel,Opel Astra 1.4 Turbo Cosmo,14800,PLN,Benzyna,240000,2010,Manualna,1.4
Renault,Renault Captur 1.3 TCe Intens EDC,60900,PLN,Benzyna,136000,2020,Automatyczna,1.3
Subaru,Subaru Forester,49500,PLN,Benzyna,225600,2014,Automatyczna,NULL
BMW,BMW X6,439500,PLN,Benzyna,2300,2024,Automatyczna,NULL
Mercedes-Benz,Mercedes-Benz GLE 400 d 4-Matic Executive,269000,PLN,Diesel,95000,2019,Automatyczna,NULL
Audi,Audi A5 Sportback 2.0 TFSI,19700,PLN,Benzyna,260000,2011,Manualna,2.0
Fiat,Fiat Bravo 1.4 T-JET 16V Dynamic Euro5,14500,PLN,Benzyna+LPG,139300,2010,Manualna,1.4
Ford,Ford Focus 2.0 TDCi Trend MPS6,8000,PLN,Diesel,450000,2013,Automatyczna,2.0
Seat,Seat Alhambra 2.0 TDI FR-Line DSG,79500,PLN,Diesel,194000,2020,Automatyczna,2.0
Audi,Audi A4 Avant,66999,PLN,Benzyna,237000,2016,Manualna,NULL
Volkswagen,Volkswagen Passat,52000,PLN,Diesel,228000,2017,Automatyczna,NULL
Ford,Ford Kuga 1.5 EcoBoost FWD Trend ASS GPF,51600,PLN,Benzyna,59500,2018,Manualna,1.5
Opel,Opel Zafira Tourer 1.4 Turbo ecoFLEX Start/Stop Selection,22900,PLN,Benzyna,189106,2013,Manualna,1.4
Toyota,Toyota Avensis 1.8 Sol plus NAVI MS,26800,PLN,Benzyna,236253,2011,Automatyczna,1.8
BMW,BMW X3,304900,PLN,Diesel,9315,2025,Automatyczna,NULL
Kia,Kia Ceed 1.6 GDI L Business Line,33900,PLN,Benzyna,151000,2014,Manualna,1.6
Mazda,Mazda CX-3 SKYACTIV-G 150 i-ELOOP AWD m Technik Packet KANGEI,57999,PLN,Benzyna,179000,2015,Manualna,NULL
Renault,Renault Clio,35900,PLN,Benzyna,71424,2019,Manualna,NULL
Seat,Seat Ateca,109900,PLN,Benzyna,17138,2022,Automatyczna,NULL
BMW,BMW Seria 3 320d Sport Line,68000,PLN,Diesel,171000,2016,Automatyczna,NULL
Audi,Audi A3 Cabrio 1.8 TFSI Attraction,17500,PLN,Benzyna,166000,2009,Manualna,1.8
Ford,Ford Focus 1.8 TDCi FX,5000,PLN,Diesel,196402,2002,Manualna,1.8
Kia,Kia Rio 1.1 crdi M,14500,PLN,Diesel,283000,2012,Manualna,1.1
Volkswagen,Volkswagen Passat 1.9 TDI Highline,2400,PLN,Diesel,263670,2003,Manualna,1.9
Renault,Renault Kadjar Energy TCe 165 Bose Edition,61900,PLN,Benzyna,105710,2017,Manualna,NULL
Opel,Opel Astra 1.5 CDTI Ultimate S&S,96900,PLN,Diesel,28762,2024,Automatyczna,1.5
Volkswagen,Volkswagen Touran,56000,PLN,Diesel,258920,2018,Automatyczna,NULL
Opel,Opel Astra 1.4 Turbo Cosmo,23800,PLN,Benzyna,215214,2014,Manualna,1.4
Renault,Renault Clio 1.5 dCi Energy Dynamique,13500,PLN,Diesel,285000,2013,Manualna,1.5
Nissan,Nissan 370 Z 3.7 V6,75000,PLN,Benzyna,315000,2009,Manualna,3.7
Toyota,Toyota Prius 1.8 HSD Active,40000,PLN,Benzyna+LPG,165000,2015,Automatyczna,1.8
Land Rover,Land Rover Range Rover 4.4SD V8 AB,99000,PLN,Diesel,211000,2014,Automatyczna,4.4
Kia,Kia XCeed,89998,PLN,Benzyna,29257,2025,Automatyczna,NULL
Toyota,Toyota Urban Cruiser,14000,PLN,Benzyna,264465,2009,Manualna,NULL
Renault,Renault Kadjar,62900,PLN,Benzyna,100024,2020,Automatyczna,NULL
Kia,Kia Picanto,57500,PLN,Benzyna,16435,2022,Manualna,NULL
Skoda,Skoda Kamiq 1.0 TSI Drive DSG,108500,PLN,Benzyna,5,2026,Automatyczna,1.0
Mercedes-Benz,Mercedes-Benz GLE 300 d 4-Matic,289900,PLN,Diesel,105500,2022,Automatyczna,NULL
BMW,BMW Inny,79999,PLN,Benzyna,118000,2018,Automatyczna,NULL
Ford,Ford Tourneo Connect,89900,PLN,Diesel,153267,2023,Automatyczna,NULL
BMW,BMW X1,63200,PLN,Diesel,230000,2016,Automatyczna,NULL
BMW,BMW 6GT,98999,PLN,Diesel,257279,2018,Automatyczna,NULL
BMW,BMW X1 sDrive18d xLine,199900,PLN,Diesel,7500,2025,Automatyczna,NULL
Opel,Opel Astra 1.4 T Active EU6,23900,PLN,Benzyna,166485,2013,Manualna,1.4
Opel,Opel Astra 1.4 Turbo Sport,15800,PLN,Benzyna,169000,2010,Manualna,1.4
Nissan,Nissan Qashqai 1.2 DIG-T Visia EU6,39999,PLN,Benzyna,177324,2018,Manualna,1.2
Renault,Renault Megane,10500,PLN,Benzyna,228000,2011,Manualna,NULL
Maserati,Maserati GranTurismo S,135300,PLN,Benzyna,167737,2010,Automatyczna,NULL
Skoda,Skoda Octavia Scout 2.0 TDI 4x4 DSG,31000,PLN,Diesel,284000,2015,Automatyczna,2.0
Citroën,Citroën C4 Picasso PureTech 130 Stop&Start SHINE,28900,PLN,Benzyna,197000,2017,Manualna,NULL
Renault,Renault Laguna 2.0 dCi Bose Edition,19499,PLN,Diesel,315000,2015,Manualna,2.0
Kia,Kia Sportage,71899,PLN,Benzyna,42017,2021,Automatyczna,NULL
Ford,Ford Mondeo 2.0 TDCi Bi-Turbo PowerShift-Aut Vignale,41777,PLN,Diesel,223000,2016,Automatyczna,2.0
BMW,BMW X5 xDrive40d Sport-Aut,79777,PLN,Diesel,198000,2016,Automatyczna,NULL
Seat,Seat Alhambra 2.0 TDI DPF Reference,13800,PLN,Diesel,280000,2010,Manualna,2.0
Mercedes-Benz,Mercedes-Benz Klasa E,289899,PLN,Hybryda,5873,2025,Automatyczna,NULL
Volkswagen,Volkswagen Passat Variant 2.0 TSI Business DSG,83899,PLN,Benzyna,67327,2021,Automatyczna,2.0
Volvo,Volvo XC 90,234899,PLN,Hybryda,67604,2023,Automatyczna,NULL
Kia,Kia Sportage 1.7 CRDI Business Line M 2WD,43900,PLN,Diesel,128100,2015,Manualna,1.7
Toyota,Toyota ProAce D-4D Long Active (bryg.),98900,PLN,Diesel,98683,2023,Manualna,NULL
Opel,Opel Corsa 1.2 S&S,59900,PLN,Benzyna,24287,2024,Manualna,1.2
Opel,Opel Meriva 1.4 Color Edition,20900,PLN,Benzyna,132000,2011,Manualna,1.4
Audi,Audi Q3 2.0 TFSI Quattro S tronic,54900,PLN,Benzyna,125380,2013,Automatyczna,2.0
Lexus,Lexus RX 450h Elegance MY19,139900,PLN,Hybryda,92303,2016,Automatyczna,NULL
Renault,Renault Wind,18950,PLN,Benzyna,130734,2011,Manualna,NULL
Volkswagen,Volkswagen Golf,47700,PLN,Diesel,63737,2017,Automatyczna,NULL
Nissan,Nissan Pulsar 1.2 DIG-T Acenta,34900,PLN,Benzyna,130420,2014,Manualna,1.2
Nissan,Nissan Leaf 30 kWh (mit Batterie) Tekna,33900,PLN,Elektryczny,86200,2017,Automatyczna,NULL
BMW,BMW Seria 3 320i Advantage,89900,PLN,Benzyna,131450,2019,Automatyczna,NULL
Hyundai,Hyundai ix35 1.6 2WD Fifa World Cup Edition,41900,PLN,Benzyna,156000,2014,Manualna,1.6
Mercedes-Benz,Mercedes-Benz CLA,75000,PLN,Benzyna,113000,2018,Automatyczna,NULL
Ford,Ford Focus,21700,PLN,Benzyna,134177,2014,Manualna,NULL
BMW,BMW Seria 5,114500,PLN,Diesel,168000,2018,Automatyczna,NULL
Renault,Renault Trafic,89999,PLN,Diesel,64000,2024,Manualna,NULL
Land Rover,Land Rover Range Rover Evoque,55800,PLN,Diesel,148000,2017,Manualna,NULL
Cupra,Cupra Formentor,67900,PLN,Hybryda Plug-in,62000,2022,Automatyczna,NULL
Peugeot,Peugeot 5008 2.0 BlueHDI GT S&S EAT6,69900,PLN,Diesel,177290,2017,Automatyczna,2.0
Porsche,Porsche Macan S,229900,PLN,Benzyna,41460,2021,Automatyczna,NULL
Renault,Renault Clio 1.0 TCe Techno,34500,PLN,Benzyna+LPG,67482,2022,Manualna,1.0
Renault,Renault Scenic 1.6 16V 110 Dynamique,26500,PLN,Benzyna,159900,2012,Manualna,1.6
Volkswagen,Volkswagen Polo,92900,PLN,Benzyna,81207,2022,Automatyczna,NULL
Volvo,Volvo XC 60 D4 Drive-E Summum,84900,PLN,Diesel,120500,2017,Automatyczna,NULL
Ford,Ford Tourneo Connect,69999,PLN,Diesel,18000,2025,Automatyczna,NULL
Mercedes-Benz,Mercedes-Benz 280,18000,PLN,Benzyna,78000,1969,Manualna,NULL
Renault,Renault Captur ENERGY dCi 90 EDC Experience,35900,PLN,Diesel,108470,2015,Automatyczna,NULL
Audi,Audi Q5 50 TFSIe quattro S tronic S line,124900,PLN,Hybryda Plug-in,147000,2023,Automatyczna,NULL
Peugeot,Peugeot 3008 2.0 BlueHDi GT S&S EAT8,74990,PLN,Diesel,140000,2018,Automatyczna,2.0
BMW,BMW Seria 5,90000,PLN,Diesel,220,2017,Automatyczna,NULL
Opel,Opel Corsa 1.2 T Yes S&S,79900,PLN,Benzyna,5,2026,Manualna,1.2
Mercedes-Benz,Mercedes-Benz GLA 200 Style,134900,PLN,Benzyna,8980,2023,Automatyczna,NULL
Jeep,Jeep Avenger 54kWh Altitude,114900,PLN,Elektryczny,17950,2024,Automatyczna,NULL
Fiat,Fiat Tipo 1.4 T-Jet Lounge,35900,PLN,Benzyna,152300,2017,Manualna,1.4
Renault,Renault Captur (ENERGY) TCe 90 INTENS,29900,PLN,Benzyna,133927,2016,Manualna,NULL
Volkswagen,Volkswagen Passat Variant,89899,PLN,Diesel,72974,2023,Automatyczna,NULL
Volkswagen,Volkswagen Tiguan 2.0 TSI 4Motion Automatik Track & Field,24500,PLN,Benzyna,156000,2012,Automatyczna,2.0
Gaz,Gaz Inny ver-1500-2107-,25900,PLN,Benzyna,26895,1989,Manualna,NULL
Suzuki,Suzuki SX4 1.6 VVT 4x4 Comfort,19900,PLN,Benzyna,174640,2007,Manualna,1.6
Volkswagen,Volkswagen Arteon 2.0 TSI 4Motion R DSG,159900,PLN,Benzyna,79531,2022,Automatyczna,2.0
BMW,BMW X3,58600,PLN,Benzyna,149000,2017,Automatyczna,NULL
Honda,Honda HR-V 1.5 i-MMD Advance Style BSI CVT,144900,PLN,Hybryda,10,2026,Automatyczna,1.5
Skoda,Skoda Kodiaq 2.0 TDI 4x4 L&K DSG,142900,PLN,Diesel,91462,2022,Automatyczna,2.0
Nissan,Nissan X-Trail,225000,PLN,Hybryda,1,2026,Automatyczna,NULL
Kia,Kia Ceed 1.0 T-GDI M,53890,PLN,Benzyna,119256,2022,Manualna,1.0
Honda,Honda CR-V 2.0 Lifestyle,62000,PLN,Benzyna,140000,2013,Manualna,2.0
Toyota,Toyota Corolla 1.8 Hybrid GPF GR Sport,119900,PLN,Hybryda,29320,2025,Automatyczna,1.8
Renault,Renault 5,45300,PLN,Diesel,45530,2023,Manualna,NULL
Opel,Opel Adam 1.0 T SIDI Jam S&S,29900,PLN,Benzyna,122220,2015,Manualna,1.0
Kia,Kia XCeed 1.5 T-GDI M,89900,PLN,Benzyna,11695,2024,Manualna,1.5
Renault,Renault Clio 1.2 16V Limited Plus,26000,PLN,Benzyna,160000,2017,Manualna,1.2
Opel,Opel Mokka,32900,PLN,Benzyna,85703,2016,Automatyczna,NULL
Honda,Honda Civic 1.0 i-VTEC Turbo Elegance,45900,PLN,Benzyna,166600,2017,Manualna,1.0
Renault,Renault Talisman BLUE dCi 160 EDC LIMITED,64900,PLN,Diesel,98830,2019,Automatyczna,NULL
Citroën,Citroën C4 Aircross 1.6 Stop & Start 2WD Selection,22500,PLN,Benzyna,118000,2012,Manualna,1.6
Toyota,Toyota Yaris 1.33 Trend,34700,PLN,Benzyna,93210,2017,Manualna,1.3
Seat,Seat Alhambra 2.0 TDI Start & Stop DSG Connect,78900,PLN,Diesel,195059,2016,Automatyczna,2.0
Volkswagen,Volkswagen Golf,52900,PLN,Benzyna,55000,2023,Manualna,NULL
Citroën,Citroën C3,28900,PLN,Benzyna,91468,2020,Manualna,NULL
Citroën,Citroën C4,53900,PLN,Benzyna,86160,2021,Manualna,NULL
Ford,Ford Kuga 2.0 TDCi 4x4 Titanium,49900,PLN,Diesel,139800,2015,Manualna,2.0
Volkswagen,Volkswagen Golf,196900,PLN,Benzyna,1,2026,Automatyczna,NULL
Renault,Renault Arkana TCe 140 EDC ZEN,29500,PLN,Benzyna,72000,2022,Automatyczna,NULL
BMW,BMW Seria 2,36900,PLN,Diesel,212000,2018,Manualna,NULL
Citroën,Citroën C5 Aircross 1.6 PHEV 180 Feel EAT8,79500,PLN,Hybryda Plug-in,55370,2022,Automatyczna,1.6
Volkswagen,Volkswagen Golf Alltrack 1.8 TSI 4Motion (BMT) DSG,47900,PLN,Benzyna,200267,2017,Automatyczna,1.8
Toyota,Toyota Avensis,42900,PLN,Diesel,150000,2017,Manualna,NULL
Mercedes-Benz,Mercedes-Benz Klasa G AMG 63,720000,PLN,Benzyna,105000,2018,Automatyczna,NULL
Honda,Honda ZR-V 2.0 i-MMD HEV Sport BSI/CTM 2WD CVT,163900,PLN,Hybryda,5,2026,Automatyczna,2.0
Opel,Opel Mokka 1.2 T Edition S&S,69900,PLN,Benzyna,54000,2023,Automatyczna,1.2
Audi,Audi A4 Limousine 35 TFSI mHEV S Line S tronic,119900,PLN,Benzyna,48806,2023,Automatyczna,NULL
Volkswagen,Volkswagen Golf,41900,PLN,Diesel,137709,2018,Automatyczna,NULL
Opel,Opel Mokka X 1.4 Automatik Edition,54900,PLN,Benzyna,95440,2016,Automatyczna,1.4
Volkswagen,Volkswagen Tiguan Allspace,81900,PLN,Diesel,116000,2021,Automatyczna,NULL
Renault,Renault Megane 1.6 16V 110 Paris,25500,PLN,Benzyna,151643,2015,Manualna,1.6
Peugeot,Peugeot 307 1.4 Trendy,7900,PLN,Benzyna,99000,2006,Manualna,1.4
Audi,Audi A5 Coupé 1.8 TFSI,38500,PLN,Benzyna,196000,2012,Manualna,1.8
Volkswagen,Volkswagen Tiguan Allspace 2.0 TDI 4Mot SCR Comfortline DSG,78000,PLN,Diesel,137000,2019,Automatyczna,2.0
Volvo,Volvo XC 90,391900,PLN,Hybryda Plug-in,7,2026,Automatyczna,NULL
Renault,Renault Symbioz,70000,PLN,Hybryda,46000,2025,Automatyczna,NULL
Toyota,Toyota Yaris Hybrid 100 Premium,35900,PLN,Hybryda,129290,2014,Automatyczna,NULL
Mercedes-Benz,Mercedes-Benz Klasa A 250 e PHEV Progressive 8G-DCT,109900,PLN,Hybryda Plug-in,25050,2021,Automatyczna,NULL
Daewoo,Daewoo Tico 800 SX,3000,PLN,Benzyna,85630,1999,Manualna,NULL
Audi,Audi A6 Avant 3.0 TDI Quattro S tronic,69900,PLN,Diesel,213860,2015,Automatyczna,3.0
Volvo,Volvo XC 60,221000,PLN,Benzyna,7,2026,Automatyczna,NULL
Volkswagen,Volkswagen Golf 1.0 eTSI OPF DSG Active,42900,PLN,Benzyna,138000,2023,Automatyczna,1.0
Volkswagen,Volkswagen Touran 2.0 TDI Highline,26500,PLN,Diesel,249000,2012,Manualna,2.0
Ford,Ford Kuga,53900,PLN,Diesel,190600,2020,Manualna,NULL
Audi,Audi Q8 TDI mHEV 210 kW Quattro Tiptronic,169900,PLN,Diesel,179300,2018,Automatyczna,NULL
Volvo,Volvo V40 D3 Geartronic RDesign,44900,PLN,Diesel,195000,2016,Automatyczna,NULL
Mercedes-Benz,Mercedes-Benz Klasa V 220 d 9G-Tronic (d³ugi),189900,PLN,Diesel,44500,2022,Automatyczna,NULL
Citroën,Citroën C5 Aircross 1.2 mHEV Max eDCT6,89900,PLN,Benzyna,34000,2024,Automatyczna,1.2
Fiat,Fiat Panda 1.2 Classic,11950,PLN,Benzyna,126900,2012,Manualna,1.2
Jeep,Jeep Avenger Longitude,108800,PLN,Elektryczny,26644,2024,Automatyczna,NULL
Fiat,Fiat Freemont,42900,PLN,Diesel,139312,2015,Automatyczna,NULL
Alfa Romeo,Alfa Romeo Mito 1.3 JTDM,23900,PLN,Diesel,198362,2018,Manualna,1.3
Hyundai,Hyundai IONIQ,199900,PLN,Elektryczny,5900,2025,Automatyczna,NULL
Audi,Audi A5 Avant,179900,PLN,Diesel,36127,2024,Automatyczna,NULL
Volvo,Volvo V60,89900,PLN,Diesel,146000,2021,Automatyczna,NULL
Lexus,Lexus RX 450h+ F Sport Design,316900,PLN,Hybryda Plug-in,6867,2024,Automatyczna,NULL
Peugeot,Peugeot 308 1.2 PureTech GPF Active Pack Business S&S,23900,PLN,Benzyna,138000,2016,Manualna,1.2
Volvo,Volvo XC 60 D3 Geartronic Ocean Race,57900,PLN,Diesel,162530,2015,Automatyczna,NULL
Suzuki,Suzuki SX4 S-Cross,105900,PLN,Benzyna,1,2026,Manualna,NULL
Audi,Audi Q3 Sportback 35 TFSI mHEV S tronic,184900,PLN,Benzyna,10,2026,Automatyczna,NULL
Opel,Opel Mokka 1.6 CDTI Enjoy S&S,29900,PLN,Diesel,142000,2015,Manualna,1.6
Mercedes-Benz,Mercedes-Benz CLS 350 (BlueTEC) d,114900,PLN,Diesel,122070,2017,Automatyczna,NULL
Hyundai,Hyundai i30,33900,PLN,Benzyna,160000,2016,Automatyczna,NULL
Fiat,Fiat 500 1.0 GSE Hybrid Dolcevita,28900,PLN,Benzyna,19609,2022,Manualna,1.0
Alfa Romeo,Alfa Romeo Stelvio,484500,PLN,Benzyna,1,2025,Automatyczna,NULL
Audi,Audi A3 Sportback 1.8 TFSI quattro S tronic S line Sportpaket,62900,PLN,Benzyna,63200,2015,Automatyczna,1.8
Opel,Opel Insignia 1.6 ECOTEC DI Turbo Innovation,34900,PLN,Benzyna,194460,2014,Automatyczna,1.6
Ford,Ford Mondeo 1.5 EcoBoost Gold Edition,36800,PLN,Benzyna,103000,2017,Manualna,1.5
Volkswagen,Volkswagen Fox 1.2 Style,11900,PLN,Benzyna,212844,2012,Manualna,1.2
Seat,Seat Arona,71500,PLN,Benzyna,77400,2022,Manualna,NULL
Audi,Audi Q7,123000,PLN,Hybryda Plug-in,163000,2018,Automatyczna,NULL
Dodge,Dodge Durango,279000,PLN,Benzyna+LPG,69000,2024,Automatyczna,NULL
Hyundai,Hyundai Tucson,41900,PLN,Benzyna,170200,2015,Manualna,NULL
Fiat,Fiat Tipo 1.4 T-Jet 16v Lounge,41900,PLN,Benzyna+LPG,137400,2019,Manualna,1.4
Land Rover,Land Rover Range Rover,344000,PLN,Diesel,43400,2020,Automatyczna,NULL
Ford,Ford C-MAX 1.6 TDCi Titanium,19500,PLN,Diesel,178000,2011,Manualna,1.6
Opel,Opel Mokka 1.6 Enjoy S&S,44500,PLN,Benzyna,88351,2017,Manualna,1.6
Opel,Opel Vivaro,9200,PLN,Diesel,1,2002,Manualna,NULL
Mercedes-Benz,Mercedes-Benz Klasa S 350 d mHEV L 4-Matic 9G-TRONIC,410000,PLN,Diesel,98000,2024,Automatyczna,NULL
Opel,Opel Astra 1.4 Turbo Exklusiv,29900,PLN,Benzyna,105624,2015,Manualna,1.4
Kia,Kia Ceed,27500,PLN,Diesel,285,2014,Manualna,NULL
Volkswagen,Volkswagen Beetle The 1.2 TSI Design,34900,PLN,Benzyna,184000,2012,Manualna,1.2
Seat,Seat Leon,45999,PLN,Benzyna,149000,2019,Manualna,NULL
Volvo,Volvo S60,161900,PLN,Benzyna,62664,2023,Automatyczna,NULL
Nissan,Nissan X-Trail 2.0 dCi 4x4 DPF XE,20300,PLN,Diesel,162000,2014,Manualna,2.0
Nissan,Nissan Micra 1.2 Visia AC/CD,9999,PLN,Benzyna,88000,2010,Manualna,1.2
Suzuki,Suzuki Ignis 1.2 SHVS Premium Plus CVT,58900,PLN,Benzyna,53000,2021,Automatyczna,1.2
Jeep,Jeep Cherokee,58900,PLN,Benzyna,145180,2017,Automatyczna,NULL
Toyota,Toyota Auris 1.6 Premium,47500,PLN,Benzyna+LPG,120300,2016,Manualna,1.6
Volkswagen,Volkswagen Golf,193520,PLN,Benzyna,10,2026,Automatyczna,NULL
Dacia,Dacia Sandero 0.9 TCe Laureate S&S EU6,5900,PLN,Benzyna,109000,2019,Manualna,0.9
Suzuki,Suzuki SX4 Classic 1.6 VVT 4x4 Comfort,25900,PLN,Benzyna,144000,2012,Manualna,1.6
Jeep,Jeep Renegade,36900,PLN,Benzyna,169992,2018,Manualna,NULL
Jeep,Jeep Renegade 1.6 E-TorQ Sport FWD,48700,PLN,Benzyna+LPG,155000,2017,Manualna,1.6
Mercedes-Benz,Mercedes-Benz SL 55 AMG Automatik,149900,PLN,Benzyna,98704,2005,Automatyczna,NULL
Kia,Kia Picanto 1.0 L,11000,PLN,Benzyna,108530,2011,Manualna,1.0
Fiat,Fiat Freemont 2.0 Multijet Lounge AWD,20910,PLN,Diesel,231071,2013,Automatyczna,2.0
Toyota,Toyota Auris 1.4 D-4D Active,30000,PLN,Diesel,160924,2014,Manualna,1.4
Audi,Audi Q3 Sportback 35 TFSI mHEV S tronic,129900,PLN,Benzyna,66717,2024,Automatyczna,NULL
Citroën,Citroën C3 Pure Tech 110 S&S SHINE,12900,PLN,Benzyna,85772,2017,Manualna,NULL
Peugeot,Peugeot 2008,53000,PLN,Diesel,91000,2020,Manualna,NULL
Seat,Seat Ibiza 1.4 Style,18900,PLN,Benzyna,149000,2014,Manualna,1.4
Renault,Renault Captur 0.9 Energy TCe Intens,27900,PLN,Benzyna,170000,2014,Manualna,0.9
Opel,Opel Astra 1.4 Active,19500,PLN,Benzyna,158500,2013,Manualna,1.4
Volkswagen,Volkswagen Transporter L1H1 DSG,75000,PLN,Diesel,141000,2020,Automatyczna,NULL
Volkswagen,Volkswagen Golf 1.4 TSI (BlueMotion Technology) Highline,22900,PLN,Benzyna,172000,2017,Manualna,1.4
Lexus,Lexus NX 450h+ Prestige AWD,243900,PLN,Hybryda Plug-in,30654,2024,Automatyczna,NULL
Ford,Ford Mondeo 2.0 EcoBlue ST-Line,59900,PLN,Diesel,251130,2019,Automatyczna,2.0
BYD,BYD Seal 6,129900,PLN,Hybryda Plug-in,4273,2025,Automatyczna,NULL
Renault,Renault Clio TCe 90 Dynamique,24900,PLN,Benzyna,144700,2015,Manualna,NULL
Audi,Audi S5 Cabrio S tronic,55900,PLN,Benzyna,153400,2009,Automatyczna,NULL
Nissan,Nissan Leaf 62 kWh e+ Tekna,21500,PLN,Elektryczny,373000,2020,Automatyczna,NULL
Skoda,Skoda Citigo,20500,PLN,Benzyna,176817,2019,Manualna,NULL
Porsche,Porsche Cayenne Diesel Platinum Edition,112900,PLN,Diesel,237940,2015,Automatyczna,NULL
Opel,Opel Insignia 2.0 CDTI Elegance S&S,76900,PLN,Diesel,77000,2022,Automatyczna,2.0
Fiat,Fiat Grande Punto Actual 1.4 8V Estiva Blue&Me,7000,PLN,Benzyna,155000,2009,Manualna,1.4
Suzuki,Suzuki Vitara,94900,PLN,Benzyna,1,2026,Manualna,NULL
Volvo,Volvo V60 D3 Geartronic R-Design,84999,PLN,Diesel,123000,2020,Automatyczna,NULL
Suzuki,Suzuki SX4 S-Cross 1.4 Boosterjet Allgrip Comfort+,49899,PLN,Benzyna,150500,2017,Manualna,1.4
Mitsubishi,Mitsubishi Lancer 1.6 ClearTec,23900,PLN,Benzyna,195972,2012,Manualna,1.6
Opel,Opel Corsa 1.2 Edition S&S,35999,PLN,Benzyna,102000,2023,Manualna,1.2
Ford,Ford Focus 1.0 EcoBoost Hybrid ST-LINE X,43900,PLN,Benzyna,35601,2025,Manualna,1.0
Renault,Renault Megane 1.6 dCi GT EDC,55500,PLN,Diesel,116921,2017,Automatyczna,1.6
Volvo,Volvo XC 60 D4 AWD R-Design,109900,PLN,Diesel,191415,2019,Automatyczna,NULL
Volvo,Volvo XC 90,99901,PLN,Hybryda Plug-in,223980,2016,Automatyczna,NULL
Renault,Renault Austral 1.2 E-Tech Full Hybrid 200 Techno MMT,129900,PLN,Hybryda,20005,2025,Automatyczna,1.2
Mazda,Mazda 2 1.5 Skymotion,37999,PLN,Benzyna,82979,2018,Manualna,1.5
Seat,Seat Leon 2.0 TDI DPF Start&Stop DSG FR,40400,PLN,Diesel,158432,2014,Automatyczna,2.0
Cupra,Cupra Ateca 1.5 TSI DSG,121890,PLN,Benzyna,15595,2024,Automatyczna,1.5
Volkswagen,Volkswagen Golf 1.5 eTSI mHEV R-Line Plus DSG,146570,PLN,Benzyna,1,2026,Automatyczna,1.5
Peugeot,Peugeot 3008 1.6 PureTech HYbrid GT S&S EAT8,79900,PLN,Hybryda Plug-in,180997,2022,Automatyczna,1.6
Toyota,Toyota Corolla 1.5 Active,55900,PLN,Benzyna,117000,2022,Manualna,1.5
Mercedes-Benz,Mercedes-Benz Klasa B 250 AMG Line 7G-DCT,89900,PLN,Benzyna,94370,2019,Automatyczna,NULL
Ford,Ford Edge,79800,PLN,Benzyna,80200,2019,Automatyczna,NULL
Renault,Renault Captur,71800,PLN,Benzyna,83000,2023,Manualna,NULL
Opel,Opel Mokka X 1.4 ECOFLEX Start/Stop 4x4 Active,39900,PLN,Benzyna,170122,2016,Manualna,1.4
Lexus,Lexus NX 300h F Impression AWD,154900,PLN,Hybryda,38800,2021,Automatyczna,NULL
Skoda,Skoda Kodiaq,66990,PLN,Benzyna,250000,2017,Automatyczna,NULL
Suzuki,Suzuki Vitara,116900,PLN,Benzyna,1950,2026,Automatyczna,NULL
Audi,Audi A3 Sportback 1.5 TFSI cylinder on demand sport,50999,PLN,Benzyna,170000,2017,Manualna,1.5
Renault,Renault Megane ENERGY TCe 130 INTENS,42900,PLN,Benzyna,137550,2018,Manualna,NULL
Citroën,Citroën C3 Pure Tech 110 S&S EAT6 SHINE,39900,PLN,Benzyna,56000,2022,Automatyczna,NULL
Renault,Renault Clio,24900,PLN,Diesel,133047,2019,Manualna,NULL
Volvo,Volvo V40 T3 Kinetic,34900,PLN,Benzyna,159000,2013,Manualna,NULL
Suzuki,Suzuki SX4 S-Cross 1.6 DDiS TCSS 4x4 Comfort+,34500,PLN,Diesel,179000,2015,Automatyczna,1.6
Renault,Renault Captur 0.9 Energy TCe XMOD,34900,PLN,Benzyna,184000,2016,Manualna,0.9
Land Rover,Land Rover Defender 3.0 P400 mHEV First Edition,275000,PLN,Benzyna,162963,2020,Automatyczna,3.0
Ford,Ford Mondeo 2.0 TDCi STart-Stopp PowerShift-Aut Titanium,36900,PLN,Diesel,219940,2016,Automatyczna,2.0
Renault,Renault Espace BLUE dCi 160 EDC LIFE,89900,PLN,Diesel,157500,2021,Automatyczna,NULL
Skoda,Skoda Superb,65900,PLN,Diesel,209100,2020,Automatyczna,NULL
Nissan,Nissan Qashqai 1.2 DIG-T Acenta,46900,PLN,Benzyna,68820,2015,Manualna,1.2
Fiat,Fiat 500 1.2 8V Lounge,25900,PLN,Benzyna,170060,2014,Manualna,1.2
Hyundai,Hyundai i30 1.6 CRDi Classic,10500,PLN,Diesel,152594,2011,Manualna,1.6
Fiat,Fiat Panda 1.1 Active dla kobiet,4999,PLN,Benzyna,110000,2005,Manualna,1.1
Mazda,Mazda CX-5 2.5 e-SKYACTIV G Homura 4x4,185040,PLN,Benzyna,1,2026,Automatyczna,2.5
Mercedes-Benz,Mercedes-Benz Klasa A 180 AMG Line 7G-DCT,119900,PLN,Benzyna,27844,2023,Automatyczna,NULL
BMW,BMW X3 xDrive30e PHEV,254900,PLN,Hybryda Plug-in,17331,2025,Automatyczna,NULL
Suzuki,Suzuki Vitara 1.6 DDiS (4x4) Allgrip TCSS Comfort+,36499,PLN,Diesel,168050,2016,Automatyczna,1.6
BMW,BMW Seria 3,14900,PLN,Diesel,196677,2004,Automatyczna,NULL
Renault,Renault Megane 1.9 dCi Dynamique,3800,PLN,Diesel,213024,2007,Manualna,1.9
Renault,Renault Clio 1.5 dCi Limited,19900,PLN,Diesel,153300,2013,Manualna,1.5
Dodge,Dodge Charger 6.4 Scat Pack Widebody,220000,PLN,Benzyna,17364,2023,Automatyczna,6.4
Volkswagen,Volkswagen Caravelle 2.0 TDI L2 Comfortline,83500,PLN,Diesel,180000,2017,Manualna,2.0
Jaguar,Jaguar XE 2.0 T Prestige,57800,PLN,Benzyna,145276,2015,Automatyczna,2.0
Lancia,Lancia Thesis,24900,PLN,Benzyna+LPG,249000,2006,Automatyczna,NULL
Volvo,Volvo V60 B3 B DKG Core,76800,PLN,Benzyna,145000,2022,Automatyczna,NULL
Opel,Opel Corsa,29900,PLN,Benzyna,107100,2015,Manualna,NULL
Toyota,Toyota Yaris,80800,PLN,Hybryda,12581,2024,Automatyczna,NULL
Mercedes-Benz,Mercedes-Benz Klasa E,28900,PLN,Benzyna,156000,2004,Automatyczna,NULL
Ford,Ford Focus 1.5 TDCi Titanium PowerShift,38900,PLN,Diesel,112500,2017,Automatyczna,1.5
Ford,Ford S-Max 2.0 TDCi DPF Champions Edition,18900,PLN,Diesel,223000,2014,Automatyczna,2.0
Honda,Honda HR-V 1.5 i-VTEC Elegance,47500,PLN,Benzyna,119500,2016,Manualna,1.5
Mercedes-Benz,Mercedes-Benz Klasa A 200 AMG Line 7G-DCT,139900,PLN,Benzyna,20552,2025,Automatyczna,NULL
Nissan,Nissan Qashqai 1.2 DIG-T Acenta EU6,41000,PLN,Benzyna,75000,2017,Manualna,1.2
Nissan,Nissan Micra,28500,PLN,Benzyna,123850,2017,Manualna,NULL
Ford,Ford Fiesta 1.0 EcoBoost ST-Line ASS,39900,PLN,Benzyna,132000,2020,Manualna,1.0
Skoda,Skoda Yeti 1.2 TSI 4x2 Edition,18900,PLN,Benzyna,148000,2012,Manualna,1.2
Citroën,Citroën C1,10900,PLN,Benzyna,89000,2014,Manualna,NULL
Volvo,Volvo XC 60 D5 AWD R-Design,125000,PLN,Diesel,154000,2018,Automatyczna,NULL
Seat,Seat Ibiza 1.2 TSI FR,19999,PLN,Benzyna,139000,2013,Manualna,1.2
Opel,Opel Astra 1.6 Edition,13900,PLN,Benzyna,163000,2010,Manualna,1.6
Ford,Ford S-Max 2.5 Titanium,12900,PLN,Benzyna+LPG,233000,2007,Manualna,2.5
Skoda,Skoda Scala 1.0 TSI Ambition DSG,61900,PLN,Benzyna,74000,2023,Automatyczna,1.0
Ford,Ford C-MAX,37900,PLN,Benzyna+LPG,99800,2016,Manualna,NULL
Volkswagen,Volkswagen T-Cross,108000,PLN,Benzyna,1,2026,Automatyczna,NULL
Opel,Opel Insignia 2.0 CDTI Active,27900,PLN,Diesel,160000,2015,Automatyczna,2.0
Audi,Audi A3 Limousine,63000,PLN,Benzyna,93100,2016,Automatyczna,NULL
Audi,Audi Q5 Sportback 45 TFSI quattro S tronic S line,137000,PLN,Benzyna,119000,2021,Automatyczna,NULL
Citroën,Citroën C3 Picasso 1.6i Exclusive,17500,PLN,Benzyna+LPG,150500,2013,Manualna,1.6
Audi,Audi A1 Sportback 1.2 TFSI Ambition,34686,PLN,Benzyna,107845,2014,Manualna,1.2
Dacia,Dacia Sandero Stepway 0.9 TCe Outdoor S&S,9900,PLN,Benzyna,57000,2019,Manualna,0.9
Opel,Opel Vivaro L2H1 2.9t Edition,42000,PLN,Diesel,180329,2014,Manualna,2.9
BMW,BMW X5 xDrive25d,169900,PLN,Diesel,148290,2020,Automatyczna,NULL
BMW,BMW Seria 3 320d Efficient Dynamic Edition Luxury Line,77999,PLN,Diesel,82754,2018,Automatyczna,NULL
Citroën,Citroën C4 e-HDi 115 Selection,19700,PLN,Diesel,142200,2015,Manualna,NULL
Audi,Audi A8 4.2 TDI DPF (clean diesel) quattro tiptronic Lang,51900,PLN,Diesel,337000,2011,Automatyczna,4.2
Opel,Opel Astra 1.4 Enjoy,10000,PLN,Benzyna,147000,2009,Manualna,1.4
Suzuki,Suzuki SX4 S-Cross 1.6 DDiS Allgrip Comfort,33499,PLN,Diesel,159547,2013,Manualna,1.6
Audi,Audi A4 Limousine 1.8 TFSI,22500,PLN,Benzyna,147000,2008,Manualna,1.8
Toyota,Toyota Corolla Verso 1.6 Sol,18900,PLN,Benzyna+LPG,236452,2009,Manualna,1.6
Volvo,Volvo XC 90 D5 AWD Inscription,93333,PLN,Diesel,186000,2015,Automatyczna,NULL
Kia,Kia ProCeed,77900,PLN,Benzyna,102809,2019,Automatyczna,NULL
Mercedes-Benz,Mercedes-Benz SLK 200 Kompressor,25000,PLN,Benzyna,168672,2009,Manualna,NULL
Toyota,Toyota Avensis 2.0 D-4D Active Business,59900,PLN,Diesel,56000,2017,Manualna,2.0
DS Automobiles,DS Automobiles DS 7 Crossback 1.6 E-Tense 4x4 Performance Line +,98800,PLN,Hybryda Plug-in,108000,2022,Automatyczna,1.6
Toyota,Toyota Corolla 1.2 T Comfort,65000,PLN,Benzyna,57000,2021,Manualna,1.2
Nissan,Nissan Qashqai,22900,PLN,Diesel,110000,2008,Manualna,NULL
Volkswagen,Volkswagen Polo 1.2 TSI BMT Highline,29500,PLN,Benzyna,77792,2014,Manualna,1.2
Dacia,Dacia Sandero Stepway,18900,PLN,Benzyna,137000,2010,Manualna,NULL
Ford,Ford Kuga 1.5 EcoBoost 2x4 Cool & Connect,41900,PLN,Benzyna,164000,2017,Manualna,1.5
BMW,BMW X3,83900,PLN,Benzyna,110000,2017,Automatyczna,NULL
Opel,Opel Corsa 1.0 12V Innovation,11900,PLN,Benzyna,160000,2009,Manualna,1.0
Opel,Opel Astra 1.4 Turbo Start/Stop Active,36700,PLN,Benzyna,131210,2016,Manualna,1.4
Toyota,Toyota Yaris,32900,PLN,Benzyna,137000,2012,Automatyczna,NULL
Opel,Opel Mokka 1.4 T Cosmo S&S,31500,PLN,Benzyna,155000,2014,Manualna,1.4
Hyundai,Hyundai i30,82900,PLN,Benzyna,20367,2024,Automatyczna,NULL
Ford,Ford C-MAX,22900,PLN,Benzyna,120000,2013,Manualna,NULL
Toyota,Toyota Avensis 2.0 VVT-i Automatik Executive,12900,PLN,Benzyna,199000,2006,Automatyczna,2.0
Kia,Kia XCeed 1.6 T-GDI M DCT,99900,PLN,Benzyna,7990,2025,Automatyczna,1.6
Skoda,Skoda Kodiaq 2.0 TDI 4x4 Ambition DSG,72000,PLN,Diesel,134007,2017,Automatyczna,2.0
Nissan,Nissan Juke 1.2 DIG-T Edition,12900,PLN,Benzyna,79000,2016,Manualna,1.2
Mercedes-Benz,Mercedes-Benz Klasa C 180 BlueEFFICIENCY 7G-TRONIC,36900,PLN,Benzyna,142886,2012,Automatyczna,NULL
Audi,Audi A4 Limousine 2,10300,PLN,Benzyna,177312,2002,Manualna,NULL
Hyundai,Hyundai i20 1.2 Classic,27800,PLN,Benzyna,112964,2015,Manualna,1.2
Opel,Opel Astra,14000,PLN,Diesel,181898,2018,Manualna,NULL
Audi,Audi A7 Sportback 55 TFSI e Quattro S tronic,174900,PLN,Hybryda Plug-in,121000,2021,Automatyczna,NULL
Ford,Ford Fiesta 1.0 EcoBoost Titanium,19600,PLN,Benzyna,108000,2014,Manualna,1.0
Audi,Audi A6 Avant 3.0 TFSI Quattro S tronic,92000,PLN,Benzyna,246750,2015,Automatyczna,3.0
Ford,Ford S-Max 2.0 TDCi Titanium PowerShift,48900,PLN,Diesel,200000,2017,Automatyczna,2.0
Alfa Romeo,Alfa Romeo Stelvio 2.2 JTDM Veloce Q4,283500,PLN,Diesel,1,2026,Automatyczna,2.2
Renault,Renault Captur 1.0 TCe Intens,54999,PLN,Benzyna,72821,2021,Manualna,1.0
Kia,Kia XCeed 1.6 T-GDI Tribute DCT,119900,PLN,Benzyna,15681,2025,Automatyczna,1.6
Hyundai,Hyundai ix20 1.4 Classic,21900,PLN,Benzyna,136400,2012,Manualna,1.4
Skoda,Skoda Fabia 1.2 12V Ambition,8000,PLN,Benzyna,191000,2012,Manualna,1.2
Ford,Ford Fiesta,21900,PLN,Benzyna,77000,2018,Manualna,NULL
Suzuki,Suzuki Grand Vitara 1.6,23900,PLN,Benzyna,169000,2006,Manualna,1.6
Kia,Kia XCeed 1.0 T-GDI L,69800,PLN,Benzyna,14000,2021,Manualna,1.0
Opel,Opel Mokka,72499,PLN,Benzyna,43637,2022,Automatyczna,NULL
Peugeot,Peugeot 3008 PureTech 130 Stop & Start GPF Crossway,54700,PLN,Benzyna,65085,2019,Manualna,NULL
Volkswagen,Volkswagen Sharan 2.0 TDI DSG (BlueMotion Technology) Highline,79900,PLN,Diesel,198600,2019,Automatyczna,2.0
Citroën,Citroën C3 BlueHDi 100 S&S FEEL PACK,19200,PLN,Diesel,200000,2019,Manualna,NULL
Peugeot,Peugeot 408 1.2 PureTech Allure S&S EAT8,84900,PLN,Benzyna,65967,2023,Automatyczna,1.2
Toyota,Toyota Yaris,39900,PLN,Benzyna,173000,2020,Manualna,NULL
Audi,Audi Q2,59000,PLN,Benzyna,165400,2017,Automatyczna,NULL
Dacia,Dacia Duster 1.0 TCe Comfort,51000,PLN,Benzyna+LPG,60775,2021,Manualna,1.0
Opel,Opel Insignia,45200,PLN,Diesel,162500,2019,Manualna,NULL
Lexus,Lexus RX 450h L Prestige,164900,PLN,Hybryda,141852,2018,Automatyczna,NULL
Kia,Kia Sorento 1.6 T-GDI HEV Prestige Line 4WD,119900,PLN,Hybryda,102250,2020,Automatyczna,1.6
Mercedes-Benz,Mercedes-Benz GLA 200 AMG Line,169900,PLN,Benzyna,19345,2025,Automatyczna,NULL
Mazda,Mazda MX-5 1.8 16V,33000,PLN,Benzyna,174013,2003,Manualna,1.8
Renault,Renault Rafale 1.2 E-Tech Full Hybrid 200 esprit Alpine MMT,149000,PLN,Hybryda,20000,2025,Automatyczna,1.2
Jaguar,Jaguar XF 2.2 D Premium Luxury,15500,PLN,Diesel,193000,2014,Automatyczna,2.2
Hyundai,Hyundai Bayon,89900,PLN,Benzyna,561,2025,Automatyczna,NULL
Opel,Opel Insignia CT 2.0 CDTI 4x4 S&S,31900,PLN,Diesel,170000,2014,Manualna,2.0
Mazda,Mazda 3 2.0 Skyenergy,39900,PLN,Benzyna,180112,2015,Manualna,2.0
Fiat,Fiat 500,19700,PLN,Benzyna,122000,2013,Manualna,NULL
Dacia,Dacia Duster 1.0 TCe Prestige,45500,PLN,Benzyna+LPG,117434,2021,Manualna,1.0
Kia,Kia Stonic 1.0 T-GDI GT Line DCT,59900,PLN,Benzyna,65432,2021,Automatyczna,1.0
Opel,Opel Astra 1.4 Turbo Start/Stop Automatik Innovation,37900,PLN,Benzyna,194284,2016,Automatyczna,1.4
Subaru,Subaru Legacy,22500,PLN,Benzyna+LPG,286000,2013,Automatyczna,NULL
Volkswagen,Volkswagen Polo 1.2 TSI BMT Highline,38900,PLN,Benzyna,75413,2015,Manualna,1.2
BMW,BMW Seria 4 428i xDrive Luxury Line,65000,PLN,Benzyna,144000,2014,Automatyczna,NULL
Opel,Opel Astra 1.4 T GPF Dynamic S&S,45900,PLN,Benzyna,145000,2017,Manualna,1.4
Peugeot,Peugeot 307 1.6,10800,PLN,Benzyna,152527,2006,Manualna,1.6
Ford,Ford Focus 2.0 TDCi Titanium ASS,27300,PLN,Diesel,245216,2015,Manualna,2.0
Fiat,Fiat 500,15500,PLN,Benzyna,67705,2019,Manualna,NULL
Nissan,Nissan Qashqai 2.0 Acenta,23000,PLN,Benzyna+LPG,221000,2010,Manualna,2.0
Volkswagen,Volkswagen Jetta 1.4 TSI BMT Comfortline,42000,PLN,Benzyna,225500,2017,Manualna,1.4
Alfa Romeo,Alfa Romeo Mito 1.4 16V Turismo,12999,PLN,Benzyna,190000,2011,Manualna,1.4
Citroën,Citroën C3 1.1 Advance,6300,PLN,Benzyna,165000,2006,Manualna,1.1
Renault,Renault Megane 1.2 Energy TCe Life,31500,PLN,Benzyna,131000,2016,Manualna,1.2
Audi,Audi S3 S tronic,56999,PLN,Benzyna,143515,2016,Automatyczna,NULL
Renault,Renault Grand Scenic,9900,PLN,Diesel,218000,2011,Manualna,NULL
Peugeot,Peugeot 308,31000,PLN,Benzyna,116797,2017,Manualna,NULL
Hyundai,Hyundai Tucson blue 1.6 CRDi 4WD Style,69800,PLN,Diesel,91000,2019,Manualna,1.6
Ford,Ford C-MAX 1.5 TDCi Start-Stop-System Titanium,32800,PLN,Diesel,196800,2017,Manualna,1.5
MINI,MINI Inny ver-d,25000,PLN,Diesel,134655,2011,Manualna,NULL
Ford,Ford Focus 2.0 Gold X,9999,PLN,Benzyna,160000,2009,Manualna,2.0
Jeep,Jeep Wrangler Unlimited GME 2.0 Turbo Sahara,225900,PLN,Benzyna,20000,2024,Automatyczna,2.0
Jeep,Jeep Compass 1.2 T3 mHEV Summit FWD DCT,161900,PLN,Benzyna,1,2026,Automatyczna,1.2
Toyota,Toyota RAV4 Hybrid Premium 4x2,74800,PLN,Hybryda,89000,2018,Automatyczna,NULL
Seat,Seat Leon,54900,PLN,Benzyna,67000,2023,Manualna,NULL
Mazda,Mazda 3,3000,PLN,Benzyna,247740,2005,Manualna,NULL
Volkswagen,Volkswagen up!,19900,PLN,Benzyna,123000,2013,Manualna,NULL
Lancia,Lancia Ypsilon 1.2 8V Silver,15800,PLN,Benzyna,134331,2012,Manualna,1.2
Volvo,Volvo V40 D2,23900,PLN,Diesel,230853,2012,Manualna,NULL
Audi,Audi V8 3.6,65000,PLN,Benzyna,351107,1991,Automatyczna,3.6
Audi,Audi Q5,52000,PLN,Benzyna,220000,2013,Automatyczna,NULL
BMW,BMW Seria 2 218i Sport Line,80000,PLN,Benzyna,76850,2022,Automatyczna,NULL
Volkswagen,Volkswagen Tiguan 2.0 TDI SCR Life DSG,97899,PLN,Diesel,50303,2022,Automatyczna,2.0
Volvo,Volvo V60 D3 Momentum,67999,PLN,Diesel,160031,2019,Automatyczna,NULL
Volkswagen,Volkswagen Tiguan 2.0 TDI BMT SCR 4Mot Highline DSG,94900,PLN,Diesel,120610,2019,Automatyczna,2.0
Mercedes-Benz,Mercedes-Benz Klasa C,73000,PLN,Benzyna,164000,2017,Automatyczna,NULL
Mercedes-Benz,Mercedes-Benz GLC 220 d 4-Matic,145900,PLN,Diesel,98045,2020,Automatyczna,NULL
Peugeot,Peugeot 3008 BlueHDi 130 Stop & Start EAT8 Active Business-Paket,33500,PLN,Diesel,230000,2019,Automatyczna,NULL
Opel,Opel Insignia 1.6 CDTI ecoFLEXStart/Stop Edition,27900,PLN,Diesel,209270,2015,Manualna,1.6
Nissan,Nissan Qashqai 1.2 DIG-T Tekna,51900,PLN,Benzyna,73206,2018,Manualna,1.2
Kia,Kia Ceed 1.6 CRDi mHEV L DCT,47500,PLN,Diesel,204500,2021,Automatyczna,1.6
Peugeot,Peugeot 5008 1.2 PureTech Active Pack S&S EAT8,70000,PLN,Benzyna,82500,2020,Automatyczna,1.2
Fiat,Fiat 500 1.3 Multijet Diesel,11900,PLN,Diesel,169000,2009,Manualna,1.3
Peugeot,Peugeot 2008,29999,PLN,Benzyna,134314,2018,Manualna,NULL
Toyota,Toyota Corolla Verso 2.0 D-4D Sol,7900,PLN,Diesel,188000,2004,Manualna,2.0
Volkswagen,Volkswagen T-Cross,110740,PLN,Benzyna,10,2026,Automatyczna,NULL
Skoda,Skoda Superb 2.0 TDI 4x4 Style DSG,54908,PLN,Diesel,277440,2016,Automatyczna,2.0
Citroën,Citroën C1 1.0 Advance,9500,PLN,Benzyna,130000,2011,Manualna,1.0
Mitsubishi,Mitsubishi Colt 1.1 Inform,9500,PLN,Benzyna,191141,2009,Manualna,1.1
Audi,Audi A8 3.0 TDI clean diesel Quattro,69999,PLN,Diesel,258000,2014,Automatyczna,3.0
Volkswagen,Volkswagen Passat Alltrack,34900,PLN,Diesel,252000,2014,Manualna,NULL
Volvo,Volvo XC 60 B4 D AWD Plus Dark,157899,PLN,Diesel,70776,2022,Automatyczna,NULL
Volvo,Volvo XC 60 T4 Momentum Pro,109999,PLN,Benzyna,140000,2020,Automatyczna,NULL
Audi,Audi A5 Sportback 45 TFSI quattro S tronic S line,142900,PLN,Benzyna,25000,2024,Automatyczna,NULL
Peugeot,Peugeot 508,15999,PLN,Hybryda,221000,2014,Automatyczna,NULL
Audi,Audi Q3 35 TFSI mHEV Advanced S tronic,154900,PLN,Benzyna,33251,2024,Automatyczna,NULL
BMW,BMW X1 sDrive16d Sport Line,44900,PLN,Diesel,187000,2016,Manualna,NULL
Mercedes-Benz,Mercedes-Benz CLA 200 mHEV AMG Line 7G-DCT,189900,PLN,Benzyna,36000,2024,Automatyczna,NULL
BMW,BMW Z4,70900,PLN,Benzyna,166000,2011,Automatyczna,NULL
Audi,Audi S5 Coupé 3.0 TFSI Quattro Tiptronic,98000,PLN,Benzyna,114000,2018,Automatyczna,3.0
Citroën,Citroën C3,5500,PLN,Benzyna,122327,2010,Manualna,NULL
Peugeot,Peugeot 3008 2.0 BlueHDi GT S&S EAT6,51900,PLN,Diesel,230000,2016,Automatyczna,2.0
Opel,Opel Corsa 1.2 Innovation,24600,PLN,Benzyna,164000,2017,Manualna,1.2
Suzuki,Suzuki SX4 S-Cross 1.6 DDiS Premium Plus,36900,PLN,Diesel,187760,2013,Manualna,1.6
Mercedes-Benz,Mercedes-Benz Klasa A,47000,PLN,Benzyna,137231,2014,Automatyczna,NULL
BMW,BMW X1,48000,PLN,Diesel,221427,2019,Manualna,NULL
Peugeot,Peugeot Partner L2 Pro (bryg.),26000,PLN,Diesel,190000,2018,Manualna,NULL
Fiat,Fiat 500,24900,PLN,Benzyna,126000,2021,Manualna,NULL
Seat,Seat Ibiza 1.0 TSI FR S&S,35900,PLN,Benzyna,165444,2018,Manualna,1.0
Mercedes-Benz,Mercedes-Benz Klasa C 300 7G-TRONIC,64000,PLN,Benzyna,180000,2015,Automatyczna,NULL
DS Automobiles,DS Automobiles DS 3,14500,PLN,Benzyna,67000,2019,Automatyczna,NULL
Infiniti,Infiniti QX55,141900,PLN,Benzyna,55000,2023,Automatyczna,NULL
BMW,BMW Seria 5 545i,29900,PLN,Benzyna+LPG,274000,2004,Automatyczna,NULL
Citroën,Citroën C5 2.0 HDi Exclusive,11800,PLN,Diesel,316000,2011,Automatyczna,2.0
Renault,Renault Clio 1.2 16V Night&Day,12500,PLN,Benzyna,193973,2010,Manualna,1.2
Renault,"Renault Trafic Passenger 2,8t Business",48900,PLN,Diesel,236000,2016,Manualna,NULL
Toyota,Toyota Avensis 2.0 Prestige MS,34000,PLN,Benzyna+LPG,318000,2016,Automatyczna,2.0
Audi,Audi A6 Limousine 3.0 TDI tiptronic quattro,21300,PLN,Diesel,223000,2005,Automatyczna,3.0
Skoda,Skoda Octavia,71999,PLN,Benzyna,71368,2022,Manualna,NULL
Jaguar,Jaguar F-Pace 30t AWD Prestige,97000,PLN,Benzyna,95000,2019,Automatyczna,NULL
Ford,Ford S-Max 2.0 Viva Trend,16500,PLN,Benzyna+LPG,301000,2009,Manualna,2.0
Peugeot,Peugeot Expert Tepee L2H1 (5-Si.) Vagabond,7700,PLN,Diesel,228000,2009,Manualna,NULL
Dodge,Dodge Durango,67999,PLN,Benzyna+LPG,220000,2016,Automatyczna,NULL
Lexus,Lexus RX 300 Business Edition +,149999,PLN,Benzyna,90150,2022,Automatyczna,NULL
Renault,Renault Clio TCe 90 Limited,19500,PLN,Benzyna,138000,2016,Manualna,NULL
Mercedes-Benz,Mercedes-Benz GLS,264700,PLN,Diesel,109000,2021,Automatyczna,NULL
Audi,Audi A3 Sportback 1.2 TFSI Ambiente,24900,PLN,Benzyna,197850,2010,Manualna,1.2
Volkswagen,Volkswagen Touran 1.5 TSI EVO Highline DSG,159900,PLN,Benzyna,3868,2025,Automatyczna,1.5
Kia,Kia Rio 1.0 T-GDI M,41900,PLN,Benzyna,140000,2022,Manualna,1.0
Mazda,Mazda 6 2.2 D Skypassion I-ELoop,42500,PLN,Diesel,166000,2017,Automatyczna,2.2
Mercedes-Benz,Mercedes-Benz GLA 220 4-Matic AMG Line,103900,PLN,Benzyna,66000,2018,Automatyczna,NULL
Honda,Honda CR-V 1.6i-DTEC Lifestyle (2WD),35000,PLN,Diesel,203000,2014,Manualna,1.6
Subaru,Subaru XV 1.6i Exclusive Plus (EyeSight) Lineartronic,75900,PLN,Benzyna,67079,2019,Automatyczna,1.6
Audi,Audi A5 Sportback 2.0 TDI ultra DPF,59000,PLN,Diesel,171093,2016,Manualna,2.0
Dacia,Dacia Sandero Stepway TCe 90 (S&S) Prestige,22999,PLN,Benzyna,173000,2013,Manualna,NULL
Volvo,Volvo XC 90,284900,PLN,Benzyna,30926,2025,Automatyczna,NULL
Volvo,Volvo XC 60,84900,PLN,Diesel,222000,2019,Automatyczna,NULL
Renault,Renault Clio 1.2 TCe GT 120 EDC,30500,PLN,Benzyna,142500,2014,Automatyczna,1.2
Suzuki,Suzuki Swift 1.3 GS / Premium 4WD,14900,PLN,Benzyna,196020,2008,Manualna,1.3
Fiat,Fiat Doblo Kombi Maxi Active,37000,PLN,Diesel,244000,2020,Manualna,NULL
Opel,Opel Astra 1.3 CDTI Enjoy,7500,PLN,Diesel,161586,2010,Manualna,1.3
BMW,BMW X3,13900,PLN,Diesel,208211,2008,Manualna,NULL
Lexus,Lexus UX 300h Business,149900,PLN,Hybryda,17110,2025,Automatyczna,NULL
Honda,Honda Accord 2.0 i Automatik Comfort,9900,PLN,Benzyna+LPG,316666,2004,Automatyczna,2.0
Chrysler,Chrysler Town & Country,39900,PLN,Benzyna+LPG,242000,2014,Automatyczna,NULL
Kia,Kia Ceed 1.6 Crdi Optimum,8200,PLN,Diesel,196000,2011,Manualna,1.6
Volvo,Volvo V70 D5 AWD Summum,12900,PLN,Diesel,340000,2008,Automatyczna,NULL
Skoda,Skoda Karoq 1.5 TSI ACT Sportline DSG,151900,PLN,Benzyna,5,2026,Automatyczna,1.5
Skoda,Skoda Superb,67900,PLN,Diesel,142700,2018,Automatyczna,NULL
Renault,Renault Scenic 2.0 16V Bose Edition CVT,22000,PLN,Benzyna+LPG,275000,2012,Automatyczna,2.0
Hyundai,Hyundai i30,114900,PLN,Benzyna,6481,2025,Automatyczna,NULL
Volkswagen,Volkswagen Polo 1.2 12V Basis,3000,PLN,Benzyna,215523,2003,Manualna,1.2
Volvo,Volvo V60 Cross Country T5 AWD Momentum,66900,PLN,Benzyna,161437,2017,Automatyczna,NULL
Volkswagen,Volkswagen Golf 1.4 TSI BlueMotion Technology Comfortline,31500,PLN,Benzyna,196900,2013,Manualna,1.4
Honda,Honda Civic,37400,PLN,Benzyna+LPG,269520,2016,Manualna,NULL
Mercedes-Benz,Mercedes-Benz GLC 300 mHEV 4-Matic AMG Line,292000,PLN,Benzyna,36400,2024,Automatyczna,NULL
Mercedes-Benz,Mercedes-Benz CLA 220 d AMG Line 8G-DCT,104900,PLN,Diesel,181000,2020,Automatyczna,NULL
Suzuki,Suzuki SX4 1.6 VVT 4x4 Style,24989,PLN,Benzyna,190000,2011,Manualna,1.6
Mercedes-Benz,Mercedes-Benz W201 (190),17900,PLN,Benzyna+LPG,266000,1991,Manualna,NULL
Renault,Renault Captur ENERGY TCe 120 EDC Experience,37900,PLN,Benzyna,123000,2016,Automatyczna,NULL
Hyundai,Hyundai i30,87500,PLN,Benzyna,37900,2024,Manualna,NULL
Ford,Ford Ranger 2.0 EcoBlue 4x4 DC Wildtrak,95000,PLN,Diesel,195600,2021,Automatyczna,2.0
Seat,Seat Ibiza,3800,PLN,Benzyna,144434,2004,Manualna,NULL
Skoda,Skoda Kamiq 1.0 TSI Selection DSG,15700,PLN,Benzyna,39000,2024,Automatyczna,1.0
Toyota,Toyota Corolla,62800,PLN,Benzyna,102543,2022,Manualna,NULL
Opel,Opel Astra 1.5 CDTI Elegance S&S,65990,PLN,Diesel,147000,2023,Manualna,1.5
Kia,Kia Venga 1.4 CRDi L,13000,PLN,Diesel,176782,2010,Manualna,1.4
Seat,Seat Leon 1.6 TDI Entry,19900,PLN,Diesel,270000,2017,Manualna,1.6
Audi,Audi A4 Avant 2.0 TDI DPF multitronic Ambiente,25900,PLN,Diesel,260000,2011,Automatyczna,2.0
Audi,Audi A4 Limousine,24990,PLN,Benzyna,160000,2008,Manualna,NULL
Audi,Audi A6 Limousine,18900,PLN,Benzyna,228000,2014,Automatyczna,NULL
Dacia,Dacia Logan,14900,PLN,Benzyna,110000,2017,Manualna,NULL
Skoda,"Skoda Superb 1,9 TDI Comfort",10900,PLN,Diesel,230500,2010,Manualna,NULL
BMW,BMW X1 sDrive18d xLine sport,46000,PLN,Diesel,252000,2018,Automatyczna,NULL
Ford,Ford Focus C-Max 1.6 TDCi FX Silver,5500,PLN,Diesel,289500,2006,Manualna,1.6
BMW,BMW Seria 3 320 Ci,24900,PLN,Benzyna,240000,2002,Automatyczna,NULL
Toyota,Toyota Corolla,94900,PLN,Hybryda,55700,2022,Automatyczna,NULL
Volkswagen,Volkswagen Caddy 2.0 TDI,39900,PLN,Diesel,118796,2023,Manualna,2.0
DS Automobiles,DS Automobiles DS 7 Crossback,76900,PLN,Diesel,176500,2021,Automatyczna,NULL
Peugeot,Peugeot 207 CC 120 VTi Roland Garros,8900,PLN,Benzyna,204300,2009,Manualna,NULL
Ford,Ford Mondeo 2.0 Trend / Trend+,4500,PLN,Benzyna,227925,2008,Manualna,2.0
DS Automobiles,DS Automobiles DS 4,32000,PLN,Benzyna,97231,2016,Manualna,NULL
Seat,Seat Leon 1.6 TDI Reference,29900,PLN,Diesel,163852,2018,Manualna,1.6
Audi,Audi Q5,136000,PLN,Benzyna,142000,2023,Automatyczna,NULL
Opel,Opel Astra,25000,PLN,Benzyna,198052,2016,Manualna,NULL
Mercedes-Benz,Mercedes-Benz Klasa A 200 AMG Line 7G-DCT,75500,PLN,Benzyna,139000,2018,Automatyczna,NULL
Seat,Seat Ibiza,12999,PLN,Benzyna,148000,2008,Manualna,NULL
Seat,Seat Leon 2.0 TDI FR S&S,37900,PLN,Diesel,234903,2013,Manualna,2.0
Peugeot,Peugeot 2008 1.6 VTi Allure,23900,PLN,Benzyna,198200,2015,Manualna,1.6
Suzuki,Suzuki Grand Vitara,19900,PLN,Diesel,130000,2012,Manualna,NULL
Toyota,Toyota Corolla,119900,PLN,Hybryda,14423,2025,Automatyczna,NULL
Audi,Audi A4 Limousine,114900,PLN,Benzyna,104227,2022,Automatyczna,NULL
Fiat,Fiat Sedici 2.0 Multijet 16V 4x4 Dynamic,13400,PLN,Diesel,201596,2010,Manualna,2.0
Opel,Opel Mokka X,29600,PLN,Diesel,152300,2014,Manualna,NULL
Volkswagen,Volkswagen Golf 2.0 TDI DPF GT,9300,PLN,Diesel,278796,2007,Manualna,2.0
Alfa Romeo,Alfa Romeo Mito,5200,PLN,Diesel,176908,2012,Manualna,NULL
Opel,Opel Corsa 1.2 16V Elegance,4500,PLN,Benzyna,192956,2002,Manualna,1.2
BMW,BMW X3,24500,PLN,Benzyna,221000,2006,Automatyczna,NULL
Mercedes-Benz,Mercedes-Benz GLC,59000,PLN,Diesel,253000,2018,Automatyczna,NULL
Hyundai,Hyundai i30 i30cw 1.6 CRDi Edition Plus,12900,PLN,Diesel,227000,2011,Manualna,1.6
Skoda,Skoda Octavia 1.6 TDI Style,39999,PLN,Diesel,185423,2019,Manualna,1.6
Volvo,Volvo V60 Cross Country D3 Drive-E Momentum,31000,PLN,Diesel,285000,2016,Manualna,NULL
Ford,Ford S-Max 1.6 T Titanium,14500,PLN,Benzyna,319726,2012,Manualna,1.6
Opel,Opel Astra 1.6 CDTI DPF ecoFLEX Start/Stop Exklusiv,26990,PLN,Diesel,202200,2016,Manualna,1.6
Skoda,Skoda Roomster 1.6 TDI DPF Ambition,15800,PLN,Diesel,214000,2014,Manualna,1.6
Renault,Renault Laguna 2.0 Turbo Dynamique,8200,PLN,Benzyna+LPG,266480,2005,Manualna,2.0
Renault,Renault Scenic,13499,PLN,Diesel,230000,2010,Manualna,NULL
Renault,Renault Modus 1.2 Pack Dynamique,10700,PLN,Benzyna,180734,2010,Manualna,1.2
Ford,Ford C-MAX,7999,PLN,Diesel,192000,2008,Automatyczna,NULL
BMW,BMW Seria 3 318i M Sport,173700,PLN,Benzyna,29000,2024,Automatyczna,NULL
Ford,Ford Focus 1.0 EcoBoost Edition,15900,PLN,Benzyna,178945,2013,Manualna,1.0
Dacia,Dacia Dokker 1.6 SCe Techroad,18900,PLN,Benzyna,270000,2016,Manualna,1.6
Ford,Ford Focus,9200,PLN,Benzyna,273000,2010,Manualna,NULL
Skoda,Skoda Octavia 1.2 TSI Active,25600,PLN,Benzyna,235182,2014,Manualna,1.2
Jeep,Jeep Cherokee,38000,PLN,Benzyna,113000,1998,Automatyczna,NULL
Skoda,Skoda Octavia,13000,PLN,Diesel,267000,2009,Manualna,NULL
Opel,Opel Astra 1.4 Turbo Start/Stop Business,32500,PLN,Benzyna,178432,2016,Manualna,1.4
Volkswagen,Volkswagen Tayron 2.0 TDI SCR Elegance DSG,228000,PLN,Diesel,10,2026,Automatyczna,2.0
Volvo,Volvo XC 90,354900,PLN,Hybryda Plug-in,10000,2026,Automatyczna,NULL
Volkswagen,Volkswagen Passat 1.9 TDI Comfortline,8500,PLN,Diesel,470000,2002,Manualna,1.9
Volkswagen,Volkswagen Tiguan 2.0 TDI BMT SCR 4Mot Highline DSG,90000,PLN,Diesel,150000,2018,Automatyczna,2.0
Dacia,Dacia Sandero,26600,PLN,Benzyna,23578,2023,Manualna,NULL
Nissan,Nissan Juke DIG-T 117 N-Connecta,53000,PLN,Benzyna,59000,2020,Manualna,NULL
Fiat,Fiat Multipla 1.6 16V Emotion,5900,PLN,Benzyna+LPG,223000,2004,Manualna,1.6
Audi,Audi Q3 45 TFSI Quattro S tronic S line,88900,PLN,Benzyna,137275,2019,Automatyczna,NULL
Jaguar,Jaguar XF 2.0 P250 R-Dynamic Black,139000,PLN,Benzyna,70000,2020,Automatyczna,2.0
Hyundai,Hyundai Tucson 1.6 T-GDi Style 4WD DCT,55000,PLN,Benzyna,160000,2015,Automatyczna,1.6
Suzuki,Suzuki SX4 S-Cross,92900,PLN,Benzyna,23497,2024,Manualna,NULL
Ford,Ford Fiesta,1900,PLN,Benzyna,129664,2004,Manualna,NULL
Hyundai,Hyundai Tucson 1.6 T-GDi PHEV Platinum 4WD,204900,PLN,Hybryda Plug-in,5,2025,Automatyczna,1.6
Audi,Audi RS7 Sportback Performance 4.0 TFSI Quattro Tiptr,209800,PLN,Benzyna,95500,2016,Automatyczna,4.0
BMW,BMW X5,47000,PLN,Diesel,337,2011,Automatyczna,NULL
Ford,Ford Mondeo,12900,PLN,Diesel,220000,2015,Manualna,NULL
Mercedes-Benz,Mercedes-Benz Klasa E 300 de 9G-TRONIC Avantgarde,102000,PLN,Hybryda Plug-in,137600,2019,Automatyczna,NULL
Hyundai,Hyundai Tucson,78000,PLN,Hybryda,140000,2022,Automatyczna,NULL
Nissan,Nissan Qashqai,139900,PLN,Hybryda,7140,2025,Automatyczna,NULL
Nissan,Nissan Qashqai,106900,PLN,Hybryda,34800,2024,Automatyczna,NULL
Honda,Honda CR-V,69800,PLN,Benzyna,111000,2017,Automatyczna,NULL
Nissan,Nissan Qashqai,129900,PLN,Hybryda,20290,2025,Automatyczna,NULL
Chevrolet,Chevrolet Captiva 2.2 D LT+,26500,PLN,Diesel,130000,2011,Manualna,2.2
Porsche,Porsche Macan S PDK,139900,PLN,Benzyna,15000,2015,Automatyczna,NULL
Renault,Renault Clio 1.2 16V Limited EU6,25900,PLN,Benzyna,168000,2016,Manualna,1.2
Dacia,Dacia Duster 1.5 dCi Prestige EDC,44900,PLN,Diesel,77000,2018,Automatyczna,1.5
Kia,Kia Sportage 1.6 T-GDI MHEV Anniversary 2WD DCT,107900,PLN,Benzyna,23000,2023,Automatyczna,1.6
Mercedes-Benz,Mercedes-Benz Klasa C 300 e PHEV AMG,143900,PLN,Hybryda Plug-in,49800,2023,Automatyczna,NULL
Peugeot,Peugeot 301,28500,PLN,Benzyna+LPG,205000,2017,Manualna,NULL
Volvo,Volvo S90 D5 AWD Inscription,95000,PLN,Diesel,82000,2016,Automatyczna,NULL
Mazda,Mazda CX-5,84750,PLN,Benzyna,121000,2019,Automatyczna,NULL
Fiat,Fiat Freemont 2.0 Multijet 16V DPF Automatik Allrad Lounge,32999,PLN,Diesel,263244,2015,Automatyczna,2.0
Mercedes-Benz,Mercedes-Benz Klasa G,57999,PLN,Diesel,190000,1988,Manualna,NULL
Opel,Opel Meriva 1.4 Design Edition,34900,PLN,Benzyna,110800,2017,Manualna,1.4
Opel,Opel Astra,16900,PLN,Benzyna,172000,2006,Manualna,NULL
Opel,Opel Crossland X,43900,PLN,Benzyna,129194,2023,Manualna,NULL
Kia,Kia Sportage,49900,PLN,Diesel,152000,2017,Manualna,NULL
Jeep,Jeep Cherokee 3.7L Limited,21900,PLN,Benzyna,193000,2002,Automatyczna,3.7
Ford,Ford Fiesta,10900,PLN,Diesel,142000,2011,Manualna,NULL
MINI,MINI Clubman Cooper SD,26900,PLN,Diesel,219000,2014,Manualna,NULL
BMW,BMW M3,159900,PLN,Benzyna,139000,2013,Automatyczna,NULL
Peugeot,Peugeot 3008 HDi 115 Access,28900,PLN,Diesel,169000,2014,Manualna,NULL
Jeep,Jeep Renegade,47900,PLN,Diesel,191000,2017,Automatyczna,NULL
Citroën,Citroën C3 Aircross,56900,PLN,Benzyna,10000,2023,Automatyczna,NULL
Renault,Renault Talisman 1.6 Energy TCe Intens EDC,53900,PLN,Benzyna,183337,2016,Automatyczna,1.6
Fiat,Fiat Tipo,42900,PLN,Diesel,94000,2019,Manualna,NULL
Ford,Ford Kuga 2.0 TDCi 4x4 Champions Edition,26900,PLN,Diesel,202000,2012,Manualna,2.0
Ford,Ford Kuga,37900,PLN,Diesel,202000,2014,Manualna,NULL
Peugeot,Peugeot 3008 1.6 BlueHDi Crossway S&S EAT6,53900,PLN,Diesel,221000,2017,Automatyczna,1.6
Skoda,Skoda Kamiq 1.5 TSI Drive DSG,119000,PLN,Benzyna,5,2026,Automatyczna,1.5
Renault,Renault Arkana E-TECH 145 INTENS,64900,PLN,Hybryda,124000,2021,Automatyczna,NULL
Volkswagen,Volkswagen Touareg,145900,PLN,Diesel,168000,2019,Automatyczna,NULL
Audi,Audi RS5 Sportback 2.9 TFSI quattro tiptronic,289900,PLN,Benzyna,21000,2022,Automatyczna,2.9
Skoda,Skoda Fabia,1500,PLN,Benzyna,160000,2002,Manualna,NULL
Volvo,Volvo V60,157900,PLN,Benzyna,20633,2024,Automatyczna,NULL
Jeep,Jeep Avenger,77899,PLN,Benzyna,19593,2023,Manualna,NULL
Audi,Audi A5 Coupé 2.0 TFSI,29900,PLN,Benzyna,264500,2010,Manualna,2.0
Volkswagen,Volkswagen Passat Variant 1.5 TSI EVO Essence DSG,74899,PLN,Benzyna,69805,2022,Automatyczna,1.5
Infiniti,Infiniti M M37 S Premium,38000,PLN,Benzyna+LPG,299775,2011,Automatyczna,NULL
Volkswagen,Volkswagen T-Roc,89899,PLN,Benzyna,85966,2023,Automatyczna,NULL
BMW,BMW Seria 4 435i xDrive,75900,PLN,Benzyna,162000,2014,Automatyczna,NULL
Volvo,Volvo V60,107899,PLN,Diesel,158183,2022,Automatyczna,NULL
Hyundai,Hyundai ix35 1.6 GDI Premium 2WD,45900,PLN,Benzyna,145700,2015,Manualna,1.6
Alfa Romeo,Alfa Romeo Mito 1.4 MultiAir Distinctive,15000,PLN,Benzyna,73001,2011,Manualna,1.4
Kia,Kia Picanto,38000,PLN,Benzyna,40112,2017,Manualna,NULL
Citroën,Citroën C4,19000,PLN,Benzyna,178848,2012,Manualna,NULL
Citroën,Citroën DS5,22000,PLN,Hybryda,275799,2012,Automatyczna,NULL
Suzuki,Suzuki SX4 S-Cross,43000,PLN,Benzyna,167200,2015,Automatyczna,NULL
Renault,Renault Captur,32000,PLN,Benzyna,125763,2015,Automatyczna,NULL
Kia,Kia Ceed,54500,PLN,Benzyna,81053,2021,Manualna,NULL
Renault,Renault Kadjar,33500,PLN,Benzyna,161165,2016,Manualna,NULL
Skoda,Skoda Octavia,53000,PLN,Diesel,158331,2018,Automatyczna,NULL
Peugeot,Peugeot 3008,66000,PLN,Benzyna,73950,2021,Automatyczna,NULL
Jeep,Jeep Renegade,63000,PLN,Benzyna,70275,2019,Automatyczna,NULL
Jeep,Jeep Compass,97998,PLN,Benzyna,31861,2024,Automatyczna,NULL
Mercedes-Benz,Mercedes-Benz Klasa A,16000,PLN,Benzyna,186940,2009,Manualna,NULL
Ford,Ford Kuga,134999,PLN,Diesel,6084,2025,Automatyczna,NULL
Renault,Renault Laguna,3500,PLN,Benzyna,278359,2003,Manualna,NULL
Opel,Opel Astra,20000,PLN,Benzyna,165287,2011,Manualna,NULL
Skoda,Skoda Octavia,37500,PLN,Benzyna,222979,2018,Automatyczna,NULL
Lexus,Lexus UX,87000,PLN,Benzyna,59235,2019,Automatyczna,NULL
Volvo,Volvo XC 60,114999,PLN,Diesel,154714,2018,Automatyczna,NULL
Chevrolet,Chevrolet Captiva,21500,PLN,Diesel,243153,2010,Automatyczna,NULL
Peugeot,Peugeot 308,13000,PLN,Diesel,205655,2012,Manualna,NULL
Audi,Audi A4 Allroad,150000,PLN,Benzyna,32163,2022,Automatyczna,NULL
Jeep,Jeep Renegade,43000,PLN,Benzyna,124942,2018,Manualna,NULL
Volkswagen,Volkswagen Touran,86000,PLN,Benzyna,72842,2019,Automatyczna,NULL
Mercedes-Benz,Mercedes-Benz Klasa A,3500,PLN,Diesel,229735,2007,Manualna,NULL
Mazda,Mazda CX-3,70000,PLN,Benzyna,93230,2018,Automatyczna,NULL
Skoda,Skoda Kamiq,104000,PLN,Benzyna,8758,2025,Automatyczna,NULL
Honda,Honda Civic,17000,PLN,Benzyna+LPG,230335,2007,Manualna,NULL
Skoda,Skoda Octavia,65000,PLN,Diesel,97635,2019,Automatyczna,NULL
Toyota,Toyota Avensis,46000,PLN,Diesel,112706,2015,Manualna,NULL
BMW,BMW X1,64999,PLN,Benzyna,101228,2018,Automatyczna,NULL
Skoda,Skoda Octavia 2.0 TDI Ambition DSG EU6,42500,PLN,Diesel,270000,2016,Automatyczna,2.0
Peugeot,Peugeot 508,66000,PLN,Diesel,146316,2019,Automatyczna,NULL
Mazda,Mazda 6 Sport 2.0 Exclusive,15900,PLN,Benzyna,199800,2009,Manualna,2.0
Toyota,Toyota Yaris 1.5 Style CVT,85000,PLN,Benzyna,13000,2022,Automatyczna,1.5
Citroën,Citroën DS5,34500,PLN,Benzyna,41000,2015,Automatyczna,NULL
Audi,Audi A5 Cabrio,20000,PLN,Benzyna,251000,2009,Manualna,NULL
BMW,BMW Seria 3,24500,PLN,Diesel,387000,2013,Automatyczna,NULL
Seat,Seat Arona 1.0 TSI Style S&S DSG,75000,PLN,Benzyna,34055,2023,Automatyczna,1.0
BMW,BMW Seria 7,89000,PLN,Benzyna,240000,2016,Automatyczna,NULL
Citroën,Citroën C5 Aircross,59900,PLN,Diesel,149000,2022,Manualna,NULL
Volkswagen,Volkswagen Transporter Standard,13500,PLN,Benzyna+LPG,288800,1998,Manualna,NULL
Opel,Opel Astra 1.5 D Start/Stop Elegance,34900,PLN,Diesel,92000,2021,Manualna,1.5
Kia,Kia XCeed 1.6 GDI PHEV L Business Line DCT,79000,PLN,Hybryda Plug-in,65866,2021,Automatyczna,1.6
Suzuki,Suzuki Swift 1.2 Premium,35900,PLN,Benzyna,128000,2017,Manualna,1.2
Seat,Seat Ateca,83000,PLN,Benzyna,86061,2020,Automatyczna,NULL
Volvo,Volvo XC 70,29000,PLN,Diesel,336238,2011,Automatyczna,NULL
Volkswagen,Volkswagen Passat 2.0 TDI SCR Comfortline,49900,PLN,Diesel,233000,2018,Manualna,2.0
Volkswagen,Volkswagen Caravelle,25000,PLN,Diesel,177000,1996,Manualna,NULL
Hyundai,Hyundai i30,27500,PLN,Benzyna,143000,2013,Manualna,NULL
BMW,BMW Seria 1 118d Edition Sport,18000,PLN,Diesel,207000,2012,Manualna,NULL
Opel,Opel Astra,6500,PLN,Benzyna,164385,2006,Manualna,NULL
BMW,BMW Seria 1 118d DPF Edition Sport,24999,PLN,Diesel,229000,2014,Manualna,NULL
Mercedes-Benz,Mercedes-Benz Klasa A,78000,PLN,Benzyna,96000,2019,Automatyczna,NULL
Renault,Renault Kangoo,12900,PLN,Diesel,264000,2009,Manualna,NULL
Opel,Opel Astra,5200,PLN,Benzyna+LPG,201000,2004,Manualna,NULL
Renault,Renault Austral,90000,PLN,Benzyna,34653,2024,Manualna,NULL
Ford,Ford C-MAX 1.6 TDCi Ghia,8000,PLN,Diesel,227636,2010,Manualna,1.6
Skoda,Skoda Kodiaq 2.0 TSI 4x4 L&K DSG,129899,PLN,Benzyna,59365,2020,Automatyczna,2.0
Volkswagen,Volkswagen T-Roc 2.0 TSI 4Motion R DSG,139900,PLN,Benzyna,15200,2024,Automatyczna,2.0
Chery,Chery Tiggo 8,118400,PLN,Benzyna,10,2025,Automatyczna,NULL
Ford,Ford Fiesta,9400,PLN,Diesel,215000,2010,Manualna,NULL
Volkswagen,Volkswagen Tiguan 1.5 eTSI Life DSG,96890,PLN,Benzyna,128736,2022,Automatyczna,1.5
Volkswagen,Volkswagen Tiguan 1.5 eTSI Elegance DSG,85890,PLN,Benzyna,185473,2021,Automatyczna,1.5
Kia,Kia XCeed 1.5 T-GDI Business Line DCT,98890,PLN,Benzyna,46164,2023,Automatyczna,1.5
Volvo,Volvo XC 60 B5 B AWD Momentum Pro,139890,PLN,Benzyna,86123,2022,Automatyczna,NULL
Opel,Opel Insignia,10900,PLN,Diesel,290000,2009,Manualna,NULL
Mercedes-Benz,Mercedes-Benz Klasa B 220 d Progressive 8G-DCT,99890,PLN,Diesel,122591,2023,Automatyczna,NULL
Mercedes-Benz,Mercedes-Benz GLB 200 AMG Line 7G-DCT,132890,PLN,Benzyna,94954,2023,Automatyczna,NULL
Mercedes-Benz,Mercedes-Benz Klasa A 200 AMG Line 7G-DCT,98890,PLN,Benzyna,93464,2021,Automatyczna,NULL
Kia,Kia Sportage 1.6 T-GDI HEV GT Line 4WD,186900,PLN,Hybryda,6,2026,Automatyczna,1.6
Seat,Seat Leon,37500,PLN,Diesel,177800,2015,Manualna,NULL
Ford,Ford Mustang 5.0 V8 GT,134900,PLN,Benzyna,20200,2022,Automatyczna,5.0
Audi,Audi A5 Sportback 2.0 TDI S tronic,75500,PLN,Diesel,207000,2017,Automatyczna,2.0
BMW,BMW Seria 3 318i,96890,PLN,Benzyna,101124,2022,Automatyczna,NULL
Dodge,Dodge Challenger Automatik R/T Plus Scat Pack,137900,PLN,Benzyna,16455,2015,Automatyczna,NULL
Volkswagen,Volkswagen Tiguan,65000,PLN,Benzyna,121500,2019,Automatyczna,NULL
Renault,Renault Megane,29900,PLN,Benzyna,134000,2017,Manualna,NULL
Mercedes-Benz,Mercedes-Benz Klasa C 200 9G-TRONIC AMG Line,62900,PLN,Benzyna,203625,2017,Automatyczna,NULL
Citroën,Citroën C4 VTi 95 Attraction,17800,PLN,Benzyna,130691,2011,Manualna,NULL
Audi,Audi A1 Sportback 35 TFSI Advanced S tronic,78900,PLN,Benzyna,84000,2021,Automatyczna,NULL
Peugeot,Peugeot 5008 1.2 PureTech mHEV GT Exclusive S&S e-DCS6,155900,PLN,Benzyna,5,2026,Automatyczna,1.2
Hyundai,Hyundai i30 1.0 T-GDI Modern,53900,PLN,Benzyna,65886,2023,Manualna,1.0
Suzuki,Suzuki Swift,23500,PLN,Benzyna,92300,2013,Manualna,NULL
Skoda,Skoda RAPID 1.2 TSI Ambition,25500,PLN,Benzyna,140000,2015,Manualna,1.2
Ford,Ford S-Max 2.0 EcoBlue Twin-Turbo Titanium,62700,PLN,Diesel,106000,2019,Automatyczna,2.0
Mitsubishi,Mitsubishi Carisma,5800,PLN,Benzyna,170000,2000,Manualna,NULL
Volvo,Volvo XC 90 D5 AWD Summum,53900,PLN,Diesel,230000,2013,Automatyczna,NULL
Toyota,Toyota Yaris 1.8 GRMN,125460,PLN,Benzyna,78000,2021,Manualna,1.8
Jeep,Jeep Cherokee 2.5L CRD Sport,23900,PLN,Diesel,287841,2004,Manualna,2.5
Lexus,Lexus RX,244900,PLN,Hybryda,39434,2023,Automatyczna,NULL
BMW,BMW Seria 2,92900,PLN,Benzyna,58867,2022,Automatyczna,NULL
Volkswagen,Volkswagen Golf Plus,15400,PLN,Benzyna,191000,2009,Manualna,NULL
Renault,Renault Talisman ENERGY dCi 160 EDC INITIALE PARIS,40900,PLN,Diesel,149400,2016,Automatyczna,NULL
BMW,BMW Seria 1,27500,PLN,Diesel,312000,2011,Manualna,NULL
Renault,Renault Twingo 1.2 LEV 16V 75 Night & Day,8900,PLN,Benzyna,164000,2013,Manualna,1.2
Toyota,Toyota C-HR 1.8 Hybrid Style,98800,PLN,Hybryda,53304,2023,Automatyczna,1.8
Fiat,Fiat Doblo 1.4 T-Jet 16V Easy,26900,PLN,Benzyna+LPG,176000,2013,Manualna,1.4
Mercedes-Benz,Mercedes-Benz Inny,56500,PLN,Benzyna,27000,1994,Manualna,NULL
Volkswagen,Volkswagen Passat 2.0 TDI DPF DSG Comfortline,27900,PLN,Diesel,172000,2012,Automatyczna,2.0
Volvo,Volvo XC 40 D3 AWD Momentum,74900,PLN,Diesel,189000,2019,Manualna,NULL
Fiat,Fiat Punto,2900,PLN,Benzyna,174900,1996,Manualna,NULL
Citroën,Citroën C4 1.6 VTi Exclusive,20999,PLN,Benzyna,196900,2012,Manualna,1.6
Mercedes-Benz,Mercedes-Benz Klasa A,4700,PLN,Benzyna,142534,2000,Manualna,NULL
Fiat,Fiat Doblo,42900,PLN,Diesel,102000,2021,Manualna,NULL
Volkswagen,Volkswagen Transporter Standard,26500,PLN,Diesel,360000,2000,Manualna,NULL
Toyota,Toyota RAV4 2.5 Hybrid Comfort 4x2,109900,PLN,Hybryda,139000,2021,Automatyczna,2.5
Mercedes-Benz,Mercedes-Benz Klasa A,103900,PLN,Benzyna,55000,2022,Automatyczna,NULL
Volvo,Volvo S80 D3 Executive,20900,PLN,Diesel,405282,2010,Automatyczna,NULL
Peugeot,Peugeot 308 1.5 BlueHDi Allure S&S,64900,PLN,Diesel,123000,2022,Manualna,1.5
Toyota,Toyota Corolla,89850,PLN,Hybryda,114240,2019,Automatyczna,NULL
Toyota,Toyota Corolla Cross,146850,PLN,Hybryda,19861,2025,Automatyczna,NULL
Suzuki,Suzuki Vitara 1.6 (4x4) Allgrip Comfort+,65700,PLN,Benzyna,51000,2018,Manualna,1.6
Toyota,Toyota RAV4 2.0 VVT-i Sol,24900,PLN,Benzyna,215000,2004,Automatyczna,2.0
Audi,Audi A4 Limousine,58500,PLN,Benzyna,64000,2018,Automatyczna,NULL
Audi,Audi Q5 2.0 TDI Quattro Sport S tronic,88900,PLN,Diesel,175000,2017,Automatyczna,2.0
Audi,Audi A6 Limousine,80000,PLN,Benzyna,96000,2016,Automatyczna,NULL
Peugeot,Peugeot 308,51900,PLN,Benzyna,102000,2018,Manualna,NULL
BMW,BMW Seria 2,36900,PLN,Benzyna,46000,2023,Automatyczna,NULL
Porsche,Porsche Macan GTS,31900,PLN,Benzyna,179294,2016,Automatyczna,NULL
Seat,Seat Leon 2.0 TDI FR S&S DSG,42000,PLN,Diesel,244000,2014,Automatyczna,2.0
Kia,Kia Ceed 1.4 S,29990,PLN,Benzyna,90000,2013,Manualna,1.4
Skoda,Skoda Fabia 1.6 TDI DPF Monte Carlo,12000,PLN,Diesel,240500,2012,Manualna,1.6
Volkswagen,Volkswagen Caravelle L2 Comfortline,55000,PLN,Diesel,161000,2010,Manualna,NULL
Volkswagen,Volkswagen Caddy Maxi,37400,PLN,Diesel,194500,2018,Manualna,NULL
Volkswagen,Volkswagen LT Standard,8500,PLN,Diesel,450000,2004,Manualna,NULL
Hyundai,Hyundai Tucson,119900,PLN,Hybryda,21307,2023,Automatyczna,NULL
Chevrolet,Chevrolet Aveo,15999,PLN,Benzyna,101000,2011,Manualna,NULL
Hyundai,Hyundai Tucson 1.6 T-GDi HEV Executive 2WD,114000,PLN,Hybryda,137071,2023,Automatyczna,1.6
Citroën,Citroën C4 Picasso e-HDi 115 ETG6 Exclusive,23999,PLN,Diesel,213000,2014,Automatyczna,NULL
Volkswagen,Volkswagen Golf 1.6 FSI Comfortline,5500,PLN,Benzyna,300808,2004,Manualna,1.6
Cupra,Cupra Formentor 2.0 TSI 4Drive VZ DSG,138990,PLN,Benzyna,34000,2024,Automatyczna,2.0
BMW,BMW Seria 3,33900,PLN,Benzyna,136000,2012,Manualna,NULL
BMW,BMW X3,17999,PLN,Benzyna,244111,2004,Manualna,NULL
Renault,Renault Arkana 1.3 TCe mHEV Evolution EDC,77700,PLN,Benzyna,1007,2024,Automatyczna,1.3
Opel,Opel Astra 1.0 Turbo Start/Stop Edition,29990,PLN,Benzyna,152000,2016,Manualna,1.0
Opel,Opel Astra 1.4 Turbo Innovation,24999,PLN,Benzyna,180000,2014,Manualna,1.4
Kia,Kia XCeed 1.5 T-GDI L Business Line,61900,PLN,Benzyna,135000,2021,Manualna,1.5
Ford,Ford S-Max,19600,PLN,Diesel,370000,2010,Manualna,NULL
BMW,BMW Seria 4,57500,PLN,Diesel,206000,2016,Automatyczna,NULL
Audi,Audi Q5 45 TFSI quattro S tronic,120000,PLN,Benzyna,60000,2020,Automatyczna,NULL
Opel,Opel Zafira 2.0 D (CDTI ecoFLEX) Start/Stop Business Innovation,37999,PLN,Diesel,191000,2017,Manualna,2.0
MINI,MINI John Cooper Works ALL4 sport,109000,PLN,Benzyna,113000,2019,Automatyczna,NULL
Kia,Kia Stonic 1.4 XL,61200,PLN,Benzyna,43000,2018,Manualna,1.4
BMW,BMW Seria 5 530i mHEV Luxury Line sport,135300,PLN,Benzyna,104000,2022,Automatyczna,NULL
Renault,Renault Master L3 Pack Clim,32000,PLN,Diesel,550581,2014,Manualna,NULL
BMW,BMW X1 xDrive18d Sport Line,27500,PLN,Diesel,279000,2011,Automatyczna,NULL
Peugeot,Peugeot 108 VTI 68 ETG5 Top Allure,16600,PLN,Benzyna,105000,2015,Automatyczna,NULL
BMW,BMW X3 xDrive20i,17999,PLN,Benzyna,211000,2006,Manualna,NULL
Jeep,Jeep Compass,5000,PLN,Benzyna,206000,2007,Manualna,NULL
Renault,Renault Megane BLUE dCi 115 TECHNO,19900,PLN,Diesel,195000,2022,Manualna,NULL
Peugeot,Peugeot 5008 2.0 BlueHDi Allure Pack S&S EAT8,113900,PLN,Diesel,88900,2022,Automatyczna,2.0
Skoda,Skoda Superb,10000,PLN,Benzyna,254000,2011,Manualna,NULL
Ford,Ford Focus 2.0 EcoBoost ST,32000,PLN,Benzyna,267000,2014,Manualna,2.0
Ford,Ford Mondeo 2.0 TDCi STart-Stopp PowerShift-Aut Trend,48999,PLN,Diesel,207000,2018,Automatyczna,2.0
Citroën,Citroën Berlingo 1.6 HDi Multispace,21000,PLN,Diesel,242360,2014,Manualna,1.6
Volkswagen,Volkswagen Golf 1.9 TDI DPF Trendline,8499,PLN,Diesel,323622,2006,Manualna,1.9
Ford,Ford Focus,27000,PLN,Benzyna+LPG,167000,2014,Manualna,NULL
BMW,BMW Seria 5,29500,PLN,Diesel,264500,2011,Manualna,NULL
Audi,Audi Q5 2.0 TFSI Quattro S tronic,98900,PLN,Benzyna,95839,2018,Automatyczna,2.0
Fiat,Fiat Tipo 1.6 MultiJet DCT Sport,17700,PLN,Diesel,95000,2018,Automatyczna,1.6
Suzuki,Suzuki Jimny,43700,PLN,Benzyna,121000,2009,Manualna,NULL
Mercedes-Benz,Mercedes-Benz CLA 180 7G-DCT AMG Line,75900,PLN,Benzyna,81000,2018,Automatyczna,NULL
Citroën,Citroën Berlingo,47900,PLN,Diesel,110000,2020,Manualna,NULL
Ford,Ford Mondeo 2.0 TDCi STart-Stopp PowerShift-Aut Titanium,64900,PLN,Diesel,136400,2022,Automatyczna,2.0
Kia,Kia Ceed 1.6 GDI M,39900,PLN,Benzyna,90000,2017,Manualna,1.6
Mazda,Mazda 3,53900,PLN,Benzyna,98500,2018,Automatyczna,NULL
BMW,BMW 3GT 318d Modern Line,19500,PLN,Diesel,230000,2014,Automatyczna,NULL
Hyundai,Hyundai i30 1.4 GO Plus,48300,PLN,Benzyna,63000,2018,Manualna,1.4
Mercedes-Benz,Mercedes-Benz GLC 220 d 4Matic 9G-TRONIC AMG Line,124900,PLN,Diesel,83432,2018,Automatyczna,NULL
BMW,BMW Seria 5 530d Blue Performance Sport-Aut,21500,PLN,Diesel,295000,2010,Automatyczna,NULL
Ford,Ford Grand C-MAX 1.6 TDCi Titanium,14900,PLN,Diesel,346000,2010,Manualna,1.6
Volkswagen,Volkswagen Polo 1.2 Entry,7500,PLN,Benzyna,50000,2007,Manualna,1.2
BMW,BMW Seria 3,15000,PLN,Benzyna,222665,2007,Manualna,NULL
Seat,Seat Alhambra 2.0 TDI S&S DSG XCELLENCE,30600,PLN,Diesel,245000,2018,Automatyczna,2.0
Volvo,Volvo V90 T4 Momentum,97000,PLN,Benzyna,155000,2019,Automatyczna,NULL
BMW,BMW Seria 3,27999,PLN,Benzyna,205000,2009,Manualna,NULL
Opel,Opel Mokka X 1.4 T 120 Lat S&S 4x4,54700,PLN,Benzyna,92750,2018,Manualna,1.4
Toyota,Toyota Auris 1.6 Premium,22900,PLN,Benzyna+LPG,144642,2010,Manualna,1.6
Volvo,Volvo XC 60 D5 SCR AWD Inscription,89000,PLN,Diesel,205000,2018,Automatyczna,NULL
Opel,Opel Astra 1.4 Turbo Active,23900,PLN,Benzyna,159406,2013,Manualna,1.4
Nissan,Nissan Qashqai 1.2 DIG-T N-Connecta EU6,33900,PLN,Benzyna,180000,2016,Manualna,1.2
Kia,Kia Sportage 2.0 Expedition,13000,PLN,Benzyna+LPG,246000,2006,Manualna,2.0
Renault,Renault Talisman 2.0 Blue dCi Intens EDC,29900,PLN,Diesel,32000,2021,Automatyczna,2.0
Renault,Renault Captur ENERGY TCe 120 Experience,31400,PLN,Benzyna,99000,2017,Manualna,NULL
Kia,Kia Sportage,23900,PLN,Diesel,319000,2011,Manualna,NULL
Mercedes-Benz,Mercedes-Benz SLK 250 BlueEFFICIENCY 7G-TRONIC Edition 1,30600,PLN,Benzyna,98000,2011,Automatyczna,NULL
Kia,Kia Sportage 2.0 CRDI XL,27900,PLN,Diesel,279000,2012,Manualna,2.0
Mazda,Mazda CX-3 2.0 Skypassion,55800,PLN,Benzyna,98293,2016,Automatyczna,2.0
BMW,BMW Seria 3 320d xDrive mHEV M Sport,155000,PLN,Diesel,58850,2023,Automatyczna,NULL
Dacia,Dacia Sandero Stepway 0.9 TCe Outdoor S&S,25900,PLN,Benzyna,156000,2017,Manualna,0.9
Ford,Ford F150,29900,PLN,Benzyna+LPG,205000,2014,Automatyczna,NULL
Dacia,Dacia Duster TCe 150 EDC 2WD Prestige,29900,PLN,Benzyna,40000,2022,Automatyczna,NULL
Ford,Ford Fiesta 1.25 Silver X (SVP),14900,PLN,Benzyna,156000,2009,Manualna,1.2
Opel,Opel Adam 1.4 Jam S&S,25900,PLN,Benzyna,165000,2016,Manualna,1.4
Volkswagen,Volkswagen Golf 1.0 eTSI OPF DSG Life,26900,PLN,Benzyna,72000,2021,Automatyczna,1.0
Seat,Seat Ibiza 1.2 12V Reference,6600,PLN,Benzyna,271000,2008,Manualna,1.2
Ford,Ford C-MAX 2.0 TDCi Trend,22000,PLN,Diesel,238688,2015,Manualna,2.0
Mazda,Mazda CX-30,87000,PLN,Benzyna,38000,2023,Automatyczna,NULL
DS Automobiles,DS Automobiles DS 3,19500,PLN,Elektryczny,115000,2020,Automatyczna,NULL
Kia,Kia Sorento 1.6T-GDI PHEV AWD OPF Platinum,65500,PLN,Hybryda Plug-in,109000,2021,Automatyczna,1.6
Skoda,Skoda Fabia 1.0 TSI Best of Clever,18800,PLN,Benzyna,214000,2019,Manualna,1.0
Suzuki,Suzuki SX4 S-Cross 1.4 Boosterjet Allgrip Automatik Comfort+,50999,PLN,Benzyna,141500,2017,Automatyczna,1.4
Volvo,Volvo XC 90 D5 AWD Momentum,92500,PLN,Diesel,189337,2016,Automatyczna,NULL
Ford,Ford Focus 1.6 Trend,34900,PLN,Benzyna,157685,2018,Manualna,1.6
Mercedes-Benz,Mercedes-Benz Klasa C 200 Kompressor Elegance,24000,PLN,Benzyna,233839,2007,Manualna,NULL
Toyota,Toyota Verso 1.8 Premium 7os EU6,39500,PLN,Benzyna,176000,2015,Manualna,1.8
Honda,Honda CR-V 2.0i-VTEC Executive,24900,PLN,Benzyna,172000,2007,Manualna,2.0
Renault,Renault Clio 0.9 Energy TCe Intens,29999,PLN,Benzyna,122000,2020,Manualna,0.9
Opel,Opel Mokka 1.4 Turbo ecoFLEX Start/Stop 4x4 Color Edition,24990,PLN,Benzyna,125000,2012,Manualna,1.4
Ford,Ford S-Max 2.0 TDCi 4WD Vignale PowerShift,49000,PLN,Diesel,271000,2015,Automatyczna,2.0
Renault,Renault Clio 0.9 TCe Business,27900,PLN,Benzyna,183350,2019,Manualna,0.9
Ford,Ford Focus,14000,PLN,Diesel,189000,2015,Manualna,NULL
Volkswagen,Volkswagen Polo 1.2 12V Comfortline,22999,PLN,Benzyna,109371,2013,Manualna,1.2
BMW,BMW X4 xDrive20d,64000,PLN,Diesel,211450,2015,Automatyczna,NULL
Fiat,Fiat Linea,9000,PLN,Benzyna,191130,2009,Manualna,NULL
Volvo,Volvo V40 D4 Drive-E Summum,31999,PLN,Diesel,290000,2014,Manualna,NULL
Seat,Seat Leon 1.2 TSI Ecomotive Style,29900,PLN,Benzyna,138454,2013,Manualna,1.2
Suzuki,Suzuki Vitara 1.4 Boosterjet Elegance 2WD,59800,PLN,Benzyna,70000,2018,Manualna,1.4
Ford,Ford C-MAX 1.5 EcoBoost Titanium ASS,39400,PLN,Benzyna,87000,2016,Manualna,1.5
Suzuki,Suzuki Swift 1.6 Sport,16900,PLN,Benzyna,190000,2010,Manualna,1.6
Mercedes-Benz,Mercedes-Benz W124 (1984-1993),16000,PLN,Benzyna,290000,1991,Manualna,NULL
Fiat,Fiat Panda,44500,PLN,Benzyna,19100,2021,Manualna,NULL
Peugeot,Peugeot 208 68 VTI Active,17900,PLN,Benzyna,91025,2016,Manualna,NULL
Ford,Ford Focus 1.0 EcoBoost Titanium,23900,PLN,Benzyna,133855,2015,Manualna,1.0
Toyota,Toyota Yaris Cross,89500,PLN,Benzyna,56445,2022,Automatyczna,NULL
BMW,BMW X3 xDrive20d xLine,54735,PLN,Diesel,259071,2015,Automatyczna,NULL
Renault,Renault Grand Scenic Gr 1.6 dCi Energy Zen,23000,PLN,Diesel,179000,2014,Manualna,1.6
Opel,Opel Zafira,3500,PLN,Benzyna,230000,1999,Manualna,NULL
Fiat,Fiat 500 1.4 16V Sport,14900,PLN,Benzyna,187500,2007,Manualna,1.4
Suzuki,Suzuki Swift,8500,PLN,Benzyna,175135,2007,Manualna,NULL
Hyundai,Hyundai i10 1.0 Access,22000,PLN,Benzyna,111044,2016,Manualna,1.0
Citroën,Citroën C4 Picasso THP 150 EGS6 Exclusive,11500,PLN,Benzyna,145000,2009,Automatyczna,NULL
Dacia,Dacia Duster dCi 110 FAP 4x4 Laureate,19900,PLN,Diesel,224900,2011,Manualna,NULL
Volkswagen,Volkswagen Tiguan 1.4 TSI ACT DSG OPF Join,42900,PLN,Benzyna,167000,2015,Automatyczna,1.4
Toyota,Toyota RAV4 2.0 D-4D 4x4,19900,PLN,Diesel,263000,2005,Manualna,2.0
Kia,Kia Sportage 1.6 GDI M 2WD,28900,PLN,Benzyna,231000,2012,Manualna,1.6
Peugeot,Peugeot 3008 PureTech 130 Stop & Start GPF Crossway,59900,PLN,Benzyna,79000,2018,Manualna,NULL
Volkswagen,Volkswagen Caddy 2.0 (5-Si.) Trendline,49900,PLN,Diesel,227000,2018,Manualna,2.0
Toyota,Toyota Yaris 1.5 Comfort,53990,PLN,Benzyna,139900,2023,Manualna,1.5
Opel,Opel Zafira,19900,PLN,Benzyna,200000,2011,Manualna,NULL
Toyota,Toyota RAV4,84900,PLN,Benzyna,131000,2019,Manualna,NULL
Suzuki,Suzuki SX4,56900,PLN,Benzyna,90826,2019,Manualna,NULL
Lancia,Lancia Delta,18900,PLN,Benzyna+LPG,193966,2013,Manualna,NULL
Volvo,Volvo S40 2.0D,4500,PLN,Diesel,251755,2004,Manualna,2.0
Mazda,Mazda RX-8,35900,PLN,Benzyna,98800,2007,Manualna,NULL
Mercedes-Benz,Mercedes-Benz Klasa C 180 7G-TRONIC,47000,PLN,Benzyna,134000,2012,Automatyczna,NULL
Peugeot,Peugeot 5008,69900,PLN,Diesel,190000,2019,Automatyczna,NULL
Mazda,Mazda 6 2.5 SkyPrestige,121000,PLN,Benzyna,81268,2022,Automatyczna,2.5
BMW,BMW X1,55000,PLN,Benzyna,183000,2016,Automatyczna,NULL
Fiat,Fiat Freemont,32500,PLN,Diesel,259000,2014,Automatyczna,NULL
Renault,Renault Clio Energy TCe 75 LIMITED 2018,31900,PLN,Benzyna,42000,2019,Manualna,NULL
Mercedes-Benz,Mercedes-Benz GLA,85000,PLN,Benzyna,175000,2015,Automatyczna,NULL
Land Rover,Land Rover Range Rover Evoque 2.0TD4 SE Plus,55000,PLN,Diesel,181731,2016,Automatyczna,2.0
Renault,Renault Megane 1.6 16V 110 Dynamique,14750,PLN,Benzyna,141155,2009,Manualna,1.6
BMW,BMW Seria 5 520d mHEV M Sport,249000,PLN,Diesel,32000,2024,Automatyczna,NULL
Hyundai,Hyundai Tucson 1.6 T-GDi Executive N Line 2WD,89900,PLN,Benzyna,26000,2021,Manualna,1.6
Peugeot,Peugeot 3008,28800,PLN,Benzyna,106000,2014,Manualna,NULL
Citroën,Citroën C4 HDi 90 Selection,21500,PLN,Diesel,215313,2012,Manualna,NULL
Renault,Renault Espace 2.0 dCi SL Alcantara,27600,PLN,Diesel,243804,2013,Manualna,2.0
Volvo,Volvo XC 40 B5 B AWD Geartronic RDesign,134900,PLN,Benzyna,36900,2024,Automatyczna,NULL
Audi,Audi Q5 2.0 TDI Quattro Sport S tronic,95000,PLN,Diesel,98650,2018,Automatyczna,2.0
Renault,Renault Megane 1.8 TCe FAP R.S EDC,112000,PLN,Benzyna,93000,2020,Automatyczna,1.8
Suzuki,Suzuki Alto 1.0 Comfort,8500,PLN,Benzyna,230934,2011,Manualna,1.0
Hyundai,Hyundai Tucson 1.6 T-GDi 48V Executive 2WD DCT,107900,PLN,Benzyna,112185,2022,Automatyczna,1.6
Volkswagen,Volkswagen Passat 2.0 TDI Trendline,26900,PLN,Diesel,289000,2013,Manualna,2.0
BMW,BMW Seria 1 120d M Sport Shadow sport,65000,PLN,Diesel,198370,2018,Automatyczna,NULL
Seat,Seat Ibiza 1.2 TSI Style,19500,PLN,Benzyna,197513,2014,Manualna,1.2
Citroën,Citroën C5,4500,PLN,Diesel,311517,2005,Manualna,NULL
Audi,Audi A4 Allroad,37500,PLN,Diesel,121814,2013,Manualna,NULL
Citroën,Citroën C4 Picasso 2.0 HDi Selection,19900,PLN,Diesel,323100,2016,Manualna,2.0
Hyundai,Hyundai Elantra 1.6 Executive,68900,PLN,Benzyna,73646,2021,Manualna,1.6
BMW,BMW Seria 5 520d xDrive Luxury Line,93000,PLN,Diesel,117000,2019,Automatyczna,NULL
Volkswagen,Volkswagen Caddy,72900,PLN,Diesel,133600,2022,Manualna,NULL
Toyota,Toyota Auris,22900,PLN,Benzyna,175900,2009,Manualna,NULL
Audi,Audi A6 Avant,45900,PLN,Diesel,296400,2017,Manualna,NULL
BMW,BMW X4 xDrive20i M Sport sport,126900,PLN,Benzyna,71308,2019,Automatyczna,NULL
Volkswagen,Volkswagen Caravelle,42900,PLN,Diesel,380000,2010,Manualna,NULL
Volkswagen,Volkswagen T-Roc 2.0 TSI 4Motion R-Line DSG,118900,PLN,Benzyna,70800,2022,Automatyczna,2.0
BMW,BMW Seria 1 120i Edition M Sport Shadow,71900,PLN,Benzyna,122000,2019,Automatyczna,NULL
Suzuki,Suzuki SX4,13000,PLN,Benzyna,212000,2007,Manualna,NULL
Mercedes-Benz,Mercedes-Benz GLA 200 Urban,67900,PLN,Benzyna,116000,2016,Manualna,NULL
Nissan,Nissan X-Trail,112900,PLN,Benzyna,99800,2023,Automatyczna,NULL
Seat,Seat Ibiza 1.2 TSI FR,26800,PLN,Benzyna,163637,2015,Manualna,1.2
Volvo,Volvo XC 90,174900,PLN,Diesel,116600,2022,Automatyczna,NULL
Alfa Romeo,Alfa Romeo Stelvio 2.0 Turbo Business Q4,99900,PLN,Benzyna,78000,2020,Automatyczna,2.0
Kia,Kia Ceed 1.4 CVVT Dream-Team Edition,37300,PLN,Benzyna,177820,2016,Manualna,1.4
Mitsubishi,Mitsubishi Eclipse Cross 1.5 T-MIVEC (ClearTec) CVT 4WD Active+,46900,PLN,Benzyna,112000,2019,Automatyczna,1.5
Ford,Ford C-MAX 1.6 TDCi Ghia,4990,PLN,Diesel,229000,2007,Manualna,1.6
BMW,BMW Seria 5 535d Luxury Line,58425,PLN,Diesel,299500,2014,Automatyczna,NULL
Skoda,Skoda Kamiq 1.0 TSI Ambition DSG,71990,PLN,Benzyna,107495,2023,Automatyczna,1.0
Ford,Ford Focus,18900,PLN,Benzyna,159230,2011,Manualna,NULL
Volkswagen,Volkswagen Polo 1.2 TDI Life,9900,PLN,Diesel,204062,2013,Manualna,1.2
Audi,Audi Q5 55 TFSIe quattro S tronic S line,142800,PLN,Hybryda Plug-in,128000,2021,Automatyczna,NULL
Opel,Opel Zafira 1.6 Enjoy,12900,PLN,Benzyna,178953,2008,Manualna,1.6
Suzuki,Suzuki Jimny,56700,PLN,Benzyna,96000,2013,Manualna,NULL
Audi,Audi S3,119000,PLN,Benzyna,105500,2018,Automatyczna,NULL
BMW,BMW Seria 7 740i V8,59000,PLN,Benzyna,191000,1996,Automatyczna,NULL
Toyota,Toyota Yaris 1.0 Luna,6300,PLN,Benzyna,233089,2006,Manualna,1.0
Maserati,Maserati Levante,99900,PLN,Benzyna,93000,2017,Automatyczna,NULL
Porsche,Porsche Cayenne E-Hybrid PHEV,501296,PLN,Hybryda Plug-in,10,2024,Automatyczna,NULL
Citroën,Citroën C4 Picasso 2.0 HDi Exclusive MCP,17500,PLN,Diesel,208027,2011,Automatyczna,2.0
BMW,BMW Seria 3,29000,PLN,Diesel,252000,2014,Automatyczna,NULL
Fiat,Fiat Grande Punto 1.4 8V,11900,PLN,Benzyna,142000,2007,Manualna,1.4
Ford,Ford Fiesta 1.25 Ghia,14900,PLN,Benzyna,160300,2009,Manualna,1.2
Peugeot,Peugeot 3008 BlueHDi 130 Stop & Start Active Business-Paket,62900,PLN,Diesel,175000,2021,Manualna,NULL
Peugeot,Peugeot 208 PureTech 100 GT Pack,43900,PLN,Benzyna,51000,2020,Manualna,NULL
Peugeot,Peugeot 3008,122000,PLN,Hybryda,15124,2025,Automatyczna,NULL
Ford,Ford Kuga 2.0 TDCi 4WD Titanium,32000,PLN,Diesel,249000,2014,Manualna,2.0
Mercedes-Benz,Mercedes-Benz Klasa C 220 d 4MATIC 9G-TRONIC,115000,PLN,Diesel,42065,2019,Automatyczna,NULL
Mercedes-Benz,Mercedes-Benz GLC 300 4-Matic,130000,PLN,Benzyna,72766,2022,Automatyczna,NULL
Mercedes-Benz,Mercedes-Benz GLA 200 7G-DCT,64500,PLN,Benzyna,144250,2016,Automatyczna,NULL
Ford,Ford Mondeo 2.0 Ghia,12000,PLN,Benzyna+LPG,282745,2008,Manualna,2.0
Mitsubishi,Mitsubishi ASX,10000,PLN,Diesel,235000,2010,Manualna,NULL
Nissan,Nissan Juke,11900,PLN,Benzyna,137000,2015,Automatyczna,NULL
BMW,BMW Seria 5,99800,PLN,Benzyna,151000,2018,Automatyczna,NULL
Fiat,Fiat Grande Punto,3999,PLN,Diesel,287000,2013,Manualna,NULL
BYD,BYD Seal 5,96900,PLN,Hybryda Plug-in,4000,2025,Automatyczna,NULL
Peugeot,Peugeot 308 1.5 BlueHDi Allure S&S EAT8,118900,PLN,Diesel,1,2026,Automatyczna,1.5
Fiat,Fiat Ducato,36777,PLN,Diesel,696452,2014,Manualna,NULL
Iveco,Iveco Daily D,54735,PLN,Diesel,410050,2016,Manualna,NULL
Peugeot,Peugeot 508 HDi FAP 160 Active,19900,PLN,Diesel,377000,2011,Manualna,NULL
Ford,Ford Focus,15867,PLN,Diesel,235543,2014,Manualna,NULL
Ford,Ford Focus,39360,PLN,Diesel,294959,2018,Manualna,NULL
Renault,Renault Megane TCe 140 GPF INTENS,52900,PLN,Benzyna,96000,2021,Manualna,NULL
Mercedes-Benz,Mercedes-Benz GLE,392500,PLN,Diesel,5,2026,Automatyczna,NULL
Mercedes-Benz,Mercedes-Benz GLA 200 7G-DCT AMG Line,81900,PLN,Benzyna,123457,2018,Automatyczna,NULL
Volkswagen,Volkswagen Polo 1.4 TDI Comfortline,3000,PLN,Diesel,161353,2003,Manualna,1.4
Seat,Seat Altea 1.4 TSI Reference,15900,PLN,Benzyna,105476,2010,Manualna,1.4
Opel,Opel Mokka X 1.6 CDTI Color Edition S&S,35000,PLN,Diesel,251500,2017,Manualna,1.6
Skoda,Skoda Fabia 1.2 TSI STYLE EDITION,11900,PLN,Benzyna,185296,2010,Manualna,1.2
Volkswagen,Volkswagen up! (BlueMotion Technology) beats,29900,PLN,Benzyna,74733,2019,Manualna,NULL
Opel,Opel Vectra 2.2 Comfort,7900,PLN,Benzyna,235800,2006,Manualna,2.2
Volkswagen,Volkswagen Touran 1.6 Trendline,19900,PLN,Benzyna,149845,2010,Manualna,1.6
Seat,Seat Ibiza 1.0 Eco TSI S&S Style,25500,PLN,Benzyna,139928,2016,Manualna,1.0
Ford,Ford Transit Connect 220 L1 LKW Trend,33500,PLN,Diesel,189488,2016,Manualna,NULL
Audi,Audi A4 Avant 2.0 TDI e DPF Ambiente,38900,PLN,Diesel,213451,2015,Manualna,2.0
Opel,Opel Astra 2.0 Turbo Elegance,13500,PLN,Benzyna,143000,2005,Manualna,2.0
Hyundai,Hyundai Tucson 1.6 T-GDi 48V Smart 2WD DCT,107850,PLN,Benzyna,75943,2024,Automatyczna,1.6
Opel,Opel Mokka,37900,PLN,Benzyna+LPG,176000,2015,Manualna,NULL
Mitsubishi,Mitsubishi ASX 1.3 Turbo Mildhybrid DCT TOP,59999,PLN,Benzyna,24000,2023,Automatyczna,1.3
Skoda,Skoda RAPID Spb 1.2 TSI Ambition,21900,PLN,Benzyna,163200,2014,Manualna,1.2
Skoda,Skoda Superb 2.0 TDI Comfort,29900,PLN,Diesel,281000,2013,Manualna,2.0
McLaren,McLaren 570S Coupe,820000,PLN,Benzyna,55719,2016,Automatyczna,NULL
Land Rover,Land Rover Freelander,12500,PLN,Benzyna,157000,1998,Manualna,NULL
Mercedes-Benz,Mercedes-Benz Klasa B 200 CDI Autotronic,10900,PLN,Diesel,274000,2007,Automatyczna,NULL
Citroën,Citroën C5 Aircross 1.5 BlueHDi Feel EAT8,69900,PLN,Diesel,61657,2019,Automatyczna,1.5
Jeep,Jeep Cherokee 3.2 V6 Active Drive I Overland,79900,PLN,Benzyna,146100,2019,Automatyczna,3.2
BMW,BMW X2 xDrive20d mHEV M Sport,219900,PLN,Diesel,14390,2025,Automatyczna,NULL
Opel,Opel Mokka 1.4 Turbo Automatik Innovation,47900,PLN,Benzyna,114286,2017,Automatyczna,1.4
Lexus,Lexus IS 300h F Sport,83999,PLN,Hybryda,98700,2013,Automatyczna,NULL
Lexus,Lexus CT Luxury Line,80000,PLN,Hybryda,91750,2018,Automatyczna,NULL
Audi,Audi A1 3-drzwiowe,17000,PLN,Benzyna,267000,2011,Manualna,NULL
Dacia,Dacia Duster 1.6 SCe Comfort,19999,PLN,Benzyna+LPG,226519,2019,Manualna,1.6
Hyundai,Hyundai Tucson,116900,PLN,Benzyna,34315,2024,Automatyczna,NULL
Renault,Renault Clio 1.2 16V Campus Authentique,14500,PLN,Benzyna,110775,2012,Manualna,1.2
Renault,Renault Trafic,59900,PLN,Diesel,200000,2017,Manualna,NULL
Ford,Ford Orion,13900,PLN,Benzyna,19100,1991,Automatyczna,NULL
Ford,Ford Focus 2.0 EcoBlue Titanium X,35900,PLN,Diesel,198000,2018,Manualna,2.0
Audi,Audi A6 Limousine,69999,PLN,Diesel,230000,2016,Automatyczna,NULL
BMW,BMW X3 xDrive20d mHEV,310600,PLN,Hybryda,1,2026,Automatyczna,NULL
Chevrolet,Chevrolet Orlando 1.8 LT,26999,PLN,Benzyna+LPG,216759,2012,Manualna,1.8
Nissan,Nissan Qashqai 1.3 DIG-T N-Connecta,58900,PLN,Benzyna,178723,2017,Manualna,1.3
Ford,Ford Focus 1.5 EcoBoost Trend Sport ASS,47970,PLN,Benzyna,189000,2019,Manualna,1.5
Volkswagen,Volkswagen Caddy 2.0 TDI Highline,41900,PLN,Diesel,229000,2018,Manualna,2.0
Audi,Audi A6 Avant 3.0 TDI competition quattro tiptronic,110000,PLN,Diesel,213000,2015,Automatyczna,3.0
Fiat,Fiat Freemont,34900,PLN,Diesel,221383,2012,Automatyczna,NULL
Chrysler,Chrysler Pacifica,169900,PLN,Benzyna,133067,2021,Automatyczna,NULL
Skoda,Skoda Karoq 1.5 TSI ACT Sportline DSG,129900,PLN,Benzyna,19000,2024,Automatyczna,1.5
Suzuki,Suzuki Swift 1.3 GLX / Comfort,8900,PLN,Benzyna,170000,2006,Manualna,1.3
Citroën,Citroën C4 Grand Picasso,8990,PLN,Benzyna,198000,2010,Automatyczna,NULL
Jeep,Jeep Wrangler GME 2.0 Turbo Sport,132000,PLN,Benzyna,21152,2018,Automatyczna,2.0
Toyota,Toyota Corolla,25900,PLN,Benzyna,318000,2013,Manualna,NULL
Citroën,Citroën C4X 1.2 PureTech Max S&S EAT8,74900,PLN,Benzyna,39467,2023,Automatyczna,1.2
Citroën,Citroën C4 1.2 PureTech Plus S&S EAT8,73800,PLN,Benzyna,22436,2023,Automatyczna,1.2
BMW,BMW X7 xDrive40i mHEV sport,329900,PLN,Benzyna,93100,2021,Automatyczna,NULL
Volvo,Volvo XC 60 B4 B Core,111890,PLN,Benzyna,152298,2022,Automatyczna,NULL
Toyota,Toyota Proace City Verso Long 1.5 D-4D Business,97500,PLN,Diesel,41267,2024,Manualna,1.5
Volvo,Volvo XC 40 B5 AWD Ultimate Dark,148500,PLN,Benzyna,9500,2024,Automatyczna,NULL
Ford,Ford Puma 1.0 EcoBoost mHEV ST-Line X,68890,PLN,Benzyna,105100,2023,Manualna,1.0
Seat,Seat Leon 2.0 TSI FR DSG,68890,PLN,Benzyna,91632,2018,Automatyczna,2.0
Land Rover,Land Rover Range Rover Evoque,85890,PLN,Benzyna,100105,2018,Automatyczna,NULL
Jaecoo,Jaecoo 7,146900,PLN,Hybryda,10,2026,Automatyczna,NULL
Jaecoo,Jaecoo 5,133500,PLN,Hybryda,10,2026,Automatyczna,NULL
MINI,MINI Countryman Cooper SE ALL4 Classic Trim,86900,PLN,Hybryda Plug-in,89533,2020,Automatyczna,NULL
Fiat,Fiat Bravo 1.9 Multijet Dynamic,8999,PLN,Diesel,244895,2009,Manualna,1.9
Kia,Kia EV6,52000,PLN,Elektryczny,20000,2023,Automatyczna,NULL
Jetour,Jetour Dashing,99900,PLN,Benzyna,5,2025,Automatyczna,NULL
Ford,Ford Focus,51000,PLN,Benzyna,192000,2016,Manualna,NULL
Opel,Opel Grandland X 1.6 D Start/Stop INNOVATION,44700,PLN,Diesel,176000,2018,Manualna,1.6
Kia,Kia Ceed 1.5 T-GDI M DCT,49900,PLN,Benzyna,14960,2024,Automatyczna,1.5
Lexus,Lexus NX 300 Business Edition AWD,106900,PLN,Benzyna,92350,2019,Automatyczna,NULL
Chevrolet,Chevrolet Orlando 2.0 D LTZ,23999,PLN,Diesel,264070,2013,Manualna,2.0
Opel,Opel Astra 1.4 Enjoy,17000,PLN,Benzyna+LPG,204000,2011,Manualna,1.4
Ford,Ford Puma 1.0 EcoBoost ST-Line,49900,PLN,Benzyna,99000,2020,Manualna,1.0
Jaguar,Jaguar E-Pace 2.0 i4D AWD R-Dynamic,83590,PLN,Diesel,99180,2020,Automatyczna,2.0
BMW,BMW X3,21500,PLN,Diesel,295000,2004,Automatyczna,NULL
Renault,Renault Megane ENERGY TCe 100 EXPERIENCE,26900,PLN,Benzyna,134621,2016,Manualna,NULL
Mercedes-Benz,Mercedes-Benz Klasa E 400 d 4-Matic AMG,199800,PLN,Diesel,127008,2021,Automatyczna,NULL
Mazda,Mazda CX-9 3.7 V6,21500,PLN,Benzyna+LPG,227352,2009,Automatyczna,3.7
Mercedes-Benz,Mercedes-Benz Klasa C 220 d 4Matic 9G-TRONIC AMG Line,74500,PLN,Diesel,197000,2019,Automatyczna,NULL
Citroën,Citroën C3,73000,PLN,Benzyna,8604,2025,Manualna,NULL
Ford,Ford Grand C-MAX,17000,PLN,Diesel,147358,2011,Manualna,NULL
Renault,Renault Scenic,20000,PLN,Benzyna,101666,2014,Manualna,NULL
Opel,Opel Mokka,27000,PLN,Diesel,201862,2015,Manualna,NULL
Suzuki,Suzuki Baleno 1.2 Comfort,32700,PLN,Benzyna,51568,2016,Manualna,1.2
Peugeot,Peugeot 5008 1.6 PureTech GT Pack S&S EAT8,107850,PLN,Benzyna,111423,2022,Automatyczna,1.6
Hyundai,Hyundai Tucson,139000,PLN,Hybryda,10,2026,Automatyczna,NULL
Audi,Audi A3 Sportback 1.5 TFSI S tronic,64500,PLN,Benzyna,126000,2017,Automatyczna,1.5
BMW,BMW Seria 3,42000,PLN,Benzyna,248000,2007,Automatyczna,NULL
Toyota,Toyota Hilux 2.8 D-4D Double Cab GR Sport II 4x4,299000,PLN,Diesel,50,2026,Automatyczna,2.8
Audi,Audi A3 Sportback 1.5 TFSI S tronic,92899,PLN,Benzyna,30992,2023,Automatyczna,1.5
BMW,BMW Seria 3 320d xDrive MHEV M Sport sport,144900,PLN,Diesel,99999,2023,Automatyczna,NULL
Renault,Renault Clio 1.2 16V 75 LIMITED,33800,PLN,Benzyna,142000,2018,Manualna,1.2
Mazda,Mazda CX-5 SKYACTIV-G 165 AWD Exclusive-Line,79300,PLN,Benzyna,130000,2018,Manualna,NULL
Seat,Seat Leon 1.4 TSI Start&Stop FR,49800,PLN,Benzyna,126000,2017,Manualna,1.4
Mazda,Mazda CX-5,145000,PLN,Benzyna,39000,2023,Automatyczna,NULL
Ford,Ford Edge 2.0 TDCi 4x4 Sport,69900,PLN,Diesel,210000,2017,Manualna,2.0
Volkswagen,Volkswagen Transporter L2H1,72800,PLN,Diesel,232113,2019,Manualna,NULL
Porsche,Porsche 911 Carrera 4S,994304,PLN,Benzyna,10,2026,Automatyczna,NULL
Porsche,Porsche 911 Targa 4S,1065166,PLN,Benzyna,10,2026,Automatyczna,NULL
Mercedes-Benz,Mercedes-Benz Klasa C 200 4MATIC 9G-TRONIC,214999,PLN,Benzyna,4900,2025,Automatyczna,NULL
Dacia,Dacia Sandero Stepway 1.5 dCi Outdoor S&S,29900,PLN,Diesel,135000,2017,Manualna,1.5
Renault,Renault Grand Scenic Gr 1.4 16V TCE Expression,15500,PLN,Benzyna,238000,2009,Manualna,1.4
Ford,Ford Focus 1.0 EcoBoost Edition,22900,PLN,Benzyna,143280,2015,Manualna,1.0
Hyundai,Hyundai i20,16700,PLN,Benzyna,40000,2023,Manualna,NULL
Mercedes-Benz,Mercedes-Benz GLB 200 d 4-Matic Progressive 8G-DCT,134900,PLN,Diesel,87662,2020,Automatyczna,NULL
Nissan,Nissan Qashqai 1.3 DIG-T MHEV Tekna Xtronic,89999,PLN,Benzyna,94000,2022,Automatyczna,1.3
Ford,Ford Focus,29520,PLN,Benzyna,276740,2017,Manualna,NULL
Ford,Ford Focus 1.5 EcoBlue Start-Stopp-System ACTIVE STYLE,35900,PLN,Diesel,200824,2018,Manualna,1.5
Honda,Honda Civic 1.4 i-VTEC Comfort,17900,PLN,Benzyna,212940,2010,Manualna,1.4
Citroën,Citroën C3 Pure Tech 83 S&S FEEL,26900,PLN,Benzyna,138963,2020,Manualna,NULL
BMW,BMW X5,197900,PLN,Diesel,71193,2022,Automatyczna,NULL
Audi,Audi A6 Limousine,34700,PLN,Diesel,158000,2011,Automatyczna,NULL
Land Rover,Land Rover Range Rover Sport,459000,PLN,Benzyna,21000,2024,Automatyczna,NULL
Skoda,Skoda Karoq 1.5 TSI ACT Sportline DSG,145500,PLN,Benzyna,5,2026,Automatyczna,1.5
BMW,BMW Seria 1,159900,PLN,Benzyna,14700,2025,Automatyczna,NULL
Audi,Audi A6 Avant TFSI mHEV 200 kW Quattro S tronic,293900,PLN,Benzyna,8819,2026,Automatyczna,NULL
Renault,Renault Talisman,34900,PLN,Diesel,174000,2017,Automatyczna,NULL
Nissan,Nissan Qashqai 2.0 acenta,19900,PLN,Benzyna,172690,2008,Manualna,2.0
Volkswagen,Volkswagen Caravelle L1 Comfortline,45999,PLN,Diesel,351000,2012,Manualna,NULL
Mazda,Mazda 3,3800,PLN,Benzyna,222000,2005,Manualna,NULL
Maserati,Maserati Levante Q4,184900,PLN,Benzyna,45404,2022,Automatyczna,NULL
Mercedes-Benz,Mercedes-Benz CLA 180 7G-DCT,132900,PLN,Benzyna,53319,2023,Automatyczna,NULL
Citroën,Citroën C3,9000,PLN,Benzyna,211000,2010,Manualna,NULL
Volvo,Volvo XC 60 T6 Geartronic Linje Inscription,75900,PLN,Benzyna,68500,2015,Automatyczna,NULL
Audi,Audi Q7 4.2 TDI DPF Quattro Tiptronic,55000,PLN,Diesel,290500,2010,Automatyczna,4.2
Volvo,Volvo V40 D2 Base,23000,PLN,Diesel,266000,2013,Manualna,NULL
Dodge,Dodge Grand Caravan 3.6 R/T,48000,PLN,Benzyna,185330,2018,Automatyczna,3.6
Peugeot,Peugeot 3008 BlueHDi 130 Stop & Start Active,44500,PLN,Diesel,109000,2018,Manualna,NULL
Ford,Ford KA 1.2 Trend+ ASS EU6,19999,PLN,Benzyna,177777,2016,Manualna,1.2
Volkswagen,Volkswagen T-Cross,74900,PLN,Benzyna,12000,2025,Automatyczna,NULL
Mercedes-Benz,Mercedes-Benz Klasa E 400 4Matic 9G-TRONIC Exclusive,100500,PLN,Benzyna,211000,2017,Automatyczna,NULL
Seat,Seat Ibiza,3600,PLN,Benzyna,224000,2005,Manualna,NULL
Mercedes-Benz,Mercedes-Benz Klasa A,36500,PLN,Diesel,216000,2012,Automatyczna,NULL
BMW,BMW X3 xDrive30d,70999,PLN,Diesel,199990,2017,Automatyczna,NULL
Kia,Kia XCeed 1.6 T-GDI Tribute DCT,115500,PLN,Benzyna,1,2026,Automatyczna,1.6
Kia,Kia Stonic,39900,PLN,Benzyna,66000,2020,Manualna,NULL
BMW,BMW Seria 5,139000,PLN,Hybryda Plug-in,124821,2021,Automatyczna,NULL
Renault,Renault Clio 1.0 TCe Zen,43000,PLN,Benzyna+LPG,130733,2023,Manualna,1.0
Alfa Romeo,Alfa Romeo Tonale 1.5 T4 GSE mHEV TI DCT,79900,PLN,Benzyna,39500,2022,Automatyczna,1.5
Ford,Ford Fiesta,28500,PLN,Benzyna,138000,2018,Manualna,NULL
Fiat,Fiat Sedici 2.0 Multijet 16V 4x4 Dynamic,6000,PLN,Diesel,243533,2009,Manualna,2.0
Hyundai,Hyundai i20 1.2 Classic,46900,PLN,Benzyna,75000,2021,Manualna,1.2
Volkswagen,Volkswagen Transporter,4000,PLN,Diesel,454476,1992,Manualna,NULL
Land Rover,Land Rover Range Rover Velar 3.0 P400 mHEV S,383000,PLN,Benzyna,10,2026,Automatyczna,3.0
Kia,Kia Sportage 1.6 T-GDI PHEV Business Line 4WD,165900,PLN,Hybryda Plug-in,10850,2024,Automatyczna,1.6
Volkswagen,Volkswagen Golf,25500,PLN,Benzyna,278000,2016,Manualna,NULL
Jeep,Jeep Compass 2.2 CRD 4x4 70th Anniv,9900,PLN,Diesel,150000,2011,Manualna,2.2
Mercedes-Benz,Mercedes-Benz Klasa B 200 AMG Line 7G-DCT,149900,PLN,Benzyna,16018,2025,Automatyczna,NULL
DS Automobiles,DS Automobiles DS 7 1.5 BlueHDi Performance Line,154900,PLN,Diesel,2,2026,Automatyczna,1.5
Volvo,Volvo XC 40 T3 R-Design,124900,PLN,Benzyna,70890,2022,Automatyczna,NULL
Citroën,Citroën C4 1.2 PureTech Plus S&S,67900,PLN,Benzyna,10820,2023,Manualna,1.2
Ford,Ford Focus 1.6 Ghia,7900,PLN,Benzyna,122865,2004,Manualna,1.6
Ford,Ford Tourneo Custom,78000,PLN,Diesel,186453,2017,Automatyczna,NULL
Dodge,Dodge Durango,161000,PLN,Benzyna,25000,2023,Automatyczna,NULL
Fiat,Fiat Doblo Dynamic,19900,PLN,Diesel,259051,2010,Manualna,NULL
Changan,Changan Deepal S07,174900,PLN,Elektryczny,238,2025,Automatyczna,NULL
Hyundai,Hyundai ix35 1.6 GDI Classic 2WD,30400,PLN,Benzyna,107000,2012,Manualna,1.6
Ford,Ford Mustang,89900,PLN,Benzyna,140100,2008,Manualna,NULL
Hyundai,Hyundai i10,39900,PLN,Benzyna,25000,2021,Manualna,NULL
Fiat,Fiat Bravo 1.4 16V Multiair Emotion,19700,PLN,Benzyna,162000,2011,Manualna,1.4
Chevrolet,Chevrolet Captiva,10000,PLN,Diesel,269308,2007,Automatyczna,NULL
Ford,Ford Fiesta 1.0 EcoBoost Trend ASS,25900,PLN,Benzyna,128000,2017,Manualna,1.0
BMW,BMW X1,33300,PLN,Diesel,155000,2011,Manualna,NULL
BMW,BMW Seria 1,7900,PLN,Benzyna,182000,2012,Manualna,NULL
Skoda,Skoda Octavia,17900,PLN,Benzyna,116000,2019,Manualna,NULL
Peugeot,Peugeot 207 1.6 HDi 16V Trendy,6450,PLN,Diesel,127250,2009,Manualna,1.6
Opel,Opel Astra 1.2 T Elegance S&S,39900,PLN,Benzyna,111221,2021,Manualna,1.2
Opel,Opel Astra 1.2 T Business Edition S&S,39900,PLN,Benzyna,99987,2021,Manualna,1.2
Fiat,Fiat Tipo 1.0 T3,37900,PLN,Benzyna,92727,2021,Manualna,1.0
Skoda,Skoda Kamiq 1.0 TSI Edition 130 DSG,87900,PLN,Benzyna,36068,2024,Automatyczna,1.0
Renault,Renault Talisman,15900,PLN,Benzyna,182000,2018,Automatyczna,NULL
Volvo,Volvo S90 D4 Momentum,98000,PLN,Diesel,117500,2017,Automatyczna,NULL
Mercedes-Benz,Mercedes-Benz Klasa A 220 AMG Line 7G-DCT,90000,PLN,Benzyna,75000,2019,Automatyczna,NULL
Ford,Ford Mondeo,12900,PLN,Diesel,271000,2016,Manualna,NULL
Mercedes-Benz,Mercedes-Benz GLE 300 d mHEV 4-Matic,309900,PLN,Diesel,31156,2025,Automatyczna,NULL
Fiat,Fiat Tipo,5900,PLN,Benzyna+LPG,64000,2020,Manualna,NULL
Suzuki,Suzuki Vitara,10900,PLN,Benzyna,128000,2017,Manualna,NULL
Infiniti,Infiniti QX30,30500,PLN,Diesel,186848,2016,Automatyczna,NULL
Cupra,Cupra Formentor 2.0 TSI 4Drive VZ Tribe Edition DSG,118000,PLN,Benzyna,102950,2020,Automatyczna,2.0
Mazda,Mazda CX-3,10900,PLN,Diesel,180000,2017,Manualna,NULL
Audi,Audi A4 Avant,14900,PLN,Diesel,390,2008,Manualna,NULL
Volkswagen,Volkswagen CC,9900,PLN,Diesel,229000,2016,Manualna,NULL
Toyota,Toyota Yaris 1.3 Terra Polaris,8900,PLN,Benzyna,278328,2007,Manualna,1.3
Toyota,Toyota Avensis,11900,PLN,Diesel,205000,2019,Manualna,NULL
Audi,Audi SQ7 TDI Quattro Tiptronic,289050,PLN,Diesel,148000,2020,Automatyczna,NULL
Renault,Renault Megane TCe 130 Dynamique,12900,PLN,Benzyna,227976,2009,Manualna,NULL
Fiat,Fiat Tipo 1.4 16v Lounge,35900,PLN,Benzyna,139484,2019,Manualna,1.4
Dacia,Dacia Sandero Stepway,38500,PLN,Benzyna,32000,2024,Manualna,NULL
Renault,Renault Austral,29900,PLN,Benzyna,1500,2024,Automatyczna,NULL
Mercedes-Benz,Mercedes-Benz GLE 300 d mHEV 4-Matic,309900,PLN,Diesel,32793,2025,Automatyczna,NULL
Renault,Renault Scenic,7100,PLN,Benzyna,87000,2013,Manualna,NULL
Opel,Opel Corsa 1.4 16V Enjoy,16000,PLN,Benzyna,60959,2008,Manualna,1.4
BMW,BMW Seria 5,57000,PLN,Diesel,191000,2016,Automatyczna,NULL
Kia,Kia Sportage 1.6 T-GDI L 2WD,109900,PLN,Benzyna,1,2025,Manualna,1.6
Bentley,Bentley Mulsanne,399900,PLN,Benzyna,128000,2016,Automatyczna,NULL
Kia,Kia Rio,8900,PLN,Benzyna,91000,2022,Manualna,NULL
Volkswagen,Volkswagen up! (BlueMotion Technology) beats,23500,PLN,Benzyna,95072,2018,Manualna,NULL
Mercedes-Benz,Mercedes-Benz Klasa G,279000,PLN,Benzyna,168000,2013,Automatyczna,NULL
Audi,Audi Q3,11900,PLN,Diesel,176000,2012,Manualna,NULL
Mazda,Mazda CX-5,47500,PLN,Diesel,114905,2019,Automatyczna,NULL
Skoda,Skoda Octavia 1.5 TSI ACT Style,59990,PLN,Benzyna,144439,2020,Manualna,1.5
Volkswagen,Volkswagen Tiguan 2.0 TDI DPF 4Motion BlueMotion Technology DSG Exclusive,59500,PLN,Diesel,115409,2014,Automatyczna,2.0
Renault,Renault Kadjar Energy TCe 130 Bose Edition,23800,PLN,Benzyna,100746,2017,Manualna,NULL
Ford,Ford Fiesta 1.0 Titanium,28900,PLN,Benzyna,140227,2017,Manualna,1.0
MINI,MINI Countryman,225400,PLN,Hybryda,10,2026,Automatyczna,NULL
Volkswagen,Volkswagen Tiguan,9900,PLN,Diesel,250000,2008,Automatyczna,NULL
Audi,Audi A6 Avant,3300,PLN,Diesel,324000,2003,Automatyczna,NULL
Ford,Ford Focus,15900,PLN,Hybryda,4247,2024,Manualna,NULL
Aixam,Aixam A741,12500,PLN,Diesel,41000,2005,Automatyczna,NULL
Mazda,Mazda 6 Sport 2.2 CD DPF Top,18500,PLN,Diesel,147000,2009,Manualna,2.2
Chery,Chery Tiggo 8,179900,PLN,Hybryda Plug-in,10,2026,Automatyczna,NULL
Chery,Chery Tiggo 8,136000,PLN,Hybryda Plug-in,10,2025,Automatyczna,NULL
Chery,Chery Tiggo 7,154900,PLN,Hybryda Plug-in,10,2026,Automatyczna,NULL
Citroën,Citroën C3,3900,PLN,Diesel,161000,2013,Manualna,NULL
Nissan,Nissan Qashqai 1.3 DIG-T N-Connecta DCT,69900,PLN,Benzyna,82122,2019,Automatyczna,1.3
Opel,Opel Insignia 2.0 Automatik Business Innovation,47900,PLN,Diesel,180000,2018,Automatyczna,2.0
Volvo,Volvo XC 60 B5 B AWD Ultimate Dark,193000,PLN,Benzyna,29000,2024,Automatyczna,NULL
Land Rover,Land Rover Defender 3.0 D350 mHEV Trophy Edition Keswick,489000,PLN,Diesel,1200,2026,Automatyczna,3.0
Skoda,Skoda RAPID,16000,PLN,Diesel,294005,2016,Manualna,NULL
Kia,Kia Sportage,54500,PLN,Benzyna,67000,2019,Automatyczna,NULL
Toyota,Toyota Auris,16200,PLN,Benzyna,156000,2009,Manualna,NULL
Kia,Kia Sportage 1.6 T-GDI HEV Business Line 2WD,133900,PLN,Hybryda,44623,2023,Automatyczna,1.6
Audi,Audi A4 Limousine,62900,PLN,Benzyna,177900,2017,Automatyczna,NULL
Mitsubishi,Mitsubishi Outlander 2.0 Intense 4WD CVT,60000,PLN,Benzyna,140000,2017,Automatyczna,2.0
Mazda,Mazda CX-9,25000,PLN,Benzyna,113000,2008,Automatyczna,NULL
Ford,Ford Focus,18500,PLN,Benzyna,88089,2011,Manualna,NULL
Mazda,Mazda MX-5 1.8 MZR Energy,27500,PLN,Benzyna,214970,2006,Manualna,1.8
Citroën,Citroën C4 Cactus 1.2 PureTech GPF Shine S&S EAT6,45900,PLN,Benzyna,106311,2018,Automatyczna,1.2
Skoda,Skoda RAPID,16000,PLN,Diesel,273465,2016,Manualna,NULL
Mitsubishi,Mitsubishi ASX 2.2 DID Ralliart 4WD,39900,PLN,Diesel,182000,2017,Automatyczna,2.2
Ford,Ford Kuga,166900,PLN,Benzyna,10,2025,Automatyczna,NULL
Mitsubishi,Mitsubishi Pajero,39999,PLN,Diesel,257808,2003,Manualna,NULL
Porsche,Porsche Cayenne,594041,PLN,Benzyna,19264,2025,Automatyczna,NULL
Mercedes-Benz,Mercedes-Benz Klasa A 180 CDI (BlueEFFICIENCY) 7G-DCT,35900,PLN,Diesel,247455,2013,Automatyczna,NULL
Fiat,Fiat Ducato,79999,PLN,Diesel,132000,2022,Manualna,NULL
Volkswagen,Volkswagen Multivan,205000,PLN,Diesel,19200,2025,Automatyczna,NULL
Kia,Kia Ceed 1.0 T-GDI M,39999,PLN,Benzyna,180000,2021,Manualna,1.0
Mazda,Mazda 3 2.0 mHEV Takumi,138900,PLN,Benzyna,7285,2025,Automatyczna,2.0
Subaru,Subaru Crosstrek 2.0i-S e-Boxer Platinum (EyeSight) Lineartronic,157000,PLN,Hybryda,1100,2026,Automatyczna,2.0
Mazda,Mazda 2 1.5 Hybrid Homura CVT,99900,PLN,Hybryda,3385,2024,Automatyczna,1.5
Mazda,Mazda 6 2.0 Center-Line,99900,PLN,Benzyna,67561,2022,Automatyczna,2.0
Volkswagen,Volkswagen Multivan,205000,PLN,Diesel,650,2025,Automatyczna,NULL
Kia,Kia Stonic 1.0 T-GDI Business Line,64900,PLN,Benzyna,41293,2024,Manualna,1.0
Mercedes-Benz,Mercedes-Benz Klasa E,29500,PLN,Diesel,178374,2016,Automatyczna,NULL
Volvo,Volvo XC 70 3.2 AWD Kinetic,19500,PLN,Benzyna,362000,2008,Automatyczna,3.2
Jeep,Jeep Grand Cherokee 3.0 CRD Overland Summit,74907,PLN,Diesel,149800,2015,Automatyczna,3.0
Toyota,Toyota Camry,92000,PLN,Hybryda,145100,2019,Automatyczna,NULL
Kia,Kia Picanto 1.2 XL,27500,PLN,Benzyna,120366,2013,Automatyczna,1.2
Toyota,Toyota C-HR 2.0 Lounge,69300,PLN,Hybryda,87818,2021,Automatyczna,2.0
Fiat,Fiat Panda 0.9 Twinair Start&Stopp Trekking,25900,PLN,Benzyna,57500,2021,Manualna,0.9
Toyota,Toyota Avensis 1.8 VVT-i Luna,14900,PLN,Benzyna,205000,2008,Manualna,1.8
BYD,BYD Leopard 5,239000,PLN,Hybryda Plug-in,15000,2025,Automatyczna,NULL
Peugeot,Peugeot 308 1.2 PureTech Allure S&S EAT8,79900,PLN,Benzyna,29000,2023,Automatyczna,1.2
Hyundai,Hyundai Santa Fe,242900,PLN,Hybryda,915,2026,Automatyczna,NULL
Hyundai,Hyundai Kona,94900,PLN,Benzyna,523,2025,Manualna,NULL
Porsche,Porsche Cayenne,614900,PLN,Hybryda Plug-in,35000,2022,Automatyczna,NULL
BMW,BMW X3,229900,PLN,Diesel,21500,2025,Automatyczna,NULL
RAM,RAM 1500 5.7 Crew Cab Bighorn,197000,PLN,Benzyna,44000,2021,Automatyczna,5.7
Dacia,Dacia Duster 1.0 TCe Expression,45000,PLN,Benzyna+LPG,167227,2023,Manualna,1.0
Volkswagen,Volkswagen Caddy Life,12500,PLN,Diesel,330000,2007,Manualna,NULL
Mercedes-Benz,Mercedes-Benz GLC 300 mHEV 4-Matic AMG Line,245000,PLN,Benzyna,41413,2023,Automatyczna,NULL
Volkswagen,Volkswagen Golf 2.0 TDI BMT Highline DSG EU6,49900,PLN,Diesel,187400,2018,Automatyczna,2.0
Denza,Denza Z9 GT,290000,PLN,Hybryda Plug-in,12000,2024,Automatyczna,NULL
Seat,Seat Ibiza,3000,PLN,Benzyna,160000,2008,Manualna,NULL
Denza,Denza N8L,295000,PLN,Hybryda Plug-in,8000,2026,Automatyczna,NULL
BMW,BMW Seria 5,33500,PLN,Diesel,350,2010,Automatyczna,NULL
Denza,Denza Z9 GT,299000,PLN,Elektryczny,1000,2026,Automatyczna,NULL
Toyota,Toyota Land Cruiser,55000,PLN,Diesel,382000,2007,Automatyczna,NULL
BMW,BMW X3,55999,PLN,Diesel,310000,2013,Automatyczna,NULL
BMW,BMW Seria 5 523i,21500,PLN,Benzyna,223000,2007,Manualna,NULL
BMW,BMW Seria 2,144900,PLN,Benzyna,18058,2025,Automatyczna,NULL
Mercedes-Benz,Mercedes-Benz GLA 180 7G-DCT,66890,PLN,Benzyna,180824,2019,Automatyczna,NULL
Mercedes-Benz,Mercedes-Benz GLE,64500,PLN,Benzyna,170938,2015,Automatyczna,NULL
BMW,BMW X3,16900,PLN,Benzyna,283000,2012,Automatyczna,NULL
Toyota,Toyota Corolla,87899,PLN,Hybryda,73598,2023,Automatyczna,NULL
Ford,Ford Focus 1.5 EcoBlue SCR ST-Line,53900,PLN,Diesel,132000,2021,Manualna,1.5
Toyota,Toyota Corolla 2.0 Hybrid Comfort,73900,PLN,Hybryda,187460,2021,Automatyczna,2.0
Alfa Romeo,Alfa Romeo Junior 1.2 mHEV Sprint eDCT,127500,PLN,Benzyna,1,2026,Automatyczna,1.2
Ford,Ford Ranger Raptor,234899,PLN,Benzyna,58742,2022,Automatyczna,NULL
BMW,BMW Seria 3,99900,PLN,Diesel,147395,2021,Automatyczna,NULL
Peugeot,Peugeot 508 1.6 T Active,8000,PLN,Benzyna,252500,2012,Manualna,1.6
Opel,Opel Corsa 1.2 Edition S&S,47500,PLN,Benzyna,73545,2022,Manualna,1.2
Citroën,Citroën C3 1.2 PureTech Max,47900,PLN,Benzyna,37425,2023,Manualna,1.2
Jeep,Jeep Avenger 1.2 GSE T3 Longitude FWD,68400,PLN,Benzyna,32088,2023,Manualna,1.2
BMW,BMW Seria 7 750Ld xDrive,161900,PLN,Diesel,154820,2018,Automatyczna,NULL
Mercedes-Benz,Mercedes-Benz CLA 250 4-Matic AMG Line,75000,PLN,Benzyna,145000,2016,Automatyczna,NULL
Audi,Audi Q5,93700,PLN,Diesel,133500,2018,Automatyczna,NULL
Renault,Renault Megane ENERGY TCe 115 Start & Stop Bose Edition,16800,PLN,Benzyna,148000,2013,Manualna,NULL
Opel,Opel Crossland 1.2 T Elegance,20499,PLN,Benzyna,48100,2022,Manualna,1.2
Jaguar,Jaguar S-Type 3.0 V6 Executive,8800,PLN,Benzyna,206000,2004,Automatyczna,3.0
Mercedes-Benz,Mercedes-Benz GL,49900,PLN,Benzyna,250000,2014,Automatyczna,NULL
Toyota,Toyota Corolla Cross 2.0 Hybrid Comfort,97500,PLN,Hybryda,75900,2023,Automatyczna,2.0
Peugeot,Peugeot Partner,18000,PLN,Diesel,273000,2012,Manualna,NULL
BMW,BMW Seria 3 320d mHEV M Sport sport,149900,PLN,Diesel,74298,2023,Automatyczna,NULL
Toyota,Toyota Corolla 1.5 Comfort,56000,PLN,Benzyna,179700,2022,Manualna,1.5
Mercedes-Benz,Mercedes-Benz GLA 180 Progressive,99999,PLN,Benzyna,103431,2021,Automatyczna,NULL
Nissan,Nissan Juke 1.0 DIG-T N-Design DCT,74800,PLN,Benzyna,80000,2023,Automatyczna,1.0
Nissan,Nissan Qashqai,59999,PLN,Benzyna,150000,2019,Manualna,NULL
Skoda,Skoda Octavia 1.9 TDI Classic DSG,14800,PLN,Diesel,121474,2007,Automatyczna,1.9
Renault,Renault Symbioz 1.3 TCe mHEV Evolution,119187,PLN,Benzyna,10,2025,Manualna,1.3
BMW,BMW X4 xDrive20d Advantage sport,117850,PLN,Diesel,83763,2019,Automatyczna,NULL
Seat,Seat Leon,11500,PLN,Benzyna,300000,2006,Manualna,NULL
Seat,Seat Ibiza,22000,PLN,Benzyna,118931,2013,Manualna,NULL
Hyundai,Hyundai Kona,46499,PLN,Benzyna,124408,2018,Manualna,NULL
Dacia,Dacia Duster,29000,PLN,Benzyna,96908,2012,Manualna,NULL
Hyundai,Hyundai Kona,62000,PLN,Benzyna,107429,2018,Automatyczna,NULL
Volkswagen,Volkswagen up!,14000,PLN,Benzyna,139248,2012,Manualna,NULL
Kia,Kia Ceed,36000,PLN,Benzyna,170135,2016,Manualna,NULL
Dacia,Dacia Duster,46000,PLN,Benzyna,122305,2018,Manualna,NULL
Volkswagen,Volkswagen Jetta,33000,PLN,Benzyna,150586,2014,Manualna,NULL
Skoda,Skoda Kodiaq,230500,PLN,Benzyna,1,2026,Automatyczna,NULL
Volkswagen,Volkswagen Golf,15500,PLN,Benzyna,152899,2009,Manualna,NULL
Mazda,Mazda CX-3 SKYACTIV-D 105 FWD Exclusive-Line,21999,PLN,Diesel,108000,2017,Manualna,NULL
SsangYong/KGM,SsangYong/KGM Korando,44800,PLN,Benzyna,56000,2022,Automatyczna,NULL
Renault,Renault Arkana 1.3 TCe mHEV Techno EDC,89900,PLN,Hybryda,12144,2024,Automatyczna,1.3
Renault,Renault Symbioz 1.6 E-Tech Full Hybrid 145 Esprit Alpine,114900,PLN,Hybryda,14648,2025,Automatyczna,1.6
BMW,BMW Seria 7 740d xDrive,59000,PLN,Diesel,255910,2012,Automatyczna,NULL
Volkswagen,Volkswagen Passat Variant,184900,PLN,Diesel,26468,2024,Automatyczna,NULL
Volkswagen,Volkswagen Tiguan,39800,PLN,Benzyna,179000,2015,Manualna,NULL
Skoda,Skoda Roomster 1.2 12V HTP,13900,PLN,Benzyna+LPG,256647,2011,Manualna,1.2
Audi,Audi A4 Avant 35 TDI S tronic,89900,PLN,Diesel,149000,2022,Automatyczna,NULL
Jeep,Jeep Patriot 2.2 CRD DPF Limited,14900,PLN,Diesel,355755,2010,Manualna,2.2
Renault,Renault Laguna V6 dCi 235 FAP GT,22900,PLN,Diesel,200275,2008,Automatyczna,NULL
Fiat,Fiat Grande Punto 1.3 Multijet 16V Active,5900,PLN,Diesel,363758,2011,Manualna,1.3
Toyota,Toyota RAV4 D-4D 4x4,12900,PLN,Diesel,366000,2003,Manualna,NULL
Volkswagen,Volkswagen Golf Plus 1.9 TDI Tour,14900,PLN,Diesel,124758,2006,Manualna,1.9
Volvo,Volvo V70 2.0D Kinetic,11900,PLN,Diesel,269446,2009,Manualna,2.0
Opel,Opel Meriva 1.4 Active,18900,PLN,Benzyna+LPG,215183,2014,Manualna,1.4
BMW,BMW Seria 3,17900,PLN,Benzyna,143908,2007,Manualna,NULL
Renault,Renault Megane,7200,PLN,Benzyna,200000,2004,Automatyczna,NULL
BMW,BMW X3 xDrive30i xLine,84900,PLN,Benzyna,170000,2019,Automatyczna,NULL
Kia,Kia K4 1.6 T-GDI GT Line,148900,PLN,Benzyna,3792,2026,Automatyczna,1.6
BMW,BMW X4 xDrive20i,57000,PLN,Benzyna,289000,2018,Automatyczna,NULL
Ford,Ford Transit,7000,PLN,Diesel,339000,2013,Manualna,NULL
Ford,Ford Transit,6000,PLN,Diesel,325252,2013,Manualna,NULL
Nissan,Nissan X-Trail,63900,PLN,Benzyna,18000,2024,Automatyczna,NULL
Dacia,Dacia Duster 1.5 dCi Ambiance,12000,PLN,Diesel,326000,2015,Manualna,1.5
Volkswagen,Volkswagen ID.3 Neo 50kWh Style,179900,PLN,Elektryczny,1,2026,Automatyczna,NULL
Dacia,Dacia Duster 1.2 TCe Prestige,25500,PLN,Benzyna,122300,2014,Manualna,1.2
Skoda,Skoda Kodiaq 2.0 TSI 4x4 RS DSG,168900,PLN,Benzyna,86439,2023,Automatyczna,2.0
Skoda,Skoda Kodiaq,146900,PLN,Diesel,29782,2025,Automatyczna,NULL
Skoda,Skoda Karoq,108900,PLN,Benzyna,24440,2025,Automatyczna,NULL
Volkswagen,Volkswagen T-Cross 1.5 TSI ACT R-Line Plus DSG,120600,PLN,Benzyna,1,2026,Automatyczna,1.5
Volkswagen,Volkswagen Tayron 2.0 TSI 4Mot Life Plus DSG,202500,PLN,Benzyna,1,2026,Automatyczna,2.0
Volkswagen,Volkswagen Tayron 2.0 TSI 4Mot R-Line DSG,284800,PLN,Benzyna,1,2026,Automatyczna,2.0
Kia,Kia Sportage 1.7 CRDI 2WD Spirit,21800,PLN,Diesel,242000,2010,Manualna,1.7
BMW,BMW Seria 3,22000,PLN,Benzyna,220000,2005,Automatyczna,NULL
Seat,Seat Ateca 1.5 TSI Xperience S&S DSG,109900,PLN,Benzyna,30793,2025,Automatyczna,1.5
Skoda,Skoda Yeti 2.0 TDI 4x4 Ambition,24900,PLN,Diesel,229114,2013,Manualna,2.0
Audi,Audi Q5 2.0 TDI,54000,PLN,Diesel,139000,2013,Manualna,2.0
Ford,Ford Galaxy 2.0 TDCi Trend MPS6,20900,PLN,Diesel,278000,2014,Automatyczna,2.0
Audi,Audi A3 3-drzwiowe 1.6 S Line Sportpaket plus,5999,PLN,Benzyna,191000,2004,Manualna,1.6
Volkswagen,Volkswagen Tiguan,129900,PLN,Benzyna,24508,2025,Automatyczna,NULL
Volkswagen,Volkswagen Golf 2.0 TSI GTI DSG,129900,PLN,Benzyna,73104,2024,Automatyczna,2.0
BMW,BMW Seria 1,38700,PLN,Diesel,219379,2014,Automatyczna,NULL
Seat,Seat Ibiza SC 1.2 12V Stylance,11900,PLN,Benzyna,189000,2009,Manualna,1.2
Ford,Ford Puma 1.0 EcoBoost Hybrid TITANIUM DESIGN,34000,PLN,Benzyna,76000,2024,Manualna,1.0
Volkswagen,Volkswagen Arteon Shooting Brake 2.0 TSI 4Motion R DSG,169900,PLN,Benzyna,34539,2023,Automatyczna,2.0
Kia,Kia Soul,14999,PLN,Benzyna,176000,2009,Manualna,NULL
Skoda,Skoda Superb 2.0 TDI SCR Selection DSG,138900,PLN,Diesel,12533,2024,Automatyczna,2.0
Honda,Honda Civic 1.8 Elegance,50500,PLN,Benzyna,120000,2015,Manualna,1.8
Seat,Seat Ibiza 1.2 12V Stylance,13900,PLN,Benzyna,178932,2009,Manualna,1.2
Dacia,Dacia Sandero Stepway,83299,PLN,Benzyna+LPG,5,2026,Automatyczna,NULL
Kia,Kia Sportage,60000,PLN,Benzyna,104700,2017,Manualna,NULL
BAIC,BAIC BJ40,219900,PLN,Benzyna,10,2026,Automatyczna,NULL
Volkswagen,Volkswagen Polo 1.4 16V Comfortline,16900,PLN,Benzyna,185000,2010,Manualna,1.4
Kia,Kia Optima 1.6 T-GDI M DCT,61900,PLN,Benzyna,98691,2019,Automatyczna,1.6
Nissan,Nissan X-Trail,45000,PLN,Diesel,207284,2016,Manualna,NULL
Opel,Opel Mokka,50000,PLN,Benzyna+LPG,106817,2018,Manualna,NULL
Peugeot,Peugeot 508 2.0 HDi Active,28500,PLN,Diesel,275000,2015,Manualna,2.0
Mazda,Mazda 6,76000,PLN,Benzyna+LPG,175239,2022,Automatyczna,NULL
Dacia,Dacia Duster,76998,PLN,Benzyna+LPG,73273,2024,Manualna,NULL
Kia,Kia Sportage,129999,PLN,Benzyna,13282,2026,Automatyczna,NULL
Kia,Kia Sportage,129999,PLN,Benzyna,16992,2026,Automatyczna,NULL
Dacia,Dacia Duster,28000,PLN,Benzyna,108514,2014,Manualna,NULL
Nissan,Nissan Qashqai,52999,PLN,Benzyna,96000,2018,Manualna,NULL
Citroën,Citroën C4 Picasso,20000,PLN,Diesel,213336,2013,Manualna,NULL
Seat,Seat Leon 2.0 TDI FR S&S DSG,52500,PLN,Diesel,190015,2018,Automatyczna,2.0
Land Rover,Land Rover Range Rover Evoque,95000,PLN,Diesel,134000,2017,Automatyczna,NULL
Skoda,Skoda Yeti 1.2 TSI,24000,PLN,Benzyna,189000,2011,Manualna,1.2
Citroën,Citroën C3,4400,PLN,Benzyna,254116,2005,Manualna,NULL
Land Rover,Land Rover Discovery 3.0 TD6 HSE,119900,PLN,Diesel,126123,2018,Automatyczna,3.0
Volkswagen,Volkswagen Transporter,28500,PLN,Diesel,380000,2012,Manualna,NULL
BMW,BMW Seria 3 320i M Sport,170000,PLN,Benzyna,45002,2023,Automatyczna,NULL
Citroën,Citroën C5 Aircross 225 e.EAT8 SHINE PACK,72900,PLN,Hybryda Plug-in,93300,2021,Automatyczna,NULL
Ford,Ford Ranger 3.2 TDCi 4x4 DC Wildtrak,98000,PLN,Diesel,218821,2019,Automatyczna,3.2
Dacia,Dacia Sandero Stepway TCe 90 CVT Extreme,59900,PLN,Benzyna,8800,2022,Automatyczna,NULL
Volkswagen,Volkswagen Passat 1.8 TSI BMT Highline,46900,PLN,Benzyna,177737,2015,Manualna,1.8
Hyundai,Hyundai i10 1.0 Pure,47500,PLN,Benzyna,46471,2023,Manualna,1.0
Volvo,Volvo XC 40 T4 AWD Geartronic R-Design,77800,PLN,Benzyna,83500,2018,Automatyczna,NULL
Volkswagen,Volkswagen Golf 1.4 TSI Highline,14900,PLN,Benzyna,176000,2009,Manualna,1.4
Ford,Ford Focus 1.5 EcoBlue Start-Stopp-System ACTIVE,29900,PLN,Diesel,102000,2018,Manualna,1.5
Mercedes-Benz,Mercedes-Benz Klasa E 200 d 9G-TRONIC Avantgarde,82900,PLN,Diesel,163631,2017,Automatyczna,NULL
Subaru,Subaru Crosstrek 2.0i-S e-Boxer Platinum (EyeSight) Lineartronic,144900,PLN,Hybryda,18145,2025,Automatyczna,2.0
Opel,Opel Astra,17900,PLN,Diesel,224558,2015,Manualna,NULL
Skoda,Skoda Octavia 2.0 TDI Elegance DSG,19999,PLN,Diesel,242606,2010,Automatyczna,2.0
BMW,BMW X2 sDrive18d Edition GoldPlay sport,113500,PLN,Diesel,64000,2023,Automatyczna,NULL
Volvo,Volvo XC 40 82kWh Recharge Extended Range Core,129900,PLN,Elektryczny,10000,2024,Automatyczna,NULL
Skoda,Skoda Fabia 1.4 TDI Monte Carlo,27900,PLN,Diesel,249193,2015,Manualna,1.4
Mazda,Mazda 6 2.0 SKYJoy,106900,PLN,Benzyna,63991,2022,Automatyczna,2.0
Volvo,Volvo V40 T5 Geartronic Momentum,47000,PLN,Benzyna,153000,2013,Automatyczna,NULL
Audi,Audi A5 Sportback 35 TFSI mHEV S tronic,108900,PLN,Benzyna,101960,2019,Automatyczna,NULL
Honda,Honda Civic,68000,PLN,Benzyna,59000,2019,Automatyczna,NULL
Audi,Audi A3 Sportback 2.0 TDI quattro S line Sportpaket,49900,PLN,Diesel,214500,2015,Manualna,2.0
Volvo,Volvo XC 60,179900,PLN,Hybryda Plug-in,80416,2023,Automatyczna,NULL
Renault,Renault Clio BLUE dCi 85 BUSINESS EDITION,38800,PLN,Diesel,84000,2020,Manualna,NULL
Audi,Audi A4 Limousine,3000,PLN,Benzyna+LPG,411363,2002,Manualna,NULL
Mercedes-Benz,Mercedes-Benz Klasa A,6999,PLN,Benzyna,223205,1999,Automatyczna,NULL
Suzuki,Suzuki Swift,6100,PLN,Benzyna,175156,2007,Manualna,NULL
Mercedes-Benz,Mercedes-Benz SL,585000,PLN,Benzyna,11071,2023,Automatyczna,NULL
Opel,Opel Insignia 2.0 CDTI Edition,17900,PLN,Diesel,258293,2013,Manualna,2.0
Mercedes-Benz,Mercedes-Benz GLE,449000,PLN,Diesel,1,2026,Automatyczna,NULL
Volvo,Volvo XC 60,39000,PLN,Diesel,282790,2009,Automatyczna,NULL
Mazda,Mazda CX-5 2.5 e-SKYACTIV G Homura,168200,PLN,Benzyna,1,2026,Automatyczna,2.5
Chevrolet,Chevrolet Cruze,16700,PLN,Diesel,197837,2013,Manualna,NULL
Chevrolet,Chevrolet Volt Exclusive,30900,PLN,Hybryda Plug-in,201200,2013,Automatyczna,NULL
Mercedes-Benz,Mercedes-Benz EQC 400 4Matic AMG Line,169000,PLN,Elektryczny,33832,2022,Automatyczna,NULL
Renault,Renault Scenic ENERGY dCi 130 INITIALE PARIS,15900,PLN,Diesel,272000,2015,Manualna,NULL
Peugeot,Peugeot 2008 PureTech 130 EAT8 GT Pack,69900,PLN,Benzyna,72325,2023,Automatyczna,NULL
Peugeot,Peugeot 208 PureTech 100 EAT8 GT Pack,59900,PLN,Benzyna,65028,2023,Automatyczna,NULL
Opel,Opel Astra 1.5 D Start/Stop Elegance,39900,PLN,Diesel,55670,2019,Manualna,1.5
Peugeot,Peugeot 208 PureTech 100 EAT8 GT Pack,59900,PLN,Benzyna,69235,2023,Automatyczna,NULL
Audi,Audi A5 Sportback,99000,PLN,Diesel,106490,2018,Automatyczna,NULL
BMW,BMW Seria 2 218d Sport-Aut Advantage,49900,PLN,Diesel,136825,2016,Automatyczna,NULL
Renault,Renault Megane 1.5 Blue dCi Zen,49900,PLN,Diesel,100100,2021,Manualna,1.5
Opel,Opel Combo,7000,PLN,Benzyna,201000,2009,Manualna,NULL
BMW,BMW Seria 3 318d xDrive M Sport,24900,PLN,Diesel,183932,2013,Manualna,NULL
Mercedes-Benz,Mercedes-Benz Klasa E 220 BlueTEC 4Matic 7G-TRONIC Avantgarde,59900,PLN,Diesel,158620,2015,Automatyczna,NULL
Audi,Audi A4 Avant,38900,PLN,Hybryda,62321,2019,Automatyczna,NULL
Citroën,Citroën C3 BlueHDi 75 S&S 83g FEEL,17900,PLN,Diesel,169592,2017,Manualna,NULL
Kia,Kia Picanto 1.0 Attract,16900,PLN,Benzyna,124559,2015,Manualna,1.0
Audi,Audi A4 Avant 2.0 TDI DPF multitronic Attraction,18900,PLN,Diesel,379301,2010,Automatyczna,2.0
Ford,Ford C-MAX,8100,PLN,Benzyna,173000,2013,Manualna,NULL
Opel,Opel Corsa,17900,PLN,Benzyna,242000,2022,Manualna,NULL
Ford,Ford Kuga,21900,PLN,Benzyna,104000,2019,Automatyczna,NULL
BAIC,BAIC 3,38900,PLN,Benzyna,885,2025,Manualna,NULL
MINI,MINI Countryman,35700,PLN,Diesel,240000,2015,Automatyczna,NULL
Citroën,Citroën C4 Picasso,10900,PLN,Diesel,238000,2016,Manualna,NULL
Land Rover,Land Rover Range Rover,8900,PLN,Diesel,383000,2008,Automatyczna,NULL
Volkswagen,Volkswagen Passat,28900,PLN,Benzyna,162000,2021,Automatyczna,NULL
Suzuki,Suzuki Vitara,13900,PLN,Benzyna,84000,2017,Manualna,NULL
Hyundai,Hyundai i20,8100,PLN,Diesel,252000,2016,Manualna,NULL
Suzuki,Suzuki Vitara,22900,PLN,Hybryda,20900,2023,Automatyczna,NULL
Audi,Audi Q3,21900,PLN,Diesel,226000,2014,Manualna,NULL
Dacia,Dacia Jogger,16100,PLN,Benzyna,44000,2024,Manualna,NULL
Jeep,Jeep Renegade,7100,PLN,Benzyna,132000,2016,Manualna,NULL
Toyota,Toyota Avensis,4900,PLN,Diesel,473000,2010,Manualna,NULL
Citroën,Citroën C3 Aircross,7900,PLN,Benzyna,69000,2018,Manualna,NULL
Peugeot,Peugeot 308,10900,PLN,Diesel,105000,2018,Manualna,NULL
Ford,Ford Focus,20500,PLN,Benzyna,176000,2017,Manualna,NULL
Suzuki,Suzuki Vitara,25900,PLN,Benzyna,197000,1995,Manualna,NULL
Opel,Opel Vivaro,18900,PLN,Diesel,174965,2007,Manualna,NULL
Audi,Audi A4 Avant 2.0 TDI ultra sport,63899,PLN,Diesel,215900,2016,Manualna,2.0
Nissan,Nissan Micra 0.9 IG-T Tekna,31900,PLN,Benzyna,165000,2018,Manualna,0.9
Mazda,Mazda 3 SKYACTIV-G 120 Sports-Line,44500,PLN,Benzyna,99198,2015,Manualna,NULL
Jeep,Jeep Grand Cherokee 3.0 CRD Automatik Laredo,32500,PLN,Diesel,253000,2006,Automatyczna,3.0
Opel,Opel Astra 1.8 Limited,7999,PLN,Benzyna,237500,2007,Manualna,1.8
Toyota,Toyota Avensis 2.0 D-4D Sol,22000,PLN,Diesel,216000,2009,Manualna,2.0
Renault,Renault Clio,9000,PLN,Diesel,230000,2010,Manualna,NULL
Skoda,Skoda Octavia 2.0 TDI Ambition,72900,PLN,Diesel,112347,2022,Manualna,2.0
BMW,BMW Seria 6 645 Ci,32700,PLN,Benzyna,238000,2003,Automatyczna,NULL
BMW,BMW Seria 3 318d,11900,PLN,Diesel,230000,2011,Manualna,NULL
Hyundai,Hyundai i20,35500,PLN,Benzyna,97722,2019,Manualna,NULL
Mazda,Mazda 6,34500,PLN,Benzyna,320234,2013,Automatyczna,NULL
Mazda,Mazda 3 SKYACTIV-G 165 Sports-Line,52800,PLN,Benzyna,120580,2017,Manualna,NULL
Opel,Opel Grandland X 1.6 T PHEV Ultimate,65900,PLN,Hybryda Plug-in,148000,2021,Automatyczna,1.6
Chevrolet,Chevrolet Camaro 6.2 V8,147700,PLN,Benzyna,60600,2016,Manualna,6.2
Jeep,Jeep Compass 1.3 GSE T4 Night Eagle,62700,PLN,Benzyna,35000,2022,Manualna,1.3
Audi,Audi A6 Avant 3.0 TDI quattro tiptronic,58700,PLN,Diesel,192000,2015,Automatyczna,3.0
Toyota,Toyota Auris,14000,PLN,Diesel,237000,2011,Manualna,NULL
Audi,Audi A6 Limousine,58000,PLN,Diesel,204000,2015,Automatyczna,NULL
Volkswagen,Volkswagen Passat 2.0 Blue TDI SCR Trendline,20900,PLN,Diesel,235000,2011,Manualna,2.0
Ford,Ford Mondeo 2.0 EcoBlue Titanium,76900,PLN,Diesel,93377,2021,Automatyczna,2.0
Audi,Audi A4 Limousine,59900,PLN,Diesel,210000,2017,Automatyczna,NULL
Audi,Audi RS7 Sportback,464000,PLN,Benzyna,47000,2021,Automatyczna,NULL
Fiat,Fiat Panda,4500,PLN,Benzyna,158387,2007,Manualna,NULL
Citroën,Citroën C4 Picasso VTi 120 CoolTech,14900,PLN,Benzyna+LPG,182000,2010,Manualna,NULL
Opel,Opel Insignia 2.0 BiTurbo 4x4 GSI,78800,PLN,Diesel,142000,2019,Automatyczna,2.0
Chevrolet,Chevrolet Blazer,29900,PLN,Benzyna,12345,1978,Automatyczna,NULL
BMW,BMW X4 xDrive20d,73900,PLN,Diesel,263000,2017,Automatyczna,NULL
Mercedes-Benz,Mercedes-Benz Klasa E 200 9G-TRONIC,95000,PLN,Benzyna,214000,2019,Automatyczna,NULL
Peugeot,Peugeot 308 BlueHDi 130 EAT6 Stop & Start Active Business-Paket,20900,PLN,Diesel,167000,2019,Automatyczna,NULL
Mercedes-Benz,Mercedes-Benz Klasa C 220 d mHEV 4-Matic AMG,166900,PLN,Diesel,26000,2025,Automatyczna,NULL
BMW,BMW X3,34999,PLN,Benzyna,150000,2010,Manualna,NULL
BMW,BMW Seria 3 318i Sport Line,92500,PLN,Benzyna,145000,2021,Automatyczna,NULL
Mercedes-Benz,Mercedes-Benz Vito Tourer L2 Pro 9G-Tronic 447.703,99861,PLN,Diesel,255515,2019,Automatyczna,7.7
Renault,Renault Koleos 2.0 dCi 4x4 Dynamique,13900,PLN,Diesel,257916,2008,Manualna,2.0
BMW,BMW X1,49999,PLN,Diesel,220000,2019,Manualna,NULL
Honda,Honda HR-V 1.5 Elegance (ADAS),64800,PLN,Benzyna,166400,2018,Manualna,1.5
Ford,Ford C-MAX 2.0 TDCi Edition MPS6,8500,PLN,Diesel,291000,2012,Automatyczna,2.0
Mazda,Mazda CX-30,69900,PLN,Benzyna,22000,2024,Manualna,NULL
Opel,Opel Mokka 1.6 CDTI Cosmo,30000,PLN,Diesel,216500,2016,Automatyczna,1.6
Volvo,Volvo V60 Cross Country T5 AWD Geartronic,69900,PLN,Benzyna,84500,2018,Automatyczna,NULL
BMW,BMW Seria 1 118d,14200,PLN,Diesel,250000,2008,Manualna,NULL
Toyota,Toyota Yaris 1.0 Active EU6,36600,PLN,Benzyna,37000,2015,Manualna,1.0
Honda,Honda Civic 1.4 i-VTEC,11999,PLN,Benzyna,198000,2006,Manualna,1.4
Nissan,Nissan Qashqai 1.6 DIG-T Acenta,54900,PLN,Benzyna,136000,2015,Manualna,1.6
Mercedes-Benz,Mercedes-Benz GLC,118500,PLN,Benzyna,156452,2019,Automatyczna,NULL
Mazda,Mazda 6 Sport 2.0 CD DPF Exclusive,7900,PLN,Diesel,339161,2008,Manualna,2.0
Seat,Seat Leon SC 1.4 TSI Start&Stop Style,33000,PLN,Benzyna,181000,2013,Manualna,1.4
Volkswagen,Volkswagen Polo 1.0 Trendline,28900,PLN,Benzyna,131000,2018,Manualna,1.0
Suzuki,Suzuki Grand Vitara 1.6 Comfort,55700,PLN,Benzyna,133000,2014,Manualna,1.6
Mazda,Mazda CX-5 2.0 Enso 2WD,119900,PLN,Benzyna,33500,2022,Manualna,2.0
Audi,Audi A6 Limousine,15900,PLN,Benzyna,282157,2004,Automatyczna,NULL
Suzuki,Suzuki S-Cross,55900,PLN,Benzyna,113171,2019,Manualna,NULL
Skoda,Skoda Kodiaq 2.0 TSI 4x4 Style DSG 7os,152000,PLN,Benzyna,43500,2023,Automatyczna,2.0
Toyota,Toyota Auris 1.4 D-4D,13999,PLN,Diesel,265007,2009,Manualna,1.4
Skoda,Skoda Fabia 1.0 TSI Monte Carlo,59900,PLN,Benzyna,12000,2022,Manualna,1.0
Volkswagen,Volkswagen Passat,5900,PLN,Diesel,322000,2007,Manualna,NULL
Hyundai,Hyundai Tucson 1.6 Turbo 4WD DCT Premium,66900,PLN,Benzyna,122800,2016,Automatyczna,1.6
Audi,Audi Q3,53900,PLN,Benzyna,175000,2014,Manualna,NULL
Audi,Audi A4 Limousine,75000,PLN,Benzyna,113000,2017,Automatyczna,NULL
BMW,BMW Seria 3 318i,16500,PLN,Benzyna,208589,2009,Manualna,NULL
Audi,Audi A4 Avant 35 TFSI mHEV Advanced S tronic,86100,PLN,Benzyna,129000,2020,Automatyczna,NULL
Alfa Romeo,Alfa Romeo Mito 1.3 JTDM Distinctive S&S,10000,PLN,Diesel,243000,2012,Manualna,1.3
Jeep,Jeep Wrangler Unlimited 2.0 Turbo PHEV 4xe 80th Anniversary,182000,PLN,Hybryda Plug-in,16650,2024,Automatyczna,2.0
Volvo,Volvo V50,7600,PLN,Diesel,310000,2005,Manualna,NULL
Volkswagen,Volkswagen Passat,61000,PLN,Diesel,238000,2015,Automatyczna,NULL
Ford,Ford Fusion,5000,PLN,Benzyna,183598,2006,Manualna,NULL
Ford,Ford S-Max 2.2 TDCi Trend,12000,PLN,Diesel,342019,2010,Manualna,2.2
Seat,Seat Leon 1.2 TSI Ecomotive Reference Copa,21600,PLN,Benzyna,161515,2012,Manualna,1.2
Fiat,Fiat 126,69500,PLN,Benzyna,27000,1993,Manualna,NULL
Nissan,Nissan Juke 1.6 Shiro CVT,24900,PLN,Benzyna+LPG,222901,2011,Automatyczna,1.6
Mazda,Mazda CX-3 2.0 SkyPassion,65000,PLN,Benzyna,65286,2018,Manualna,2.0
BMW,BMW X5 xDrive35i M Sport Edition,96999,PLN,Benzyna,180000,2016,Automatyczna,NULL
Nissan,Nissan Qashqai 1.6 I-Way,24600,PLN,Benzyna+LPG,235008,2012,Manualna,1.6
Mercedes-Benz,Mercedes-Benz Klasa S,65999,PLN,Benzyna,147000,1988,Automatyczna,NULL
Volkswagen,Volkswagen CC,36900,PLN,Diesel,322780,2013,Manualna,NULL
Jeep,Jeep Compass 1.4 MultiAir Limited,49999,PLN,Benzyna,110000,2018,Manualna,1.4
Renault,Renault Koleos ENERGY dCi 175 X-tronic 4WD LIFE,71000,PLN,Diesel,129000,2019,Automatyczna,NULL
Porsche,Porsche 911,239900,PLN,Benzyna,124000,2006,Automatyczna,NULL
Renault,Renault Megane 1.5 dCi Limited,21900,PLN,Diesel,300000,2017,Manualna,1.5
MINI,MINI Countryman Cooper D,39999,PLN,Diesel,149900,2015,Manualna,NULL
BMW,BMW Seria 3 330e Luxury Line sport,99000,PLN,Hybryda Plug-in,104000,2020,Automatyczna,NULL
Opel,Opel Astra 1.4 T Enjoy,32500,PLN,Benzyna,256614,2017,Manualna,1.4
Nissan,Nissan Qashqai 1.6 acenta,28500,PLN,Benzyna,142000,2012,Manualna,1.6
Opel,Opel Astra 1.2 Turbo Business Edition,44900,PLN,Benzyna,91000,2021,Manualna,1.2
Kia,Kia Rio 1.0 T-GDI L Business Line,42999,PLN,Benzyna,88223,2019,Manualna,1.0
Renault,Renault Trafic,49900,PLN,Diesel,140200,2017,Manualna,NULL
Kia,Kia Picanto 1.1 CRDi Optimum,4200,PLN,Diesel,230000,2006,Manualna,1.1
Fiat,Fiat Linea,2900,PLN,Benzyna,225000,2007,Manualna,NULL
BMW,BMW X3,44500,PLN,Diesel,228302,2013,Automatyczna,NULL
Renault,Renault Espace,10750,PLN,Diesel,270,2011,Automatyczna,NULL
Citroën,Citroën C4 1.6 HDi Seduction,16000,PLN,Diesel,218359,2012,Manualna,1.6
Hyundai,Hyundai i30,55400,PLN,Benzyna,86500,2022,Manualna,NULL
Peugeot,Peugeot 308 BlueHDi 130 EAT6 Stop & Start Allure,27000,PLN,Diesel,270000,2018,Automatyczna,NULL
Audi,Audi Q3 Sportback,119000,PLN,Hybryda Plug-in,68000,2021,Automatyczna,NULL
BMW,BMW Seria 3,8500,PLN,Benzyna,350000,2006,Manualna,NULL
Opel,Opel Vivaro L2H1 2.9t Elegance,42000,PLN,Diesel,504000,2015,Manualna,2.9
Mercedes-Benz,Mercedes-Benz ML 320 CDI 4-Matic,44000,PLN,Diesel,261102,2009,Automatyczna,NULL
Ford,Ford Fusion 1.4 Ambiente,3650,PLN,Benzyna,310000,2003,Manualna,1.4
BMW,BMW X5 3.0d xDrive,76000,PLN,Diesel,132300,2013,Automatyczna,3.0
Chevrolet,Chevrolet Corvette,448000,PLN,Benzyna,16375,2024,Automatyczna,NULL
Ford,Ford Mondeo,11500,PLN,Diesel,284000,2007,Automatyczna,NULL
Audi,Audi Q3 35 TFSI S tronic,122800,PLN,Benzyna,40000,2023,Automatyczna,NULL
Opel,Opel Meriva 1.4 Edition,15999,PLN,Benzyna,87000,2011,Manualna,1.4
Mitsubishi,Mitsubishi ASX 1.6 2WD,26500,PLN,Benzyna,200000,2012,Manualna,1.6
Opel,Opel Corsa 1.4 Color Edition,26900,PLN,Benzyna,131000,2015,Manualna,1.4
Chevrolet,Chevrolet Cruze 1.8 LT,15000,PLN,Benzyna+LPG,417000,2013,Manualna,1.8
Audi,Audi A8 L 55 TFSI quattro tiptronic,132000,PLN,Benzyna,163400,2019,Automatyczna,NULL
Ford,Ford Edge 2.0 TDCi Twin-Turbo 4WD Titanium,87990,PLN,Diesel,156900,2019,Automatyczna,2.0
Opel,Opel Grandland X,51900,PLN,Diesel,146000,2021,Manualna,NULL
Jeep,Jeep Wrangler 2.0 T-GDI Hardtop AWD Automatik Rubicon,184000,PLN,Benzyna,22000,2024,Automatyczna,2.0
Mercedes-Benz,Mercedes-Benz Klasa E 220 d 4-Matic All-Terrain,77000,PLN,Diesel,259000,2018,Automatyczna,NULL
Opel,Opel Insignia 2.0 CDTI,7999,PLN,Diesel,328350,2010,Manualna,2.0
Ford,Ford Tourneo Courier 1.5 TDCi Trend,34999,PLN,Diesel,207865,2021,Manualna,1.5
Audi,Audi A8 4.2 TDI DPF quattro tiptronic,27900,PLN,Diesel,38287,2011,Automatyczna,4.2
BMW,BMW X5 xDrive25d sport,116849,PLN,Diesel,154000,2018,Automatyczna,NULL
Ford,Ford Fiesta,43900,PLN,Benzyna,86150,2019,Manualna,NULL
Volkswagen,Volkswagen Taigo,83900,PLN,Benzyna,34700,2022,Automatyczna,NULL
Cupra,Cupra Leon Sportstourer,109900,PLN,Benzyna,135600,2023,Automatyczna,NULL
BMW,BMW Seria 2,82900,PLN,Benzyna,45500,2022,Automatyczna,NULL
Skoda,Skoda Kodiaq,124300,PLN,Benzyna,62500,2023,Automatyczna,NULL
MINI,MINI Countryman,62900,PLN,Benzyna,64734,2016,Automatyczna,NULL
BAIC,BAIC 7,124900,PLN,Benzyna,14000,2024,Automatyczna,NULL
Alfa Romeo,Alfa Romeo Giulietta 1.4 TB Progression,24400,PLN,Benzyna,96646,2011,Manualna,1.4
Kia,Kia Sportage,95900,PLN,Benzyna,64600,2023,Manualna,NULL
Dacia,Dacia Dokker,48500,PLN,Diesel,128900,2020,Manualna,NULL
Cupra,Cupra Formentor,106900,PLN,Benzyna,28300,2023,Manualna,NULL
BMW,BMW X3,229900,PLN,Diesel,49100,2023,Automatyczna,NULL
Cupra,Cupra Leon Sportstourer,122900,PLN,Benzyna,66200,2022,Automatyczna,NULL
Fiat,Fiat Bravo 1.4 T-JET 16V Street,19000,PLN,Benzyna+LPG,235000,2012,Manualna,1.4
Mercedes-Benz,Mercedes-Benz ML,69900,PLN,Benzyna,248817,2007,Automatyczna,NULL
Jeep,Jeep Avenger,75000,PLN,Benzyna,46000,2023,Manualna,NULL
BMW,BMW Seria 1 116i Urban Line,34900,PLN,Benzyna,176000,2015,Manualna,NULL
Skoda,Skoda Octavia,20900,PLN,Benzyna,62000,2023,Manualna,NULL
Chevrolet,Chevrolet Orlando,4100,PLN,Benzyna+LPG,334000,2012,Manualna,NULL
Opel,Opel Astra 1.7 CDTI Cosmo,9500,PLN,Diesel,292000,2011,Manualna,1.7
Land Rover,Land Rover Range Rover Evoque,16900,PLN,Diesel,273000,2011,Automatyczna,NULL
Volkswagen,Volkswagen Passat 2.0 TDI DSG BlueMotion Technology Exclusive,29600,PLN,Diesel,221000,2012,Automatyczna,2.0
Mercedes-Benz,Mercedes-Benz Klasa S 320,95000,PLN,Benzyna,75000,1997,Automatyczna,NULL
Peugeot,Peugeot 508,14900,PLN,Benzyna,225000,2017,Automatyczna,NULL
Kia,Kia Sorento 2.0 CRDI L,72500,PLN,Diesel,186614,2019,Automatyczna,2.0
MINI,MINI Cooper,12500,PLN,Benzyna,170,2005,Manualna,NULL
Volkswagen,Volkswagen Golf Plus 1.2 TSI MATCH,19590,PLN,Benzyna,200000,2012,Manualna,1.2
Citroën,Citroën C4 Cactus,9100,PLN,Benzyna,163000,2015,Manualna,NULL
Ford,Ford Fiesta,3900,PLN,Diesel,197000,2011,Manualna,NULL
Citroën,Citroën C3 Aircross,6100,PLN,Diesel,160000,2018,Manualna,NULL
Mazda,Mazda 6,79999,PLN,Benzyna,38411,2018,Automatyczna,NULL
Volkswagen,Volkswagen Jetta 1.4 TSI BMT Comfortline,31500,PLN,Benzyna,164251,2015,Manualna,1.4
Toyota,Toyota Corolla,15900,PLN,Hybryda,145000,2019,Automatyczna,NULL
Opel,Opel Meriva 1.4 150 Jahre,25000,PLN,Benzyna+LPG,200000,2015,Manualna,1.4
Mercedes-Benz,Mercedes-Benz Klasa E,11100,PLN,Diesel,343000,2009,Manualna,NULL
Renault,Renault Zoe,7900,PLN,Elektryczny,104000,2016,Automatyczna,NULL
Hyundai,Hyundai Elantra 1.6 Classic +,25900,PLN,Benzyna,118000,2013,Manualna,1.6
Cupra,Cupra Formentor,17900,PLN,Benzyna,3054,2024,Manualna,NULL
Kia,Kia Ceed,3900,PLN,Benzyna,228000,2012,Manualna,NULL
Peugeot,Peugeot 2008,6100,PLN,Diesel,296000,2016,Manualna,NULL
Opel,Opel Meriva,21500,PLN,Benzyna+LPG,169357,2014,Manualna,NULL
Kia,Kia Sportage,28900,PLN,Benzyna,2776,2025,Manualna,NULL
Opel,Opel Meriva,6100,PLN,Benzyna,119000,2016,Manualna,NULL
Kia,Kia Ceed,6100,PLN,Diesel,343000,2016,Manualna,NULL
Nissan,Nissan Juke 1.6 Tekna S&S,31900,PLN,Benzyna,137000,2010,Manualna,1.6
Peugeot,Peugeot 207,9700,PLN,Diesel,202500,2009,Manualna,NULL
Honda,Honda Civic,15900,PLN,Benzyna,179200,2007,Manualna,NULL
Audi,Audi Q5 2.0 TFSI Quattro S tronic,113000,PLN,Benzyna,103000,2019,Automatyczna,2.0
Volkswagen,Volkswagen Golf,48800,PLN,Benzyna,93000,2019,Manualna,NULL
Audi,Audi A4 Limousine 45 TFSI quattro S tronic S line,130000,PLN,Benzyna,11210,2024,Automatyczna,NULL
Ford,Ford Focus,96900,PLN,Hybryda,18418,2024,Automatyczna,NULL
Toyota,Toyota Corolla,134900,PLN,Hybryda,13629,2025,Automatyczna,NULL
Opel,Opel Meriva 1.6 CDTI Enjoy S&S,17999,PLN,Diesel,154345,2016,Manualna,1.6
Opel,Opel Corsa 1.2 T Edition S&S,63900,PLN,Benzyna,17200,2025,Manualna,1.2
Opel,Opel Insignia 2.0 CDTI GS Line S&S,52000,PLN,Diesel,180000,2020,Manualna,2.0
Kia,Kia EV6 77.4kWh Plus AWD,134000,PLN,Elektryczny,102000,2023,Automatyczna,7.4
Skoda,Skoda Octavia 2.0 TDI RS DSG,29900,PLN,Diesel,290000,2014,Automatyczna,2.0
Ford,Ford Galaxy 2.0 EcoBlue Titanium,58900,PLN,Diesel,245000,2020,Manualna,2.0
Mercedes-Benz,Mercedes-Benz CLA 180 7G-DCT AMG Line,75700,PLN,Benzyna,138000,2020,Automatyczna,NULL
Suzuki,Suzuki SX4 S-Cross 1.4 T Premium 4WD,63700,PLN,Benzyna,138000,2017,Manualna,1.4
Mercedes-Benz,Mercedes-Benz Klasa E 200 d 9G-TRONIC,72000,PLN,Diesel,270000,2019,Automatyczna,NULL
Volkswagen,Volkswagen Tiguan 2.0 TDI DPF 4Motion Exclusive,48900,PLN,Diesel,235000,2014,Manualna,2.0
Jeep,Jeep Wrangler Unlimited 2.0 Turbo PHEV 4xe Sahara,136500,PLN,Hybryda Plug-in,69000,2021,Automatyczna,2.0
Volkswagen,Volkswagen Arteon 2.0 TSI 4Motion R DSG,152800,PLN,Benzyna,62000,2022,Automatyczna,2.0
Volvo,Volvo S80,23000,PLN,Benzyna,295539,2008,Automatyczna,NULL
BMW,BMW Seria 4,52000,PLN,Diesel,220000,2014,Automatyczna,NULL
Seat,Seat Altea XL 2.0 TDI 4x2 Freetrack,8990,PLN,Diesel,229000,2009,Manualna,2.0
Opel,Opel Meriva 1.4 T Edition 150,21000,PLN,Benzyna,176500,2012,Manualna,1.4
Peugeot,Peugeot 5008 BlueHDi 130 Allure,59999,PLN,Diesel,133166,2019,Manualna,NULL
Audi,Audi A6 Limousine,62000,PLN,Diesel,170000,2013,Automatyczna,NULL
Skoda,Skoda Fabia,5900,PLN,Diesel,352120,2008,Manualna,NULL
Mercedes-Benz,Mercedes-Benz Klasa A,42500,PLN,Diesel,212208,2013,Automatyczna,NULL
BMW,BMW Seria 5,149000,PLN,Diesel,195000,2019,Automatyczna,NULL
Honda,Honda Civic 1.4i LS,3500,PLN,Benzyna,214817,2004,Manualna,1.4
Audi,Audi A4 Limousine 2.0 TFSI S tronic sport,40000,PLN,Benzyna,156161,2018,Automatyczna,2.0
Seat,Seat Leon,13300,PLN,Benzyna,162000,2010,Manualna,NULL
Mitsubishi,Mitsubishi ASX 1.8 DID Instyle NAVI AS&G,39900,PLN,Diesel,162000,2015,Manualna,1.8
Volvo,Volvo XC 40 T4 Plug-In Hybrid Inscription,78700,PLN,Hybryda Plug-in,106000,2022,Automatyczna,NULL
Renault,Renault Trafic,89900,PLN,Diesel,107270,2024,Manualna,NULL
Citroën,Citroën C4 Cactus 1.2 PureTech Feel Elite EU6,24400,PLN,Benzyna,74000,2017,Manualna,1.2
Ford,Ford Mustang 5.0 V8 GT,83000,PLN,Benzyna,164430,2012,Manualna,5.0
BMW,BMW X5 M M60i mHEV sport,469000,PLN,Benzyna,57000,2024,Automatyczna,NULL
Toyota,Toyota Corolla 2.0 Hybrid GR Sport,145900,PLN,Hybryda,5125,2026,Automatyczna,2.0
BMW,BMW Seria 1 M135i Sport-Aut,79900,PLN,Benzyna,169100,2015,Automatyczna,NULL
Ford,Ford Transit,147500,PLN,Diesel,10,2026,Manualna,NULL
Renault,Renault Clio,7500,PLN,Diesel,264122,2009,Manualna,NULL
Dodge,"Dodge Durango 3,6 Limited",39800,PLN,Benzyna,190000,2018,Automatyczna,NULL
Chrysler,Chrysler Pacifica,66999,PLN,Benzyna,195000,2021,Automatyczna,NULL
Chevrolet,Chevrolet Cruze,10000,PLN,Benzyna,195000,2010,Manualna,NULL
Audi,Audi Q5,161850,PLN,Diesel,49057,2023,Automatyczna,NULL
Opel,Opel Grandland X 1.2 Start/Stop INNOVATION,46500,PLN,Benzyna,140000,2018,Manualna,1.2
Volkswagen,Volkswagen Passat 1.9 TDI Comfortline,6800,PLN,Diesel,480000,2003,Manualna,1.9
Volvo,Volvo XC 40 T5 AWD Geartronic Momentum,45999,PLN,Benzyna,230000,2021,Automatyczna,NULL
BMW,BMW Seria 3 330i xDrive M Sport sport,120999,PLN,Benzyna,101000,2019,Automatyczna,NULL
Audi,Audi S5 Sportback 3.0 TFSI Quattro Tiptronic,72999,PLN,Benzyna,178000,2018,Automatyczna,3.0
Mazda,Mazda 3 1.6 Active,19990,PLN,Benzyna,155000,2011,Manualna,1.6
Hyundai,Hyundai Tucson 1.6 T-GDi HEV N-Line 2WD,138584,PLN,Hybryda,2,2026,Automatyczna,1.6
Seat,Seat Arona,89900,PLN,Benzyna,10321,2024,Automatyczna,NULL
Mazda,Mazda 3 SKYACTIV-G 120 Exclusive-Line,41900,PLN,Benzyna,166351,2014,Manualna,NULL
Ford,Ford Focus 1.0 EcoBoost Titanium,26900,PLN,Benzyna,191377,2018,Manualna,1.0
Kia,Kia Sportage 1.6 T-GDI HEV Anniversary 2WD,135900,PLN,Hybryda,11900,2025,Automatyczna,1.6
Renault,Renault Scenic ENERGY TCe 140 LIMITED,48800,PLN,Benzyna,106000,2018,Manualna,NULL
Skoda,Skoda Octavia 2.0 TSI 4x4 Style DSG,94900,PLN,Benzyna,98970,2022,Automatyczna,2.0
BMW,BMW Seria 3 335d xDrive M Sport,90000,PLN,Diesel,175000,2017,Automatyczna,NULL
Mercedes-Benz,Mercedes-Benz Klasa V 300 d Exclusive 9G-Tronic (d³ugi),209000,PLN,Diesel,202140,2022,Automatyczna,NULL
Toyota,Toyota GR Yaris 1.6 Dynamic,199900,PLN,Benzyna,30716,2024,Automatyczna,1.6
Volkswagen,Volkswagen Golf 1.6 TDI BlueMotion Technology Comfortline,16500,PLN,Diesel,341566,2014,Manualna,1.6
Ford,Ford Kuga,147600,PLN,Hybryda,1,2026,Automatyczna,NULL
Alfa Romeo,Alfa Romeo Mito TB 1.4 16V MultiAir TCT,24700,PLN,Benzyna,115590,2013,Automatyczna,1.4
Changan,Changan CS75 Plus,141400,PLN,Benzyna,1,2026,Automatyczna,NULL
Dodge,Dodge Grand Caravan,21500,PLN,Benzyna,193128,2013,Automatyczna,NULL
Renault,Renault Kangoo,5500,PLN,Diesel,280000,2005,Manualna,NULL
Seat,Seat Leon 2.0 TDI Xcellence S&S DSG,29900,PLN,Diesel,179621,2017,Automatyczna,2.0
Volkswagen,Volkswagen Passat 2.0 TSI BMT Highline DSG,46900,PLN,Benzyna,279000,2015,Automatyczna,2.0
Mazda,Mazda CX-5 2.5 e-SKYACTIV G Homura 4x4,200400,PLN,Hybryda,5,2025,Automatyczna,2.5
Daewoo,Daewoo Matiz Life,18000,PLN,Benzyna,6800,2002,Manualna,NULL
MINI,MINI Cooper,67000,PLN,Benzyna,76697,2020,Automatyczna,NULL
Audi,Audi S5 Sportback,160000,PLN,Benzyna,126600,2018,Automatyczna,NULL
Mazda,Mazda CX-30 2.0 mHEV Exclusive-Line 2WD,156310,PLN,Benzyna,5,2026,Automatyczna,2.0
Mazda,Mazda CX-30 2.0 mHEV Centre-Line 2WD,149842,PLN,Benzyna,5,2026,Automatyczna,2.0
Mazda,Mazda CX-30 2.0 mHEV Centre-Line 2WD,149156,PLN,Benzyna,3,2026,Automatyczna,2.0
Mazda,Mazda CX-30 2.0 mHEV Homura 2WD,147900,PLN,Benzyna,5,2026,Automatyczna,2.0
Mazda,Mazda CX-30 2.0 mHEV Centre-Line 2WD,149156,PLN,Benzyna,5,2026,Automatyczna,2.0
Mazda,Mazda 2 SKYACTIV-G 90 Homura,131000,PLN,Benzyna,5,2026,Automatyczna,NULL
Porsche,Porsche Panamera 4S E-Hybrid,788798,PLN,Hybryda Plug-in,10,2026,Automatyczna,NULL
Porsche,Porsche Cayenne E-Hybrid PHEV Black Edition,532092,PLN,Hybryda Plug-in,10,2026,Automatyczna,NULL
Renault,Renault Clio 1.6 E-TECH Full Hybrid 145 Esprit Alpine,79900,PLN,Hybryda,9800,2025,Automatyczna,1.6
Toyota,Toyota RAV4 2.5 Hybrid Selection 4x2,139999,PLN,Hybryda,122000,2022,Automatyczna,2.5
BMW,BMW Seria 1,14500,PLN,Benzyna,174000,2006,Manualna,NULL
Citroën,Citroën Berlingo ver-multispace-hdi-115-fap-selection,49900,PLN,Diesel,156000,2021,Manualna,NULL
Renault,Renault Grand Scenic Gr 1.5 dCi SL Touch EDC,39900,PLN,Diesel,128000,2017,Automatyczna,1.5
Renault,Renault Zoe,21700,PLN,Elektryczny,20000,2021,Automatyczna,NULL
Hyundai,Hyundai i30 1.5 T-GDI 48V-Hybrid DCT N-Line,72900,PLN,Benzyna,130000,2022,Automatyczna,1.5
Peugeot,Peugeot 3008 BlueHDi 180 Stop & Start EAT8 GT,29900,PLN,Diesel,189600,2018,Automatyczna,NULL
Toyota,Toyota Corolla 1.8 Hybrid Comfort,90900,PLN,Hybryda,73004,2023,Automatyczna,1.8
Hyundai,Hyundai Kona,149900,PLN,Benzyna,911,2026,Automatyczna,NULL
Porsche,Porsche 911,485000,PLN,Benzyna,24000,2015,Automatyczna,NULL
Volkswagen,Volkswagen Golf 2.0 TSI GTI DSG,134900,PLN,Benzyna,48980,2024,Automatyczna,2.0
Toyota,Toyota Yaris Cross Hybrid 1.5 Comfort,101900,PLN,Hybryda,5162,2024,Automatyczna,1.5
Renault,Renault Austral E-Tech Full 200 Esprit Alpine,109900,PLN,Hybryda,51000,2023,Automatyczna,NULL
Seat,Seat Ateca 1.5 TSI Style S&S,84900,PLN,Benzyna,69590,2022,Manualna,1.5
Hyundai,Hyundai i20 1.25 Classic +,26900,PLN,Benzyna,161440,2016,Manualna,1.2
Cupra,Cupra Formentor 2.0 TSI 4Drive VZ DSG,139900,PLN,Benzyna,54768,2022,Automatyczna,2.0
Volkswagen,Volkswagen Golf 2.0 TSI GTI DSG,129900,PLN,Benzyna,64535,2023,Automatyczna,2.0
Audi,Audi A3 Sportback 1.4 TFSI Attraction,17999,PLN,Benzyna,177000,2010,Manualna,1.4
Volkswagen,Volkswagen Golf Variant,99900,PLN,Benzyna,75845,2023,Automatyczna,NULL
Dongfeng,Dongfeng Shine GS ver-1-5t-machpower,84900,PLN,Benzyna,2,2025,Automatyczna,NULL
BMW,BMW Seria 4 420d xDrive M Sport sport,214800,PLN,Diesel,38000,2024,Automatyczna,NULL
Mazda,Mazda CX-5 2.2 D Skypassion,29900,PLN,Diesel,210000,2012,Manualna,2.2
Maserati,Maserati Quattroporte Sport GT S Automatic,199000,PLN,Benzyna,66000,2012,Automatyczna,NULL
Lamborghini,Lamborghini Aventador,1599000,PLN,Benzyna,17500,2017,Automatyczna,NULL
Ford,Ford EcoSport 1.0 EcoBoost TITANIUM X,42900,PLN,Benzyna,118300,2019,Manualna,1.0
Mercedes-Benz,Mercedes-Benz Vito,65896,PLN,Diesel,54400,2022,Manualna,NULL
Nissan,Nissan Juke 1.0 DIG-T Acenta DCT,96900,PLN,Benzyna,1,2026,Automatyczna,1.0
Ford,Ford Kuga,77900,PLN,Benzyna,30000,2024,Manualna,NULL
Suzuki,Suzuki Jimny 1.5 ALLGRIP Automatik Comfort+,219000,PLN,Benzyna,13541,2024,Automatyczna,1.5
Skoda,Skoda Karoq 2.0 TSI 4x4 DSG Sportline,92400,PLN,Benzyna,92000,2021,Automatyczna,2.0
BMW,BMW Seria 4 420d xDrive mHEV M Sport sport,219800,PLN,Diesel,72500,2025,Automatyczna,NULL
Dacia,Dacia Duster 1.6 SCe Blackshadow 4x4 S&S,49900,PLN,Benzyna,118100,2019,Manualna,1.6
Dongfeng,Dongfeng Mage 1.5T MachPower,129900,PLN,Benzyna,2,2025,Automatyczna,1.5
Citroën,Citroën Berlingo Multispace BlueHDi 100 FEEL,25500,PLN,Diesel,194000,2015,Manualna,NULL
Skoda,Skoda Citigo 1.0 Ambition,9800,PLN,Benzyna,336367,2015,Manualna,1.0
Suzuki,Suzuki Jimny,42900,PLN,Benzyna,191218,2016,Manualna,NULL
Suzuki,Suzuki Vitara 1.4 Boosterjet Allgrip S,62900,PLN,Benzyna,89492,2017,Manualna,1.4
Toyota,Toyota Yaris,16900,PLN,Benzyna+LPG,234000,2012,Manualna,NULL
Hyundai,Hyundai i30 1.5 T-GDI 48V-Hybrid DCT EDITION 30+,64900,PLN,Benzyna,70730,2022,Automatyczna,1.5
Volvo,Volvo V60 D4 Momentum,69990,PLN,Diesel,213000,2019,Automatyczna,NULL
Volkswagen,Volkswagen Tiguan 1.5 TSI EVO Comfortline DSG,89900,PLN,Benzyna,131800,2019,Automatyczna,1.5
Volvo,Volvo XC 60 D5 AWD Inscription,115000,PLN,Diesel,143000,2019,Automatyczna,NULL
Peugeot,Peugeot 2008 PureTech 130 Allure,62999,PLN,Benzyna,39322,2023,Manualna,NULL
Opel,Opel Mokka 1.6 CDTI Cosmo S&S,37999,PLN,Diesel,196417,2017,Manualna,1.6
Audi,Audi S5 Sportback 3.0 TFSI Quattro Tiptronic,98800,PLN,Benzyna,311464,2017,Automatyczna,3.0
Volvo,Volvo XC 90,289900,PLN,Hybryda Plug-in,21688,2025,Automatyczna,NULL
Opel,Opel Grandland X 1.2 Start/Stop 2020,33900,PLN,Benzyna,205000,2018,Manualna,1.2
DS Automobiles,DS Automobiles DS 7 Crossback ver-1-5-bluehdi-jules-verne,164900,PLN,Diesel,2,2026,Automatyczna,NULL
MINI,MINI Clubman Cooper S,53999,PLN,Benzyna,169164,2016,Automatyczna,NULL
Fiat,Fiat Sedici 1.6 16V 4x4 Emotion,23400,PLN,Benzyna,213000,2013,Manualna,1.6
Lexus,Lexus RX,189000,PLN,Benzyna,17200,2022,Automatyczna,NULL
Volvo,Volvo XC 40 T4,93000,PLN,Benzyna,86000,2020,Automatyczna,NULL
Cupra,Cupra Formentor,129900,PLN,Benzyna,29000,2023,Automatyczna,NULL
BYD,BYD Seal U,131900,PLN,Hybryda Plug-in,16800,2025,Automatyczna,NULL
Mercedes-Benz,Mercedes-Benz CLA AMG 35 4-Matic 7G-DCT,132700,PLN,Benzyna,61000,2020,Automatyczna,NULL
BYD,BYD Atto 2,115900,PLN,Elektryczny,11300,2025,Automatyczna,NULL
Opel,Opel Astra 1.4 Enjoy,16700,PLN,Benzyna,175000,2011,Manualna,1.4
Renault,Renault Koleos 2.5 16V 4x4 Dynamique,27999,PLN,Benzyna+LPG,215300,2012,Manualna,2.5
Dongfeng,Dongfeng Mage,109900,PLN,Benzyna,5,2025,Automatyczna,NULL
BMW,BMW Seria 2 230i,132000,PLN,Benzyna,57260,2024,Automatyczna,NULL
Porsche,Porsche 911 Carrera T-Hybrid Spirit 70,1388881,PLN,Benzyna,17,2026,Automatyczna,NULL
Kia,Kia Picanto 1.0 L,5000,PLN,Benzyna,250000,2012,Manualna,1.0
Audi,Audi Q5 2.0 TFSI quattro tiptronic,34900,PLN,Benzyna,210000,2010,Automatyczna,2.0
Audi,Audi A7 Sportback,70000,PLN,Diesel,230000,2012,Automatyczna,NULL
Mercedes-Benz,Mercedes-Benz Klasa E,85900,PLN,Diesel,183000,2018,Automatyczna,NULL
Mazda,Mazda 6 2.0 Exclusive +,14000,PLN,Benzyna,280000,2008,Manualna,2.0
Opel,Opel Combo L 1.5 BlueHDi S&S,125000,PLN,Diesel,1,2026,Manualna,1.5
Opel,Opel Frontera 1.2 T mHEV GS eDTC6,115900,PLN,Benzyna,2,2026,Automatyczna,1.2
Mazda,Mazda MX-30,119900,PLN,Hybryda,32107,2024,Automatyczna,NULL
Lexus,Lexus NX 300 GPF Elegance AWD,91999,PLN,Benzyna,181000,2019,Automatyczna,NULL
Opel,Opel Grandland 1.2 mHEV GS eDTC6,131900,PLN,Hybryda,2,2025,Automatyczna,1.2
Opel,Opel Mokka 54kWh Edition,115700,PLN,Elektryczny,5,2025,Automatyczna,NULL
Citroën,Citroën C4 1.6 16V Confort,3000,PLN,Benzyna,309000,2006,Manualna,1.6
Citroën,Citroën Berlingo 1.6 HDi XTR,19500,PLN,Diesel,261555,2012,Manualna,1.6
Audi,Audi A6 Avant 55 TFSI mHEV Quattro S Line S tronic,194900,PLN,Benzyna,54665,2022,Automatyczna,NULL
Jaguar,Jaguar E-Pace D240 AWD SE,65000,PLN,Diesel,177100,2019,Automatyczna,NULL
Audi,Audi A4 Avant 40 TFSI mHEV Quattro S Line S tronic,159900,PLN,Benzyna,25095,2023,Automatyczna,NULL
Renault,Renault Arkana,48000,PLN,Hybryda,36325,2022,Automatyczna,NULL
Jetour,Jetour T2,159900,PLN,Benzyna,10000,2025,Automatyczna,NULL
Ford,Ford Tourneo Connect 1.5 TDCi Titanium,41000,PLN,Diesel,210000,2017,Manualna,1.5
Volkswagen,Volkswagen Polo,9900,PLN,Benzyna,264000,2012,Manualna,NULL
Mercedes-Benz,Mercedes-Benz AMG GT 63 S 4-Matic+,699999,PLN,Benzyna,74000,2023,Automatyczna,NULL
Mercedes-Benz,Mercedes-Benz Klasa B,14999,PLN,Benzyna,145000,2008,Manualna,NULL
Kia,Kia Stonic 1.2 Vision,31900,PLN,Benzyna,19000,2024,Manualna,1.2
Hyundai,Hyundai i10,17900,PLN,Benzyna,2800,2025,Manualna,NULL
Mercedes-Benz,Mercedes-Benz CLA,151130,PLN,Benzyna,85000,2019,Automatyczna,NULL
Audi,Audi Q3 45 TFSI Quattro S tronic S line,89500,PLN,Benzyna,99000,2021,Automatyczna,NULL
Audi,Audi Q5 Sportback 45 TFSI mHEV Quattro S Line S tronic,189900,PLN,Benzyna,56648,2023,Automatyczna,NULL
Toyota,Toyota RAV4,165000,PLN,Hybryda,47196,2023,Automatyczna,NULL
Skoda,Skoda Kodiaq,165000,PLN,Benzyna,114580,2023,Automatyczna,NULL
Nissan,Nissan Tiida 1.6 Tekna,3900,PLN,Benzyna,287000,2008,Manualna,1.6
Seat,Seat Leon 1.4 TSI FR S&S,39800,PLN,Benzyna,119000,2014,Manualna,1.4
Toyota,Toyota Prius 1.5 VVT-i Sol (nav),10900,PLN,Benzyna+LPG,404000,2006,Automatyczna,1.5
Mercedes-Benz,Mercedes-Benz Klasa A 250 4-Matic AMG Line 8G-DCT,85000,PLN,Benzyna,67000,2022,Automatyczna,NULL
Toyota,Toyota Auris,33800,PLN,Hybryda,168000,2011,Automatyczna,NULL
Mercedes-Benz,Mercedes-Benz Klasa B,43500,PLN,Benzyna,125000,2014,Automatyczna,NULL
Inny,Inny Inny,260000,PLN,Benzyna,300,1965,Manualna,NULL
Dodge,Dodge Nitro 2.8 CRD DPF Automatik SXT,29900,PLN,Diesel,212000,2008,Automatyczna,2.8
Citroën,Citroën C3 Aircross 1.2 mHEV Plus S&S eDCT6,103000,PLN,Benzyna,3,2026,Automatyczna,1.2
Mercedes-Benz,Mercedes-Benz Klasa C,5500,PLN,Diesel,411845,2005,Automatyczna,NULL
Renault,Renault Talisman ENERGY dCi 130 Business,43900,PLN,Diesel,163500,2017,Manualna,NULL
Ford,Ford Mondeo 2.0 EcoBlue Titanium,55000,PLN,Diesel,187000,2021,Automatyczna,2.0
Ford,Ford Fusion,45000,PLN,Benzyna,157900,2016,Automatyczna,NULL
Renault,Renault Megane 1.5 dCi Zen EDC,45000,PLN,Diesel,199995,2017,Automatyczna,1.5
Volkswagen,Volkswagen Golf 1.6 TDI Highline,24200,PLN,Diesel,190000,2012,Manualna,1.6
Seat,Seat Ibiza,20999,PLN,Benzyna+LPG,178319,2017,Manualna,NULL
Ford,Ford Transit Custom,61500,PLN,Diesel,290000,2018,Manualna,NULL
Volkswagen,Volkswagen Jetta,13999,PLN,Diesel,272127,2012,Manualna,NULL
Skoda,Skoda Fabia 1.4 16V Fun,4200,PLN,Benzyna,251272,2008,Manualna,1.4
Renault,Renault Talisman BLUE dCi 160 EDC LIFE,55000,PLN,Diesel,156000,2020,Automatyczna,NULL
Toyota,Toyota Corolla 1.6 Premium MS,49900,PLN,Benzyna,131100,2018,Automatyczna,1.6
Ford,Ford Escape 2.0 EcoBoost AWD Titanium,48000,PLN,Benzyna+LPG,111145,2017,Automatyczna,2.0
Toyota,Toyota Yaris,10400,PLN,Benzyna,183500,2009,Manualna,NULL
Citroën,Citroën Berlingo,20000,PLN,Diesel,1700003,2012,Manualna,NULL
Honda,Honda Civic,7900,PLN,Benzyna,149000,2011,Manualna,NULL
Renault,Renault Clio,12500,PLN,Benzyna,248000,2011,Manualna,NULL
Mercedes-Benz,Mercedes-Benz Klasa V 300 d 4-Matic 9G-Tronic Exclusive (ekstra d³),376000,PLN,Diesel,57400,2024,Automatyczna,NULL
BMW,BMW Seria 5 530i Sport Line,159000,PLN,Benzyna,26000,2020,Automatyczna,NULL
Toyota,Toyota Auris 1.4 D-4D Comfort,34000,PLN,Diesel,203900,2016,Manualna,1.4
Ford,Ford Focus 1.6 FX Gold / Gold X,9200,PLN,Benzyna,256515,2008,Manualna,1.6
Ford,Ford Mustang 2.3 EcoBoost,89900,PLN,Benzyna,120000,2018,Automatyczna,2.3
Kia,Kia Carnival,69900,PLN,Benzyna,112000,2018,Automatyczna,NULL
Kia,Kia Sportage 1.6 T-GDI Business Line 4WD,53900,PLN,Benzyna,183689,2017,Manualna,1.6
Mercedes-Benz,Mercedes-Benz GLC 300 4Matic 9G-TRONIC,68000,PLN,Benzyna,176000,2016,Automatyczna,NULL
Mazda,Mazda MX-30,119900,PLN,Hybryda,19233,2023,Automatyczna,NULL
Jaguar,Jaguar XF 2.0 i4D R-Sport,49199,PLN,Diesel,194000,2019,Automatyczna,2.0
Alfa Romeo,Alfa Romeo Giulietta 1.4 TB MultiAir Distinctive,36500,PLN,Benzyna,110000,2014,Manualna,1.4
Mercedes-Benz,Mercedes-Benz Klasa A,92000,PLN,Benzyna,56000,2019,Automatyczna,NULL
Ford,Ford Focus 2.0 EcoBlue Titanium Business,49000,PLN,Diesel,193500,2019,Automatyczna,2.0
Mitsubishi,Mitsubishi Grandis 1.3T mHEV Intense Style Cold DCT,140300,PLN,Hybryda,5,2026,Automatyczna,1.3
Mitsubishi,Mitsubishi ASX 1.3 mHEV Intense Style Cold DCT,126290,PLN,Hybryda,5,2026,Automatyczna,1.3
Mitsubishi,Mitsubishi Grandis 1.3T mHEV Intense Style Cold DCT,130000,PLN,Hybryda,0,2025,Automatyczna,1.3
Suzuki,Suzuki Swift 1.2 Dualjet Allgrip Comfort,35999,PLN,Benzyna,179000,2017,Manualna,1.2
Volkswagen,Volkswagen T-Roc 2.0 TSI 4Motion Premium DSG,89000,PLN,Benzyna,89000,2019,Automatyczna,2.0
Audi,Audi A3 Sportback 1.8 TFSI Quattro Ambiente,26900,PLN,Benzyna,156300,2010,Manualna,1.8
Renault,Renault Clio,24000,PLN,Benzyna,220000,2014,Manualna,NULL
Audi,Audi Q5 2.0 TFSI Quattro Tiptronic,56000,PLN,Benzyna,181000,2016,Automatyczna,2.0
Renault,Renault Megane 1.5 dCi Zen EDC,45000,PLN,Diesel,199990,2017,Automatyczna,1.5
Mercedes-Benz,Mercedes-Benz Klasa A 160 CDI Avantgarde DPF Polar Star,4999,PLN,Diesel,300000,2005,Manualna,NULL
Mercedes-Benz,Mercedes-Benz GLC 300 d mHEV 4-Matic AMG Line,269900,PLN,Diesel,63000,2024,Automatyczna,NULL
Toyota,Toyota Yaris 1.4 D-4D Prestige,18500,PLN,Diesel,228000,2013,Manualna,1.4
Audi,Audi A3 Sportback,32900,PLN,Diesel,75286,2012,Manualna,NULL
Suzuki,Suzuki SX4 S-Cross,119900,PLN,Benzyna,15917,2025,Automatyczna,NULL
Mazda,Mazda 2 1.5 Takumi,59999,PLN,Benzyna,96000,2021,Automatyczna,1.5
Cupra,Cupra Ateca 2.0 TSI 4Drive VZ DSG,132900,PLN,Benzyna,54193,2023,Automatyczna,2.0
Volkswagen,Volkswagen Passat 1.4 TSI BlueMotion Technology Highline,23500,PLN,Benzyna,130000,2011,Manualna,1.4
Renault,Renault Espace 2.0 dCi FAP Dynamique,10999,PLN,Diesel,193800,2009,Manualna,2.0
BMW,BMW Seria 3 318d xDrive,46900,PLN,Diesel,265000,2013,Manualna,NULL
Hyundai,Hyundai i20 1.4 Comfort EU5,10500,PLN,Benzyna,190000,2009,Manualna,1.4
Lexus,Lexus UX 300h F Sport Design,159900,PLN,Hybryda,24489,2024,Automatyczna,NULL
BMW,BMW X6,51900,PLN,Diesel,244000,2010,Automatyczna,NULL
Fiat,Fiat Stilo,2500,PLN,Benzyna,152900,2003,Manualna,NULL
Opel,Opel Insignia,34900,PLN,Diesel,94629,2017,Manualna,NULL
Opel,Opel Combo 1.2 Turbo Elite S&S,38900,PLN,Benzyna,131000,2019,Manualna,1.2
Ford,Ford Puma,94900,PLN,Benzyna,26311,2024,Automatyczna,NULL
Ford,Ford Mustang 2.3 EcoBoost,95000,PLN,Benzyna,148121,2019,Automatyczna,2.3
Skoda,Skoda Octavia 2.0 TDI 4x4 RS DSG,52000,PLN,Diesel,254573,2017,Automatyczna,2.0
Peugeot,Peugeot 508,14000,PLN,Diesel,380000,2011,Manualna,NULL
Audi,Audi Q5 40 TDI quattro S tronic S line,138900,PLN,Diesel,121000,2021,Automatyczna,NULL
Ford,Ford Focus 2.0 16V Titanium,11999,PLN,Benzyna,170000,2008,Manualna,2.0
Volvo,Volvo V90 D5 SCR AWD R-Design,114900,PLN,Diesel,158792,2020,Automatyczna,NULL
Citroën,Citroën C5 Aircross 1.5 BlueHDi Feel Pack EAT8,49900,PLN,Diesel,165000,2020,Automatyczna,1.5
Citroën,Citroën C4,29900,PLN,Benzyna,93123,2018,Manualna,NULL
Volkswagen,Volkswagen Touran 2.0 TDI Trendline,8500,PLN,Diesel,367000,2004,Manualna,2.0
BMW,BMW X5 xDrive45e,199000,PLN,Hybryda,112600,2020,Automatyczna,NULL
BMW,BMW Seria 3 320i Sport Line,32999,PLN,Benzyna,220000,2012,Manualna,NULL
Opel,Opel Astra 1.5 D Automatik Business Elegance,58000,PLN,Diesel,167150,2024,Automatyczna,1.5
Kia,Kia Stonic 1.0 T-GDI 120 Platinum Edition,52900,PLN,Benzyna,80500,2019,Manualna,1.0
BMW,BMW X3 2.0d,14800,PLN,Diesel,265500,2005,Manualna,2.0
Opel,Opel Insignia 2.0 CDTI ecoFLEX Business Edition,8950,PLN,Diesel,272540,2009,Manualna,2.0
Volkswagen,Volkswagen Passat 2.0 TDI Business DSG,84900,PLN,Diesel,173000,2022,Automatyczna,2.0
Citroën,Citroën C4 Picasso 1.8 16V Tendance,11900,PLN,Benzyna,193850,2008,Manualna,1.8
Jeep,Jeep Grand Cherokee,27900,PLN,Diesel,222832,2006,Automatyczna,NULL
Skoda,Skoda Fabia 1.6 TDI DPF Active,13500,PLN,Diesel,262204,2013,Manualna,1.6
Opel,Opel Antara 2.0 CDTI Automatik 4x4 Edition,16900,PLN,Diesel,170150,2008,Automatyczna,2.0
Audi,Audi A6 Allroad 3.0 TDI Quattro Tiptr,98400,PLN,Diesel,250840,2016,Automatyczna,3.0
Fiat,Fiat Tipo 1.4 16v Easy,12999,PLN,Benzyna+LPG,396254,2016,Manualna,1.4
Fiat,Fiat Tipo 1.4 16v Easy,13499,PLN,Benzyna+LPG,359495,2017,Manualna,1.4
Citroën,Citroën C3 Aircross 1.2 mHEV Max S&S eDCT6,99900,PLN,Benzyna,15,2026,Automatyczna,1.2
Peugeot,Peugeot 2008 1.2 PureTech GT Line S&S EAT8,72500,PLN,Benzyna,31000,2021,Automatyczna,1.2
BMW,BMW Seria 3 318d Sport Line,45000,PLN,Diesel,213096,2015,Automatyczna,NULL
Honda,Honda HR-V 1.6 i-DTEC Elegance (ADAS/Honda Connect+),46900,PLN,Diesel,151372,2016,Manualna,1.6
Audi,Audi A4 Avant 40 TFSI mHEV Quattro S tronic,139500,PLN,Benzyna,27600,2023,Automatyczna,NULL
Audi,Audi Q3 40 TFSI Quattro S-Line S tronic,194900,PLN,Benzyna,14078,2025,Automatyczna,NULL
Citroën,Citroën C5 Aircross 1.5 BlueHDi C-Series EAT8,73900,PLN,Diesel,73500,2021,Automatyczna,1.5
Volkswagen,Volkswagen Touran 1.6 TDI DPF Comfortline,18900,PLN,Diesel,321507,2012,Manualna,1.6
Toyota,Toyota Corolla 1.2 T Active,48900,PLN,Benzyna,178000,2020,Manualna,1.2
MINI,MINI Cooper S Standard,15000,PLN,Benzyna,144000,2007,Manualna,NULL
BMW,BMW Seria 3,173912,PLN,Diesel,149000,2023,Automatyczna,NULL
BMW,BMW X2,239900,PLN,Diesel,15490,2025,Automatyczna,NULL
MINI,MINI Cooper S,29900,PLN,Benzyna,179279,2012,Manualna,NULL
Ford,Ford Grand C-MAX 1.5 EcoBoost Start-Stopp-System Titanium,39999,PLN,Benzyna,149000,2018,Manualna,1.5
Audi,Audi A4 Limousine,16000,PLN,Benzyna,318000,2008,Manualna,NULL
Mercedes-Benz,Mercedes-Benz Klasa A,89000,PLN,Benzyna,126563,2016,Automatyczna,NULL
Fiat,Fiat Tipo 1.4 16v Lounge,36500,PLN,Benzyna,98000,2017,Manualna,1.4
Renault,Renault Espace Energy dCi 160 EDC Intens,63800,PLN,Diesel,133711,2017,Automatyczna,NULL
Opel,Opel Grandland X 1.2 Start/Stop Business INNOVATION,61900,PLN,Benzyna,94893,2019,Manualna,1.2
Ford,Ford Mondeo,40000,PLN,Diesel,185000,2016,Manualna,NULL
Renault,Renault Captur TCe 150 EDC GPF INTENS,61900,PLN,Benzyna,75515,2019,Automatyczna,NULL
Renault,Renault Kadjar 1.3 TCe FAP Limited,61900,PLN,Benzyna,76350,2018,Manualna,1.3
Kia,Kia Ceed 1.0 T-GDI 120 OPF Edition 7,55500,PLN,Benzyna,104500,2019,Manualna,1.0
Ford,Ford Kuga,36900,PLN,Diesel,128876,2013,Automatyczna,NULL
BMW,BMW X4,205899,PLN,Diesel,36003,2023,Automatyczna,NULL
Volvo,Volvo S60 T3 Summum,32500,PLN,Benzyna,220000,2014,Manualna,NULL
Citroën,Citroën DS3 1.6 THP SportChic,7300,PLN,Benzyna,146282,2010,Manualna,1.6
BMW,BMW Seria 5 540i xDrive mHEV M Sport sport,229000,PLN,Benzyna,95791,2022,Automatyczna,NULL
Alfa Romeo,Alfa Romeo Stelvio,471000,PLN,Benzyna,7,2026,Automatyczna,NULL
Alfa Romeo,Alfa Romeo Stelvio 2.2 JTDM Veloce Q4,288000,PLN,Diesel,7,2026,Automatyczna,2.2
Mercedes-Benz,Mercedes-Benz CLS 350 CDI 4Matic 7G-TRONIC Edition 1,67700,PLN,Diesel,92860,2013,Automatyczna,NULL
Alfa Romeo,Alfa Romeo Junior,134900,PLN,Hybryda,7,2026,Automatyczna,NULL
Opel,Opel Insignia,75899,PLN,Benzyna,111520,2022,Automatyczna,NULL
Opel,Opel Insignia,79899,PLN,Diesel,81314,2022,Automatyczna,NULL
Audi,Audi Q7 45 TDI mHEV Quattro S Line Tiptr,228900,PLN,Diesel,92000,2023,Automatyczna,NULL
Volkswagen,Volkswagen Arteon 2.0 TDI SCR Elegance DSG,94899,PLN,Diesel,156900,2023,Automatyczna,2.0
Toyota,Toyota Yaris 1.0 Active EU6,34900,PLN,Benzyna,174044,2016,Manualna,1.0
Hyundai,Hyundai Tucson,92400,PLN,Hybryda Plug-in,61380,2022,Automatyczna,NULL
Hyundai,Hyundai ix35,33900,PLN,Diesel,207473,2010,Automatyczna,NULL
Kia,Kia Sportage 1.6 T-GDI M 2WD DCT,107900,PLN,Benzyna,43842,2024,Automatyczna,1.6
Fiat,Fiat 125p,15999,PLN,Benzyna,28500,1988,Manualna,NULL
Skoda,Skoda Citigo 1.0 Ambition,10000,PLN,Benzyna,196095,2012,Manualna,1.0
Jeep,Jeep Compass 2.2 CRD 4x4 Limited,20000,PLN,Diesel,220600,2012,Manualna,2.2
Volkswagen,Volkswagen T-Roc 2.0 TSI 4Motion DSG Sport,72900,PLN,Benzyna,188000,2019,Automatyczna,2.0
Audi,Audi A6 Avant 50 TFSI e PHEV Quattro S Line S tronic,189900,PLN,Hybryda Plug-in,19155,2025,Automatyczna,NULL
Renault,Renault Clio,24900,PLN,Benzyna,119987,2014,Manualna,NULL
Volvo,Volvo XC 90,219900,PLN,Benzyna,144256,2022,Automatyczna,NULL
Kia,Kia Sportage 1.6 T-GDI AWD GT LINE,42700,PLN,Benzyna,197000,2017,Manualna,1.6
Porsche,Porsche 718 Boxster GTS 4.0 PDK,340000,PLN,Benzyna,4150,2023,Automatyczna,4.0
Fiat,Fiat Panda,5900,PLN,Benzyna+LPG,208200,2011,Manualna,NULL
Renault,Renault Clio 1.2 16V Exception,7999,PLN,Benzyna,244000,2006,Manualna,1.2
Dacia,Dacia Bigster 1.2 TCe Hybrid-G 150 Journey 4x4,130899,PLN,Hybryda,5,2026,Automatyczna,1.2
Dacia,Dacia Sandero Stepway,81899,PLN,Benzyna+LPG,5,2026,Manualna,NULL
Renault,Renault Captur 1.2 TCe Evolution,85999,PLN,Benzyna+LPG,5,2026,Manualna,1.2
Porsche,Porsche Taycan,367770,PLN,Elektryczny,57700,2022,Automatyczna,NULL
Renault,Renault Captur 1.2 TCe Techno,98399,PLN,Benzyna+LPG,5,2026,Manualna,1.2
Opel,Opel Mokka,58900,PLN,Benzyna,79000,2019,Manualna,NULL
Nissan,Nissan Qashqai 1.3 DIG-T Tekna,71000,PLN,Benzyna,67673,2018,Manualna,1.3
Volkswagen,Volkswagen Tiguan 1.4 TSI Sport&Style DSG,58500,PLN,Benzyna,124965,2015,Automatyczna,1.4
Skoda,Skoda Citigo 1.0 Ambition EU6,12900,PLN,Benzyna,211000,2015,Manualna,1.0
Volkswagen,Volkswagen Golf 1.5 TSI BMT Highline,51900,PLN,Benzyna,160000,2019,Manualna,1.5
BMW,BMW Seria 5 520d xDrive M Sport Edition,130000,PLN,Diesel,149721,2021,Automatyczna,NULL
Fiat,Fiat Freemont,37900,PLN,Diesel,208766,2014,Automatyczna,NULL
Suzuki,Suzuki Swift 1.2 4x4 Club,21900,PLN,Benzyna,193000,2012,Manualna,1.2
Audi,Audi A4 Avant 40 TDI mHEV S Line S tronic,120000,PLN,Diesel,45000,2024,Automatyczna,NULL
Citroën,Citroën C4 SpaceTourer 1.5 BlueHDi Feel S&S,29900,PLN,Diesel,200029,2018,Manualna,1.5
Seat,Seat Leon 1.8 TSI Start&Stop FR,45999,PLN,Benzyna,159999,2016,Manualna,1.8
Citroën,Citroën C3,14200,PLN,Benzyna,186000,2010,Manualna,NULL
Audi,Audi A3 Limousine 1.4 TFSI cylinder on demand S line Sportpaket,50999,PLN,Benzyna,189000,2014,Manualna,1.4
DS Automobiles,DS Automobiles DS 4 1.2 PureTech Rivoli,109900,PLN,Benzyna,13937,2023,Automatyczna,1.2
Peugeot,Peugeot 208 1.2 PureTech Active,23900,PLN,Benzyna,108503,2017,Manualna,1.2
Ford,Ford Mondeo 1.5 EcoBoost Ambiente,34900,PLN,Benzyna,150573,2015,Manualna,1.5
Citroën,Citroën C5 Aircross 1.5 BlueHDi Feel EAT8,69900,PLN,Diesel,155633,2021,Automatyczna,1.5
DS Automobiles,DS Automobiles DS 4 1.2 PureTech Bastille,99900,PLN,Benzyna,16135,2023,Automatyczna,1.2
Toyota,Toyota Aygo X,33900,PLN,Benzyna,14240,2025,Automatyczna,NULL
Audi,Audi Q2 35 TFSI Advanced S tronic,129900,PLN,Benzyna,9534,2025,Automatyczna,NULL
Volkswagen,Volkswagen Beetle 1.2 TSI Blue Motion Technologie Design,29600,PLN,Benzyna,179000,2012,Manualna,1.2
MINI,MINI Countryman,46000,PLN,Diesel,204000,2015,Automatyczna,NULL
BMW,BMW Seria 7 730i L,45000,PLN,Benzyna,226000,2008,Automatyczna,NULL
Mercedes-Benz,Mercedes-Benz Klasa E 200 4Matic 9G-TRONIC Avantgarde,99800,PLN,Benzyna,68000,2017,Automatyczna,NULL
MG,MG HS Hybrid+,128900,PLN,Hybryda,9257,2025,Automatyczna,NULL
MG,MG ZS 1.5 HEV+ Exclusive,103500,PLN,Hybryda,1,2026,Automatyczna,1.5
Hyundai,Hyundai i30,11000,PLN,Benzyna,190081,2010,Manualna,NULL
Subaru,Subaru XV,29900,PLN,Benzyna+LPG,183217,2014,Automatyczna,NULL
Volkswagen,Volkswagen Golf,8500,PLN,Benzyna,230538,2007,Manualna,NULL
Kia,Kia Ceed,68000,PLN,Benzyna,39000,2023,Manualna,NULL
Peugeot,Peugeot 208 1.5 BlueHDi Signature S&S,40900,PLN,Diesel,62700,2021,Manualna,1.5
Dacia,Dacia Sandero Stepway 0.9 TCe Laureate S&S EU6,23900,PLN,Benzyna+LPG,138000,2016,Manualna,0.9
Opel,Opel Meriva,24000,PLN,Benzyna+LPG,184057,2015,Manualna,NULL
Seat,Seat Altea XL 1.9 TDI Stylance,15500,PLN,Diesel,245000,2010,Manualna,1.9
Volkswagen,Volkswagen Passat,64999,PLN,Benzyna,184000,2017,Automatyczna,NULL
Volkswagen,Volkswagen Touareg 3.0 V6 TDI SCR 4Mot Elegance,133900,PLN,Diesel,176000,2020,Automatyczna,3.0
Mercedes-Benz,Mercedes-Benz Klasa E 350 CDI DPF C BlueEFFICIENCY 7G-TRONIC Prime Edition,19500,PLN,Diesel,293000,2009,Automatyczna,NULL
Jeep,Jeep Wrangler 4.0 Sport,120000,PLN,Benzyna,140000,1995,Manualna,4.0
Mazda,Mazda 3 SKYACTIV-D 150 Sports-Line,21990,PLN,Diesel,186000,2015,Manualna,NULL
Opel,Opel Astra 1.4 Turbo Edition,34890,PLN,Benzyna,192725,2018,Manualna,1.4
Peugeot,Peugeot 2008 1.2 Pure Tech Style S&S,18900,PLN,Benzyna,117483,2015,Manualna,1.2
Peugeot,Peugeot 308 2.0 BlueHDi Allure S&S,31000,PLN,Diesel,211500,2016,Manualna,2.0
Volkswagen,Volkswagen Passat Variant 2.0 TDI SCR DSG R-Line,66700,PLN,Diesel,125000,2022,Automatyczna,2.0
Toyota,Toyota Corolla 2.0 Business Edition,71700,PLN,Hybryda,69000,2023,Automatyczna,2.0
Peugeot,Peugeot 2008,99900,PLN,Benzyna,14715,2025,Automatyczna,NULL
Toyota,Toyota RAV4,27900,PLN,Diesel,117000,2006,Manualna,NULL
Toyota,Toyota Hilux 2.8 D-4D mHEV Double Cab Invincible 4x4,259000,PLN,Diesel,5,2026,Automatyczna,2.8
Toyota,Toyota Corolla 1.6 Prestige EU6,55900,PLN,Benzyna,153278,2017,Manualna,1.6
Seat,Seat Leon 1.6 Style,10500,PLN,Benzyna,171000,2006,Manualna,1.6
BMW,BMW X6,287900,PLN,Diesel,30000,2023,Automatyczna,NULL
BMW,BMW X5 xDrive45e sport,269900,PLN,Hybryda,79500,2022,Automatyczna,NULL
Volvo,Volvo XC 60 B4 B Essential,138890,PLN,Benzyna,81601,2023,Automatyczna,NULL
Audi,Audi A6 Avant,177400,PLN,Diesel,13922,2025,Automatyczna,NULL
Mercedes-Benz,Mercedes-Benz GLS,511000,PLN,Diesel,1,2026,Automatyczna,NULL
Mercedes-Benz,Mercedes-Benz ML 350 4-Matic,34000,PLN,Benzyna,158330,2007,Automatyczna,NULL
Volvo,Volvo XC 90 T6 AWD Geartronic Momentum Pro,96000,PLN,Benzyna,61000,2022,Automatyczna,NULL
Mitsubishi,Mitsubishi ASX 1.8 DID Intense 4WD AS&G,36900,PLN,Diesel,121553,2013,Manualna,1.8
Peugeot,Peugeot 308,38990,PLN,Benzyna,111000,2020,Manualna,NULL
Mazda,Mazda CX-5 2.2 D Skypassion,33500,PLN,Diesel,215000,2014,Manualna,2.2
Toyota,Toyota Hilux,46900,PLN,Diesel,205000,2008,Manualna,NULL
Volkswagen,Volkswagen Touareg,33900,PLN,Hybryda,214000,2011,Automatyczna,NULL
Toyota,Toyota Yaris,9900,PLN,Diesel,214000,2008,Manualna,NULL
Audi,Audi Q3,37900,PLN,Benzyna,114000,2013,Manualna,NULL
Mercedes-Benz,Mercedes-Benz GLK,17900,PLN,Diesel,205000,2011,Automatyczna,NULL
Ford,Ford Galaxy,23900,PLN,Diesel,104000,2018,Manualna,NULL
Porsche,Porsche Macan Standard,155000,PLN,Benzyna,58300,2018,Automatyczna,NULL
Mercedes-Benz,Mercedes-Benz Sprinter 906.253,50000,PLN,Diesel,340000,2015,Manualna,6.2
Renault,Renault Captur 1.0 TCe Intens,63900,PLN,Benzyna,45600,2021,Manualna,1.0
Kia,Kia Sorento 2.5 CRDi VGT DPF LX,19900,PLN,Diesel,200235,2009,Manualna,2.5
Ford,Ford Fiesta,17800,PLN,Benzyna,110400,2013,Manualna,NULL
Opel,Opel Vivaro,34900,PLN,Diesel,394,2010,Manualna,NULL
Mercedes-Benz,Mercedes-Benz GLE 400 d 4-Matic Premium Plus,269000,PLN,Diesel,165000,2020,Automatyczna,NULL
Audi,Audi Q5,104900,PLN,Benzyna,105000,2020,Automatyczna,NULL
Land Rover,Land Rover Range Rover Evoque 2.0Si4 SE,69900,PLN,Benzyna,130000,2016,Automatyczna,2.0
Dacia,Dacia Duster,39900,PLN,Benzyna+LPG,122334,2020,Manualna,NULL
Citroën,Citroën C5 Aircross 1.2 mHEV Max eDCT6,109500,PLN,Benzyna,18500,2025,Automatyczna,1.2
Citroën,Citroën C5 Aircross 1.2 PureTech Feel Pack EAT8,65900,PLN,Benzyna,52110,2022,Automatyczna,1.2
Peugeot,Peugeot 208,39900,PLN,Diesel,93639,2022,Manualna,NULL
Hyundai,Hyundai Tucson,106900,PLN,Hybryda,59550,2024,Automatyczna,NULL
Peugeot,Peugeot 3008 1.2 PureTech Active Pack S&S EAT8,85900,PLN,Benzyna,43844,2023,Automatyczna,1.2
Opel,Opel Astra 1.5 CDTI Ultimate S&S,84900,PLN,Diesel,97399,2023,Automatyczna,1.5
Citroën,Citroën C-Elysée 1.2 PureTech GPF More Life,22900,PLN,Benzyna,141187,2018,Manualna,1.2
Peugeot,Peugeot 3008 1.2 PureTech Active Pack S&S EAT8,85900,PLN,Benzyna,43845,2023,Automatyczna,1.2
Citroën,Citroën SpaceTourer 2.0 BlueHDi XL Plus EAT8,144900,PLN,Diesel,14100,2025,Automatyczna,2.0
Hyundai,Hyundai Tucson,99900,PLN,Hybryda,81402,2024,Automatyczna,NULL
Peugeot,Peugeot 5008,57900,PLN,Diesel,182983,2019,Automatyczna,NULL
Renault,Renault Clio 1.5 dCi Authentique,17900,PLN,Diesel,246505,2017,Manualna,1.5
Peugeot,Peugeot 5008 1.5 BlueHDi Allure S&S,79000,PLN,Diesel,176037,2021,Manualna,1.5
Hyundai,Hyundai Tucson 1.6 T-GDi 48V Smart 2WD DCT,109900,PLN,Benzyna,41556,2024,Automatyczna,1.6
Fiat,Fiat Tipo,36900,PLN,Benzyna+LPG,89637,2019,Manualna,NULL
Citroën,Citroën C5 Aircross 1.2 PureTech Feel,59900,PLN,Benzyna,62563,2019,Manualna,1.2
Peugeot,Peugeot 3008 1.5 BlueHDi Allure S&S,49900,PLN,Diesel,157999,2018,Manualna,1.5
Opel,Opel Astra,85900,PLN,Diesel,79104,2023,Automatyczna,NULL
Citroën,Citroën DS5 1.6 THP SportChic,46900,PLN,Benzyna,78190,2014,Manualna,1.6
Citroën,Citroën C3 Aircross 1.2 PureTech GPF Live S&S,44900,PLN,Benzyna,75895,2020,Manualna,1.2
Peugeot,Peugeot 5008 1.6 PureTech Allure S&S EAT8,79500,PLN,Benzyna,134298,2018,Automatyczna,1.6
Citroën,Citroën C4 SpaceTourer 1.5 BlueHDi More Life S&S,34900,PLN,Diesel,185638,2019,Manualna,1.5
Peugeot,Peugeot 3008 1.2 PureTech GPF Allure S&S,55900,PLN,Benzyna,107203,2018,Manualna,1.2
Citroën,Citroën C5 Aircross 1.5 BlueHDi Shine EAT8,79900,PLN,Diesel,155120,2023,Automatyczna,1.5
Peugeot,Peugeot Traveller,144900,PLN,Diesel,102537,2024,Automatyczna,NULL
Peugeot,Peugeot 2008,59900,PLN,Benzyna,158698,2022,Manualna,NULL
Peugeot,Peugeot 3008 1.5 BlueHDi Active S&S EAT8,55900,PLN,Diesel,224430,2019,Automatyczna,1.5
Toyota,Toyota Corolla Cross 2.0 Hybrid Executive,179850,PLN,Hybryda,8342,2024,Automatyczna,2.0
Hyundai,Hyundai i30 1.0 T-GDI Smart,49900,PLN,Benzyna,130044,2022,Manualna,1.0
Toyota,Toyota Yaris,76800,PLN,Hybryda,56378,2024,Automatyczna,NULL
Citroën,Citroën C4 Picasso 1.2 PureTech Live S&S,29900,PLN,Benzyna,148496,2017,Manualna,1.2
Honda,Honda Civic,2650,PLN,Benzyna,203300,2003,Manualna,NULL
Skoda,Skoda Octavia 1.6 TDI DPF Classic,7000,PLN,Diesel,395000,2011,Manualna,1.6
Audi,Audi A4 Allroad,105500,PLN,Diesel,184000,2021,Automatyczna,NULL
Mercedes-Benz,Mercedes-Benz CLA,196000,PLN,Hybryda,1,2026,Automatyczna,NULL
BMW,BMW Seria 4 420i GPF M Sport,122000,PLN,Benzyna,60914,2021,Automatyczna,NULL
Volvo,Volvo XC 40,85900,PLN,Diesel,149800,2018,Automatyczna,NULL
Volvo,Volvo XC 60 B4 D AWD Geartronic Momentum Pro,119999,PLN,Diesel,132226,2022,Automatyczna,NULL
Mercedes-Benz,Mercedes-Benz Klasa E 220 d 9G-TRONIC,81500,PLN,Diesel,130567,2016,Automatyczna,NULL
Mitsubishi,Mitsubishi Outlander 2.0 4WD,41999,PLN,Hybryda Plug-in,241037,2015,Automatyczna,2.0
Mercedes-Benz,Mercedes-Benz Klasa C,189000,PLN,Benzyna,1,2025,Automatyczna,NULL
Peugeot,Peugeot 508 2.0 BlueHDi GT Line S&S EAT8,98000,PLN,Diesel,28041,2020,Automatyczna,2.0
Peugeot,Peugeot 207 75 Urban Style,8700,PLN,Benzyna,199993,2006,Manualna,NULL
Volkswagen,Volkswagen Caravelle 2.0 TDI L2 Comfortline DSG,149999,PLN,Diesel,108773,2022,Automatyczna,2.0
Ford,Ford Kuga 1.5 EcoBoost 2x4 SYNC,49900,PLN,Benzyna,100000,2018,Manualna,1.5
Volvo,Volvo XC 60 D3 Ocean Race,37000,PLN,Diesel,300000,2014,Manualna,NULL
Volkswagen,Volkswagen Polo 1.2 Trendline CityLine,10900,PLN,Benzyna,80398,2008,Manualna,1.2
Dacia,Dacia Sandero 1.0 SCe Access,22000,PLN,Benzyna,150263,2018,Manualna,1.0
Audi,Audi A5 Sportback 35 TDI S tronic S line,101111,PLN,Diesel,136269,2021,Automatyczna,NULL
Honda,Honda Civic,3000,PLN,Benzyna,245000,2003,Manualna,NULL
Ford,Ford C-MAX,9000,PLN,Benzyna+LPG,317500,2009,Manualna,NULL
Peugeot,Peugeot 508,33900,PLN,Diesel,267468,2014,Manualna,NULL
BMW,BMW Seria 3 M340i xDrive,224277,PLN,Benzyna,82500,2022,Automatyczna,NULL
Ford,Ford Fiesta,32444,PLN,Benzyna,106676,2020,Automatyczna,NULL
Subaru,Subaru Forester 2.5 XT 000,64000,PLN,Benzyna,248789,2007,Manualna,2.5
Toyota,Toyota Prius 1.8 Hybrid Prestige,54444,PLN,Hybryda,150636,2016,Automatyczna,1.8
Honda,Honda Civic 1.0 T Executive Sport Line,55777,PLN,Benzyna,48181,2019,Manualna,1.0
Hyundai,Hyundai i20,32444,PLN,Benzyna,141450,2018,Manualna,NULL
Volkswagen,Volkswagen Passat 1.6 TDI DPF BlueMot Comfortline,25000,PLN,Diesel,173600,2011,Manualna,1.6
Volkswagen,Volkswagen Tiguan 2.0 TSI 4Mot Sport&Style,32900,PLN,Benzyna,220373,2013,Manualna,2.0
Ford,Ford Kuga 2.0 TDCi AWD ST-Line Black,57777,PLN,Diesel,186219,2018,Automatyczna,2.0
Honda,Honda CRX,15000,PLN,Benzyna,175000,1997,Manualna,NULL
Toyota,Toyota Auris 1.6 Active,52000,PLN,Benzyna,84000,2018,Manualna,1.6
Hyundai,Hyundai Kona 1.6 GDI Hybrid Platinum DCT,94700,PLN,Hybryda,22100,2023,Automatyczna,1.6
Ford,Ford EcoSport,29900,PLN,Benzyna,139588,2017,Manualna,NULL
Volkswagen,Volkswagen Sharan 2.0 TDI DSG BlueMotion Technology Highline,26500,PLN,Diesel,349500,2013,Automatyczna,2.0
Opel,Opel Astra 1.3 CDTI,3500,PLN,Diesel,268584,2007,Manualna,1.3
Nissan,Nissan Micra,42500,PLN,Benzyna,106000,2021,Automatyczna,NULL
Honda,Honda Civic,26999,PLN,Benzyna,180000,2010,Manualna,NULL
BMW,BMW X1 sDrive18d,24900,PLN,Diesel,250000,2010,Manualna,NULL
Volkswagen,Volkswagen Tiguan,20777,PLN,Diesel,220957,2007,Manualna,NULL
Dacia,Dacia Sandero Stepway 1.5 dCi Laureate S&S EU6,29500,PLN,Diesel,110071,2018,Manualna,1.5
Peugeot,Peugeot 208 1.5 BlueHDi Active S&S,35555,PLN,Diesel,126000,2020,Manualna,1.5
Audi,Audi A3 3-drzwiowe,24999,PLN,Diesel,252000,2011,Manualna,NULL
Land Rover,Land Rover Discovery 3.0 Si6 HSE Luxury,99900,PLN,Benzyna,116000,2017,Automatyczna,3.0
Skoda,Skoda Scala 1.0 TSI Active,45500,PLN,Benzyna,178000,2023,Manualna,1.0
Toyota,Toyota RAV4 2.5 4x4 Comfort,114800,PLN,Hybryda,58590,2019,Automatyczna,2.5
Alfa Romeo,Alfa Romeo Stelvio 2.0 Turbo Veloce Q4,115000,PLN,Benzyna,125500,2020,Automatyczna,2.0
Toyota,Toyota Celica S,16000,PLN,Benzyna,253000,2000,Manualna,NULL
Fiat,Fiat Doblo Maxi Dynamic,34000,PLN,Diesel,229000,2016,Manualna,NULL
Alfa Romeo,Alfa Romeo Giulietta 1.4 TB MultiAir Distinctive,22000,PLN,Benzyna,167000,2010,Manualna,1.4
BMW,BMW Seria 5 520d,14900,PLN,Diesel,350100,2009,Manualna,NULL
BMW,BMW X3 xDrive20d M Sport Edition,77700,PLN,Diesel,131000,2018,Automatyczna,NULL
Peugeot,Peugeot 207 1.4 HDi Trendy,6900,PLN,Diesel,214000,2010,Manualna,1.4
Volkswagen,Volkswagen Tiguan,64700,PLN,Benzyna,190000,2017,Automatyczna,NULL
Kia,Kia Sorento 2.2 CRDI L,48900,PLN,Diesel,194000,2013,Automatyczna,2.2
Toyota,Toyota Proace Verso,102850,PLN,Diesel,111483,2020,Manualna,NULL
Volvo,Volvo XC 60,83000,PLN,Diesel,185000,2018,Manualna,NULL
Opel,Opel Astra 1.4,15000,PLN,Benzyna,207348,2011,Manualna,1.4
Audi,Audi Q3 45 TFSI Quattro S Line S tronic,111900,PLN,Benzyna,83000,2022,Automatyczna,NULL
Volkswagen,Volkswagen Golf 1.5 TSI BMT Trendline,55000,PLN,Benzyna,104699,2020,Manualna,1.5
BMW,BMW Seria 5,69500,PLN,Diesel,266400,2017,Automatyczna,NULL
Nissan,Nissan Qashqai 1.6 Acenta,27500,PLN,Benzyna,255000,2011,Manualna,1.6
Fiat,Fiat Tipo 1.4 16v Mirror,35600,PLN,Benzyna,100240,2018,Manualna,1.4
Chevrolet,Chevrolet Cruze 1.7 D LT+ Premium,4000,PLN,Diesel,186080,2012,Manualna,1.7
Opel,Opel Astra 1.9 CDTI Sport,4700,PLN,Diesel,322525,2005,Manualna,1.9
Mercedes-Benz,Mercedes-Benz Klasa E,155000,PLN,Benzyna,51000,2023,Automatyczna,NULL
Renault,Renault Clio 1.2 16V Campus,4500,PLN,Benzyna,283495,2007,Manualna,1.2
Audi,Audi A4 Limousine,61000,PLN,Benzyna,120500,2016,Automatyczna,NULL
Ford,Ford Escort 1.3 CL,4999,PLN,Benzyna,114000,1996,Manualna,1.3
Nissan,Nissan Qashqai 1.2 DIG-T Acenta EU6,42500,PLN,Benzyna,72125,2017,Manualna,1.2
Audi,Audi A3 Sportback 2.0 TDI DPF quattro Ambiente,24000,PLN,Diesel,296000,2008,Manualna,2.0
Fiat,Fiat Sedici 1.6 16V 4x4 Dynamic,15500,PLN,Benzyna,189000,2006,Manualna,1.6
Opel,Opel Astra 1.0 Turbo Start/Stop Selection,28800,PLN,Benzyna,109000,2016,Manualna,1.0
Citroën,Citroën C4 Grand Picasso 1.6 VTi Selection,14800,PLN,Benzyna+LPG,298472,2011,Manualna,1.6
BMW,BMW X3 M M40i Sport Edition,144000,PLN,Benzyna,136000,2018,Automatyczna,NULL
Fiat,Fiat Seicento,4500,PLN,Benzyna,101990,2010,Manualna,NULL
Honda,Honda CR-V,109000,PLN,Benzyna,120000,2019,Automatyczna,NULL
Peugeot,Peugeot 508 1.5 BlueHDi GT Pack S&S EAT8,62000,PLN,Diesel,159000,2020,Automatyczna,1.5
BYD,BYD Leopard 8,349000,PLN,Hybryda Plug-in,300,2026,Automatyczna,NULL
Toyota,Toyota Auris 1.6 Premium Comfort,48800,PLN,Benzyna,99669,2016,Manualna,1.6
Mercedes-Benz,Mercedes-Benz Klasa B 180 CDI (BlueEFFICIENCY),12900,PLN,Diesel,253000,2011,Manualna,NULL
Seat,Seat Ateca 2.0 TSI FR Black S&S 4Drive DSG,42900,PLN,Benzyna,80000,2021,Automatyczna,2.0
Lexus,Lexus ES 300h Business Edition,139900,PLN,Hybryda,103000,2023,Automatyczna,NULL
Ford,Ford Focus 1.6 16V Ambiente,7900,PLN,Benzyna,201000,2006,Manualna,1.6
Volkswagen,Volkswagen Passat CC 2.0 TDI BlueMotion Technology,28800,PLN,Diesel,256198,2011,Manualna,2.0
Renault,Renault Megane ENERGY TCe 115 Start & Stop Bose Edition,18000,PLN,Benzyna,169000,2012,Manualna,NULL
Toyota,Toyota Yaris 1.33 Luna,15450,PLN,Benzyna,133000,2009,Manualna,1.3
Toyota,Toyota Proace City Verso 1.2 D-4T Family,72900,PLN,Benzyna,68000,2021,Manualna,1.2
Skoda,Skoda Superb 2.0 TSI 4x4 DSG Style,88900,PLN,Benzyna,136000,2019,Automatyczna,2.0
Nissan,Nissan Micra 1.0 IG-T Tekna,40900,PLN,Benzyna,56770,2022,Manualna,1.0
Volkswagen,Volkswagen Caddy 1.9 (5-Si.),21000,PLN,Diesel,239500,2010,Manualna,1.9
BMW,BMW Seria 3 330i xDrive M Sport sport,179800,PLN,Benzyna,13200,2025,Automatyczna,NULL
BMW,BMW Seria 4 420d xDrive Sport-Aut M Sport,199700,PLN,Diesel,60000,2024,Automatyczna,NULL
Honda,Honda Civic 1.6i Sport,8500,PLN,Benzyna,208000,2005,Manualna,1.6
Skoda,Skoda Superb 1.6 TDI Style DSG,58900,PLN,Diesel,195508,2019,Automatyczna,1.6
Opel,Opel Astra 1.4 Turbo,15000,PLN,Benzyna,274277,2012,Manualna,1.4
Mercedes-Benz,Mercedes-Benz Klasa A 250 7G-DCT AMG Line,69999,PLN,Benzyna,179999,2019,Automatyczna,NULL
Land Rover,Land Rover Range Rover Evoque 2.0Si4 HSE,58500,PLN,Benzyna,178508,2015,Automatyczna,2.0
Audi,Audi A6 Limousine 2.0 TDI,11600,PLN,Diesel,240961,2004,Manualna,2.0
Volkswagen,Volkswagen Golf,35055,PLN,Diesel,258500,2018,Manualna,NULL
Ford,Ford Edge,85000,PLN,Benzyna,51100,2020,Automatyczna,NULL
Toyota,Toyota Auris 1.4 D-4D Premium,25700,PLN,Diesel,224000,2013,Manualna,1.4
Daihatsu,Daihatsu Sirion,6500,PLN,Benzyna,193146,2005,Manualna,NULL
Audi,Audi A4 Avant,29999,PLN,Benzyna,131000,2009,Manualna,NULL
Peugeot,Peugeot 4007 HDI FAP 5-Sitzer Active,15900,PLN,Diesel,331668,2010,Manualna,NULL
Opel,Opel Astra,19900,PLN,Benzyna,147834,2014,Manualna,NULL
Peugeot,Peugeot 508 BlueHDi FAP 150 Stop&Start Allure,20900,PLN,Diesel,275000,2014,Manualna,NULL
BMW,BMW Seria 5 530d,59900,PLN,Diesel,168000,2015,Automatyczna,NULL
Ford,Ford C-MAX,22900,PLN,Benzyna,134000,2014,Manualna,NULL
Hyundai,Hyundai i10 1.0 Comfort,25800,PLN,Benzyna,64907,2016,Manualna,1.0
Citroën,Citroën C3 Aircross PureTech 110 Stop & Start OPF C-SERIES,48900,PLN,Benzyna,30000,2023,Manualna,NULL
Volkswagen,Volkswagen Golf Alltrack 2.0 TDI 4Motion (BMT) DSG,48900,PLN,Diesel,210000,2015,Automatyczna,2.0
Ford,Ford Kuga 2.0 EcoBlue Hybrid TITANIUM,61900,PLN,Diesel,164800,2020,Manualna,2.0
Mitsubishi,Mitsubishi ASX,15800,PLN,Diesel,262000,2011,Manualna,NULL
BMW,BMW X1 sDrive18i M Sport,140000,PLN,Benzyna,19000,2022,Automatyczna,NULL
Skoda,Skoda Felicia 1.3 LX,5500,PLN,Benzyna,67000,1997,Manualna,1.3
Mercedes-Benz,Mercedes-Benz Klasa E 200 d 9G-TRONIC Avantgarde,85000,PLN,Diesel,180000,2019,Automatyczna,NULL
Citroën,Citroën C4 Picasso 1.6 HDi Equilibre Navi Pack MCP,13500,PLN,Diesel,240400,2011,Automatyczna,1.6
Skoda,Skoda Fabia 1.2 TSI Active,18600,PLN,Benzyna+LPG,204406,2016,Manualna,1.2
Opel,Opel Astra 1.4 Start,7999,PLN,Benzyna,303307,2007,Manualna,1.4
Ford,Ford Puma 1.5 EcoBoost ST X,76900,PLN,Benzyna,27400,2021,Manualna,1.5
Cupra,Cupra Formentor 2.0 TSI 4Drive DSG VZ Extreme,168800,PLN,Benzyna,21000,2024,Automatyczna,2.0
Maserati,Maserati Quattroporte S Q4,13000,PLN,Benzyna,70000,2017,Automatyczna,NULL
Ford,Ford Mondeo 1.8 TDCi Ghia,6500,PLN,Diesel,275000,2008,Manualna,1.8
Skoda,Skoda Fabia 1.2 12V Classic,6400,PLN,Benzyna,207296,2008,Manualna,1.2
Volkswagen,Volkswagen Tiguan 2.0 TDI BMT SCR 4Mot Highline DSG,79000,PLN,Diesel,150000,2017,Automatyczna,2.0
Volkswagen,Volkswagen Passat Variant 2.0 TDI Comfortline,5000,PLN,Diesel,285677,2006,Manualna,2.0
Kia,Kia Ceed,77777,PLN,Benzyna,18110,2025,Manualna,NULL
Citroën,Citroën Berlingo XL 1.5 BlueHDI Feel Pack S&S,28900,PLN,Diesel,260000,2019,Manualna,1.5
Volkswagen,Volkswagen Passat Alltrack,69800,PLN,Diesel,188677,2017,Automatyczna,NULL
Fiat,Fiat Grande Punto,7500,PLN,Benzyna,229813,2008,Manualna,NULL
Skoda,Skoda Karoq 1.0 TSI 4x2 Style DSG,33900,PLN,Benzyna,32126,2018,Automatyczna,1.0
Ford,Ford Focus,70000,PLN,Diesel,122500,2021,Automatyczna,NULL
Kia,Kia Ceed 1.6 GDI Platinum Edition,34800,PLN,Benzyna,145238,2014,Manualna,1.6
Mercedes-Benz,Mercedes-Benz Klasa A 180 d 7G-DCT,72500,PLN,Diesel,145000,2019,Automatyczna,NULL
Audi,Audi S3,89000,PLN,Benzyna,128747,2018,Automatyczna,NULL
Opel,Opel Astra 1.8 Comfort,4800,PLN,Benzyna+LPG,208000,2001,Manualna,1.8
Renault,Renault Clio Cargo ENERGY dCi 75 Extra,10700,PLN,Diesel,195000,2015,Manualna,NULL
Fiat,Fiat Punto 1.4 Easy S&S,11350,PLN,Benzyna,212855,2012,Manualna,1.4
Volkswagen,Volkswagen Passat 1.9 TDI Highline,4900,PLN,Diesel,358446,2002,Manualna,1.9
Ford,Ford Ranger,80000,PLN,Diesel,140000,2019,Automatyczna,NULL
Mercedes-Benz,Mercedes-Benz CLS 55 AMG,130000,PLN,Benzyna,57000,2005,Automatyczna,NULL
Lexus,Lexus UX 200 GPF Omotenashi 2WD,104000,PLN,Benzyna,38789,2021,Automatyczna,NULL
Volkswagen,Volkswagen Golf 1.4 Team,16600,PLN,Benzyna,200000,2010,Manualna,1.4
Toyota,Toyota RAV4,105000,PLN,Hybryda,173000,2020,Automatyczna,NULL
BMW,BMW Seria 5,21900,PLN,Benzyna+LPG,286200,2002,Automatyczna,NULL
Audi,Audi A4 Avant,7499,PLN,Diesel,219600,2004,Manualna,NULL
BMW,BMW Seria 3 318i,22900,PLN,Benzyna,277000,2009,Automatyczna,NULL
Suzuki,Suzuki Jimny,24900,PLN,Benzyna,31000,2013,Automatyczna,NULL
BMW,BMW X3 xDrive20d M Sport sport,142000,PLN,Diesel,95000,2020,Automatyczna,NULL
BMW,BMW Seria 1 118d xDrive,42500,PLN,Diesel,1500,2014,Manualna,NULL
Porsche,Porsche Cayenne S Tiptronic S,85000,PLN,Benzyna,61000,2012,Automatyczna,NULL
Skoda,Skoda RAPID 1.2 TSI Active,24900,PLN,Benzyna,139000,2015,Manualna,1.2
Mercedes-Benz,Mercedes-Benz GLB 250 8G-DCT AMG Line,111900,PLN,Benzyna,69700,2021,Automatyczna,NULL
Renault,Renault Kadjar BLUE dCi 115 EDC BUSINESS EDITION,22900,PLN,Diesel,380000,2020,Automatyczna,NULL
Toyota,Toyota C-HR 1.8 Hybrid Prestige,48900,PLN,Hybryda,45000,2023,Automatyczna,1.8
Toyota,Toyota Yaris 1.33 Life,32900,PLN,Benzyna,46000,2016,Manualna,1.3
Peugeot,Peugeot 208 1.4 HDi Active,8500,PLN,Diesel,215000,2013,Manualna,1.4
Mitsubishi,Mitsubishi Lancer Evolution GSR GT360 NAVI,98000,PLN,Benzyna,113510,2014,Manualna,NULL
Volkswagen,Volkswagen Passat Alltrack 2.0 TDI 4Mot,35800,PLN,Diesel,112000,2012,Manualna,2.0
MINI,MINI Countryman S ALL4 mHEV Linia Favoured,178350,PLN,Benzyna,19789,2024,Automatyczna,NULL
Volkswagen,Volkswagen Caddy,55900,PLN,Diesel,137700,2020,Manualna,NULL
Seat,Seat Leon,65900,PLN,Benzyna,100500,2022,Manualna,NULL
Seat,Seat Arona,57900,PLN,Benzyna,93000,2019,Manualna,NULL
Kia,Kia Sportage,105900,PLN,Benzyna,73400,2023,Automatyczna,NULL
Jeep,Jeep Grand Cherokee,69500,PLN,Diesel,206200,2017,Automatyczna,NULL
Jeep,Jeep Renegade,65900,PLN,Benzyna,91100,2020,Automatyczna,NULL
Dacia,Dacia Logan,1587,PLN,Benzyna+LPG,179683,2006,Manualna,NULL
BMW,BMW Seria 4,72900,PLN,Diesel,124771,2015,Automatyczna,NULL
Cupra,Cupra Formentor,115900,PLN,Benzyna,59200,2023,Automatyczna,NULL
Cupra,Cupra Leon,102900,PLN,Benzyna,12200,2024,Manualna,NULL
Skoda,Skoda Superb,168900,PLN,Benzyna,15000,2024,Automatyczna,NULL
Audi,Audi A3 Sportback,25900,PLN,Diesel,176700,2010,Manualna,NULL
Hyundai,Hyundai Tucson 1.6 Turbo 4WD DCT 25 Jahre,65000,PLN,Benzyna,168455,2016,Automatyczna,1.6
Volkswagen,Volkswagen Golf Plus,14800,PLN,Benzyna,245000,2007,Manualna,NULL
Audi,Audi A4 Avant 2.0 TDI Multitronic,20000,PLN,Diesel,333869,2012,Automatyczna,2.0
Suzuki,Suzuki Jimny,65700,PLN,Benzyna,107000,2017,Manualna,NULL
Volkswagen,Volkswagen Tiguan 1.5 TSI EVO Elegance DSG,144900,PLN,Benzyna,6610,2024,Automatyczna,1.5
Cupra,Cupra Formentor 1.5 TSI,115700,PLN,Benzyna,5,2026,Manualna,1.5
Audi,Audi A5 Sportback 2.0 TFSI quattro S tronic sport,55000,PLN,Benzyna,64376,2017,Automatyczna,2.0
Ford,Ford Fiesta 1.0 EcoBoost ST-Line,25990,PLN,Benzyna,129900,2016,Manualna,1.0
Mitsubishi,Mitsubishi Galant,5000,PLN,Benzyna,207371,2003,Automatyczna,NULL
Volkswagen,Volkswagen Phaeton,21900,PLN,Diesel,315500,2008,Automatyczna,NULL
Volkswagen,Volkswagen Golf,63500,PLN,Benzyna,99236,2021,Manualna,NULL
Volkswagen,Volkswagen Touran 1.9 TDI DPF BlueMot Conceptline,16100,PLN,Diesel,262000,2009,Manualna,1.9
Audi,Audi A6 Avant,14700,PLN,Diesel,312000,2009,Manualna,NULL
Volvo,Volvo XC 70 D5 AWD Kinetic,16000,PLN,Diesel,290017,2006,Automatyczna,NULL
Ford,Ford Fiesta 1.25 Ambiente,11500,PLN,Benzyna,232448,2012,Manualna,1.2
Citroën,Citroën C3 1.4 Attraction,12500,PLN,Benzyna,182000,2012,Manualna,1.4
Seat,Seat Leon 1.2 TSI Style,26500,PLN,Benzyna,198374,2014,Manualna,1.2
Suzuki,Suzuki S-Cross 1.4 BoosterJet Hybrid ALLGRIP Comfort+,58999,PLN,Benzyna,10388,2025,Manualna,1.4
Honda,Honda Jazz,3500,PLN,Benzyna,263165,2003,Manualna,NULL
Audi,Audi SQ5,150000,PLN,Benzyna,168833,2018,Automatyczna,NULL
GMC,GMC Terrain,53900,PLN,Benzyna,213058,2017,Automatyczna,NULL
Lexus,Lexus UX,115000,PLN,Hybryda,30388,2020,Automatyczna,NULL
Skoda,Skoda Kodiaq 2.0 TDI 4x4 Sportline DSG,143900,PLN,Diesel,114981,2023,Automatyczna,2.0
Nissan,Nissan Qashqai 2.0 I-Way,26900,PLN,Benzyna,204543,2010,Manualna,2.0
Volkswagen,Volkswagen T-Roc 2.0 TSI OPF 4MOTION DSG R-Line,81900,PLN,Benzyna,83200,2018,Automatyczna,2.0
Volkswagen,Volkswagen Golf Sportsvan 1.4 TSI (BlueMotion Technology) DSG Highline,38900,PLN,Benzyna,99900,2015,Automatyczna,1.4
Fiat,Fiat 500,15700,PLN,Benzyna,155000,2010,Manualna,NULL
Toyota,Toyota Yaris Hybrid 100 Premium,37900,PLN,Hybryda,195000,2019,Automatyczna,NULL
Porsche,Porsche 911 Carrera S PDK,333333,PLN,Benzyna,156000,2011,Automatyczna,NULL
Honda,Honda HR-V,38500,PLN,Benzyna,60000,2020,Automatyczna,NULL
BMW,BMW Seria 3,31000,PLN,Diesel,322749,2007,Automatyczna,NULL
Renault,Renault Arkana,39000,PLN,Hybryda,54247,2021,Automatyczna,NULL
Volkswagen,Volkswagen Scirocco,28500,PLN,Benzyna,225000,2011,Automatyczna,NULL
Seat,Seat Arona 1.0 FR,29999,PLN,Benzyna+CNG,74674,2022,Manualna,1.0
BMW,BMW Seria 3 328i xDrive Sport Line,29999,PLN,Benzyna,68800,2016,Automatyczna,NULL
Mercedes-Benz,Mercedes-Benz Klasa A 180 7G-DCT 2Style,46900,PLN,Benzyna,156500,2015,Automatyczna,NULL
Volvo,Volvo V60,128900,PLN,Benzyna,50031,2025,Automatyczna,NULL
Ford,Ford C-MAX 2.0 TDCi Titanium MPS6,15500,PLN,Diesel,222284,2014,Automatyczna,2.0
Ford,Ford Focus 1.6 Ti-VCT FX Silver / Silver X,6000,PLN,Benzyna+LPG,389500,2009,Manualna,1.6
Suzuki,Suzuki Vitara,25000,PLN,Benzyna,97200,2020,Manualna,NULL
Chevrolet,Chevrolet Spark 1.0 LS,18500,PLN,Benzyna,26500,2013,Manualna,1.0
Opel,Opel Astra 1.7 CDTI,14500,PLN,Diesel,181000,2010,Manualna,1.7
Toyota,Toyota Land Cruiser,520000,PLN,Diesel,600,2026,Automatyczna,NULL
Mercedes-Benz,Mercedes-Benz Klasa G AMG 63 AMG Speedshift 9G-TRONIC Superior,135000,EUR,Benzyna,89000,2022,Automatyczna,NULL
Dodge,Dodge Durango,88900,PLN,Benzyna,195000,2019,Automatyczna,NULL
Skoda,Skoda Yeti 1.2 TSI DSG Experience,23999,PLN,Benzyna,201130,2012,Automatyczna,1.2
Suzuki,Suzuki Vitara,66000,PLN,Benzyna,54000,2021,Manualna,NULL
Jaguar,Jaguar XJ,120000,PLN,Benzyna,27926,1969,Manualna,NULL
Volvo,Volvo XC 90 D5 SCR AWD Momentum,99100,PLN,Diesel,152064,2017,Automatyczna,NULL
Volkswagen,Volkswagen Passat 2.0 TDI EVO Business DSG,49999,PLN,Diesel,301906,2022,Automatyczna,2.0
Audi,Audi A5 Sportback 2.7 TDI DPF,35000,PLN,Diesel,266500,2010,Manualna,2.7
BMW,BMW Seria 3 320d DPF Efficient Dynamics Edition,25500,PLN,Diesel,216300,2011,Manualna,NULL
Volkswagen,Volkswagen Passat 1.4 TSI ACT BlueMotion Technology 4Motion Comfortline,56500,PLN,Benzyna,75600,2016,Manualna,1.4
Seat,Seat Leon 2.0 TDI DPF FR,43000,PLN,Diesel,157600,2014,Manualna,2.0
DS Automobiles,DS Automobiles DS 3,22900,PLN,Benzyna,136600,2016,Manualna,NULL
Volkswagen,Volkswagen Golf 1.6 TDI DPF BlueMotion,36500,PLN,Diesel,157500,2014,Manualna,1.6
BMW,BMW X5 xDrive40i,452800,PLN,Benzyna,1,2025,Automatyczna,NULL
Citroën,Citroën C3 1.2 PureTech Max,45900,PLN,Benzyna,14131,2023,Manualna,1.2
Volkswagen,Volkswagen T-Roc,33000,PLN,Benzyna,125000,2018,Manualna,NULL
Audi,Audi A8 4.2 TDI Quattro,59040,PLN,Diesel,320000,2011,Automatyczna,4.2
Mazda,Mazda CX-5 2.0 Skymotion AWD,59700,PLN,Benzyna,123136,2016,Manualna,2.0
RAM,RAM 1500 Quad Cab Longbed Bighorn,139900,PLN,Benzyna,79300,2022,Automatyczna,NULL
Mazda,Mazda 3 1.6 16V Exclusive,7600,PLN,Benzyna,242000,2003,Manualna,1.6
BMW,BMW Seria 1,15000,PLN,Diesel,281000,2011,Automatyczna,NULL
Suzuki,Suzuki Swift 1.3 Sakura,7300,PLN,Benzyna,202500,2005,Manualna,1.3
Volvo,Volvo XC 40 D3 Momentum Pro,83900,PLN,Diesel,174900,2019,Automatyczna,NULL
Volvo,Volvo V60,77900,PLN,Diesel,149998,2021,Automatyczna,NULL
Volkswagen,Volkswagen Passat Variant 2.0 TSI Elegance DSG,102899,PLN,Benzyna,61301,2023,Automatyczna,2.0
Audi,Audi Q5,55000,PLN,Benzyna,64126,2018,Automatyczna,NULL
Mercedes-Benz,Mercedes-Benz Klasa E 350 CDI 4-Matic BlueEff Avantgarde,42950,PLN,Diesel,213000,2010,Automatyczna,NULL
Porsche,Porsche Cayenne S Tiptronic S,216480,PLN,Benzyna,150000,2018,Automatyczna,NULL
Kia,Kia Sportage 1.6 T-GDI Anniversary 2WD DCT,129900,PLN,Benzyna,6001,2026,Automatyczna,1.6
Audi,Audi A5 Sportback 40 TFSI S tronic S line,40000,PLN,Benzyna,144157,2020,Automatyczna,NULL
Ford,Ford Focus,119000,PLN,Benzyna,72400,2016,Manualna,NULL
Ford,Ford Fiesta 1.25 SYNC Edition,13900,PLN,Benzyna,149000,2009,Manualna,1.2
Volkswagen,Volkswagen Passat 2.0 Comfortline,5990,PLN,Benzyna+LPG,299000,2003,Manualna,2.0
Toyota,Toyota Yaris Cross,40000,PLN,Hybryda,33522,2023,Automatyczna,NULL
Mercedes-Benz,Mercedes-Benz GLC 200 d mHEV 4-Matic Avantgarde,233900,PLN,Diesel,5,2026,Automatyczna,NULL
Ford,Ford S-Max 2.0 TDCi DPF Titanium X,23900,PLN,Diesel,229000,2011,Manualna,2.0
Toyota,Toyota Corolla,64900,PLN,Benzyna,47832,2024,Automatyczna,NULL
Fiat,Fiat Doblo 1.9 JTD Malibu,14900,PLN,Diesel,229000,2007,Manualna,1.9
Fiat,Fiat Doblo 1.9 JTD Dynamic,9900,PLN,Diesel,269000,2006,Manualna,1.9
Mitsubishi,Mitsubishi ASX 1.8 DI-D 2WD Inform,25900,PLN,Diesel,164000,2014,Manualna,1.8
Ford,Ford Ranger Limited,69900,PLN,Diesel,278000,2013,Manualna,NULL
Fiat,Fiat Ulysse 2.0 JTD DPF,13900,PLN,Diesel,179000,2009,Manualna,2.0
Mazda,Mazda CX-5 2.5 e-SKYACTIV G Prime-Line,133900,PLN,Benzyna,5,2026,Automatyczna,2.5
Volkswagen,Volkswagen Passat 1.6 TDI Comfortline,15500,PLN,Diesel,320000,2013,Manualna,1.6
Volvo,Volvo XC 60,229800,PLN,Hybryda Plug-in,28160,2025,Automatyczna,NULL
Kia,Kia Venga 1.4 M,31500,PLN,Benzyna,130711,2018,Manualna,1.4
Audi,Audi A6 Avant 2.0 TDI,15000,PLN,Diesel,365000,2006,Manualna,2.0
Opel,Opel Mokka 1.4 T Cosmo EU6,35900,PLN,Benzyna,140000,2016,Manualna,1.4
MINI,MINI Countryman C mHEV Linia Favoured,189100,PLN,Benzyna,10,2026,Automatyczna,NULL
Citroën,Citroën Berlingo,43000,PLN,Benzyna,100000,2019,Manualna,NULL
Cupra,Cupra Leon,129900,PLN,Benzyna,14537,2025,Automatyczna,NULL
Cupra,Cupra Leon Sportstourer,134900,PLN,Benzyna,7339,2025,Manualna,NULL
Cupra,Cupra Formentor,153900,PLN,Diesel,10,2025,Automatyczna,NULL
Cupra,Cupra Leon Sportstourer,154900,PLN,Benzyna,11616,2023,Automatyczna,NULL
Mercedes-Benz,Mercedes-Benz Klasa E 200 4-Matic 9G-TRONIC,107800,PLN,Benzyna,154627,2018,Automatyczna,NULL
BMW,BMW X5 xDrive25d,165700,PLN,Diesel,92900,2019,Automatyczna,NULL
Hyundai,Hyundai Tucson,75900,PLN,Diesel,135000,2020,Automatyczna,NULL
Peugeot,Peugeot 308 1.5 BlueHDi Active Pack S&S EAT8,66000,PLN,Diesel,71148,2022,Automatyczna,1.5
Renault,Renault Megane 1.6 16V 100 TomTom Edition,26990,PLN,Benzyna,160000,2013,Manualna,1.6
Ford,Ford Puma 1.0 EcoBoost Titanium,26500,PLN,Benzyna,116507,2021,Manualna,1.0
Volkswagen,Volkswagen CC,34999,PLN,Benzyna,202623,2013,Automatyczna,NULL
Kia,Kia Sportage,69900,PLN,Diesel,161482,2022,Manualna,NULL
Land Rover,Land Rover Range Rover Velar 3.0 P400 mHEV Dynamic SE,326000,PLN,Benzyna,11000,2025,Automatyczna,3.0
Kia,Kia Ceed 1.5 T-GDI M DCT,69850,PLN,Benzyna,140143,2024,Automatyczna,1.5
Ford,Ford Focus 1.0 EcoBoost Titanium,15000,PLN,Benzyna,166009,2014,Manualna,1.0
Audi,Audi S5 Sportback 3.0 TFSI quattro tiptronic,117000,PLN,Benzyna,155000,2018,Automatyczna,3.0
Kia,Kia ProCeed 1.5 T-GDI GT Line DCT,103900,PLN,Benzyna,50405,2024,Automatyczna,1.5
Audi,Audi Q5 TFSI mHEV 150 kW S tronic,193900,PLN,Benzyna,5,2026,Automatyczna,NULL
Lexus,Lexus RX,164900,PLN,Benzyna,57177,2022,Automatyczna,NULL
Volvo,Volvo XC 60 D4 SCR AWD Momentum,95900,PLN,Diesel,165000,2018,Automatyczna,NULL
BMW,BMW Seria 1 M135i Sport,80000,PLN,Benzyna,116491,2016,Automatyczna,NULL
Ford,Ford Fiesta,23500,PLN,Diesel,160000,2015,Manualna,NULL
Renault,Renault Megane 1.6 16V Dynamique Euro5,22999,PLN,Benzyna,159000,2012,Manualna,1.6
Kia,Kia Stonic 1.0 T-GDI MHEV GT Line,65850,PLN,Benzyna,33559,2022,Manualna,1.0
Seat,Seat Leon 2.0 TSI Cupra S&S DSG,85000,PLN,Benzyna,118000,2017,Automatyczna,2.0
Audi,Audi TT Coupé 1.8T,19000,PLN,Benzyna,361368,2005,Manualna,1.8
Ford,Ford Kuga 2.5 FHEV FWD ST-Line,99850,PLN,Hybryda,82830,2023,Automatyczna,2.5
Toyota,Toyota RAV4,144900,PLN,Hybryda,139795,2021,Automatyczna,NULL
Peugeot,Peugeot 2008,79900,PLN,Benzyna,25080,2024,Automatyczna,NULL
Toyota,Toyota Camry 2.5 Hybrid Prestige CVT,134900,PLN,Hybryda,58972,2024,Automatyczna,2.5
Opel,Opel Astra,12500,PLN,Diesel,117000,2008,Manualna,NULL
Dodge,Dodge Durango 5.7 R/T,39900,PLN,Benzyna,36044,2023,Automatyczna,5.7
Ford,Ford Crown,33000,PLN,Benzyna,85573,1988,Automatyczna,NULL
Dodge,Dodge Charger 5.7 R/T,33900,PLN,Benzyna,16325,2019,Automatyczna,5.7
BMW,BMW i7 105.7kWh xDrive60 M Sport,445000,PLN,Elektryczny,11000,2024,Automatyczna,5.7
Honda,Honda CR-V,32500,PLN,Benzyna,56066,2022,Automatyczna,NULL
Skoda,Skoda Kodiaq,44900,PLN,Diesel,80540,2017,Automatyczna,NULL
Land Rover,Land Rover Range Rover Velar 3.0 D300 mHEV Dynamic SE,379000,PLN,Hybryda,11,2025,Automatyczna,3.0
Cupra,Cupra Formentor,199900,PLN,Benzyna,6123,2026,Automatyczna,NULL
Renault,Renault Kadjar 1.3 TCe FAP Intens EDC,81900,PLN,Benzyna,35204,2022,Automatyczna,1.3
Kia,Kia Optima 2.0 M,61700,PLN,Benzyna,137800,2019,Manualna,2.0
Dodge,Dodge Charger 3.6 GT,115000,PLN,Benzyna,51000,2023,Automatyczna,3.6
Fiat,Fiat Tipo 1.4 16v Mirror,38900,PLN,Benzyna,130000,2021,Manualna,1.4
Ford,Ford Tourneo Connect 2.0 EcoBlue Titanium,49900,PLN,Diesel,137900,2023,Automatyczna,2.0
Ford,Ford Mustang 2.3 EcoBoost,72900,PLN,Benzyna,140000,2016,Automatyczna,2.3
Skoda,Skoda Octavia 1.5 TSI ACT Style DSG,67000,PLN,Benzyna,101000,2019,Automatyczna,1.5
BMW,BMW X7 xDrive40d mHEV M Sport sport,300000,PLN,Diesel,15500,2025,Automatyczna,NULL
Renault,Renault Kadjar Energy TCe 130 EDC Bose Edition,41900,PLN,Benzyna,101000,2017,Automatyczna,NULL
Fiat,Fiat 500X,45900,PLN,Benzyna,104000,2017,Automatyczna,NULL
Ford,Ford Kuga 2.5 4x4 Titanium,38900,PLN,Benzyna+LPG,196295,2012,Manualna,2.5
Ford,Ford Focus 2.0 TDCi ST-Line Black ASS PowerShift,55000,PLN,Diesel,144780,2018,Automatyczna,2.0
Ford,Ford Transit Custom Kombi 320 L2H1 Trend M1,178350,PLN,Diesel,10,2025,Manualna,NULL
BMW,BMW 3GT 330i xDrive M Sport,79500,PLN,Benzyna,154000,2020,Automatyczna,NULL
Land Rover,Land Rover Defender,365000,PLN,Diesel,1000,2026,Automatyczna,NULL
Mercedes-Benz,Mercedes-Benz GLA 200 7G-DCT AMG Line,102000,PLN,Benzyna,130600,2022,Automatyczna,NULL
Suzuki,Suzuki Swift 1.3 GC (klm),14800,PLN,Benzyna,134235,2007,Manualna,1.3
Ford,Ford Transit Custom L1H1 VA MH Trend,49500,PLN,Diesel,178800,2020,Manualna,NULL
Kia,Kia Rio 1.2 L,32900,PLN,Benzyna,52000,2015,Manualna,1.2
Citroën,Citroën C4 1.5 BlueHDi Feel Pack S&S,47900,PLN,Diesel,177500,2021,Manualna,1.5
Cupra,Cupra Formentor VZ 2.0 TSI 4Drive DSG Tribe Edition,149900,PLN,Benzyna,26000,2024,Automatyczna,2.0
Porsche,Porsche Panamera Turbo,299800,PLN,Benzyna,111000,2017,Automatyczna,NULL
Subaru,Subaru B9 Tribeca,26900,PLN,Benzyna,169100,2009,Automatyczna,NULL
Jeep,Jeep Wrangler,358790,PLN,Benzyna,12500,2022,Automatyczna,NULL
Mitsubishi,Mitsubishi ASX 1.6 Invite,59500,PLN,Benzyna,51500,2018,Manualna,1.6
Porsche,Porsche Macan,179999,PLN,Benzyna,141900,2020,Automatyczna,NULL
Renault,Renault Captur 1.3 TCe Intens EDC,57900,PLN,Benzyna,146000,2020,Automatyczna,1.3
Renault,Renault Megane 1.6 SCe Business,42800,PLN,Benzyna,96000,2017,Manualna,1.6
Land Rover,Land Rover Defender 3.0 D300 mHEV S,380000,PLN,Diesel,20000,2024,Automatyczna,3.0
Cupra,Cupra Leon,128057,PLN,Benzyna,10,2026,Manualna,NULL
Opel,Opel Crossland X 1.2 Start/Stop Edition,37900,PLN,Benzyna,119000,2021,Manualna,1.2
Land Rover,Land Rover Defender,395000,PLN,Diesel,10,2026,Automatyczna,NULL
Opel,Opel Mokka 1.7 CDTI ecoFLEX Start/Stop Innovation,26900,PLN,Diesel,139100,2013,Manualna,1.7
Audi,Audi Q5 40 TDI mHEV Quattro S Line S tronic,129900,PLN,Diesel,90000,2021,Automatyczna,NULL
Kia,Kia Sportage 1.7 CRDI Business Line 2WD DCT,54000,PLN,Diesel,71000,2016,Automatyczna,1.7
Alfa Romeo,Alfa Romeo Giulia,429900,PLN,Benzyna,1,2026,Automatyczna,NULL
Alfa Romeo,Alfa Romeo Tonale 1.6 JTD DCT,145900,PLN,Diesel,1,2026,Automatyczna,1.6
Opel,Opel Insignia 2.0 Bi Turbo CDTI Tour ecoFLEXSt/St Business Edition,28000,PLN,Diesel,213500,2015,Manualna,2.0
Dodge,Dodge RAM 5.7 4x4,159900,PLN,Benzyna,138000,2019,Automatyczna,5.7
Opel,Opel Astra 1.4 T Dynamic,43900,PLN,Benzyna,122000,2017,Manualna,1.4
Audi,Audi A5 Sportback 35 TFSI mHEV Advanced S tronic,118899,PLN,Benzyna,27000,2022,Automatyczna,NULL
Volkswagen,Volkswagen Amarok Double Cab 2.0 BiTDi 4MOTION Highline,69900,PLN,Diesel,218100,2012,Automatyczna,2.0
Jeep,Jeep Avenger 1.2 T3 mHEV 85th Anniversary eDCT6,119900,PLN,Benzyna,7,2026,Automatyczna,1.2
Ford,Ford Tourneo Connect,47900,PLN,Diesel,198000,2018,Automatyczna,NULL
Kia,Kia Sportage 1.6 T-GDI Black Edition 4WD,74900,PLN,Benzyna,49800,2021,Manualna,1.6
Land Rover,Land Rover Defender 3.0 D250 mHEV S,399000,PLN,Diesel,10,2026,Automatyczna,3.0
Skoda,Skoda Octavia 2.0 TSI Sportline Tech 4x4 DSG,175064,PLN,Benzyna,7,2026,Automatyczna,2.0
Citroën,Citroën C4 Cactus PureTech 82 Stop&Start ETG Shine Edition,26900,PLN,Benzyna,168100,2014,Automatyczna,NULL
Jeep,Jeep Compass 1.2 T3 mHEV First Edition FWD DCT,159900,PLN,Benzyna,1,2026,Automatyczna,1.2
Opel,Opel Adam 1.2 Start/Stop Glam,21900,PLN,Benzyna,79000,2013,Manualna,1.2
Cupra,Cupra Ateca,131900,PLN,Benzyna,52800,2023,Automatyczna,NULL
Opel,Opel Astra 1.4 Enjoy EU6,14000,PLN,Benzyna+LPG,152866,2015,Manualna,1.4
Mercedes-Benz,Mercedes-Benz AMG GT 53 4Matic+ Speedshift TCT 9G Sonderedition,279000,PLN,Benzyna,39000,2020,Automatyczna,NULL
Peugeot,Peugeot 2008,22500,PLN,Benzyna,133126,2016,Manualna,NULL
Opel,Opel Crossland X 1.2 T Edition S&S,57500,PLN,Benzyna,32500,2021,Manualna,1.2
Cupra,Cupra Formentor,141900,PLN,Benzyna,30200,2024,Automatyczna,NULL
Audi,Audi A3 Sportback 1.6 Attraction,11900,PLN,Benzyna,246220,2005,Manualna,1.6
Volvo,Volvo XC 60 T6 AWD Recharge Geartronic RDesign,144894,PLN,Hybryda Plug-in,99000,2021,Automatyczna,NULL
Volkswagen,Volkswagen Multivan,359000,PLN,Diesel,57330,2022,Automatyczna,NULL
Opel,Opel Insignia 2.0 CDTI ecoFLEXStart/Stop,20500,PLN,Diesel,224256,2014,Manualna,2.0
BMW,BMW Seria 5 Active Hybrid,59900,PLN,Hybryda,225000,2013,Automatyczna,NULL
Hyundai,Hyundai Kona 1.6 GDI Hybrid Platinum DCT,106900,PLN,Hybryda,31777,2023,Automatyczna,1.6
Skoda,Skoda Kodiaq,154900,PLN,Diesel,14700,2024,Automatyczna,NULL
Cupra,Cupra Leon Sportstourer,210422,PLN,Benzyna,10,2026,Automatyczna,NULL
Lexus,Lexus NX 350h Omotenashi AWD,255900,PLN,Hybryda,28208,2024,Automatyczna,NULL
Skoda,Skoda Fabia 1.2 TSI Style,19900,PLN,Benzyna,295000,2017,Manualna,1.2
Renault,Renault Trafic Grand Passenger Black Edition,33000,PLN,Diesel,487771,2014,Manualna,NULL
Citroën,Citroën C5 2.0 HDi Dynamique,17900,PLN,Diesel,180516,2012,Manualna,2.0
Cupra,Cupra Terramar 2.0 TSI 4Drive DSG VZ,209900,PLN,Benzyna,9782,2026,Automatyczna,2.0
Lexus,Lexus NX 350h Prestige AWD,230900,PLN,Hybryda,22803,2024,Automatyczna,NULL
Lexus,Lexus NX 350h Omotenashi AWD,230900,PLN,Hybryda,58343,2023,Automatyczna,NULL
Lexus,Lexus UX 250h GPF Prestige 2WD,101900,PLN,Hybryda,79602,2019,Automatyczna,NULL
Opel,Opel Insignia 2.0 CDTI 4x4 Ultimate S&S,89700,PLN,Diesel,118279,2022,Automatyczna,2.0
Volvo,Volvo S40 2.0D Summum,10500,PLN,Diesel,234000,2009,Manualna,2.0
BMW,BMW Seria 3 320i xDrive,54500,PLN,Benzyna,80238,2015,Automatyczna,NULL
Kia,Kia Ceed 1.4 CRDi M,26500,PLN,Diesel,167004,2018,Manualna,1.4
Mercedes-Benz,Mercedes-Benz ML,34900,PLN,Diesel,337100,2010,Automatyczna,NULL
Lexus,Lexus ES 300h Business Edition +,156000,PLN,Hybryda,66500,2022,Automatyczna,NULL
Seat,Seat Tarraco 1.5 Eco TSI EVO Xperience S&S DSG,130900,PLN,Benzyna,35000,2023,Automatyczna,1.5
Cupra,Cupra Terramar 2.0 TSI 4Drive DSG Americas Cup Limited Edition,224500,PLN,Benzyna,17086,2025,Automatyczna,2.0
Land Rover,Land Rover Range Rover 4.4SD V8 AB Black,109000,PLN,Diesel,216000,2015,Automatyczna,4.4
Cupra,Cupra Formentor,132900,PLN,Benzyna,36900,2025,Automatyczna,NULL
Hyundai,Hyundai ix35 1.6 GDI Classic 2WD,25900,PLN,Benzyna,210776,2012,Manualna,1.6
Jeep,Jeep Grand Cherokee,29900,PLN,Benzyna+LPG,169000,2002,Automatyczna,NULL
Volkswagen,Volkswagen Golf Variant 2.0 TSI 4Motion R,236000,PLN,Benzyna,1,2026,Automatyczna,2.0
Skoda,Skoda Octavia 2.0 TDI DSG 4x4 Scout First Edition,97800,PLN,Diesel,143000,2021,Automatyczna,2.0
Mercedes-Benz,Mercedes-Benz CLA 220 AMG Line 7G-DCT,179900,PLN,Benzyna,14286,2024,Automatyczna,NULL
Volkswagen,Volkswagen Tiguan 1.5 eHybrid PHEV 150kW Elegance DSG,165900,PLN,Hybryda Plug-in,19260,2025,Automatyczna,1.5
Cupra,Cupra Formentor,141800,PLN,Benzyna,26800,2025,Automatyczna,NULL
Opel,Opel Vivaro Tour,23800,PLN,Diesel,354000,2006,Manualna,NULL
Mercedes-Benz,Mercedes-Benz Klasa C,39900,PLN,Diesel,240000,2012,Manualna,NULL
BMW,BMW Seria 5 520d Sport-Aut,29999,PLN,Diesel,365377,2012,Automatyczna,NULL
Mercedes-Benz,Mercedes-Benz Klasa C 250 CDI BlueEff 4-Matic Classic,28000,PLN,Diesel,484836,2012,Automatyczna,NULL
Volkswagen,Volkswagen Golf 1.4 TSI Highline Optimum DSG,16900,PLN,Benzyna,222177,2009,Automatyczna,1.4
Porsche,Porsche Panamera 4S,225000,PLN,Benzyna,85000,2018,Automatyczna,NULL
Mercedes-Benz,Mercedes-Benz Klasa E 220 d 4-Matic AMG,144700,PLN,Diesel,58209,2021,Automatyczna,NULL
Lexus,Lexus LS Prestige,39900,PLN,Benzyna+LPG,296000,2003,Automatyczna,NULL
Volkswagen,Volkswagen Passat 2.0 TDI BMT Comfortline,34900,PLN,Diesel,218000,2015,Manualna,2.0
Volkswagen,Volkswagen Polo 1.2 CityLine,13000,PLN,Benzyna+LPG,277739,2012,Manualna,1.2
Skoda,Skoda Octavia 2.0 TDI DPF Elegance,18000,PLN,Diesel,304826,2012,Manualna,2.0
Audi,Audi A4 Limousine,3999,PLN,Diesel,289362,1997,Manualna,NULL
BMW,BMW X3 xDrive30i mHEV M Sport sport,209900,PLN,Benzyna,76982,2022,Automatyczna,NULL
BMW,BMW Seria 5,135000,PLN,Hybryda Plug-in,53975,2021,Automatyczna,NULL
Chrysler,Chrysler 300,65000,PLN,Benzyna,235120,2016,Automatyczna,NULL
Audi,Audi A5 Avant,249900,PLN,Benzyna,1,2026,Automatyczna,NULL
Renault,Renault Scenic,10300,PLN,Diesel,306500,2010,Manualna,NULL
MINI,MINI Countryman Cooper D,19000,PLN,Diesel,190811,2011,Manualna,NULL
Mitsubishi,Mitsubishi Outlander,89900,PLN,Hybryda Plug-in,72686,2020,Automatyczna,NULL
Volkswagen,Volkswagen Golf,54900,PLN,Diesel,268000,2017,Automatyczna,NULL
Toyota,Toyota Camry 2.5 Hybrid Prestige CVT,134900,PLN,Hybryda,64805,2024,Automatyczna,2.5
Toyota,Toyota Corolla 1.8 Hybrid Comfort,84900,PLN,Hybryda,71465,2023,Automatyczna,1.8
Volvo,Volvo V50 1.6D,13300,PLN,Diesel,420741,2007,Manualna,1.6
Toyota,Toyota Yaris 1.5 VVT-i GR SPORT,95000,PLN,Hybryda,24315,2022,Automatyczna,1.5
Volkswagen,Volkswagen Golf 1.6 TDI Highline,24500,PLN,Diesel,277000,2013,Manualna,1.6
Land Rover,Land Rover Discovery Sport 2.0 D200 mHEV Dynamic S,189990,PLN,Diesel,16100,2025,Automatyczna,2.0
Toyota,Toyota RAV4 2.0 Comfort 4x4 MS,122900,PLN,Benzyna,103800,2022,Automatyczna,2.0
Audi,Audi Q3,110500,PLN,Benzyna,104200,2021,Automatyczna,NULL
Toyota,Toyota RAV4,166900,PLN,Hybryda,86615,2023,Automatyczna,NULL
Lexus,Lexus RX 300 Prestige,161900,PLN,Benzyna,70551,2022,Automatyczna,NULL
Toyota,Toyota RAV4,158900,PLN,Hybryda,59700,2022,Automatyczna,NULL
Toyota,Toyota Proace City Verso Long 1.5 D-4D Business,84900,PLN,Diesel,89840,2022,Automatyczna,1.5
Toyota,Toyota Corolla 1.8 Hybrid Style,99900,PLN,Hybryda,84235,2023,Automatyczna,1.8
Toyota,Toyota Camry 2.5 Hybrid Prestige CVT,129900,PLN,Hybryda,57744,2024,Automatyczna,2.5
Toyota,Toyota Camry 2.5 Hybrid Prestige CVT,134900,PLN,Hybryda,63090,2024,Automatyczna,2.5
Toyota,Toyota Proace Verso 2.0 D4-D Long Business,134900,PLN,Diesel,78242,2023,Manualna,2.0
Toyota,Toyota Corolla 1.8 Hybrid Style,99900,PLN,Hybryda,86099,2023,Automatyczna,1.8
Toyota,Toyota C-HR 1.8 Hybrid Premium,79900,PLN,Hybryda,88412,2019,Automatyczna,1.8
Mercedes-Benz,Mercedes-Benz GLC 300 4Matic 9G-TRONIC Edition Avantgarde,59000,PLN,Benzyna,57000,2021,Automatyczna,NULL
Audi,Audi S3 S tronic,35000,PLN,Benzyna,89700,2017,Automatyczna,NULL
Audi,Audi Q4 e-tron 45 77kWh Quattro Advanced,24600,PLN,Elektryczny,46325,2022,Automatyczna,NULL
BMW,BMW Seria 3 330i xDrive Edition M Sport Shadow,19900,PLN,Benzyna,96518,2018,Automatyczna,NULL
Aston Martin,Aston Martin DBX Standard,595000,PLN,Benzyna,67943,2020,Automatyczna,NULL
BMW,BMW X5 xDrive40i,65000,PLN,Benzyna,89961,2019,Automatyczna,NULL
Audi,Audi A4 Limousine,36000,PLN,Benzyna,64000,2018,Automatyczna,NULL
Kia,Kia K5,44000,PLN,Benzyna,42301,2021,Automatyczna,NULL
Mercedes-Benz,Mercedes-Benz Klasa E 220 d 9G-TRONIC AMG Line,59000,PLN,Diesel,67432,2019,Automatyczna,NULL
Audi,Audi A3 Limousine,27000,PLN,Benzyna,72140,2018,Automatyczna,NULL
Mazda,Mazda CX-60 3.3 D mHEV Exclusive Line AWD,189900,PLN,Diesel,23626,2024,Automatyczna,3.3
Nissan,Nissan Qashqai 1.3 DIG-T N-Connecta DCT,89901,PLN,Benzyna,79500,2024,Automatyczna,1.3
Rolls-Royce,Rolls-Royce Wraith Standard,999000,PLN,Benzyna,22000,2014,Automatyczna,NULL
Jaecoo,Jaecoo 8,224900,PLN,Hybryda Plug-in,10,2026,Automatyczna,NULL
Omoda,Omoda 9,214800,PLN,Hybryda Plug-in,10,2026,Automatyczna,NULL
Omoda,Omoda 9,214800,PLN,Hybryda Plug-in,10,2025,Automatyczna,NULL
Porsche,Porsche 911 Targa 4 GTS PDK,979000,PLN,Benzyna,8848,2025,Automatyczna,NULL
Ford,Ford Escape,57900,PLN,Benzyna,59000,2020,Automatyczna,NULL
Ford,Ford Focus 2.0 EcoBlue S&S ST mit Styling-Paket,74900,PLN,Diesel,42840,2021,Manualna,2.0
Jaecoo,Jaecoo 7,166800,PLN,Hybryda Plug-in,10,2026,Automatyczna,NULL
Renault,Renault Express,56000,PLN,Benzyna,29000,2021,Manualna,NULL
Mitsubishi,Mitsubishi Eclipse Cross 2.4 PHEV Intense Plus Ralliart,119900,PLN,Hybryda Plug-in,15800,2022,Automatyczna,2.4
Volkswagen,Volkswagen Golf 1.2 TSI Comfortline,21900,PLN,Benzyna,216000,2012,Manualna,1.2
Audi,Audi Q7,310500,PLN,Diesel,5,2026,Automatyczna,NULL
Volkswagen,Volkswagen Arteon 2.0 TSI 4Motion R-Line DSG,114990,PLN,Benzyna,43500,2021,Automatyczna,2.0
Skoda,Skoda Superb 2.0 TDI Ambition DSG,54000,PLN,Diesel,192387,2017,Automatyczna,2.0
Audi,Audi TT Coupé 1.8T Quattro,18000,PLN,Benzyna,263489,2000,Manualna,1.8
Cupra,Cupra Terramar,205900,PLN,Benzyna,3300,2025,Automatyczna,NULL
Cupra,Cupra Terramar,214869,PLN,Benzyna,10,2026,Automatyczna,NULL
Cupra,Cupra Terramar,202478,PLN,Benzyna,10,2026,Automatyczna,NULL
Cupra,Cupra Formentor,210900,PLN,Benzyna,5100,2024,Automatyczna,NULL
Cupra,Cupra Formentor,207000,PLN,Benzyna,10,2024,Automatyczna,NULL
Cupra,Cupra Formentor,163956,PLN,Benzyna,10,2026,Automatyczna,NULL
Cupra,Cupra Leon Sportstourer,169900,PLN,Benzyna,6100,2025,Automatyczna,NULL
Cupra,Cupra Leon Sportstourer,132509,PLN,Benzyna,10,2026,Manualna,NULL
Cupra,Cupra Leon,113500,PLN,Benzyna,1800,2025,Manualna,NULL
Cupra,Cupra Leon,228092,PLN,Benzyna,10,2026,Automatyczna,NULL
Cupra,Cupra Formentor,148908,PLN,Benzyna,10,2025,Automatyczna,NULL
Toyota,Toyota Auris,29900,PLN,Hybryda,195274,2012,Automatyczna,NULL
Opel,Opel Mokka,39800,PLN,Benzyna+LPG,131000,2016,Manualna,NULL
Hyundai,Hyundai Tucson,153400,PLN,Benzyna,7,2026,Automatyczna,NULL
Peugeot,Peugeot 2008,79900,PLN,Benzyna,32774,2024,Automatyczna,NULL
Nissan,Nissan Leaf 40kWh Tekna,21800,PLN,Elektryczny,56500,2018,Automatyczna,NULL
BMW,BMW X1 sDrive18i M Sport,45900,PLN,Benzyna,133683,2016,Manualna,NULL
Volkswagen,Volkswagen Tiguan,43500,PLN,Diesel,210433,2023,Automatyczna,NULL
Ford,Ford Focus,36900,PLN,Diesel,136073,2019,Manualna,NULL
Mercedes-Benz,Mercedes-Benz GLE 450 4Matic 9G-TRONIC AMG Line,284007,PLN,Benzyna,64000,2023,Automatyczna,NULL
Kia,Kia Ceed,23900,PLN,Benzyna,189635,2013,Manualna,NULL
Mercedes-Benz,Mercedes-Benz Klasa B 180 (CDI) d 7G-DCT AMG Line,41500,PLN,Diesel,189000,2017,Automatyczna,NULL
Mazda,Mazda CX-3 SKYACTIV-G 120 SKYACTIV-Drive FWD Sports-Line,55900,PLN,Benzyna,162000,2015,Automatyczna,NULL
Mitsubishi,Mitsubishi Space Star 1.2 Intro Edition+,28000,PLN,Benzyna,62000,2019,Manualna,1.2
Toyota,"Toyota ProAce Kombi D-4D Long 2,8t",61500,PLN,Diesel,250455,2019,Manualna,NULL
Skoda,Skoda Octavia 1.5 TSI ACT Ambition,69899,PLN,Benzyna,108208,2023,Manualna,1.5
Renault,Renault Espace,3200,PLN,Benzyna+LPG,242000,2001,Manualna,NULL
Audi,Audi SQ5,358393,PLN,Benzyna,1,2026,Automatyczna,NULL
Toyota,Toyota Corolla,59899,PLN,Benzyna,81775,2022,Manualna,NULL
Skoda,Skoda Octavia 1.6 TDI Style DSG,38900,PLN,Diesel,227739,2018,Automatyczna,1.6
Ford,Ford Transit Custom 310 L2H1 Limited,49900,PLN,Diesel,331407,2018,Manualna,NULL
Honda,Honda HR-V 1.5 i-MMD Elegance CVT,119900,PLN,Hybryda,10,2026,Automatyczna,1.5
Honda,Honda HR-V 1.5 i-MMD Advance BSI CVT,130900,PLN,Hybryda,10,2026,Automatyczna,1.5
Honda,Honda HR-V 1.5 i-MMD Elegance CVT,118900,PLN,Hybryda,10,2026,Automatyczna,1.5
Honda,Honda Prelude,214400,PLN,Hybryda,6,2026,Automatyczna,NULL
BMW,BMW Seria 1 118i M Sport,79900,PLN,Benzyna,59100,2020,Automatyczna,NULL
Renault,Renault Scenic Megane 1.6 RT 16V (klm),5300,PLN,Benzyna+LPG,263892,2001,Manualna,1.6
Toyota,Toyota Corolla 1.8 Hybrid Style,99900,PLN,Hybryda,94279,2023,Automatyczna,1.8
Peugeot,Peugeot 3008,43900,PLN,Benzyna,121000,2016,Manualna,NULL
Renault,Renault Master L3H2 VA Basis,88900,PLN,Diesel,56291,2024,Manualna,NULL
Opel,Opel Insignia 2.0 CDTI Cosmo,6900,PLN,Diesel,262300,2009,Automatyczna,2.0
Alfa Romeo,Alfa Romeo Giulietta 1750 TBi Quadrifoglio Verde,37200,PLN,Benzyna,242200,2011,Manualna,NULL
Hyundai,Hyundai i30 1.6 D Classic +,33900,PLN,Diesel,194000,2017,Manualna,1.6
Opel,Opel Astra 1.6 T Sport,23000,PLN,Benzyna,225000,2009,Manualna,1.6
Skoda,Skoda Kamiq 1.0 TSI Drive,99900,PLN,Benzyna,5,2026,Manualna,1.0
Land Rover,Land Rover Discovery Sport,207000,PLN,Diesel,13900,2025,Automatyczna,NULL
Mercedes-Benz,Mercedes-Benz ML,19900,PLN,Diesel,373000,2006,Automatyczna,NULL
Kia,Kia Picanto,21900,PLN,Benzyna,166000,2012,Manualna,NULL
Suzuki,Suzuki Swift 1.2 Dualjet Hybrid Comfort+,25500,PLN,Benzyna,57241,2020,Manualna,1.2
Volkswagen,Volkswagen Golf,99999,PLN,Benzyna,177677,2019,Automatyczna,NULL
Volvo,Volvo V60 T4 Geartronic R-Design,59900,PLN,Benzyna,200000,2018,Automatyczna,NULL
Mazda,Mazda 3 SKYACTIV-G 120 NAKAMA,55000,PLN,Benzyna,43240,2016,Manualna,NULL
BMW,BMW Seria 5 520d mHEV M Sport,245900,PLN,Hybryda,5000,2025,Automatyczna,NULL
Nissan,Nissan Juke 1.0 DIG-T DCT N-Design,61900,PLN,Benzyna,89260,2022,Automatyczna,1.0
Volkswagen,Volkswagen up! 1.0 move EU6,23900,PLN,Benzyna,203000,2019,Manualna,1.0
BMW,BMW Seria 4 430i xDrive,283300,PLN,Benzyna,5,2025,Automatyczna,NULL
Peugeot,Peugeot 307 2.0 HDI XS Class,1500,PLN,Diesel,300000,2002,Manualna,2.0
Volkswagen,Volkswagen Tiguan,31900,PLN,Diesel,269000,2017,Automatyczna,NULL
Volkswagen,Volkswagen ID.7 59kWh Pure,180000,PLN,Elektryczny,1,2026,Automatyczna,NULL
Mercedes-Benz,Mercedes-Benz CLA,83700,PLN,Hybryda Plug-in,94000,2020,Automatyczna,NULL
Opel,Opel Astra 1.4 Turbo Active,26900,PLN,Benzyna,122500,2016,Manualna,1.4
Toyota,Toyota RAV4 4x4,22800,PLN,Benzyna,172324,2002,Manualna,NULL
Volkswagen,Volkswagen Beetle 1.2 TSI Design,26000,PLN,Benzyna,172000,2012,Manualna,1.2
Mercedes-Benz,Mercedes-Benz Klasa B 180 d 7G-DCT Progressive,62500,PLN,Diesel,187747,2020,Automatyczna,NULL
Opel,Opel Adam 1.4,27900,PLN,Benzyna+LPG,141795,2017,Manualna,1.4
Land Rover,Land Rover Defender 110 D200 SE,175800,PLN,Diesel,173404,2020,Automatyczna,NULL
Kia,Kia ProCeed,82500,PLN,Benzyna,92000,2020,Automatyczna,NULL
Opel,Opel Corsa 1.4 Joy,1500,PLN,Benzyna,164578,1995,Manualna,1.4
Subaru,Subaru Forester 2.0 X,24599,PLN,Benzyna,223947,2005,Manualna,2.0
Mercedes-Benz,Mercedes-Benz CLS 350,15000,PLN,Benzyna+LPG,312000,2005,Automatyczna,NULL
Suzuki,Suzuki Swift 1.2 Premium,36000,PLN,Benzyna,111101,2015,Manualna,1.2
BMW,BMW Seria 7 750i xDrive,130000,PLN,Benzyna,66000,2017,Automatyczna,NULL
Toyota,Toyota Auris 1.6 Luna,28900,PLN,Benzyna,376093,2014,Manualna,1.6
Mercedes-Benz,Mercedes-Benz ML 63 AMG 4Matic 7G-TRONIC,67800,PLN,Benzyna,231398,2008,Automatyczna,NULL
Peugeot,Peugeot 308,31900,PLN,Diesel,200879,2015,Automatyczna,NULL
Opel,Opel Mokka 1.4 T Cosmo S&S 4x4,35000,PLN,Benzyna,167777,2015,Manualna,1.4
Lexus,Lexus NX 350h Prestige AWD,197850,PLN,Hybryda,70811,2022,Automatyczna,NULL
BMW,BMW Seria 6 650 i,50900,PLN,Benzyna,165000,2007,Automatyczna,NULL
Audi,Audi A6 Avant 40 TDI S tronic sport,83800,PLN,Diesel,191600,2019,Automatyczna,NULL
Volkswagen,Volkswagen Transporter,15500,PLN,Diesel,544526,2001,Manualna,NULL
Renault,Renault Trafic,28000,PLN,Diesel,341000,2012,Manualna,NULL
Mercedes-Benz,Mercedes-Benz CLA 180 mHEV 8G-DCT,165570,PLN,Benzyna,1,2026,Automatyczna,NULL
Kia,Kia Sorento 1.6 T-GDI HEV M 4WD 7os,114900,PLN,Benzyna+LPG,96000,2021,Automatyczna,1.6
Opel,Opel Astra 2.0 CDTI DPF Automatik Cosmo,9999,PLN,Diesel,160000,2011,Automatyczna,2.0
Land Rover,Land Rover Discovery Sport D180 HSE,61800,PLN,Diesel,135140,2016,Automatyczna,NULL
Chevrolet,Chevrolet Epica,6500,PLN,Benzyna,206000,2006,Manualna,NULL
Volkswagen,Volkswagen Passat 2.0 FSI Individual,2800,PLN,Benzyna,355000,2005,Manualna,2.0
Land Rover,Land Rover Discovery Sport TD4 HSE,63960,PLN,Diesel,85464,2016,Automatyczna,NULL
Honda,Honda HR-V 1.5 i-MMD Elegance CVT,124900,PLN,Hybryda,9,2026,Automatyczna,1.5
Mercedes-Benz,Mercedes-Benz CLA,79500,PLN,Benzyna,95000,2021,Manualna,NULL
Nissan,Nissan Juke,27900,PLN,Benzyna,120722,2011,Automatyczna,NULL
Land Rover,Land Rover Range Rover Velar 2.0 P400e PHEV R-Dynamic HSE,189000,PLN,Hybryda Plug-in,59000,2021,Automatyczna,2.0
Subaru,Subaru Outback 2.5i Platinum (EyeSight) Lineartronic,169300,PLN,Benzyna,26419,2023,Automatyczna,2.5
Peugeot,Peugeot 407,6800,PLN,Benzyna,275000,2006,Manualna,NULL
Mercedes-Benz,Mercedes-Benz CLA,199594,PLN,Benzyna,1,2026,Automatyczna,NULL
Volvo,Volvo C30 1.6 Kinetic,12900,PLN,Benzyna,163428,2010,Manualna,1.6
Alfa Romeo,Alfa Romeo Mito 1.4 8V Impression,14900,PLN,Benzyna+LPG,249044,2012,Manualna,1.4
Skoda,Skoda Octavia 2.0 TSI RS 245,67000,PLN,Benzyna,182839,2018,Manualna,2.0
Mazda,Mazda 6 2.0 Center-Line,99900,PLN,Benzyna,70450,2022,Automatyczna,2.0
Citroën,Citroën C3,29900,PLN,Benzyna,36127,2025,Manualna,NULL
Changan,Changan CS75 Plus,129900,PLN,Benzyna,9,2026,Automatyczna,NULL
Land Rover,Land Rover Discovery 4.0 V8 E,28500,PLN,Benzyna,265368,2002,Automatyczna,4.0
Changan,Changan CS55 Plus,114900,PLN,Benzyna,4,2026,Automatyczna,NULL
Skoda,Skoda Fabia 1.0 TSI Drive DSG,88500,PLN,Benzyna,5,2026,Automatyczna,1.0
BMW,BMW M3,375000,PLN,Benzyna,35000,2023,Automatyczna,NULL
Changan,Changan Deepal S05,148000,PLN,Hybryda Plug-in,9,2026,Automatyczna,NULL
BMW,BMW Seria 1 118i Edition Metropolitan,12900,PLN,Benzyna,90000,2018,Manualna,NULL
Renault,Renault Megane 2.0 16V TCE Dynamique,17700,PLN,Benzyna,290000,2009,Manualna,2.0
BMW,BMW Seria 3 330Ci,24500,PLN,Benzyna+LPG,261983,2003,Manualna,NULL
Chevrolet,Chevrolet Cruze 1.6 LT,18500,PLN,Benzyna+LPG,187000,2012,Manualna,1.6
Audi,Audi A5 Sportback 40 TDI Quattro S Line S tronic,161130,PLN,Diesel,83000,2023,Automatyczna,NULL
Fiat,Fiat Freemont,34900,PLN,Diesel,178127,2012,Automatyczna,NULL
Audi,Audi A3 Sportback 2.0 TDI DPF Ambition,17500,PLN,Diesel,374500,2009,Manualna,2.0
BMW,BMW Seria 1,246900,PLN,Benzyna,4000,2025,Automatyczna,NULL
Renault,Renault Clio,6999,PLN,Benzyna,107000,1996,Manualna,NULL
Nissan,Nissan Qashqai,59900,PLN,Benzyna,86500,2020,Automatyczna,NULL
Hyundai,Hyundai Kona,142900,PLN,Hybryda,2732,2025,Automatyczna,NULL
BMW,BMW Seria 3,209900,PLN,Diesel,11000,2024,Automatyczna,NULL
Toyota,Toyota Corolla 1.6 Comfort,63900,PLN,Benzyna,60059,2018,Manualna,1.6
Volkswagen,Volkswagen Touareg 3.0 V6 TDI BMT,44900,PLN,Diesel,224000,2012,Automatyczna,3.0
Renault,Renault Kadjar ver-blue-dci-115-edc-intens,57500,PLN,Diesel,68350,2019,Automatyczna,NULL
BMW,BMW Seria 3 318i M Sport sport,145000,PLN,Benzyna,20400,2024,Automatyczna,NULL
Audi,Audi Q7 TDI mHEV 210 kW Quattro S Line Tiptr,443587,PLN,Diesel,1,2026,Automatyczna,NULL
Chevrolet,Chevrolet Aveo,15400,PLN,Benzyna+LPG,171000,2012,Manualna,NULL
Mercedes-Benz,Mercedes-Benz Sprinter Standard PRO 9G-Tronic 907.253,362850,PLN,Diesel,13600,2024,Automatyczna,7.2
Fiat,Fiat Freemont,37900,PLN,Diesel,198831,2014,Automatyczna,NULL
Lexus,Lexus NX 300h F Impression AWD,139900,PLN,Hybryda,95539,2020,Automatyczna,NULL
BMW,BMW M5,648000,PLN,Benzyna,1,2026,Automatyczna,NULL
Honda,Honda HR-V 1.5 i-MMD Elegance CVT,119900,PLN,Hybryda,8,2026,Automatyczna,1.5
Skoda,Skoda Scala 1.0 TSI Edition 130,89900,PLN,Benzyna,4525,2025,Manualna,1.0
Audi,Audi Q7 45 TDI mHEV Quattro S Line Tiptr,281670,PLN,Diesel,48000,2024,Automatyczna,NULL
Toyota,Toyota Urban Cruiser,23900,PLN,Diesel,141490,2011,Manualna,NULL
Kia,Kia ProCeed 1.5 T-GDI DCT7 OPF GT LINE,79900,PLN,Benzyna,143540,2022,Automatyczna,1.5
Skoda,Skoda Kamiq 1.0 TSI Selection DSG,95900,PLN,Benzyna,9219,2025,Automatyczna,1.0
Skoda,Skoda Superb 2.0 TSI Style DSG,85900,PLN,Benzyna,181254,2022,Automatyczna,2.0
Kia,Kia ProCeed 1.4 CVVT Edition 7,17900,PLN,Benzyna,175000,2012,Manualna,1.4
Kia,Kia Sportage 1.6 T-GDI MHEV Business Line 2WD DCT,154900,PLN,Benzyna,21450,2024,Automatyczna,1.6
Fiat,Fiat Tipo,9900,PLN,Benzyna,91000,2018,Manualna,NULL
Suzuki,Suzuki Vitara,113900,PLN,Benzyna,1,2026,Manualna,NULL
Toyota,Toyota Yaris 1.0,5000,PLN,Benzyna,190890,2004,Manualna,1.0
Honda,Honda HR-V,49500,PLN,Benzyna,94776,2021,Automatyczna,NULL
Opel,Opel Astra 1.4 T Cosmo,25000,PLN,Benzyna,150083,2015,Manualna,1.4
Skoda,Skoda Superb 2.0 TSI Sportline DSG,205000,PLN,Benzyna,9,2026,Automatyczna,2.0
Skoda,Skoda Fabia,123500,PLN,Benzyna,9,2026,Automatyczna,NULL
Skoda,Skoda Fabia 1.0 TSI Drive,89500,PLN,Benzyna,9,2026,Manualna,1.0
Skoda,Skoda Octavia ver-1-5-tsi-e--tec-sportline-dsg,149500,PLN,Benzyna,9,2026,Automatyczna,NULL
BMW,BMW Seria 5 520i M Sport sport,69900,PLN,Benzyna,195000,2018,Automatyczna,NULL
Skoda,Skoda Superb 2.0 TSI 4x4 L&K DSG,248000,PLN,Benzyna,10,2026,Automatyczna,2.0
Peugeot,Peugeot 3008 PureTech 130 Stop & Start Allure,44900,PLN,Benzyna,107000,2016,Manualna,NULL
Nissan,Nissan Juke 1.6 N-Connecta,51900,PLN,Benzyna,52585,2019,Manualna,1.6
Volkswagen,Volkswagen Golf 1.4 TSI Highline DSG,17500,PLN,Benzyna,177500,2009,Automatyczna,1.4
Audi,Audi A3 Sportback,71217,PLN,Benzyna,182615,2019,Automatyczna,NULL
Skoda,Skoda Superb 2.0 TSI 4x4 Sportline DSG,233000,PLN,Benzyna,9,2026,Automatyczna,2.0
Skoda,Skoda Scala 1.5 TSI Monte Carlo DSG,130000,PLN,Benzyna,10,2026,Automatyczna,1.5
Renault,Renault Scenic 1.2 TCe Energy Expression,15400,PLN,Benzyna,146000,2013,Manualna,1.2
Fiat,Fiat 500L 1.4 16V T-Jet Trekking,31900,PLN,Benzyna+LPG,155219,2014,Manualna,1.4
BMW,BMW Seria 3 320d xDrive,7500,PLN,Diesel,289091,2010,Manualna,NULL
Toyota,Toyota Corolla,2200,PLN,Benzyna+LPG,262515,2002,Manualna,NULL
Fiat,Fiat Talento Kombi L2 Turismo,73999,PLN,Diesel,304000,2020,Manualna,NULL
MINI,MINI ONE,19000,PLN,Benzyna,96000,2015,Manualna,NULL
Opel,Opel Ampera,26900,PLN,Hybryda,183000,2011,Automatyczna,NULL
Audi,Audi Q5,199900,PLN,Hybryda Plug-in,25400,2025,Automatyczna,NULL
Audi,Audi A5 Sportback 2.0 TDI,26900,PLN,Diesel,364000,2009,Manualna,2.0
Toyota,Toyota Auris,39999,PLN,Hybryda,326033,2018,Automatyczna,NULL
Kia,Kia Stonic 1.2 Spirit,24900,PLN,Benzyna,76000,2021,Manualna,1.2
Volkswagen,Volkswagen Arteon Shooting Brake,194900,PLN,Benzyna,14751,2024,Automatyczna,NULL
Audi,Audi A4 Limousine,139900,PLN,Diesel,38018,2024,Automatyczna,NULL
Skoda,Skoda Kodiaq 2.0 TSI 4x4 Sportline DSG,194900,PLN,Benzyna,14924,2025,Automatyczna,2.0
Volkswagen,Volkswagen Caddy Trendline,19900,PLN,Diesel,229943,2013,Manualna,NULL
Honda,Honda Prelude 2.0 i-MMD eHEV Advance CVT,214500,PLN,Hybryda,7,2026,Automatyczna,2.0
Lexus,Lexus RX 450h Prestige,52000,PLN,Hybryda,299000,2012,Automatyczna,NULL
Alfa Romeo,Alfa Romeo Stelvio 2.0 Turbo 16V AT8-Q4 First Edition,85900,PLN,Benzyna,137000,2017,Automatyczna,2.0
Toyota,Toyota Yaris 1.0 Terra A/C,13900,PLN,Benzyna+LPG,184000,2008,Manualna,1.0
Jeep,Jeep Compass 1.2 T3 mHEV Altitude FWD DCT,144500,PLN,Hybryda,1,2026,Automatyczna,1.2
Mercedes-Benz,Mercedes-Benz GLC,85000,PLN,Benzyna,230000,2018,Automatyczna,NULL
Porsche,Porsche 718 Cayman,175000,PLN,Benzyna,69000,2017,Automatyczna,NULL
Skoda,Skoda Fabia 1.2 12V Comfort,12500,PLN,Benzyna,183500,2009,Manualna,1.2
Audi,Audi A4 Limousine 2.0 TFSI Quattro Sport S tronic,77900,PLN,Benzyna,133000,2017,Automatyczna,2.0
Ford,Ford Focus,64900,PLN,Diesel,112501,2022,Automatyczna,NULL
Toyota,Toyota RAV4,14900,PLN,Benzyna,311000,2001,Manualna,NULL
Volkswagen,Volkswagen Arteon 2.0 TSI R-Line DSG,134899,PLN,Benzyna,55160,2023,Automatyczna,2.0
Toyota,Toyota Proace Verso,68899,PLN,Diesel,145941,2023,Manualna,NULL
Honda,Honda ZR-V 2.0 i-MMD HEV Sport BSI/CTM 2WD CVT,168900,PLN,Hybryda,14,2026,Automatyczna,2.0
Citroën,Citroën C4 SpaceTourer,57900,PLN,Diesel,120470,2020,Automatyczna,NULL
Dodge,Dodge Charger Automatik SRT Hellcat,255000,PLN,Benzyna,72000,2018,Automatyczna,NULL
Ford,Ford Fiesta 1.0 EcoBoost GPF Titanium ASS,34900,PLN,Benzyna,90041,2018,Manualna,1.0
Ford,Ford Galaxy,54900,PLN,Diesel,172462,2016,Automatyczna,NULL
Mercedes-Benz,Mercedes-Benz EQE 350 89kWh 4-Matic AMG Line,259900,PLN,Elektryczny,82456,2023,Automatyczna,NULL
Honda,Honda Civic 2.2i-CTDi DPF Comfort,6300,PLN,Diesel,170000,2007,Manualna,2.2
Skoda,Skoda Karoq 2.0 TDI SCR 4x4 Style DSG,88000,PLN,Diesel,209684,2022,Automatyczna,2.0
Audi,Audi A3 Sportback 1.6 TDI design,14500,PLN,Diesel,116000,2017,Manualna,1.6
Opel,Opel Corsa 1.2 Direct Injection Turbo Edition,17999,PLN,Benzyna,33800,2023,Manualna,1.2
Chrysler,Chrysler Voyager LE 2.5L TD,5000,PLN,Diesel,219500,2006,Manualna,2.5
Audi,Audi A5 Coupé 2.7 TDI DPF multitronic,15999,PLN,Diesel,279000,2009,Automatyczna,2.7
Lexus,Lexus RX 300 Prestige,169900,PLN,Benzyna,29100,2022,Automatyczna,NULL
Opel,Opel Mokka X 1.4 T Ultimate S&S,41900,PLN,Benzyna+LPG,220469,2017,Manualna,1.4
Mazda,Mazda CX-5,34000,PLN,Diesel,210000,2013,Automatyczna,NULL
Ford,Ford Mustang,79000,PLN,Benzyna+LPG,99800,2015,Automatyczna,NULL
Peugeot,Peugeot 3008 BlueHDi 180 Stop & Start EAT8 GT,69900,PLN,Diesel,93000,2019,Automatyczna,NULL
Kia,Kia Ceed 1.6 CRDi GT Line DCT,38900,PLN,Diesel,199525,2018,Automatyczna,1.6
Renault,Renault Captur 0.9 Energy TCe Limited,33900,PLN,Benzyna,151000,2014,Manualna,0.9
Alfa Romeo,Alfa Romeo Giulietta 1.6 JTDM Progression,18000,PLN,Diesel,250000,2010,Manualna,1.6
Fiat,Fiat Qubo,121900,PLN,Diesel,5,2026,Automatyczna,NULL
Audi,Audi Q2 1.6 TDI,36500,PLN,Diesel,136275,2017,Manualna,1.6
Jeep,Jeep Cherokee 3.2 V6 Pentastar Active Drive Lock Autom Trailhawk,83000,PLN,Benzyna,195000,2020,Automatyczna,3.2
Suzuki,Suzuki Swift 1.2 X-TRA,31900,PLN,Benzyna,92016,2016,Manualna,1.2
Mazda,Mazda 2,27800,PLN,Benzyna,173295,2021,Manualna,NULL
Citroën,Citroën C3 1.2 T Plus,74000,PLN,Benzyna,3,2026,Manualna,1.2
Volkswagen,Volkswagen Beetle,15000,PLN,Benzyna,109000,2014,Manualna,NULL
Ford,Ford Focus 1.6 TDCi Silver X,8400,PLN,Diesel,240000,2008,Manualna,1.6
Toyota,Toyota C-HR,81000,PLN,Hybryda,51000,2022,Automatyczna,NULL
DS Automobiles,DS Automobiles DS 7 Crossback,93000,PLN,Diesel,47000,2023,Automatyczna,NULL
BMW,BMW Seria 3 328i,54500,PLN,Benzyna,219998,2014,Automatyczna,NULL
Fiat,Fiat Cinquecento,15900,PLN,Benzyna,17500,1993,Manualna,NULL
Audi,Audi A3 Sportback,26000,PLN,Benzyna,199000,2012,Manualna,NULL
Audi,Audi Q3 35 TFSI S tronic S line,129000,PLN,Benzyna,33211,2023,Automatyczna,NULL
Peugeot,Peugeot 5008,75000,PLN,Benzyna,155000,2021,Automatyczna,NULL
Fiat,Fiat Sedici,22900,PLN,Benzyna,150223,2011,Manualna,NULL
Audi,Audi Q7 TDI mHEV 170 kW Quattro S Line Tiptr,329455,PLN,Diesel,1,2026,Automatyczna,NULL
BMW,BMW Seria 7 750d xDrive sport,184900,PLN,Diesel,173487,2018,Automatyczna,NULL
Kia,Kia Sportage 1.6 GDI L 2WD,31000,PLN,Benzyna+LPG,223000,2011,Manualna,1.6
Ford,Ford Mondeo,31000,PLN,Benzyna,218065,2014,Automatyczna,NULL
Subaru,Subaru Forester 2.0X Lineartronic Active,49700,PLN,Benzyna,183000,2016,Automatyczna,2.0
Ford,Ford Kuga 2.0 TDCi Titanium,12900,PLN,Diesel,206070,2013,Manualna,2.0
Suzuki,Suzuki Jimny,19900,PLN,Benzyna,192000,2005,Manualna,NULL
BMW,BMW M4 Competition M xDrive sport,365000,PLN,Benzyna,31000,2023,Automatyczna,NULL
Skoda,Skoda Octavia 1.5 TSI GPF ACT Style,84900,PLN,Benzyna,68300,2020,Manualna,1.5
Mercedes-Benz,Mercedes-Benz Klasa C 220 d mHEV Avantgarde,139900,PLN,Diesel,77234,2022,Automatyczna,NULL
Fiat,Fiat Panda 1.2 Emotion,7900,PLN,Benzyna,192000,2008,Manualna,1.2
Mercedes-Benz,Mercedes-Benz CLA 200 7G-DCT,145000,PLN,Benzyna,14200,2023,Automatyczna,NULL
Toyota,Toyota Corolla 1.8 Hybrid Comfort,89899,PLN,Hybryda,56267,2023,Automatyczna,1.8
Suzuki,Suzuki SX4 Classic 1.6 VVT 4x4 Style,31900,PLN,Benzyna,157000,2012,Manualna,1.6
Toyota,Toyota RAV4 2.2 D-4D Prestige,25300,PLN,Diesel,239000,2008,Manualna,2.2
Audi,Audi RS7 Sportback TFSI mHEV Quattro Tiptronic,609800,PLN,Benzyna,12475,2025,Automatyczna,NULL
Audi,Audi A6 Limousine 45 TFSI quattro S tronic,159000,PLN,Benzyna,17000,2023,Automatyczna,NULL
Volvo,Volvo XC 60 D4 AWD Summum,66500,PLN,Diesel,190040,2017,Automatyczna,NULL
Porsche,Porsche Panamera 4S,88900,PLN,Benzyna,153045,2014,Automatyczna,NULL
Volvo,Volvo XC 90,347900,PLN,Benzyna,7,2026,Automatyczna,NULL
Audi,Audi A5 Sportback 2.0 TFSI Multitronic,56000,PLN,Benzyna,220000,2012,Automatyczna,2.0
Porsche,Porsche 911 Turbo S,1250000,PLN,Benzyna,20247,2023,Automatyczna,NULL
Citroën,Citroën C4 1.2 mHEV Max eDCT6,87900,PLN,Benzyna,24538,2025,Automatyczna,1.2
BMW,BMW Seria 5,254900,PLN,Diesel,24900,2025,Automatyczna,NULL
Volkswagen,Volkswagen Golf,8799,PLN,Benzyna,360000,2007,Manualna,NULL
Dacia,Dacia Duster 1.0 TCe Access,45000,PLN,Benzyna+LPG,55600,2020,Manualna,1.0
Skoda,Skoda Superb 2.0 TDI 4x4 Elegance,26900,PLN,Diesel,282070,2014,Manualna,2.0
Opel,Opel Astra 1.4 T Elite,34900,PLN,Benzyna,185000,2016,Manualna,1.4
Volkswagen,Volkswagen Tiguan,69900,PLN,Diesel,159824,2019,Manualna,NULL
Kia,Kia Ceed 1.6 CRDi GT Line DCT,35500,PLN,Diesel,213834,2016,Automatyczna,1.6
Mercedes-Benz,Mercedes-Benz Klasa S 400 d 4-Matic L 9G-TRONIC,188500,PLN,Diesel,243708,2019,Automatyczna,NULL
Opel,Opel Corsa 1.4 Color Edition,28500,PLN,Benzyna,131000,2019,Manualna,1.4
Ford,Ford Focus 1.6 Titanium,27900,PLN,Benzyna,96000,2012,Manualna,1.6
Audi,Audi Q5 2.0 TDI Quattro S tronic sport,66900,PLN,Diesel,186000,2016,Automatyczna,2.0
Audi,Audi A6 Avant 2.0 TDI Ultra DPF S tronic,43900,PLN,Diesel,215000,2014,Automatyczna,2.0
Renault,Renault Clio 0.9 Energy TCe Limited EU6,28900,PLN,Benzyna,84000,2015,Manualna,0.9
Dacia,Dacia Sandero Stepway 1.0 TCe SL Celebration S&S,34900,PLN,Benzyna,84000,2020,Manualna,1.0
Opel,Opel Mokka 1.4 Turbo ecoFLEX Start/Stop 4x4 Innovation,35900,PLN,Benzyna,129000,2014,Manualna,1.4
Kia,Kia Ceed 1.6 CRDi Eco-Dynamics+ (48V Mild-Hybrid) DCT7 Spirit,43900,PLN,Diesel,170000,2021,Automatyczna,1.6
Toyota,Toyota Aygo X Hybrid 1.5 Comfort e-CVT,82681,PLN,Hybryda,1,2026,Automatyczna,1.5
BMW,BMW X1 xDrive18d M Sport,73000,PLN,Diesel,165500,2016,Automatyczna,NULL
Volkswagen,Volkswagen Arteon 2.0 TSI R-Line DSG,129899,PLN,Benzyna,83572,2023,Automatyczna,2.0
Suzuki,Suzuki SX4 2.0 DDiS 4x4 Limited,18500,PLN,Diesel,252000,2010,Manualna,2.0
Kia,Kia Rio 1.0 T-GDI 120 GT Line,55900,PLN,Benzyna,86708,2019,Manualna,1.0
Porsche,Porsche 718 Cayman,489000,PLN,Benzyna,14000,2021,Manualna,NULL
Seat,Seat Leon 1.5 TSI Full LED,65899,PLN,Benzyna,121812,2022,Manualna,1.5
Toyota,Toyota Auris 1.2 T Dynamic,32500,PLN,Benzyna,178205,2016,Manualna,1.2
Kia,Kia Sportage,21500,PLN,Diesel,271467,2013,Manualna,NULL
Honda,Honda CR-V,56900,PLN,Benzyna,172353,2017,Manualna,NULL
Kia,Kia XCeed 1.0 T-GDI L,42900,PLN,Benzyna,96083,2021,Manualna,1.0
BMW,BMW Seria 5 530d,35000,PLN,Diesel,420000,2010,Automatyczna,NULL
Skoda,Skoda Karoq 1.5 TSI ACT GPF 4x2 Ambition DSG,78900,PLN,Benzyna,116272,2021,Automatyczna,1.5
Opel,Opel Insignia 1.5 T Enjoy S&S,44900,PLN,Benzyna,158450,2018,Manualna,1.5
Audi,Audi Q8,199000,PLN,Hybryda,83531,2019,Automatyczna,NULL
Skoda,Skoda Superb 2.0 TSI Style DSG,86900,PLN,Benzyna,139074,2021,Automatyczna,2.0
Nissan,Nissan Qashqai+2 2.0 Tekna,23900,PLN,Benzyna+LPG,225600,2009,Manualna,2.0
Toyota,Toyota Proace City Verso 1.2 D-4T Family,87850,PLN,Benzyna,30590,2022,Manualna,1.2
Mercedes-Benz,Mercedes-Benz GLA 200 Business Edition,128700,PLN,Benzyna,43200,2020,Automatyczna,NULL
Audi,Audi Q5,89998,PLN,Diesel,170877,2019,Automatyczna,NULL
Opel,Opel Astra 1.4 T EU6,14900,PLN,Benzyna+LPG,326575,2018,Manualna,1.4
BMW,BMW Seria 4 M440i,259900,PLN,Benzyna,87000,2023,Automatyczna,NULL
Volkswagen,Volkswagen Golf 1.2 TSI BMT Comfortline,28000,PLN,Benzyna,175000,2013,Manualna,1.2
Fiat,Fiat 126,18800,PLN,Benzyna,50331,1985,Manualna,NULL
Nissan,Nissan X-Trail 1.7 dCi Tekna 2WD,59900,PLN,Diesel,153000,2021,Manualna,1.7
BMW,BMW Seria 2,57600,PLN,Diesel,207674,2014,Manualna,NULL
Audi,Audi A5 Sportback,199700,PLN,Benzyna,58000,2023,Automatyczna,NULL
Volkswagen,Volkswagen Touran 1.2 TSI Cup,21500,PLN,Benzyna,147000,2014,Manualna,1.2
Hyundai,Hyundai ix35 2.0 CRDi 4WD Trend,35900,PLN,Diesel,195115,2014,Manualna,2.0
Skoda,Skoda Scala 1.6 TDI Style,23800,PLN,Diesel,142167,2021,Manualna,1.6
Hyundai,Hyundai i20,74900,PLN,Benzyna,11,2026,Manualna,NULL
Ford,Ford Tourneo Custom 2.0 EcoBlue L1 Titanium,89900,PLN,Diesel,169000,2019,Manualna,2.0
BMW,BMW Z4 sDrive35is Sport-Aut DKG,199000,PLN,Benzyna,10784,2015,Automatyczna,NULL
Mercedes-Benz,Mercedes-Benz Klasa C 63 S AMG 9G-TRONIC,449900,PLN,Benzyna,33439,2022,Automatyczna,NULL
BMW,BMW X5 M Competition,395000,PLN,Benzyna,38670,2023,Automatyczna,NULL
BMW,BMW M5 Competition,419000,PLN,Benzyna,53306,2023,Automatyczna,NULL
Aston Martin,Aston Martin Vantage,415000,PLN,Benzyna,21601,2019,Automatyczna,NULL
Bentley,Bentley Continental GT,745000,PLN,Benzyna,35968,2019,Automatyczna,NULL
BMW,BMW X3 M Competition sport,449000,PLN,Benzyna,2500,2024,Automatyczna,NULL
Porsche,Porsche 911 GT3 Touring PDK,849000,PLN,Benzyna,27580,2021,Automatyczna,NULL
BMW,BMW M4 Competition M xDrive,415000,PLN,Benzyna,45000,2024,Automatyczna,NULL
Maserati,Maserati Grecale,435000,PLN,Benzyna,14170,2023,Automatyczna,NULL
BMW,BMW Seria 7 740d xDrive mHEV M Sport sport,409000,PLN,Diesel,54600,2024,Automatyczna,NULL
Dodge,Dodge Challenger,349000,PLN,Benzyna,28159,2021,Automatyczna,NULL
Volvo,Volvo XC 60 B4 D AWD Geartronic Momentum,131900,PLN,Diesel,70200,2020,Automatyczna,NULL
Nissan,Nissan X-Trail 1.6 DCi ALL-MODE 4x4i N-Connecta,39900,PLN,Diesel,190000,2016,Manualna,1.6
Mercedes-Benz,Mercedes-Benz Klasa C AMG 63 AMG Speedshift MCT 9G,245000,PLN,Benzyna,65000,2016,Automatyczna,NULL
BMW,BMW M2 sport,337400,PLN,Benzyna,36900,2023,Automatyczna,NULL
Jaguar,Jaguar F-Pace 5.0 V8 S/C AWD SVR,395000,PLN,Benzyna,28133,2022,Automatyczna,5.0
Audi,Audi A4 Avant 1.9 TDI,5500,PLN,Diesel,520350,1999,Manualna,1.9
Mercedes-Benz,Mercedes-Benz Klasa S 560 4-Matic L 9G-TRONIC,429000,PLN,Benzyna,47000,2017,Automatyczna,NULL
Land Rover,Land Rover Range Rover Velar,237000,PLN,Diesel,30774,2024,Automatyczna,NULL
BMW,BMW Seria 4 420d xDrive mHEV,201720,PLN,Diesel,36600,2024,Automatyczna,NULL
Porsche,Porsche Cayman S PDK,249900,PLN,Benzyna,54635,2015,Automatyczna,NULL
Volvo,Volvo XC 90,79000,PLN,Benzyna,114808,2021,Automatyczna,NULL
Mercedes-Benz,Mercedes-Benz GLE 450 d 4Matic 9G-TRONIC AMG Line Advanced Plus,442000,PLN,Diesel,18770,2025,Automatyczna,NULL
Audi,Audi R8 Coupé V10 RWD GT,1159000,PLN,Benzyna,5360,2023,Automatyczna,NULL
Porsche,Porsche Macan T PDK,259000,PLN,Benzyna,59122,2022,Automatyczna,NULL
Jeep,Jeep Grand Cherokee,359900,PLN,Benzyna,51000,2018,Automatyczna,NULL
Ford,Ford Thunderbird,275000,PLN,Benzyna,62000,1962,Automatyczna,NULL
Mercedes-Benz,Mercedes-Benz CL,345000,PLN,Benzyna,52160,2010,Automatyczna,NULL
Aston Martin,Aston Martin Vantage,815000,PLN,Benzyna,21,2023,Automatyczna,NULL
Volvo,Volvo V40 D2 Kinetic,26900,PLN,Diesel,228000,2012,Manualna,NULL
Audi,Audi RS4 Avant Avant S tronic,235000,PLN,Benzyna,29457,2014,Automatyczna,NULL
Porsche,Porsche Cayenne GTS,179900,PLN,Benzyna,86000,2016,Automatyczna,NULL
BMW,BMW Seria 6,209900,PLN,Benzyna,60000,1986,Automatyczna,NULL
Hummer,Hummer H1,425000,PLN,Diesel,42500,1997,Automatyczna,NULL
Audi,Audi A4 Limousine 1.8 TFSI Attraction,26900,PLN,Benzyna,126239,2011,Manualna,1.8
Peugeot,Peugeot Rifter 1.5 BlueHDI Active Pack S&S,43000,PLN,Diesel,172783,2019,Manualna,1.5
Hyundai,Hyundai Tucson 1.6 CRDi 2WD Select,79901,PLN,Diesel,186664,2022,Manualna,1.6
Renault,Renault Laguna 2.0 dCi Bose Edition,29950,PLN,Diesel,130000,2014,Manualna,2.0
Kia,Kia Ceed,36900,PLN,Benzyna,168000,2018,Manualna,NULL
Toyota,Toyota Land Cruiser LC 3.0 D-4D Prestige,75900,PLN,Diesel,260001,2010,Automatyczna,3.0
BMW,BMW Seria 3 318i,103890,PLN,Benzyna,43531,2022,Automatyczna,NULL
Seat,Seat Arona 1.0 TSI FR S&S DSG,59890,PLN,Benzyna,102183,2022,Automatyczna,1.0
BMW,BMW Seria 1 M135i xDrive,179890,PLN,Benzyna,27030,2022,Automatyczna,NULL
Mercedes-Benz,Mercedes-Benz GLC 300 e 4-Matic Business Edition,116890,PLN,Hybryda Plug-in,163741,2020,Automatyczna,NULL
Peugeot,Peugeot 2008,63890,PLN,Benzyna,115997,2021,Automatyczna,NULL
BMW,BMW X3 xDrive20d xLine,66890,PLN,Diesel,220848,2017,Automatyczna,NULL
Mercedes-Benz,Mercedes-Benz CLA,108890,PLN,Benzyna,118427,2022,Automatyczna,NULL
Hyundai,Hyundai i30 1.4 Classic +,45500,PLN,Benzyna,74764,2017,Manualna,1.4
Volkswagen,Volkswagen T-Roc 1.5 TSI Life DSG,98890,PLN,Benzyna,49241,2023,Automatyczna,1.5
Ford,Ford C-MAX 1.6 TDCi Titanium,18500,PLN,Diesel,152200,2011,Manualna,1.6
MINI,MINI Countryman,99890,PLN,Benzyna,75597,2023,Automatyczna,NULL
Peugeot,Peugeot 5008 1.2 PureTech Allure Pack S&S EAT8,85890,PLN,Benzyna,134232,2023,Automatyczna,1.2
Fiat,Fiat 500,44890,PLN,Benzyna,101897,2023,Manualna,NULL
Citroën,Citroën C3 Aircross,51890,PLN,Benzyna,84782,2021,Manualna,NULL
Cupra,Cupra Formentor 2.0 TSI 4Drive DSG,140000,PLN,Benzyna,12751,2024,Automatyczna,2.0
Skoda,Skoda Superb 2.0 TSI 4x4 Scout DSG,109890,PLN,Benzyna,150076,2022,Automatyczna,2.0
Peugeot,Peugeot 308 1.5 BlueHDi Allure Pack S&S EAT8,84890,PLN,Diesel,50208,2024,Automatyczna,1.5
Audi,Audi A3 Sportback 35 TFSI mHEV Advanced S tronic,107890,PLN,Benzyna,64061,2023,Automatyczna,NULL
Ford,Ford Kuga 2.0 TDCi AWD Titanium,52999,PLN,Diesel,183738,2018,Automatyczna,2.0
Toyota,Toyota Yaris Hybrid 1.5 Comfort,68890,PLN,Hybryda,111512,2022,Automatyczna,1.5
Skoda,Skoda Octavia 2.0 TDI Elegance DSG,58900,PLN,Diesel,199000,2021,Automatyczna,2.0
Peugeot,Peugeot 408 1.2 PureTech Allure Pack S&S EAT8,99890,PLN,Benzyna,52670,2023,Automatyczna,1.2
Volvo,Volvo XC 60 B4 B Core,125890,PLN,Benzyna,103178,2022,Automatyczna,NULL
Opel,Opel Astra 1.5 CDTI Edition S&S,44890,PLN,Diesel,105441,2021,Manualna,1.5
Ford,Ford Fiesta,19999,PLN,Benzyna,158005,2013,Manualna,NULL
Audi,Audi A3 Sportback,32999,PLN,Benzyna,179024,2015,Manualna,NULL
Nissan,Nissan Juke,26800,PLN,Benzyna,155284,2011,Manualna,NULL
Opel,Opel Astra 1.5 CDTI Elegance S&S,49890,PLN,Diesel,77706,2022,Manualna,1.5
Skoda,Skoda Octavia 2.0 TDI Ambition DSG,76890,PLN,Diesel,147730,2023,Automatyczna,2.0
Kia,Kia Soul 1.6 GDI Dream-Team Edition,37900,PLN,Benzyna+LPG,151465,2015,Manualna,1.6
Honda,Honda HR-V 1.5 i-VTEC Elegance,56900,PLN,Benzyna,154010,2018,Manualna,1.5
Audi,Audi S3,109347,PLN,Benzyna,110000,2017,Automatyczna,NULL
Kia,Kia Rio 1.2 Dream Team Edition,29900,PLN,Benzyna,160000,2015,Manualna,1.2
Mercedes-Benz,Mercedes-Benz Klasa C 180 CGI BlueEFFICIENCY Avantgarde,32000,PLN,Benzyna,300000,2011,Manualna,NULL
Audi,Audi A3 Limousine 2.0 TFSI quattro S tronic sport,77900,PLN,Benzyna,97200,2018,Automatyczna,2.0
Mercedes-Benz,Mercedes-Benz GLC 300 4Matic 9G-TRONIC,109000,PLN,Benzyna,66000,2019,Automatyczna,NULL
Mazda,Mazda 3,98000,PLN,Benzyna,16441,2024,Automatyczna,NULL
Opel,Opel Adam 1.4 Slam S&S,21999,PLN,Benzyna,163011,2013,Manualna,1.4
Infiniti,Infiniti Q50 Q50S 3.0t Sport Tech,64900,PLN,Benzyna,132494,2018,Automatyczna,3.0
Lancia,Lancia Delta,7800,PLN,Diesel,260000,2010,Manualna,NULL
Fiat,Fiat Panda 1.3 Multijet Start&Stopp Lounge,16999,PLN,Diesel,156561,2015,Manualna,1.3
BMW,BMW 5GT 530d,34999,PLN,Diesel,253869,2010,Automatyczna,NULL
Hyundai,Hyundai i30 1.4 Classic,44900,PLN,Benzyna,114000,2018,Manualna,1.4
Skoda,Skoda Kamiq 1.0 TSI Style,57900,PLN,Benzyna,51500,2022,Manualna,1.0
Toyota,Toyota Yaris,64800,PLN,Benzyna,77431,2022,Manualna,NULL
Audi,Audi Q5 2.0 TDI Quattro,45000,PLN,Diesel,248000,2012,Manualna,2.0
BMW,BMW Seria 1 135i,54750,PLN,Benzyna,213400,2010,Automatyczna,NULL
Ford,Ford Mustang,115000,PLN,Benzyna,80000,1965,Automatyczna,NULL
Audi,Audi A3 Sportback 1.6 TDI S tronic,37900,PLN,Diesel,179170,2014,Automatyczna,1.6
MINI,MINI Countryman Cooper SD All4,38900,PLN,Diesel,196737,2014,Automatyczna,NULL
Skoda,Skoda Octavia 1.5 TSI e-TEC DSG Style,71999,PLN,Benzyna,136000,2021,Automatyczna,1.5
Fiat,Fiat Seicento,3200,PLN,Benzyna,170,2005,Manualna,NULL
Opel,Opel Insignia,8600,PLN,Diesel,357178,2011,Manualna,NULL
Audi,Audi A4 Avant 2.0 TDI ultra,33000,PLN,Diesel,247000,2014,Manualna,2.0
Mercedes-Benz,Mercedes-Benz Klasa E 400 4-Matic 9G-TRONIC,150000,PLN,Benzyna,85000,2017,Automatyczna,NULL
Mazda,Mazda 3,10100,PLN,Diesel,171000,2009,Manualna,NULL
Ford,Ford Fiesta 1.1 COOL&CONNECT,28500,PLN,Benzyna,128000,2017,Manualna,1.1
Opel,Opel Astra 1.4 T Cosmo EU6,26900,PLN,Benzyna,137500,2016,Manualna,1.4
BMW,BMW Seria 1 116d Sport Line,18900,PLN,Diesel,224000,2014,Manualna,NULL
Ford,Ford Mondeo,10000,PLN,Diesel,350020,2009,Manualna,NULL
BMW,BMW Seria 3,24900,PLN,Benzyna,296000,2002,Automatyczna,NULL
Ford,Ford S-Max 2.0 TDCi Trend,16400,PLN,Diesel,322494,2011,Automatyczna,2.0
Opel,Opel Meriva 1.4 Innovation,25999,PLN,Benzyna,93000,2012,Manualna,1.4
Alfa Romeo,Alfa Romeo GT 2.0JTS Distinctive Sel,3333,PLN,Benzyna,210000,2006,Automatyczna,2.0
Mercedes-Benz,Mercedes-Benz Vito Tourer L2 Select 4x4 9G-Tronic 447.703,166000,PLN,Diesel,75000,2019,Automatyczna,7.7
Opel,Opel Insignia 1.5 T Innovation S&S,57999,PLN,Benzyna,129000,2019,Automatyczna,1.5
Piaggio,Piaggio Inny,47500,PLN,Benzyna,25000,1981,Manualna,NULL
Alfa Romeo,Alfa Romeo Giulia 2.0 Turbo Veloce Q4,99999,PLN,Benzyna,112800,2020,Automatyczna,2.0
Peugeot,Peugeot 407 HDi 110 Tendance,3900,PLN,Diesel,228955,2005,Manualna,NULL
Opel,Opel Astra 1.4 Turbo Start/Stop Automatik Innovation,40999,PLN,Benzyna,96000,2016,Automatyczna,1.4
Jeep,Jeep Grand Cherokee 6.4 V8 SRT8,94700,PLN,Benzyna,123472,2012,Automatyczna,6.4
Kia,Kia Stinger,130900,PLN,Benzyna,121000,2022,Automatyczna,NULL
Volkswagen,Volkswagen Golf,33900,PLN,Diesel,206540,2014,Manualna,NULL
Toyota,Toyota Aygo X 1.0 VVT-i Executive,27900,PLN,Benzyna,43800,2023,Manualna,1.0
Mercedes-Benz,Mercedes-Benz CLK,19999,PLN,Benzyna,226775,1998,Automatyczna,NULL
Seat,Seat Leon 1.6 TDI Reference,9999,PLN,Diesel,259739,2010,Manualna,1.6
Renault,Renault Megane,2800,PLN,Benzyna,220000,2004,Manualna,NULL
Hyundai,Hyundai i40,19600,PLN,Diesel,320,2015,Manualna,NULL
Renault,Renault Megane 1.5 dCi Bose,11999,PLN,Diesel,239787,2013,Manualna,1.5
Opel,Opel Astra 1.4 Turbo Start/Stop Automatik Innovation,40999,PLN,Benzyna,106000,2016,Automatyczna,1.4
Ford,Ford Fiesta 1.4 Gold X,11999,PLN,Benzyna,217949,2009,Manualna,1.4
Renault,Renault Captur ENERGY dCi 90 EDC Intens,29700,PLN,Diesel,223000,2015,Automatyczna,NULL
Peugeot,Peugeot 2008 1.2 Pure Tech Active S&S EAT6,39700,PLN,Benzyna,68000,2018,Automatyczna,1.2
Mazda,Mazda 5 1.8 Comfort,9999,PLN,Benzyna,267181,2011,Manualna,1.8
Kia,Kia Rio 1.4 M,19999,PLN,Benzyna,168505,2016,Manualna,1.4
Opel,Opel Astra,15999,PLN,Benzyna+LPG,276508,2011,Manualna,NULL
Volvo,Volvo S60 T4 Inscription,101000,PLN,Benzyna,110454,2019,Automatyczna,NULL
Peugeot,Peugeot Partner,12500,PLN,Diesel,253244,2016,Manualna,NULL
Peugeot,Peugeot 3008,71900,PLN,Diesel,160295,2018,Automatyczna,NULL
Opel,Opel Mokka 1.4 Turbo Automatik Innovation,48999,PLN,Benzyna,35000,2017,Automatyczna,1.4
BMW,BMW X1,24999,PLN,Diesel,209000,2014,Manualna,NULL
Opel,Opel Insignia 2.0 CDTI automatik Sport,26000,PLN,Diesel,170000,2015,Automatyczna,2.0
Volvo,Volvo V40 D2 Ocean Race,26600,PLN,Diesel,230636,2015,Manualna,NULL
Skoda,Skoda Scala 1.0 TSI Style,49999,PLN,Benzyna,72000,2020,Manualna,1.0
Audi,Audi A3 Sportback 1.4 TFSI Ambition,17000,PLN,Benzyna,297000,2008,Manualna,1.4
Kia,Kia Ceed,12900,PLN,Diesel,201360,2010,Manualna,NULL
Opel,Opel Astra 1.4 T Executive S&S EU6,19900,PLN,Benzyna+LPG,345000,2018,Manualna,1.4
Hyundai,Hyundai i30 1.4 Style,20999,PLN,Benzyna,194270,2017,Manualna,1.4
Mercedes-Benz,Mercedes-Benz Klasa E 270 CDI Classic,15500,PLN,Diesel,424582,2004,Manualna,NULL
Lexus,Lexus UX 250h Elegance 2WD,77000,PLN,Hybryda,207000,2020,Automatyczna,NULL
Seat,Seat Leon 1.4 TSI Full LED S&S,41000,PLN,Benzyna,177610,2016,Manualna,1.4
Renault,Renault Megane,15700,PLN,Diesel,129928,2020,Automatyczna,NULL
Kia,Kia Sorento,68000,PLN,Diesel,243000,2016,Automatyczna,NULL
Volvo,Volvo XC 40 B5 AWD Ultimate Dark,121900,PLN,Benzyna,42000,2022,Automatyczna,NULL
Audi,Audi A6 Limousine,129900,PLN,Diesel,135070,2020,Automatyczna,NULL
Toyota,Toyota Auris 1.33 VVT-i Active,34000,PLN,Benzyna+LPG,216723,2017,Manualna,1.3
Mercedes-Benz,Mercedes-Benz Klasa C 300 7G-TRONIC AMG Line,81800,PLN,Benzyna,75000,2017,Automatyczna,NULL
Jeep,Jeep Renegade 1.3 GSE T4 Turbo Longitude FWD S&S,39950,PLN,Benzyna,208000,2018,Automatyczna,1.3
Mazda,Mazda 3,22000,PLN,Diesel,225000,2015,Manualna,NULL
Mercedes-Benz,Mercedes-Benz GLE 250 d 4-Matic,134900,PLN,Diesel,64870,2017,Automatyczna,NULL
BMW,BMW Seria 5 523i Edition Exclusive,19900,PLN,Benzyna,245000,2009,Automatyczna,NULL
Toyota,Toyota Camry 2.5 Hybrid Executive CVT,73000,PLN,Hybryda,269320,2020,Automatyczna,2.5
Volkswagen,Volkswagen Golf 1.6 TDI DPF BlueMotion Technology DSG Team,14000,PLN,Diesel,220000,2013,Automatyczna,1.6
Kia,Kia Sportage 1.6 T-GDI Black Edition 2WD,83999,PLN,Benzyna,36609,2021,Manualna,1.6
Volvo,Volvo XC 60 D4 AWD Kinetic,49990,PLN,Diesel,205000,2014,Automatyczna,NULL
Skoda,Skoda Fabia 1.0 Active,8500,PLN,Benzyna+LPG,380000,2016,Manualna,1.0
Audi,Audi A3 3-drzwiowe 1.6 Attraction,12900,PLN,Benzyna+LPG,280003,2009,Manualna,1.6
Opel,Opel Signum,3300,PLN,Diesel,305000,2004,Manualna,NULL
Peugeot,Peugeot 3008,18999,PLN,Diesel,300000,2011,Automatyczna,NULL
Audi,Audi A6 Avant 2.0 TDI ultra S tronic,64900,PLN,Diesel,212323,2016,Automatyczna,2.0
Opel,Opel Astra 1.6 D Automatik Start/Stop Edition,34000,PLN,Diesel,188061,2018,Automatyczna,1.6
Ford,Ford Kuga 1.5 EcoBoost AWD Edition ASS,61000,PLN,Benzyna,53000,2018,Automatyczna,1.5
Opel,Opel Crossland 1.2 Elegance,42300,PLN,Benzyna,85000,2021,Manualna,1.2
Ford,Ford Fusion 1.4 Ambiente,8500,PLN,Benzyna,150064,2007,Manualna,1.4
Kia,Kia Sportage 2.0 Expedition 2WD,11000,PLN,Benzyna+LPG,279259,2008,Manualna,2.0
Audi,Audi Q5,42000,PLN,Diesel,272000,2011,Manualna,NULL
BMW,BMW Seria 5,85000,PLN,Diesel,183400,2017,Automatyczna,NULL
Opel,Opel Astra 1.6,15600,PLN,Benzyna,218400,2012,Manualna,1.6
Opel,Opel Mokka X 1.4 ECOTEC Start/Stop Ultimate,47900,PLN,Benzyna,180000,2018,Manualna,1.4
Ford,Ford Fiesta 1.25 Celebration,30500,PLN,Benzyna,70780,2017,Manualna,1.2
Jeep,Jeep Commander 3.0 CRD Overland,37000,PLN,Diesel,265000,2008,Automatyczna,3.0
BMW,BMW Seria 5 530e iPerformance xDrive M Sport sport,110000,PLN,Hybryda Plug-in,112000,2019,Automatyczna,NULL
Porsche,Porsche Cayenne,69900,PLN,Benzyna,257000,2011,Automatyczna,NULL
Volvo,Volvo XC 60 D3 Drive-E R-Design Momentum,71900,PLN,Diesel,116000,2017,Automatyczna,NULL
Renault,Renault Scenic 1.6 dCi Energy Dynamique,19500,PLN,Diesel,136000,2012,Manualna,1.6
BMW,BMW Seria 3,34500,PLN,Benzyna,116000,2012,Automatyczna,NULL
Toyota,Toyota Proace City Verso Long 1.5 D-4D Business,86900,PLN,Diesel,34452,2022,Manualna,1.5
Land Rover,Land Rover Range Rover Sport S 3.0SD V6 HSE,42000,PLN,Diesel,330000,2012,Automatyczna,3.0
Skoda,Skoda 120,10900,PLN,Benzyna,80450,1988,Manualna,NULL
Renault,Renault Clio 0.9 Energy TCe Limited EU6,24900,PLN,Benzyna,91000,2016,Manualna,0.9
Audi,Audi Q5 2.0 TFSI Quattro Tiptronic,68000,PLN,Benzyna,88047,2016,Automatyczna,2.0
Skoda,Skoda Superb 2.0 TSI 4x4 Sportline DSG,107000,PLN,Benzyna,166511,2019,Automatyczna,2.0
Opel,Opel Meriva,15300,PLN,Benzyna,177000,2010,Manualna,NULL
Kia,Kia Ceed 1.6 CRDi 128 Platinum Edition,33900,PLN,Diesel,177000,2014,Automatyczna,1.6
Dacia,Dacia Sandero TCe 90 (S&S) Comfort,29500,PLN,Benzyna,123000,2019,Manualna,NULL
Alfa Romeo,Alfa Romeo Stelvio 2.2 16V AT8 Business,75000,PLN,Diesel,142700,2020,Automatyczna,2.2
Skoda,Skoda Octavia 1.6 TDI Elegance,18900,PLN,Diesel,212000,2014,Manualna,1.6
Opel,Opel Crossland X,29000,PLN,Benzyna,179000,2019,Manualna,NULL
Nissan,Nissan Qashqai,63000,PLN,Benzyna,88000,2017,Manualna,NULL
Land Rover,Land Rover Discovery 2.0 SD4 HSE Luxury,79500,PLN,Diesel,200065,2018,Automatyczna,2.0
Volkswagen,Volkswagen Passat 1.5 TSI EVO Comfortline,47000,PLN,Benzyna,192800,2019,Manualna,1.5
Seat,Seat Ibiza SC 1.2 TSI FR,5800,PLN,Benzyna,256000,2013,Manualna,1.2
Mazda,Mazda 3 2.0 Skypassion,44900,PLN,Benzyna,128400,2014,Automatyczna,2.0
Renault,Renault Megane 1.3 TCe FAP Limited,44900,PLN,Benzyna,94670,2019,Manualna,1.3
Audi,Audi A3 Sportback 35 TFSI mHEV S tronic,86900,PLN,Benzyna,23300,2022,Automatyczna,NULL
Toyota,Toyota Yaris 1.0 VVT-i Style,9700,PLN,Benzyna,203735,2007,Manualna,1.0
Ford,Ford Mondeo 2.0 TDCi Gold X,8500,PLN,Diesel,428000,2009,Manualna,2.0
Mitsubishi,Mitsubishi Outlander Instyle NAVI +,43000,PLN,Hybryda Plug-in,301403,2013,Automatyczna,NULL
Nissan,Nissan Micra 1.2 Visia First,10900,PLN,Benzyna,218407,2011,Manualna,1.2
Nissan,Nissan Pickup 2.5 TDi Base,28500,PLN,Diesel,235341,2005,Manualna,2.5
Alfa Romeo,Alfa Romeo Stelvio 2.0 Turbo TI Q4,124900,PLN,Benzyna,91000,2020,Automatyczna,2.0
Mercedes-Benz,Mercedes-Benz Vito,15000,PLN,Diesel,600000,2012,Automatyczna,NULL
Audi,Audi Q5,46700,PLN,Diesel,265900,2013,Automatyczna,NULL
Ford,Ford S-Max 1.5 Eco Boost Start-Stopp Titanium,40900,PLN,Benzyna,119000,2016,Manualna,1.5
Audi,Audi A5 Sportback,34900,PLN,Benzyna,195000,2011,Manualna,NULL
Fiat,Fiat Stilo 1.6 16V,4000,PLN,Benzyna+LPG,230000,2004,Manualna,1.6
Toyota,Toyota C-HR,135000,PLN,Hybryda,21000,2024,Automatyczna,NULL
Hyundai,Hyundai i30 1.6 GDI DCT Premium,28000,PLN,Benzyna,188400,2013,Automatyczna,1.6
Renault,Renault Captur ENERGY TCe 90 Start&Stop Expression,29900,PLN,Benzyna,161150,2014,Manualna,NULL
Hyundai,Hyundai Tucson,62000,PLN,Benzyna,96799,2019,Manualna,NULL
Volkswagen,Volkswagen CC,20000,PLN,Benzyna,260,2008,Automatyczna,NULL
BMW,BMW Seria 1 120 mHEV,173900,PLN,Benzyna,1,2026,Automatyczna,NULL
Audi,Audi Q5,51000,PLN,Benzyna,100720,2011,Automatyczna,NULL
Audi,Audi SQ5,110000,PLN,Benzyna,130000,2017,Automatyczna,NULL
BMW,BMW Seria 1 118i,144000,PLN,Benzyna,1,2026,Automatyczna,NULL
BMW,BMW Seria 3 320d xDrive MHEV M Sport sport,127900,PLN,Diesel,136500,2023,Automatyczna,NULL
Mazda,Mazda CX-3 SKYACTIV-G 120 FWD Center-Line,18000,PLN,Benzyna,160000,2016,Manualna,NULL
Nissan,Nissan NV200 Combi Basic 7os,26150,PLN,Benzyna,212702,2010,Manualna,NULL
Nissan,Nissan Micra 1.0 IG-T Acenta Xtronic,44990,PLN,Benzyna,54025,2021,Automatyczna,1.0
Audi,Audi Q3 2.0 TDI Quattro Edycja Specjalna S tronic,56900,PLN,Diesel,171502,2014,Automatyczna,2.0
Citroën,Citroën C4 Cactus 1.2 PureTech Feel EU6,34000,PLN,Benzyna,129,2017,Manualna,1.2
Porsche,Porsche Macan Turbo,107000,PLN,Benzyna,147000,2014,Automatyczna,NULL
Nissan,Nissan Qashqai 1.2 DIG-T N-Connecta Xtronic EU6,54900,PLN,Benzyna,78500,2018,Automatyczna,1.2
Peugeot,Peugeot 508 1.6 HDi Access,18000,PLN,Diesel,242841,2011,Manualna,1.6
Volkswagen,Volkswagen Golf,66700,PLN,Benzyna,194000,2012,Automatyczna,NULL
Alfa Romeo,Alfa Romeo Mito 1.6 JTDM,6500,PLN,Diesel,309054,2008,Manualna,1.6
Opel,Opel Adam 1.4 Glam,22000,PLN,Benzyna,137538,2014,Manualna,1.4
Nissan,Nissan Qashqai 1.6 dCi Xtronic 360,25900,PLN,Diesel,170000,2015,Automatyczna,1.6
Kia,Kia Sportage 1.7 CRDI 2WD Vision,35900,PLN,Diesel,193000,2014,Manualna,1.7
Lamborghini,Lamborghini Huracan,279000,EUR,Benzyna,18000,2022,Automatyczna,NULL
Peugeot,Peugeot 2008 1.6 BlueHDi Allure,14900,PLN,Diesel,160000,2015,Manualna,1.6
MINI,MINI Cooper S sport,86000,PLN,Benzyna,33374,2022,Automatyczna,NULL
Dacia,Dacia Duster 1.5 Blue dCi Prestige,9300,EUR,Diesel,302835,2022,Manualna,1.5
Opel,Opel Mokka 1.4 T Cosmo,45999,PLN,Benzyna,169000,2017,Manualna,1.4
Volvo,Volvo V60 D4 Drive-E Summum,39500,PLN,Diesel,162000,2015,Automatyczna,NULL
Kia,Kia Sportage,64000,PLN,Benzyna,63690,2016,Automatyczna,NULL
Opel,Opel Corsa,7500,PLN,Benzyna,121827,2010,Manualna,NULL
Opel,Opel Ampera Ultimate,60000,PLN,Elektryczny,148700,2017,Automatyczna,NULL
Audi,Audi A6 Avant,289900,PLN,Diesel,6400,2026,Automatyczna,NULL
Mercedes-Benz,Mercedes-Benz GLC 220 d mHEV 4-Matic AMG Line,207000,PLN,Diesel,57500,2023,Automatyczna,NULL
SsangYong/KGM,SsangYong/KGM Rexton 2.2 D Black Edition 4WD 7os,193725,PLN,Diesel,66000,2023,Automatyczna,2.2
Mercedes-Benz,Mercedes-Benz Klasa C 350 e 7G-TRONIC,85000,PLN,Hybryda Plug-in,141000,2017,Automatyczna,NULL
Jeep,Jeep Liberty,14900,PLN,Benzyna+LPG,232422,2005,Automatyczna,NULL
Ford,Ford Focus,21900,PLN,Benzyna,178000,2015,Manualna,NULL
Jeep,Jeep Avenger 1.2 T3 mHEV Black Edition FWD eDCT6,123500,PLN,Benzyna,1,2026,Automatyczna,1.2
BMW,BMW Seria 3,299700,PLN,Benzyna,5,2025,Automatyczna,NULL
Skoda,Skoda RAPID 1.2 TSI Edition,16500,PLN,Benzyna+LPG,259523,2015,Manualna,1.2
Volkswagen,Volkswagen Tiguan,20900,PLN,Diesel,239000,2008,Automatyczna,NULL
Opel,Opel Insignia 2.0 CDTI Exclusive S&S,13900,PLN,Diesel,281606,2018,Automatyczna,2.0
Ford,Ford S-Max 2.0 TDCi Titanium,7500,PLN,Diesel,360716,2007,Automatyczna,2.0
Citroën,Citroën DS5 2.0 HDi Hybrid4 SportChic MCP,37900,PLN,Hybryda,145000,2014,Automatyczna,2.0
Citroën,Citroën C8,12000,PLN,Diesel,334700,2007,Manualna,NULL
Ford,Ford Focus 1.6 X100,2200,PLN,Benzyna,131000,2003,Manualna,1.6
Volkswagen,Volkswagen Tiguan,104800,PLN,Benzyna,164000,2022,Automatyczna,NULL
Kia,Kia Stonic,42800,PLN,Diesel,176000,2018,Manualna,NULL
Toyota,Toyota Corolla,83499,PLN,Hybryda,145000,2022,Automatyczna,NULL
Audi,Audi A8 3.0 TDI DPF quattro tiptronic,52750,PLN,Diesel,280000,2010,Automatyczna,3.0
Nissan,Nissan Qashqai 2.0 4x4 Acenta CVT,26000,PLN,Benzyna+LPG,226055,2012,Automatyczna,2.0
Lexus,Lexus NX 350h F Sport AWD,205850,PLN,Hybryda,82382,2022,Automatyczna,NULL
Nissan,Nissan Note,5900,PLN,Diesel,309000,2010,Manualna,NULL
Audi,Audi S3 2.0 TFSI Quattro S tronic,85000,PLN,Benzyna,125038,2016,Automatyczna,2.0
Seat,Seat Altea XL,15900,PLN,Diesel,216000,2011,Manualna,NULL
Citroën,Citroën C4 1.5 BlueHDi Shine S&S,76000,PLN,Diesel,39522,2022,Manualna,1.5
Volkswagen,Volkswagen Polo 1.2 TSI BMT Fresh,22900,PLN,Benzyna,172239,2014,Manualna,1.2
Lexus,Lexus NX 450h+ Prestige AWD,248900,PLN,Hybryda Plug-in,11479,2025,Automatyczna,NULL
Lexus,Lexus NX 350h Prestige AWD,219900,PLN,Hybryda,22170,2024,Automatyczna,NULL
Lexus,Lexus NX 350h Prestige AWD,219000,PLN,Hybryda,17249,2024,Automatyczna,NULL
Opel,Opel Meriva,2200,PLN,Benzyna,286940,2005,Manualna,NULL
Opel,Opel Astra 1.4 T Active,21600,PLN,Benzyna,190000,2013,Manualna,1.4
Citroën,Citroën C5 2.0 16V Exclusive,13500,PLN,Benzyna,231000,2009,Manualna,2.0
Nissan,Nissan Juke 1.2 DIG-T Tekna (lea) EU6,38900,PLN,Benzyna,70000,2018,Manualna,1.2
Seat,Seat Altea XL 2.0 TDI 4x4 Freetrack,16900,PLN,Diesel,202300,2008,Manualna,2.0
Citroën,Citroën C5,19900,PLN,Diesel,170000,2012,Manualna,NULL
Kia,Kia Sportage,33900,PLN,Diesel,200000,2011,Manualna,NULL
Volkswagen,Volkswagen Passat,28900,PLN,Diesel,203000,2013,Manualna,NULL
BMW,BMW Seria 3,35900,PLN,Benzyna+LPG,211234,1995,Manualna,NULL
Ford,Ford Fiesta 1.4 Titanium,13500,PLN,Benzyna,213219,2009,Manualna,1.4
Skoda,Skoda Citigo,22500,PLN,Benzyna,99000,2016,Manualna,NULL
Opel,Opel Insignia 2.0 T Edition 4x4,19900,PLN,Benzyna,231000,2010,Manualna,2.0
Skoda,Skoda Octavia,117900,PLN,Diesel,118229,2021,Automatyczna,NULL
Toyota,Toyota Aygo,11900,PLN,Benzyna,110000,2009,Manualna,NULL
Lexus,Lexus ES 300h Business Edition,163850,PLN,Hybryda,77371,2023,Automatyczna,NULL
Volkswagen,Volkswagen Golf 1.6 TDI BMT Comfortline,28500,PLN,Diesel,240000,2016,Manualna,1.6
Volkswagen,Volkswagen Golf 2.0 TSI BMT GTI Performance DSG,55500,PLN,Benzyna,217000,2014,Automatyczna,2.0
Hyundai,Hyundai ix35,58000,PLN,Benzyna+LPG,123550,2014,Automatyczna,NULL
Opel,Opel Astra 1.4 Essentia,23900,PLN,Benzyna,172131,2014,Manualna,1.4
Volkswagen,Volkswagen Passat,19900,PLN,Diesel,300000,2011,Manualna,NULL
Renault,Renault Trafic L1H1 Passenger Lux,63000,PLN,Diesel,360,2013,Manualna,NULL
Toyota,Toyota Land Cruiser,56900,PLN,Diesel,270000,2006,Manualna,NULL
Opel,Opel Insignia,23900,PLN,Diesel,267000,2014,Manualna,NULL
Volvo,Volvo V90,126400,PLN,Hybryda,119478,2022,Automatyczna,NULL
Renault,Renault Clio,23900,PLN,Diesel,157000,2016,Manualna,NULL
Fiat,Fiat Panda,18400,PLN,Benzyna,179000,2016,Manualna,NULL
Seat,Seat Toledo 1.2 TSI Reference,21900,PLN,Benzyna,149000,2013,Manualna,1.2
Ford,Ford C-MAX 1.0 EcoBoost Start-Stopp-System Business Edition,32900,PLN,Benzyna,150000,2018,Manualna,1.0
Mercedes-Benz,Mercedes-Benz CLS,34500,PLN,Diesel,340000,2008,Automatyczna,NULL
BMW,BMW X2,70900,PLN,Benzyna,115000,2018,Automatyczna,NULL
Audi,Audi TT Coupé 1.8 T quattro,27000,PLN,Benzyna,214799,2000,Manualna,1.8
Opel,Opel Corsa 1.2 Direct Injection Turbo Start/Stop Elegance,38900,PLN,Benzyna,31547,2021,Manualna,1.2
Jeep,Jeep Grand Cherokee,195000,PLN,Benzyna,1750,2025,Automatyczna,NULL
BMW,BMW Seria 3,102900,PLN,Diesel,113470,2021,Automatyczna,NULL
Audi,Audi Q3 Sportback 40 TDI Quattro S tronic,124900,PLN,Diesel,79700,2021,Automatyczna,NULL
Ford,Ford Focus 1.8 Sport,13900,PLN,Benzyna,193977,2008,Manualna,1.8
Alfa Romeo,Alfa Romeo Giulietta 1.4 TB MultiAir Exclusive TCT,49500,PLN,Benzyna,86685,2018,Automatyczna,1.4
Honda,Honda CR-V,74999,PLN,Benzyna,172055,2018,Automatyczna,NULL
Renault,Renault Kadjar,57000,PLN,Benzyna,100074,2019,Automatyczna,NULL
Dacia,Dacia Sandero Stepway,24000,PLN,Benzyna,120531,2016,Manualna,NULL
Porsche,Porsche Panamera 4,683061,PLN,Benzyna,10,2026,Automatyczna,NULL
Peugeot,Peugeot 3008 HDi FAP 150 Platinum,13900,PLN,Diesel,211800,2011,Manualna,NULL
Audi,Audi A4 Avant 2.0 TDI,14500,PLN,Diesel,328000,2008,Manualna,2.0
Mazda,Mazda 3,69990,PLN,Benzyna,69710,2019,Manualna,NULL
Skoda,Skoda Kamiq 1.5 TSI Style DSG,77900,PLN,Benzyna,90200,2020,Automatyczna,1.5
Skoda,Skoda Citigo,14946,PLN,Benzyna+LPG,210000,2014,Manualna,NULL
Subaru,Subaru Impreza,158900,PLN,Benzyna,207000,2004,Manualna,NULL
Volkswagen,Volkswagen Tiguan,44000,PLN,Diesel,173657,2013,Automatyczna,NULL
Audi,Audi A7 Sportback,54000,PLN,Diesel,232895,2011,Automatyczna,NULL
Subaru,Subaru XV,70000,PLN,Benzyna,86719,2019,Automatyczna,NULL
Dacia,Dacia Duster 1.5 Blue dCi Essential 4WD EU6d,52000,PLN,Diesel,129800,2021,Manualna,1.5
BYD,BYD Atto 3,183900,PLN,Elektryczny,10,2026,Automatyczna,NULL
Hyundai,Hyundai ix35 2.0 2WD Comfort,31000,PLN,Benzyna,204998,2011,Manualna,2.0
Chevrolet,Chevrolet Captiva 3.2 LT high,11900,PLN,Benzyna,288529,2006,Automatyczna,3.2
Suzuki,Suzuki Grand Vitara 1.9 DDiS Comfort,48700,PLN,Diesel,139000,2014,Manualna,1.9
Porsche,Porsche Boxster,172500,PLN,Benzyna,141000,2012,Automatyczna,NULL
Land Rover,Land Rover Freelander 2.0 Td,11900,PLN,Diesel,213294,2004,Automatyczna,2.0
Ford,Ford Focus 1.6 Trend,25600,PLN,Benzyna+LPG,232000,2017,Manualna,1.6
Toyota,Toyota Yaris 1.4 D-4D Luna,3500,PLN,Diesel,350000,2008,Manualna,1.4
Seat,Seat Altea XL 1.9 TDI Reference,8900,PLN,Diesel,266300,2007,Manualna,1.9
Volkswagen,Volkswagen Tiguan,139900,PLN,Benzyna,26300,2024,Automatyczna,NULL
Skoda,Skoda Octavia 1.6 TDI Ambition,20500,PLN,Diesel,247000,2011,Manualna,1.6
Omoda,Omoda 9,174900,PLN,Hybryda Plug-in,13800,2025,Automatyczna,NULL
Kia,Kia Sportage,107900,PLN,Benzyna,62700,2023,Automatyczna,NULL
Peugeot,Peugeot 207,7900,PLN,Benzyna,160000,2009,Manualna,NULL
Audi,Audi A3 Limousine 1.4 TFSI cylinder on demand ultra Ambiente,72000,PLN,Benzyna,72105,2016,Manualna,1.4
BMW,BMW X3,72500,PLN,Diesel,199000,2017,Automatyczna,NULL
Honda,Honda Civic,11900,PLN,Benzyna,279000,2007,Automatyczna,NULL
Hyundai,Hyundai Tucson,45800,PLN,Benzyna,174000,2016,Manualna,NULL
Honda,Honda Accord 2.0 Executive,17999,PLN,Benzyna+LPG,289532,2007,Manualna,2.0
Volvo,Volvo V60 B3 B Momentum Core,104950,PLN,Benzyna,74999,2021,Automatyczna,NULL
Ford,Ford Fiesta 1.3 Ambiente,5500,PLN,Benzyna,162472,2006,Manualna,1.3
Peugeot,Peugeot 2008 1.2 Pure Tech Allure S&S,35900,PLN,Benzyna,36000,2019,Manualna,1.2
Kia,Kia Stinger 2.0 T-GDI GT Line,102999,PLN,Benzyna,58000,2020,Automatyczna,2.0
Opel,Opel Insignia 2.0 CDTI ecoFLEX Start/Stop Business Edition,22999,PLN,Diesel,224000,2014,Manualna,2.0
Toyota,Toyota Avensis 2.2 D-4D Sol Plus,18500,PLN,Diesel,245000,2010,Manualna,2.2
Ford,Ford Focus 1.6 Ghia,6800,PLN,Benzyna+LPG,315527,2008,Automatyczna,1.6
Suzuki,Suzuki Vitara 1.4 Boosterjet mHEV Premium Plus 2WD,98399,PLN,Benzyna,17000,2025,Manualna,1.4
Volkswagen,Volkswagen Passat,4500,PLN,Diesel,362000,2004,Manualna,NULL
Skoda,Skoda Superb 2.0 TSI DSG Elegance,36999,PLN,Benzyna+LPG,148000,2015,Automatyczna,2.0
Renault,Renault Kadjar 1.2 Energy TCe Intens,37999,PLN,Benzyna,160000,2016,Manualna,1.2
Dacia,Dacia Sandero TCe 90 S&S Laureate,34999,PLN,Benzyna,154000,2021,Manualna,NULL
Hyundai,Hyundai i30 1.4 Classic +,27999,PLN,Benzyna,164000,2014,Manualna,1.4
Renault,Renault Megane BLUE dCi 115 EQUILIBRE,44999,PLN,Diesel,189000,2021,Manualna,NULL
Skoda,Skoda Octavia 1.6 TDI DSG Clever,40999,PLN,Diesel,193000,2019,Automatyczna,1.6
Peugeot,Peugeot 2008 1.2 Pure Tech GPF Signature S&S EAT6,39999,PLN,Benzyna,70000,2019,Automatyczna,1.2
Renault,Renault Talisman 1.6 Energy TCe Intens EDC,59900,PLN,Benzyna,122576,2017,Automatyczna,1.6
Volkswagen,Volkswagen Golf 1.5 TSI Life,75000,PLN,Benzyna,105000,2023,Manualna,1.5
Nissan,Nissan Micra,13900,PLN,Benzyna,186766,2013,Manualna,NULL
Seat,Seat Leon,67300,PLN,Benzyna,78500,2022,Manualna,NULL
Volkswagen,Volkswagen Golf Sportsvan,36900,PLN,Diesel,180200,2016,Automatyczna,NULL
Volkswagen,Volkswagen Passat Variant,62500,PLN,Diesel,198600,2020,Automatyczna,NULL
Skoda,Skoda Octavia,81900,PLN,Diesel,130500,2022,Automatyczna,NULL
Porsche,Porsche 911 Carrera,892878,PLN,Benzyna,10,2026,Automatyczna,NULL
Seat,Seat Leon,67300,PLN,Benzyna,72200,2022,Manualna,NULL
Peugeot,Peugeot 308,6900,PLN,Benzyna,170000,2009,Manualna,NULL
Seat,Seat Ateca,95900,PLN,Benzyna,62800,2024,Automatyczna,NULL
Seat,Seat Arona,72300,PLN,Benzyna,71700,2022,Manualna,NULL
Ford,Ford Focus,79900,PLN,Diesel,55300,2024,Automatyczna,NULL
Mercedes-Benz,Mercedes-Benz Klasa E AMG 53 4Matic AMG Speedshift 9G-TRONIC,160000,PLN,Benzyna,71000,2018,Automatyczna,NULL
Hyundai,Hyundai i30 1.6 Comfort,15500,PLN,Benzyna,270253,2009,Manualna,1.6
Dodge,Dodge Nitro 3.7 V6 SLT 4WD,43000,PLN,Benzyna+LPG,283248,2007,Automatyczna,3.7
Kia,Kia ProCeed,71900,PLN,Benzyna,90100,2020,Automatyczna,NULL
BMW,BMW Seria 1 118d M Sport,109500,PLN,Diesel,39951,2025,Automatyczna,NULL
Toyota,Toyota Prius,14900,PLN,Benzyna+LPG,490000,2010,Automatyczna,NULL
Hyundai,Hyundai i40 Kombi 1.7 CRDi Premium,28500,PLN,Diesel,135000,2011,Manualna,1.7
Peugeot,Peugeot Bipper,4900,PLN,Diesel,290000,2012,Manualna,NULL
Mazda,Mazda 2,3500,PLN,Benzyna,190000,2004,Manualna,NULL
Mercedes-Benz,Mercedes-Benz GLC,124000,PLN,Diesel,131336,2018,Automatyczna,NULL
Seat,Seat Alhambra,36000,PLN,Diesel,270000,2012,Manualna,NULL
Kia,Kia ProCeed,34900,PLN,Diesel,170000,2017,Manualna,NULL
Alfa Romeo,Alfa Romeo Giulietta 2.0 JTDM Distinctive,23500,PLN,Diesel,220900,2011,Manualna,2.0
Volkswagen,Volkswagen Jetta 1.9 TDI Comfortline,7000,PLN,Diesel,312241,2008,Manualna,1.9
Peugeot,Peugeot 2008,58900,PLN,Benzyna,115000,2023,Manualna,NULL
Kia,Kia Ceed 2.0 crdi Optimum +,6150,PLN,Diesel,252892,2009,Manualna,2.0
Ford,Ford Explorer,127000,PLN,Hybryda Plug-in,165888,2021,Automatyczna,NULL
Hummer,Hummer H2 6.2 V8 Adventure,110999,PLN,Benzyna,238681,2008,Automatyczna,6.2
Ford,Ford C-MAX 1.6 TDCi Ambiente,14900,PLN,Diesel,326397,2013,Manualna,1.6
Porsche,Porsche Macan,99500,PLN,Diesel,204000,2015,Automatyczna,NULL
Jeep,Jeep Wrangler 2.0 T-GDI Hardtop AWD Automatik Sahara,109900,PLN,Benzyna,174000,2020,Automatyczna,2.0
Toyota,Toyota Corolla 1.5 Comfort MS,75000,PLN,Benzyna,47000,2022,Automatyczna,1.5
Kia,Kia Ceed 1.5 T-GDI MHEV L Business Line DCT,59999,PLN,Benzyna,170000,2023,Automatyczna,1.5
Ford,Ford Escape 1.6 EcoBoost AWD SEL,39800,PLN,Benzyna,185000,2014,Automatyczna,1.6
Opel,Opel Corsa 1.2 T GS S&S,66000,PLN,Benzyna,26011,2025,Manualna,1.2
Renault,Renault Trafic,79900,PLN,Diesel,87921,2017,Manualna,NULL
Renault,Renault Modus,9900,PLN,Benzyna,195000,2008,Manualna,NULL
Ford,Ford Focus,16000,PLN,Benzyna,164304,2013,Manualna,NULL
GMC,GMC Terrain,40000,PLN,Benzyna,216000,2012,Automatyczna,NULL
Ford,Ford Focus 1.0 EcoBoost Titanium,23900,PLN,Benzyna,163000,2016,Manualna,1.0
Volvo,Volvo S60 2.5T Rubin,15000,PLN,Benzyna,202243,2006,Automatyczna,2.5
Opel,Opel Grandland X 2.0 D Start/Stop Automatik Ultimate,55000,PLN,Diesel,167000,2019,Automatyczna,2.0
Opel,Opel Combo 1.6 CDTI Cosmo,29519,PLN,Diesel,214000,2017,Manualna,1.6
Volkswagen,Volkswagen Passat,23900,PLN,Benzyna,293000,2012,Manualna,NULL
Opel,Opel Insignia 2.0 Direct Inj Trb 4x4 Innovation,60000,PLN,Benzyna,117000,2017,Automatyczna,2.0
Toyota,Toyota Avensis 1.8 Prestige,43700,PLN,Benzyna+LPG,280593,2016,Manualna,1.8
Toyota,Toyota Auris 2.0 D-4D Premium,8400,PLN,Diesel,233000,2007,Manualna,2.0
Audi,Audi Q5 40 TDI mHEV Quattro Advanced S tronic,236160,PLN,Diesel,39000,2024,Automatyczna,NULL
Volvo,Volvo V60 T8 AWD Twin Engine Geartronic R-Design,123000,PLN,Hybryda Plug-in,132425,2021,Automatyczna,NULL
Volkswagen,Volkswagen Golf 1.6 TDI DPF BlueMotion,16900,PLN,Diesel,244200,2009,Manualna,1.6
Audi,Audi A3 Cabrio 1.8 TFSI S tronic S line Sportpaket,45800,PLN,Benzyna,109000,2014,Automatyczna,1.8
BMW,BMW M6,87000,PLN,Benzyna,160000,2006,Automatyczna,NULL
Honda,Honda CR-V 2.2i-DTEC Elegance Lifestyle,35100,PLN,Diesel,182000,2010,Manualna,2.2
Peugeot,Peugeot 307 CC,7800,PLN,Benzyna+LPG,219000,2004,Manualna,NULL
Alfa Romeo,Alfa Romeo Mito,11499,PLN,Diesel,320000,2010,Manualna,NULL
Ford,Ford Fiesta 1.0 SYNC Edition,24500,PLN,Benzyna,23000,2013,Manualna,1.0
Opel,Opel Astra 1.2 T Business Elegance S&S,74900,PLN,Benzyna,21000,2023,Manualna,1.2
Skoda,Skoda Superb,77998,PLN,Benzyna,142492,2021,Automatyczna,NULL
Kia,Kia Ceed 1.6 CRDi SCR M,26800,PLN,Diesel,248800,2020,Manualna,1.6
Renault,Renault Megane 1.3 TCe Intens,72500,PLN,Benzyna,19055,2022,Manualna,1.3
Volkswagen,Volkswagen Passat,3950,PLN,Diesel,258657,2002,Automatyczna,NULL
Volvo,Volvo XC 60 D4 Geartronic Kinetic,48900,PLN,Diesel,246160,2017,Automatyczna,NULL
Opel,Opel Astra 1.6 Edition,22800,PLN,Benzyna,155000,2011,Manualna,1.6
Peugeot,Peugeot 2008 82 VTI Active,19999,PLN,Benzyna,173000,2013,Manualna,NULL
Volkswagen,Volkswagen Golf 1.4 Goal,6300,PLN,Benzyna,223000,2006,Manualna,1.4
Subaru,Subaru XV 2.0i Exclusive CVT,34500,PLN,Benzyna,196200,2015,Automatyczna,2.0
Hyundai,Hyundai Tucson 1.6 GDi Comfort 2WD,66900,PLN,Benzyna,92000,2019,Manualna,1.6
Mercedes-Benz,Mercedes-Benz Klasa E,79950,PLN,Diesel,29000,2011,Automatyczna,NULL
BMW,BMW X4 xDrive20d M Sport sport,139000,PLN,Diesel,93866,2019,Automatyczna,NULL
Toyota,Toyota C-HR Style,62700,PLN,Hybryda,145000,2018,Automatyczna,NULL
Volkswagen,Volkswagen Scirocco 1.4 TSI,19000,PLN,Benzyna,251000,2008,Manualna,1.4
Honda,Honda Legend 3.5 Executive,19000,PLN,Benzyna,279801,2006,Automatyczna,3.5
Dacia,Dacia Sandero,50430,PLN,Benzyna,10650,2023,Manualna,NULL
Opel,Opel Inny,3999,PLN,Benzyna,411000,2007,Manualna,NULL
Toyota,Toyota Yaris 1.33 VVT-i Life,26500,PLN,Benzyna,170000,2012,Manualna,1.3
Volkswagen,Volkswagen Golf 1.6 TDI DPF BlueMotion,15999,PLN,Diesel,347169,2012,Manualna,1.6
Honda,Honda Accord,13999,PLN,Benzyna+LPG,218045,2003,Manualna,NULL
Opel,Opel Insignia 2.0 Automatik Innovation,53999,PLN,Diesel,167647,2018,Automatyczna,2.0
Fiat,Fiat Grande Punto,7900,PLN,Benzyna,153650,2008,Manualna,NULL
Opel,Opel Insignia,50000,PLN,Diesel,189988,2022,Automatyczna,NULL
Ford,Ford Grand C-MAX Gr 1.5 TDCi Trend ASS,38500,PLN,Diesel,198062,2018,Manualna,1.5
Mitsubishi,Mitsubishi Outlander 2.0 DID Intense,15300,PLN,Diesel,215000,2007,Manualna,2.0
Citroën,Citroën C4 1.6 HDi Seduction,14000,PLN,Diesel,225765,2011,Manualna,1.6
Mitsubishi,Mitsubishi ASX 1.6 ClearTec 2WD Diamant Edition+,45900,PLN,Benzyna,112170,2015,Manualna,1.6
Volkswagen,Volkswagen Golf 1.4 TSI BMT ACT Highline DSG,56000,PLN,Benzyna,183840,2015,Automatyczna,1.4
Hyundai,Hyundai i20 1.2 Classic,39900,PLN,Benzyna,180000,2015,Manualna,1.2
Jeep,Jeep Wrangler 2.0 T-GDI Hardtop AWD Automatik Sport,152000,PLN,Benzyna,16000,2023,Automatyczna,2.0
Mercedes-Benz,Mercedes-Benz CLS,120000,PLN,Benzyna,177000,2015,Automatyczna,NULL
Dacia,Dacia Sandero TCe 90 Celebration,25900,PLN,Benzyna,141000,2017,Manualna,NULL
Ford,Ford Fiesta,7000,PLN,Benzyna,171000,2006,Manualna,NULL
Hyundai,Hyundai i20 1.2 Classic Plus,19800,PLN,Benzyna,199000,2016,Manualna,1.2
Hyundai,Hyundai Tucson 1.6 T-GDi 48V Platinum 2WD DCT,129700,PLN,Benzyna,60256,2024,Automatyczna,1.6
Opel,Opel Corsa 1.2 16V Enjoy,7500,PLN,Benzyna,152418,2007,Manualna,1.2
Mazda,Mazda 2,12000,PLN,Benzyna,180000,2009,Manualna,NULL
Audi,Audi A4 Avant 2.0 TDI Multitronic,12000,PLN,Diesel,300000,2010,Automatyczna,2.0
Opel,Opel Astra 1.4 Turbo Style,24990,PLN,Benzyna,174372,2014,Manualna,1.4
Peugeot,Peugeot 208,27800,PLN,Benzyna,24000,2018,Manualna,NULL
Land Rover,Land Rover Range Rover 3.0 D LWB AB,990000,PLN,Diesel,20,2026,Automatyczna,3.0
Opel,Opel Astra 1.4 T Cosmo,17500,PLN,Benzyna,276880,2011,Manualna,1.4
Mazda,Mazda 6,47900,PLN,Benzyna,212750,2016,Automatyczna,NULL
Hyundai,Hyundai i40,31500,PLN,Diesel,190000,2017,Manualna,NULL
Opel,Opel Astra 1.4 Turbo Active,22800,PLN,Benzyna,188000,2013,Manualna,1.4
Hyundai,Hyundai Tucson 1.6 GDi 2WD Premium,58900,PLN,Benzyna,140000,2018,Manualna,1.6
Opel,Opel Astra,2300,PLN,Benzyna+LPG,333230,2000,Manualna,NULL
Hyundai,Hyundai Tucson 1.6 T-GDI Comfort 4WD DCT,71999,PLN,Benzyna,111867,2018,Automatyczna,1.6
BMW,BMW X4 xDrive20d Edycja M Sport,76900,PLN,Diesel,200237,2015,Automatyczna,NULL
BMW,BMW Seria 3 335i Edition Exclusive,62000,PLN,Benzyna,65900,2008,Automatyczna,NULL
Fiat,Fiat Doblo 1.3 Multijet 16V Active,17500,PLN,Diesel,248583,2012,Manualna,1.3
BMW,BMW XM,619900,PLN,Hybryda Plug-in,1000,2026,Automatyczna,NULL
Skoda,Skoda Superb 2.0 TDI Style,58500,PLN,Diesel,161500,2016,Manualna,2.0
Volkswagen,Volkswagen Polo 1.2 TDI DPF Comfortline,7900,PLN,Diesel,110000,2012,Manualna,1.2
Fiat,Fiat Panda 1.2 4x4 Climbing,13900,PLN,Benzyna,128000,2008,Manualna,1.2
Audi,Audi A4 Avant 2.0 TDI S tronic quattro,46900,PLN,Diesel,233000,2015,Automatyczna,2.0
Renault,Renault Megane ENERGY TCe 100 PLAY,36900,PLN,Benzyna,166000,2017,Manualna,NULL
DS Automobiles,DS Automobiles DS 7 Crossback,76900,PLN,Diesel,146500,2018,Automatyczna,NULL
Subaru,Subaru Forester 2.0X Automatik Exclusive,44900,PLN,Benzyna,197000,2014,Automatyczna,2.0
Subaru,Subaru XV 2.0 i Exclusive Lineartronic,47900,PLN,Benzyna,194000,2016,Automatyczna,2.0
Subaru,Subaru Forester,17800,PLN,Benzyna,195000,2003,Automatyczna,NULL
Volvo,Volvo XC 60 B5 B AWD R-Design,158000,PLN,Benzyna,37534,2024,Automatyczna,NULL
BMW,BMW Seria 1 120i,23900,PLN,Benzyna,214000,2008,Automatyczna,NULL
Lamborghini,Lamborghini Huracan EVO,129000,EUR,Benzyna,45000,2020,Automatyczna,NULL
Opel,Opel Astra,42900,PLN,Benzyna,74000,2022,Manualna,NULL
Hyundai,Hyundai Getz 1.3 Style (abs),6500,PLN,Benzyna+LPG,283441,2004,Manualna,1.3
Denza,Denza D9,324700,PLN,Hybryda Plug-in,8659,2025,Automatyczna,NULL
Subaru,Subaru Outback,20900,PLN,Benzyna,233000,2004,Automatyczna,NULL
Jeep,Jeep Compass 2.0 MultiJet Active Drive Automatik Opening Edition,56900,PLN,Diesel,162000,2017,Automatyczna,2.0
Mercedes-Benz,Mercedes-Benz Klasa C 300 7G-TRONIC,69499,PLN,Benzyna,185972,2016,Automatyczna,NULL
Volkswagen,Volkswagen Golf 2.0 GTI,10900,PLN,Benzyna,239207,1997,Manualna,2.0
Volkswagen,Volkswagen Golf 1.4 TSI Highline,15500,PLN,Benzyna,258051,2012,Manualna,1.4
Toyota,Toyota C-HR 2.0 Hybrid Selection,85900,PLN,Hybryda,132203,2019,Automatyczna,2.0
Ford,Ford Mondeo,15500,PLN,Diesel,292840,2013,Manualna,NULL
Audi,Audi A6 Limousine 40 TDI mHEV Quattro S tronic,105000,PLN,Diesel,119200,2020,Automatyczna,NULL
Peugeot,Peugeot 301,12980,PLN,Benzyna,198000,2016,Manualna,NULL
Volkswagen,Volkswagen Golf 1.9 TDI Sportline,6980,PLN,Diesel,289000,2009,Manualna,1.9
Renault,Renault Scenic TCe 140 GPF BUSINESS EDITION,53500,PLN,Benzyna,93950,2019,Manualna,NULL
Honda,Honda Civic,6000,PLN,Benzyna,221,1997,Manualna,NULL
Toyota,Toyota Corolla Cross,139000,PLN,Hybryda,35055,2022,Automatyczna,NULL
Ford,Ford C-MAX,6400,PLN,Benzyna,240000,2005,Manualna,NULL
Mazda,Mazda CX-3,34900,PLN,Diesel,204564,2016,Manualna,NULL
Audi,Audi A6 Limousine 3.0 TDI Quattro Tiptronic,72900,PLN,Diesel,173700,2013,Automatyczna,3.0
BMW,BMW X4,205900,PLN,Benzyna,172170,2022,Automatyczna,NULL
Skoda,Skoda Superb,8000,PLN,Diesel,318933,2008,Manualna,NULL
Mercedes-Benz,Mercedes-Benz GLA,84000,PLN,Benzyna,66614,2019,Automatyczna,NULL
MINI,MINI Clubman,49500,PLN,Benzyna,165482,2016,Automatyczna,NULL
Opel,Opel Astra,19000,PLN,Diesel,226530,2012,Manualna,NULL
Peugeot,Peugeot 308,32999,PLN,Diesel,167016,2019,Manualna,NULL
Skoda,Skoda Octavia,59999,PLN,Benzyna,129725,2023,Manualna,NULL
Hyundai,Hyundai Tucson,92000,PLN,Benzyna,56884,2020,Automatyczna,NULL
Citroën,Citroën C4,65999,PLN,Benzyna,66723,2021,Automatyczna,NULL
BMW,BMW Seria 4,48000,PLN,Diesel,265238,2015,Automatyczna,NULL
Kia,Kia Ceed,38000,PLN,Benzyna+LPG,103946,2018,Manualna,NULL
Skoda,Skoda Superb 2.0 TSI 4x4 Sportline DSG,79999,PLN,Benzyna,186000,2019,Automatyczna,2.0
Ford,Ford Mondeo SW TDCi Bi-Turbo PowerShift-Aut Vignale,41000,PLN,Diesel,213000,2016,Automatyczna,NULL
Kia,Kia Ceed,59999,PLN,Benzyna,149834,2023,Manualna,NULL
Volkswagen,Volkswagen Tiguan,103999,PLN,Benzyna,87949,2022,Automatyczna,NULL
Skoda,Skoda Octavia 1.8 TSI Style DSG,48900,PLN,Benzyna,162000,2016,Automatyczna,1.8
Mercedes-Benz,Mercedes-Benz GLA AMG 45 4-Matic+,210000,PLN,Benzyna,22000,2024,Automatyczna,NULL
Mazda,Mazda CX-5,22500,PLN,Diesel,215000,2013,Manualna,NULL
Fiat,Fiat Grande Punto,9600,PLN,Benzyna,226000,2008,Manualna,NULL
Ford,Ford F150,42500,PLN,Benzyna,398000,2013,Automatyczna,NULL
Audi,Audi A3 Sportback 2.0 TDI clean diesel Quattro Ambition,57000,PLN,Diesel,252000,2013,Manualna,2.0
Audi,Audi A4 Avant,12000,PLN,Diesel,298000,2007,Manualna,NULL
Toyota,Toyota Yaris 1.33 Premium,13900,PLN,Benzyna,202000,2010,Manualna,1.3
RAM,RAM 1500 5.7 eTorque Crew Cab Longbed Laramie Chrome,159000,PLN,Hybryda,45000,2022,Automatyczna,5.7
Opel,Opel Astra 1.4 GL,4200,PLN,Benzyna,126000,1999,Manualna,1.4
Audi,Audi A4 Avant 2.0 TDI Quattro,32900,PLN,Diesel,255524,2014,Manualna,2.0
Mitsubishi,Mitsubishi Colt 1.3 Intense ASTC,14400,PLN,Benzyna,128400,2009,Automatyczna,1.3
BMW,BMW X5,30900,PLN,Diesel,375000,2009,Automatyczna,NULL
Seat,Seat Ateca,99900,PLN,Benzyna,117000,2019,Automatyczna,NULL
Opel,Opel Meriva 1.4 T Cosmo,17900,PLN,Benzyna,130100,2011,Manualna,1.4
Seat,Seat Leon 1.2 TSI Style,27300,PLN,Benzyna,188000,2017,Manualna,1.2
Opel,Opel Corsa 1.4 T Cosmo S&S,28900,PLN,Benzyna,129534,2018,Manualna,1.4
Toyota,Toyota Camry 2.5 Hybrid Prestige CVT,129800,PLN,Hybryda,58670,2023,Automatyczna,2.5
Hyundai,Hyundai Santa Fe,163500,PLN,Benzyna,11350,2024,Automatyczna,NULL
Mercedes-Benz,Mercedes-Benz ML,94900,PLN,Diesel,230000,2015,Automatyczna,NULL
Honda,Honda CR-V 1.6i-DTEC Elegance Plus (ADAS / Connect+) / (2WD),59900,PLN,Diesel,168555,2016,Manualna,1.6
Volkswagen,Volkswagen Caddy 2.0 (5-Si.) Conceptline,37900,PLN,Diesel,213480,2015,Manualna,2.0
Renault,Renault Clio 1.6 R.S.Trophy 220 EDC,64900,PLN,Benzyna,80825,2016,Automatyczna,1.6
Nissan,Nissan X-Trail 2.0 dCi 4x4 DPF SE,11900,PLN,Diesel,424727,2007,Manualna,2.0
Suzuki,Suzuki Vitara 1.6 (4x4) Allgrip Comfort+,49900,PLN,Benzyna,132970,2016,Manualna,1.6
Fiat,Fiat 500,21900,PLN,Benzyna,28000,2014,Manualna,NULL
Alfa Romeo,Alfa Romeo 159,12900,PLN,Diesel,258017,2009,Automatyczna,NULL
Ford,Ford Focus 2.0 EcoBlue STart-Stopp-System ST-LINE X,59900,PLN,Diesel,185000,2020,Manualna,2.0
Toyota,Toyota RAV4,116000,PLN,Benzyna,86390,2019,Automatyczna,NULL
Opel,Opel Zafira 1.4 Turbo (ecoFLEX) Start/Stop Edition,39999,PLN,Benzyna,120000,2017,Manualna,1.4
Opel,Opel Astra 1.2 Turbo Automatik Ultimate,53999,PLN,Benzyna,39000,2022,Automatyczna,1.2
Volkswagen,Volkswagen Passat,16000,PLN,Benzyna,142000,2009,Manualna,NULL
Mazda,Mazda CX-5 2.0 Skypassion 2WD,74999,PLN,Benzyna,169000,2019,Manualna,2.0
Fiat,Fiat 500,38600,PLN,Benzyna,121000,2015,Manualna,NULL
Toyota,Toyota Sienna,259899,PLN,Benzyna,10684,2024,Automatyczna,NULL
Opel,Opel Grandland X 1.6 Start/Stop Automatik Ultimate,78000,PLN,Benzyna,87000,2020,Automatyczna,1.6
Toyota,Toyota Sienna,189974,PLN,Benzyna,36824,2023,Automatyczna,NULL
Mercedes-Benz,Mercedes-Benz Klasa V 220 d 4-Matic 9G-Tronic,179986,PLN,Diesel,60000,2020,Automatyczna,NULL
Volvo,Volvo XC 60 D3 Momentum,85000,PLN,Diesel,142000,2018,Manualna,NULL
Citroën,Citroën Berlingo Multispace BlueHDi 100 FEEL,37000,PLN,Diesel,112677,2017,Manualna,NULL
Peugeot,Peugeot 5008,27900,PLN,Diesel,253000,2014,Automatyczna,NULL
Ford,Ford Focus 1.0 EcoBoost Titanium,54900,PLN,Benzyna,99875,2023,Manualna,1.0
Mercedes-Benz,Mercedes-Benz Klasa A AMG 35 4Matic AMG Speedshift DCT 7G Advanced-Plus,114900,PLN,Benzyna,99000,2020,Automatyczna,NULL
Seat,Seat Leon,12500,PLN,Benzyna,213,2011,Manualna,NULL
Kia,Kia Picanto,44000,PLN,Benzyna,23446,2022,Manualna,NULL
Dacia,Dacia Sandero 0.9 TCe SL Celebration,16500,PLN,Benzyna,30632,2017,Manualna,0.9
Peugeot,Peugeot 308 PureTech 130 GPF Stop & Start GT,37900,PLN,Benzyna,80011,2017,Manualna,NULL
Ford,Ford Kuga 1.5 EcoBoost 4x4 Business Edition,52900,PLN,Benzyna,98765,2017,Automatyczna,1.5
Opel,Opel Astra,3000,PLN,Benzyna,267500,2004,Manualna,NULL
Mercedes-Benz,Mercedes-Benz ML 320 CDI 4-Matic,37000,PLN,Diesel,259222,2007,Automatyczna,NULL
Volkswagen,Volkswagen Polo 1.0 TSI Trendline,27900,PLN,Benzyna,122000,2018,Manualna,1.0
Kia,Kia Venga 1.6 M,17500,PLN,Benzyna+LPG,128000,2010,Manualna,1.6
Citroën,Citroën C4,54000,PLN,Benzyna,93415,2021,Manualna,NULL
Honda,Honda CR-V,89900,PLN,Benzyna,82300,2020,Automatyczna,NULL
Hyundai,Hyundai i30 1.4 Classic +,45900,PLN,Benzyna,68854,2017,Manualna,1.4
Nissan,Nissan Note 1.2 DIG-S Acenta,15500,PLN,Benzyna,102853,2015,Manualna,1.2
BMW,BMW Seria 5 520d Efficient Dynamics Edition Sport Line,74300,PLN,Diesel,244152,2017,Automatyczna,NULL
Skoda,Skoda Octavia 1.6 TDI Ambiente,15000,PLN,Diesel,307479,2011,Manualna,1.6
Volvo,Volvo V40,31500,PLN,Diesel,271500,2014,Manualna,NULL
Toyota,Toyota Verso S 1.33 VVT-i Life,19700,PLN,Benzyna,170832,2011,Manualna,1.3
Toyota,Toyota Verso 1.6 Sol EU5,26300,PLN,Benzyna,200325,2011,Manualna,1.6
Opel,Opel Astra 1.2 T Elegance S&S,89999,PLN,Benzyna,3694,2024,Manualna,1.2
Fiat,Fiat 500 0.9 TwinAir Start&Stopp Lounge,19300,PLN,Benzyna,112000,2013,Manualna,0.9
Volkswagen,Volkswagen Scirocco 1.4 TSI,25900,PLN,Benzyna,257000,2010,Manualna,1.4
BMW,BMW Seria 3 318d mHEV,149999,PLN,Diesel,90235,2023,Automatyczna,NULL
Opel,Opel Corsa 1.3 CDTI,4000,PLN,Diesel,258000,2005,Manualna,1.3
Volkswagen,Volkswagen Passat,52900,PLN,Benzyna,161000,2021,Manualna,NULL
Citroën,Citroën SpaceTourer 2.0 BlueHDi XL Shine,91000,PLN,Diesel,105380,2018,Manualna,2.0
Peugeot,Peugeot 307 1.6,5500,PLN,Benzyna,319648,2003,Manualna,1.6
Toyota,Toyota RAV4 2.5 Plug-In Hybrid Selection 4x4,205000,PLN,Hybryda Plug-in,38434,2023,Automatyczna,2.5
Citroën,Citroën C4 Picasso,4400,PLN,Diesel,290000,2007,Manualna,NULL
Audi,Audi A3 Sportback 1.6 TDI DPF Ambition,16900,PLN,Diesel,360000,2010,Manualna,1.6
Ford,Ford Focus 1.0 EcoBoost STart-Stopp-System TREND,16700,PLN,Benzyna,199998,2013,Manualna,1.0
Mercedes-Benz,Mercedes-Benz GLC 220 d mHEV 4-Matic Avantgarde,239000,PLN,Diesel,38966,2025,Automatyczna,NULL
Mercedes-Benz,Mercedes-Benz GLC 200 d mHEV 4-Matic Avantgarde,211000,PLN,Diesel,48000,2025,Automatyczna,NULL
Mazda,Mazda 3 1.6 MZ-CD DPF Exlusive-Line,14999,PLN,Diesel,163000,2011,Manualna,1.6
Peugeot,Peugeot 308 1.2 PureTech Allure S&S EAT8,71900,PLN,Benzyna,21000,2023,Automatyczna,1.2
Ford,Ford Focus,27500,PLN,Benzyna,143000,2017,Manualna,NULL
Ford,Ford Kuga 2.0 TDCi 4WD Titanium,58999,PLN,Diesel,199000,2017,Manualna,2.0
Mercedes-Benz,Mercedes-Benz CLA 250 e 8G-DCT AMG Line,119700,PLN,Hybryda Plug-in,99600,2022,Automatyczna,NULL
Fiat,Fiat Tipo 1.4 16V Lounge,42900,PLN,Benzyna,28000,2020,Manualna,1.4
Opel,Opel Astra,12400,PLN,Benzyna+LPG,257000,2011,Manualna,NULL
Suzuki,Suzuki Ignis,14500,PLN,Benzyna,184232,2005,Manualna,NULL
Fiat,Fiat Grande Punto 1.4 8V 360,11700,PLN,Benzyna,114000,2008,Manualna,1.4
Renault,Renault Megane 1.3 TCe FAP Intens,48000,PLN,Benzyna,74668,2020,Manualna,1.3
Renault,Renault Megane 1.6 16V 100 Authentique,13900,PLN,Benzyna,179000,2012,Manualna,1.6
Hyundai,Hyundai i20 1.0 T-GDI Premium,49900,PLN,Benzyna,112000,2020,Manualna,1.0
Opel,Opel Corsa,27500,PLN,Benzyna,36700,2018,Manualna,NULL
Volkswagen,Volkswagen Passat 2.0 TDI SCR Comfortline,52000,PLN,Diesel,242100,2019,Manualna,2.0
Volkswagen,Volkswagen Golf 1.6 Comfortline,13599,PLN,Benzyna,260073,2006,Manualna,1.6
Kia,Kia Picanto,19999,PLN,Benzyna,87000,2015,Manualna,NULL
Seat,Seat Leon,33900,PLN,Diesel,158000,2018,Manualna,NULL
Jaguar,Jaguar XE 2.0 D R-Sport,43000,PLN,Diesel,231228,2015,Automatyczna,2.0
Skoda,Skoda Fabia 1.2 TSI Style,18900,PLN,Benzyna,124000,2012,Manualna,1.2
Ford,Ford Focus,3200,PLN,Benzyna,248346,2008,Manualna,NULL
Jeep,Jeep Compass 1.5 T4 mHEV Altitude Winter Edition FWD S&S DCT,92900,PLN,Benzyna,35000,2024,Automatyczna,1.5
Renault,Renault Megane 1.5 dCi Limited,21900,PLN,Diesel,208185,2015,Manualna,1.5
Volvo,Volvo V60 Cross Country T5 Geartronic Momentum,75000,PLN,Benzyna,78988,2017,Automatyczna,NULL
Honda,Honda Accord,7500,PLN,Benzyna+LPG,362000,2006,Manualna,NULL
Lexus,Lexus ES 300h Business Edition,189900,PLN,Hybryda,12000,2025,Automatyczna,NULL
Ford,Ford EcoSport 1.0 EcoBoost ST-Line ASS,57900,PLN,Benzyna,68000,2022,Manualna,1.0
Skoda,Skoda Fabia,2000,PLN,Benzyna,151893,2005,Manualna,NULL
Ford,Ford Focus 1.0 EcoBoost Titanium,29900,PLN,Benzyna,139000,2018,Manualna,1.0
Citroën,Citroën C3 1.1 Advance,4300,PLN,Benzyna,173591,2006,Manualna,1.1
Nissan,Nissan Qashqai 1.6 Tekna,26500,PLN,Benzyna+LPG,250000,2010,Manualna,1.6
Ford,Ford S-Max 2.0 TDCi DPF Titanium MPS6,20999,PLN,Diesel,223742,2010,Automatyczna,2.0
Audi,Audi A3 Sportback 2.0 TDI DPF quattro Ambition,13900,PLN,Diesel,279000,2007,Manualna,2.0
Mercedes-Benz,Mercedes-Benz SL 43 SPEEDSHIFT MCT 9G,375000,PLN,Benzyna,17500,2022,Automatyczna,NULL
Peugeot,Peugeot 308 120 VTi Active,10499,PLN,Benzyna+LPG,260000,2012,Manualna,NULL
Mazda,Mazda 3 2.0 mHEV Exclusive Line,74999,PLN,Benzyna,60000,2021,Automatyczna,2.0
Toyota,Toyota Corolla 1.6 VVT-i Sol,7200,PLN,Benzyna,183405,2003,Manualna,1.6
Peugeot,Peugeot 207,6900,PLN,Benzyna+LPG,280000,2007,Manualna,NULL
Volkswagen,Volkswagen Passat,5450,PLN,Diesel,375000,2006,Manualna,NULL
Citroën,Citroën C3 1.2 PureTech Shine S&S,54000,PLN,Benzyna,43000,2022,Manualna,1.2
BMW,BMW 5GT 535i xDrive,74900,PLN,Benzyna,223759,2013,Automatyczna,NULL
Volvo,Volvo XC 60,99999,PLN,Benzyna,108000,2018,Automatyczna,NULL
Volkswagen,Volkswagen Jetta 1.4 TSI Highline,10900,PLN,Benzyna,184000,2010,Manualna,1.4
Smart,Smart Fortwo & passion,9000,PLN,Benzyna,99000,2004,Automatyczna,NULL
Peugeot,Peugeot 407 2.0 HDI SV Executive EU4,7499,PLN,Diesel,351000,2007,Automatyczna,2.0
Volvo,Volvo XC 40 T5 Plug-In Hybrid R-Design,67650,PLN,Hybryda Plug-in,68400,2023,Automatyczna,NULL
Opel,Opel Astra 1.6 CDTI Elite,26900,PLN,Diesel,221000,2018,Manualna,1.6
Mercedes-Benz,Mercedes-Benz CLA 250 4-Matic Sport,36999,PLN,Benzyna,243000,2014,Automatyczna,NULL
Audi,Audi Q5 2.0 TDI Sport,83500,PLN,Diesel,218000,2018,Manualna,2.0
Lincoln,Lincoln MKZ,83000,PLN,Benzyna,165000,2016,Automatyczna,NULL
Toyota,Toyota RAV4 2.0 D-4D Prestige,50000,PLN,Diesel,177850,2015,Manualna,2.0
Abarth,Abarth 695C,114900,PLN,Benzyna,24365,2023,Automatyczna,NULL
Volkswagen,Volkswagen Touran 1.5 TSI EVO Trendline,44900,PLN,Benzyna,270000,2021,Manualna,1.5
Audi,Audi Q5 40 TDI mHEV Quattro S Line S tronic,255000,PLN,Diesel,5000,2025,Automatyczna,NULL
Jeep,Jeep Compass 1.4 TMair Limited FWD S&S,65900,PLN,Benzyna,59703,2018,Manualna,1.4
Renault,Renault Scenic 1.6 dCi Energy Bose Edition,19900,PLN,Diesel,225000,2015,Manualna,1.6
Hyundai,Hyundai Santa Fe 2.0 CRDi Platinum 4WD,65900,PLN,Diesel,306000,2019,Automatyczna,2.0
Nissan,Nissan Murano 3.5 V6,11500,PLN,Benzyna,170000,2008,Automatyczna,3.5
Mercedes-Benz,Mercedes-Benz Klasa A 180,39000,PLN,Benzyna,172000,2012,Manualna,NULL
Mazda,Mazda 3 1.6 16V Exclusive,13500,PLN,Benzyna,324600,2010,Manualna,1.6
Audi,Audi TT Roadster 1.8 T quattro,24000,PLN,Benzyna,240000,2002,Manualna,1.8
Ford,Ford Tourneo Courier 1.0 EcoBoost Titanium,35000,PLN,Benzyna,89320,2018,Manualna,1.0
BMW,BMW X3 1.8d,14999,PLN,Diesel,262700,2009,Manualna,1.8
Nissan,Nissan Qashqai 1.6 DIG-T Tekna,59900,PLN,Benzyna,113550,2018,Manualna,1.6
Skoda,Skoda Fabia,8900,PLN,Diesel,284815,2012,Manualna,NULL
BMW,BMW Seria 3 318d DPF Edition Lifestyle,12999,PLN,Diesel,182500,2011,Manualna,NULL
Porsche,Porsche Panamera 4S,199911,PLN,Benzyna,165000,2018,Automatyczna,NULL
Ford,Ford Transit Connect,75000,PLN,Diesel,45208,2023,Automatyczna,NULL
Alfa Romeo,Alfa Romeo 159 1.9JTDM Q-ti,30500,PLN,Diesel,201000,2008,Automatyczna,1.9
BMW,BMW Seria 3 330xd,17500,PLN,Diesel,357707,2006,Manualna,NULL
Citroën,Citroën C5 Aircross BlueHDI 180 S&S EAT8 SHINE PACK,79800,PLN,Diesel,60000,2019,Automatyczna,NULL
Seat,Seat Ibiza 1.0 TSI S&S Xcellence,18900,PLN,Benzyna,110000,2018,Manualna,1.0
Honda,Honda HR-V 1.5 Comfort,62000,PLN,Benzyna,89200,2019,Manualna,1.5
BMW,BMW X5,209000,PLN,Diesel,150000,2021,Automatyczna,NULL
Renault,Renault Kadjar 1.2 Energy TCe S-Edition,39800,PLN,Benzyna,154000,2016,Manualna,1.2
Fiat,Fiat Panda,12500,PLN,Benzyna,143478,2009,Manualna,NULL
Toyota,Toyota Corolla 1.6 VVT-i Base,6450,PLN,Benzyna,256154,2004,Manualna,1.6
Seat,Seat Leon 2.0 TSI Cupra Performance Black S&S DSG,92000,PLN,Benzyna,130000,2018,Automatyczna,2.0
Fiat,Fiat Panda,16800,PLN,Benzyna+LPG,151098,2015,Manualna,NULL
Audi,Audi A6 Limousine,19900,PLN,Benzyna,260000,2007,Automatyczna,NULL
Peugeot,Peugeot 206 1.6 HDI XS,4600,PLN,Diesel,269000,2004,Manualna,1.6
Toyota,Toyota Land Cruiser,350000,PLN,Diesel,27000,2024,Automatyczna,NULL
Opel,Opel Vectra 1.9 CDTI Cosmo ActiveSelect,12400,PLN,Diesel,195270,2008,Automatyczna,1.9
Citroën,Citroën C5 Aircross 1.2 mHEV Max eDCT6,147500,PLN,Benzyna,2,2026,Automatyczna,1.2
Peugeot,Peugeot 2008 PureTech mHEV GT Exclusive e-DCS6,133800,PLN,Benzyna,1,2026,Automatyczna,NULL
BMW,BMW Seria 5,24500,PLN,Diesel,294000,2010,Automatyczna,NULL
Volkswagen,Volkswagen California,189895,PLN,Diesel,149885,2019,Automatyczna,NULL
Land Rover,Land Rover Discovery,46999,PLN,Diesel,165000,2008,Automatyczna,NULL
Peugeot,Peugeot 408 1.2 PureTech mHEV GT Exclusive S&S e-DSC6,136900,PLN,Benzyna,2,2026,Automatyczna,1.2
Peugeot,Peugeot 408 1.2 PureTech mHEV GT Exclusive S&S e-DSC6,139500,PLN,Benzyna,3,2026,Automatyczna,1.2
Opel,Opel Crossland X,32000,PLN,Benzyna,88416,2018,Manualna,NULL
Hyundai,Hyundai i30 1.4 Classic +,46900,PLN,Benzyna,70500,2019,Manualna,1.4
Volkswagen,Volkswagen Golf 1.6 Comfortline,1800,PLN,Benzyna+LPG,319188,2000,Manualna,1.6
Peugeot,Peugeot 3008 BlueHDi 130 Stop & Start EAT8 Active Business-Paket,69700,PLN,Diesel,158050,2022,Automatyczna,NULL
Opel,Opel Astra 1.7 CDTI,16500,PLN,Diesel,313500,2010,Manualna,1.7
Fiat,Fiat Panda 1.2 Classic Eco,11900,PLN,Benzyna,109000,2012,Manualna,1.2
MINI,MINI ONE,14000,PLN,Benzyna,230000,2012,Manualna,NULL
BMW,BMW Seria 5 520d M Sport,84900,PLN,Diesel,149900,2017,Automatyczna,NULL
Skoda,Skoda Fabia 1.2 HTP Ambition,17900,PLN,Benzyna,154374,2013,Manualna,1.2
Audi,Audi SQ8,522750,PLN,Benzyna,19600,2025,Automatyczna,NULL
BMW,BMW Seria 1 114i Sport Line,25500,PLN,Benzyna,115873,2013,Manualna,NULL
MINI,MINI Cooper,8800,PLN,Benzyna,170000,2004,Manualna,NULL
BMW,BMW 3GT 330d Luxury Line,54900,PLN,Diesel,279000,2015,Automatyczna,NULL
Citroën,Citroën C5 Aircross 1.2 mHEV Max eDCT6,138500,PLN,Benzyna,3,2026,Automatyczna,1.2
Land Rover,Land Rover Range Rover Evoque 2.0 P200 mHEV R-Dynamic,115000,PLN,Benzyna,62000,2019,Automatyczna,2.0
Nissan,Nissan Juke 1.2 DIG-T 360,35900,PLN,Benzyna,140821,2015,Manualna,1.2
Ford,Ford Focus,19900,PLN,Diesel,78000,2023,Automatyczna,NULL
Ford,Ford Focus 2.0 Trend,2500,PLN,Benzyna+LPG,332919,2005,Manualna,2.0
Opel,Opel Meriva 1.4 T Enjoy,22000,PLN,Benzyna,157700,2014,Manualna,1.4
Skoda,Skoda RAPID,19900,PLN,Benzyna,215000,2014,Manualna,NULL
Seat,Seat Ibiza,16900,PLN,Diesel,239000,2016,Manualna,NULL
Fiat,Fiat Doblo Standard,19900,PLN,Benzyna,170000,2011,Manualna,NULL
Porsche,Porsche Macan,464999,PLN,Elektryczny,10,2026,Automatyczna,NULL
Toyota,Toyota Highlander 2.5 Hybrid Executive,174900,PLN,Hybryda,160000,2021,Automatyczna,2.5
Audi,Audi A4 Avant 2.0 TDI Quattro,41900,PLN,Diesel,293000,2014,Manualna,2.0
Chevrolet,Chevrolet Captiva 2.0 4WD 5 Sitzer Automatik LT,13100,PLN,Diesel,244000,2008,Automatyczna,2.0
Audi,Audi A5 Coupé 2.7 TDI DPF multitronic,23000,PLN,Diesel,302108,2009,Automatyczna,2.7
Volkswagen,Volkswagen Fox 1.2 Refresh,9900,PLN,Benzyna,145000,2010,Manualna,1.2
Kia,Kia Sportage 1.7 CRDI L 2WD,49000,PLN,Diesel,222235,2016,Manualna,1.7
Chevrolet,Chevrolet Malibu,30500,PLN,Benzyna,209000,2017,Automatyczna,NULL
Mazda,Mazda CX-9,74990,PLN,Benzyna+LPG,160000,2016,Automatyczna,NULL
Skoda,Skoda Octavia 2.0 TSI Sportline 4x4 DSG,162000,PLN,Benzyna,24200,2025,Automatyczna,2.0
Toyota,Toyota Yaris,15900,PLN,Benzyna,188000,2007,Manualna,NULL
Volvo,Volvo V60 T6 AWD R-Design,68900,PLN,Benzyna,67000,2017,Automatyczna,NULL
Ford,Ford Mustang,195900,PLN,Benzyna,59720,2024,Automatyczna,NULL
Toyota,Toyota Yaris 1.5,12900,PLN,Benzyna+LPG,224600,2007,Manualna,1.5
Kia,Kia Picanto,15500,PLN,Benzyna,207428,2013,Manualna,NULL
Renault,Renault Megane,16900,PLN,Benzyna,193000,2011,Manualna,NULL
Land Rover,Land Rover Freelander,9900,PLN,Diesel,313000,2010,Manualna,NULL
Opel,Opel Corsa,17400,PLN,Benzyna,146000,2015,Manualna,NULL
Toyota,Toyota Aygo x-play Edition-S,24900,PLN,Benzyna,132000,2014,Manualna,NULL
SsangYong/KGM,SsangYong/KGM Rexton,12500,PLN,Diesel,242500,2007,Automatyczna,NULL
Jeep,Jeep Grand Cherokee 3.0 CRD Limited,99900,PLN,Diesel,75958,2018,Automatyczna,3.0
Ford,Ford Tourneo Custom,127900,PLN,Diesel,124000,2019,Automatyczna,NULL
Ford,Ford S-Max 2.0 EcoBlue Vignale,46900,PLN,Diesel,204000,2018,Automatyczna,2.0
Peugeot,Peugeot 407,3600,PLN,Diesel,360000,2006,Manualna,NULL
Mercedes-Benz,Mercedes-Benz Klasa S,999900,PLN,Hybryda Plug-in,20779,2024,Automatyczna,NULL
Suzuki,Suzuki Swift,18999,PLN,Benzyna,197000,2013,Manualna,NULL
Lexus,Lexus RX,289900,PLN,Hybryda,51750,2023,Automatyczna,NULL
Renault,Renault Megane 1.6 16V Expression,16900,PLN,Benzyna,156000,2012,Manualna,1.6
Mercedes-Benz,Mercedes-Benz Klasa E 220 d 4-Matic AMG,139999,PLN,Diesel,168000,2023,Automatyczna,NULL
Toyota,Toyota Prius,137000,PLN,Hybryda,32450,2024,Automatyczna,NULL
Ford,Ford Mondeo 2.0 TDCi STart-Stopp Titanium,36500,PLN,Diesel,219946,2017,Manualna,2.0
Audi,Audi Q7,349900,PLN,Diesel,1,2026,Automatyczna,NULL
Seat,Seat Ateca,97900,PLN,Benzyna,47500,2024,Automatyczna,NULL
Hyundai,Hyundai Kona 1.0 T-GDI Select,42900,PLN,Benzyna,124500,2018,Manualna,1.0
Seat,Seat Arona,71500,PLN,Benzyna,77200,2022,Manualna,NULL
Seat,Seat Arona,68500,PLN,Benzyna,105900,2022,Manualna,NULL
Toyota,Toyota RAV4 2.5 Hybrid Executive 4x4,125000,PLN,Hybryda,81000,2020,Automatyczna,2.5
Land Rover,Land Rover Range Rover Evoque,46000,PLN,Diesel,143503,2016,Manualna,NULL
Toyota,Toyota Yaris 1.0 Active EU6,29300,PLN,Benzyna,199000,2017,Manualna,1.0
Toyota,Toyota Verso,15999,PLN,Benzyna,250000,2010,Manualna,NULL
Volkswagen,Volkswagen CC,53000,PLN,Benzyna,80446,2016,Automatyczna,NULL
Aston Martin,Aston Martin V8 Vantage,425000,PLN,Benzyna,17000,2021,Automatyczna,NULL
Skoda,Skoda Fabia 1.5 TSI Drive DSG,94400,PLN,Benzyna,1,2026,Automatyczna,1.5
Toyota,Toyota Land Cruiser,115000,PLN,Diesel,294000,2008,Automatyczna,NULL
Opel,Opel Astra 1.4 Turbo,26700,PLN,Benzyna,170000,2012,Manualna,1.4
Opel,Opel Grandland X 1.5 CDTI Enjoy S&S,46900,PLN,Diesel,171016,2018,Manualna,1.5
Kia,Kia Asia Rocsta,15499,PLN,Benzyna+LPG,117384,1996,Manualna,NULL
Audi,Audi A4 Avant,7380,PLN,Diesel,302654,2001,Manualna,NULL
Citroën,Citroën C3,55499,PLN,Benzyna,58485,2024,Automatyczna,NULL
Ford,Ford Focus 2.0 TDCi Edition,19999,PLN,Diesel,175474,2012,Manualna,2.0
Audi,Audi A3 Sportback,99000,PLN,Benzyna,26021,2023,Automatyczna,NULL
BMW,BMW Seria 7 750Li xDrive sport,229000,PLN,Benzyna,87700,2021,Automatyczna,NULL
BMW,BMW Seria 3,23900,PLN,Diesel,211000,2010,Manualna,NULL
Fiat,Fiat Panda 1.1 Fresh,8800,PLN,Benzyna+LPG,204900,2009,Manualna,1.1
Volvo,Volvo V60 D2 Drive-E Dynamic Edition (Kinetic),33000,PLN,Diesel,248000,2017,Manualna,NULL
BMW,BMW X3 xDrive30i Luxury Line,159000,PLN,Benzyna,89069,2022,Automatyczna,NULL
Suzuki,Suzuki Grand Vitara 1.9 DDiS Comfort + DPF Family,15400,PLN,Diesel,227230,2010,Manualna,1.9
Volvo,Volvo XC 60 B4 D AWD Geartronic Momentum Pro,125000,PLN,Diesel,132688,2023,Automatyczna,NULL
Honda,Honda Civic,12900,PLN,Benzyna+LPG,245000,2006,Manualna,NULL
Land Rover,Land Rover Range Rover Velar 3.0 P400 mHEV Belgravia Edition,338000,PLN,Benzyna,1,2026,Automatyczna,3.0
Volkswagen,Volkswagen Transporter L2 DSG,63000,PLN,Diesel,338900,2018,Automatyczna,NULL
Audi,Audi A5 Sportback 45 TFSI quattro S tronic S line,155900,PLN,Benzyna,13100,2024,Automatyczna,NULL
Dodge,Dodge Journey,39900,PLN,Benzyna,159465,2016,Automatyczna,NULL
Volkswagen,Volkswagen Golf,36500,PLN,Benzyna,170300,2013,Manualna,NULL
BMW,BMW Seria 5 520d,41200,PLN,Diesel,314000,2011,Automatyczna,NULL
Audi,Audi Q3,69000,PLN,Benzyna,130838,2019,Automatyczna,NULL
Jaguar,Jaguar F-Pace 20d R-Sport,29800,PLN,Diesel,149321,2018,Automatyczna,NULL
Fiat,Fiat Freemont 2.0 Multijet Lounge AWD,35000,PLN,Diesel,160000,2015,Automatyczna,2.0
Skoda,Skoda RAPID 1.2 TSI Ambition,29800,PLN,Benzyna,108000,2016,Manualna,1.2
Ford,Ford Fiesta 1.25 Trend EU5,17000,PLN,Benzyna,135421,2010,Manualna,1.2
Mitsubishi,Mitsubishi L200 2.5 DID DC Intense,67650,PLN,Diesel,291640,2011,Manualna,2.5
Peugeot,Peugeot 3008 1.6 PureTech Hybrid PHEV Allure Pack S&S EAT8,78800,PLN,Hybryda Plug-in,135000,2023,Automatyczna,1.6
Peugeot,Peugeot 308 BlueHDi 130 Allure Pack,62800,PLN,Diesel,126000,2023,Manualna,NULL
SsangYong/KGM,SsangYong/KGM Korando 2.0 e-XDi Quartz,22600,PLN,Diesel,151937,2013,Automatyczna,2.0
Kia,Kia Sportage 1.6 CRDI L Business Line 2WD,56800,PLN,Diesel,125000,2020,Manualna,1.6
BMW,BMW Seria 3,16800,PLN,Diesel,212900,2002,Automatyczna,NULL
Peugeot,Peugeot 308 1.2 PureTech GPF Active Pack S&S,56800,PLN,Benzyna,134000,2023,Manualna,1.2
Peugeot,Peugeot 408 1.2 PureTech Allure Pack S&S EAT8,78800,PLN,Benzyna,89000,2023,Automatyczna,1.2
Peugeot,Peugeot 3008 1.2 PureTech Allure Pack S&S,66800,PLN,Benzyna,92000,2023,Manualna,1.2
Peugeot,Peugeot 3008 1.2 PureTech Active Pack S&S,67800,PLN,Benzyna,99000,2023,Manualna,1.2
Mazda,Mazda CX-30 SKYACTIV-D 1.8 SELECTION,75800,PLN,Diesel,106000,2021,Manualna,1.8
Citroën,Citroën C5 Aircross 1.6 PHEV Feel Pack EAT8,79800,PLN,Hybryda Plug-in,106000,2024,Automatyczna,1.6
Peugeot,Peugeot 3008 225 e-EAT8 Allure Pack,87800,PLN,Hybryda Plug-in,62000,2023,Automatyczna,NULL
Jeep,Jeep Compass,59800,PLN,Benzyna,77000,2018,Manualna,NULL
Citroën,Citroën Berlingo XL 1.5 BlueHDI Feel S&S,55800,PLN,Diesel,143000,2021,Manualna,1.5
Citroën,Citroën C5 Aircross 1.6 PHEV 225 Max EAT8,69800,PLN,Hybryda Plug-in,124000,2022,Automatyczna,1.6
Peugeot,Peugeot 3008 1.6 PureTech Hybrid PHEV Allure Pack S&S EAT8,80800,PLN,Hybryda Plug-in,83000,2022,Automatyczna,1.6
Fiat,Fiat Tipo 1.5 GSE Cross,66800,PLN,Hybryda,97000,2023,Automatyczna,1.5
Kia,Kia Ceed,14700,PLN,Benzyna,185500,2010,Manualna,NULL
Kia,Kia Sportage 1.6 T-GDI AWD Paket GT-Line,125900,PLN,Hybryda Plug-in,29000,2022,Automatyczna,1.6
Mazda,Mazda MX-30,69900,PLN,Elektryczny,23270,2023,Automatyczna,NULL
Ford,Ford Fiesta 1.0 EcoBoost Gold X,17000,PLN,Benzyna,136000,2014,Manualna,1.0
Fiat,Fiat 500,22900,PLN,Benzyna,92000,2015,Manualna,NULL
Opel,Opel Corsa,10900,PLN,Benzyna,191000,2012,Manualna,NULL
BMW,BMW X1 xDrive20d Advantage,51800,PLN,Diesel,218000,2017,Manualna,NULL
BMW,BMW Seria 1,8500,PLN,Benzyna,221000,2007,Manualna,NULL
Mercedes-Benz,Mercedes-Benz CLA 200 Progressive 7G-DCT,147900,PLN,Benzyna,56500,2022,Automatyczna,NULL
Chevrolet,Chevrolet Cruze 2.0 VDCi LT,8500,PLN,Diesel,290000,2009,Manualna,2.0
Mercedes-Benz,Mercedes-Benz Klasa V 250 (BlueTEC) d 7G-Tronic (d³ugi),120417,PLN,Diesel,311000,2017,Automatyczna,NULL
Hyundai,Hyundai i40 1.7 CRDi Premium,22800,PLN,Diesel,280000,2012,Automatyczna,1.7
Porsche,Porsche Macan Standard,108000,PLN,Benzyna,213000,2016,Automatyczna,NULL
Audi,Audi A5 Coupé 1.8 TFSI,39500,PLN,Benzyna,161000,2012,Manualna,1.8
Volkswagen,Volkswagen Tiguan 2.0 TSI 4Mot R DSG,139500,PLN,Benzyna,84737,2022,Automatyczna,2.0
Mazda,Mazda 2 1.5 Sport,7000,PLN,Benzyna,207377,2009,Manualna,1.5
Ford,Ford S-Max 2.0 EcoBlue Vignale,61000,PLN,Diesel,230000,2018,Automatyczna,2.0
Ford,Ford Focus 1.6 Silver X,9900,PLN,Benzyna+LPG,217000,2009,Manualna,1.6
Opel,Opel Insignia 2.0 CDTI EcoFLEX Cosmo,14000,PLN,Diesel,213000,2011,Manualna,2.0
Opel,Opel Insignia 2.0 CDTI Ultimate S&S,77500,PLN,Diesel,114000,2022,Automatyczna,2.0
Volvo,Volvo XC 90 T6 AWD R-Design,134000,PLN,Benzyna,135800,2017,Automatyczna,NULL
MINI,MINI Cooper S,35000,PLN,Benzyna,106400,2017,Automatyczna,NULL
BMW,BMW Seria 5,51000,PLN,Benzyna,278000,2011,Automatyczna,NULL
Opel,Opel Crossland X,29900,PLN,Benzyna,74910,2022,Automatyczna,NULL
Opel,Opel Corsa 1.4 Easytronic ecoFLEX Start/Stop Active,26900,PLN,Benzyna,168900,2017,Automatyczna,1.4
Nissan,Nissan Qashqai 1.5 e-POWER N-Connecta,103000,PLN,Hybryda,61480,2023,Automatyczna,1.5
Opel,Opel Vivaro,174501,PLN,Diesel,1,2026,Manualna,NULL
Opel,Opel Meriva,9900,PLN,Benzyna,290000,2012,Manualna,NULL
Honda,Honda HR-V 1.5 Elegance (ADAS) CVT,69999,PLN,Benzyna,127355,2019,Automatyczna,1.5
Land Rover,Land Rover Range Rover Sport,89999,PLN,Diesel,191340,2017,Automatyczna,NULL
Audi,Audi Q3 2.0 TDI Quattro,68500,PLN,Diesel,147000,2015,Manualna,2.0
Toyota,Toyota Proace Verso 2.0 D4-D Long VIP,159000,PLN,Diesel,94800,2022,Automatyczna,2.0
Hyundai,Hyundai Tucson blue 1.6 GDi 2WD Navi,54600,PLN,Benzyna,109000,2017,Manualna,1.6
Opel,Opel Zafira,15000,PLN,Diesel,260000,2012,Automatyczna,NULL
Porsche,Porsche Macan PDK,105900,PLN,Benzyna,145300,2018,Automatyczna,NULL
Ford,Ford Focus ver-1-6-trend-eu5,9500,PLN,Benzyna,262000,2010,Manualna,NULL
BMW,BMW X6 xDrive40d,72000,PLN,Diesel,132476,2012,Automatyczna,NULL
DS Automobiles,DS Automobiles DS 7 Crossback 1.5 BlueHDi So Chic,74800,PLN,Diesel,152000,2022,Automatyczna,1.5
Honda,Honda Civic 2.0 i-MMD eHEV Advance CVT,161400,PLN,Hybryda,8,2026,Automatyczna,2.0
Mazda,Mazda 3 2.0 mHEV Exclusive Line,104000,PLN,Benzyna,60000,2024,Manualna,2.0
Kia,Kia Venga 1.4 CRDi M,14500,PLN,Diesel,154000,2010,Manualna,1.4
Volkswagen,Volkswagen Golf 1.9 TDI Tour,9999,PLN,Diesel,156000,2008,Manualna,1.9
Opel,Opel Mokka 1.6 ecoFLEX Start/Stop Selection,35500,PLN,Benzyna,140000,2012,Manualna,1.6
Toyota,Toyota Avensis,32900,PLN,Diesel,165000,2015,Manualna,NULL
Fiat,Fiat Scudo,40000,PLN,Diesel,243364,2015,Manualna,NULL
Volkswagen,Volkswagen Golf,39900,PLN,Elektryczny,117512,2015,Automatyczna,NULL
Porsche,Porsche Boxster,220000,PLN,Benzyna,69000,2013,Automatyczna,NULL
Seat,Seat Ateca 1.6 TDI ECOMOTIVE Style S&S,56999,PLN,Diesel,162221,2016,Manualna,1.6
Ford,Ford Kuga 2.0 TDCi 2x4 Titanium,53900,PLN,Diesel,191000,2017,Manualna,2.0
Opel,Opel Mokka 1.2 T Edition S&S,59999,PLN,Benzyna,115384,2022,Manualna,1.2
Lexus,Lexus NX,78500,PLN,Hybryda,185580,2014,Automatyczna,NULL
Hyundai,Hyundai i30,60999,PLN,Benzyna,94704,2023,Manualna,NULL
Lexus,Lexus NX,107000,PLN,Benzyna,165723,2019,Automatyczna,NULL
Kia,Kia Stonic,54000,PLN,Benzyna,84620,2020,Manualna,NULL
Toyota,Toyota Corolla 1.33 Active,39900,PLN,Benzyna,50000,2014,Manualna,1.3
Suzuki,Suzuki SX4 1.6 GS / Premium 4WD,17700,PLN,Benzyna,140000,2007,Manualna,1.6
Volkswagen,Volkswagen Tiguan 2.0 TDI BMT SCR 4Mot Highline DSG,89900,PLN,Diesel,153000,2017,Automatyczna,2.0
Volkswagen,Volkswagen Golf 2.0 TDI Style,57700,PLN,Diesel,187000,2023,Manualna,2.0
Opel,Opel Vivaro,22000,PLN,Diesel,346722,2011,Manualna,NULL
Opel,Opel Mokka,59000,PLN,Benzyna,41000,2021,Manualna,NULL
Opel,Opel Insignia 1.6 CDTI Cosmo,19000,PLN,Diesel,199055,2015,Automatyczna,1.6
DS Automobiles,DS Automobiles DS 7 Crossback 1.6 E-Tense Rivoli,86800,PLN,Hybryda Plug-in,137000,2022,Automatyczna,1.6
Chevrolet,Chevrolet Cruze 1.7 D LT+ Premium,18900,PLN,Diesel,207000,2012,Manualna,1.7
Kia,Kia ProCeed,107900,PLN,Benzyna,19460,2024,Automatyczna,NULL
Fiat,Fiat Stilo 1.9 JTD Dynamic Alaska,2990,PLN,Diesel,249000,2006,Manualna,1.9
Citroën,Citroën C4 1.6 VTi Impress,6990,PLN,Benzyna,209000,2010,Manualna,1.6
Volkswagen,Volkswagen Passat,67670,PLN,Diesel,172300,2019,Automatyczna,NULL
Opel,Opel Corsa 1.4 16V Cosmo,11500,PLN,Benzyna,222300,2010,Manualna,1.4
MINI,MINI Countryman,85998,PLN,Benzyna,93213,2022,Automatyczna,NULL
Dacia,Dacia Duster,21000,PLN,Benzyna,195004,2014,Manualna,NULL
Mercedes-Benz,Mercedes-Benz GLC 300 e PHEV 4-Matic AMG Line,299900,PLN,Hybryda Plug-in,15521,2025,Automatyczna,NULL
Honda,Honda CR-V 2.0 i-MMD HEV Elegance AWD CVT,204900,PLN,Hybryda,8,2026,Automatyczna,2.0
Hyundai,Hyundai i20 1.25 Classic,18500,PLN,Benzyna,155500,2013,Manualna,1.2
Hyundai,Hyundai i30 1.6 CRDi BlueDrive Classic,26500,PLN,Diesel,213000,2016,Manualna,1.6
Opel,Opel Astra 1.4 ecoFLEX,24000,PLN,Benzyna,108000,2013,Manualna,1.4
DS Automobiles,DS Automobiles DS 5,35900,PLN,Diesel,197000,2015,Automatyczna,NULL
Hyundai,Hyundai i30 1.4 Classic,11000,PLN,Benzyna,197140,2010,Manualna,1.4
Toyota,Toyota Auris 1.8 HSD Luna,29000,PLN,Hybryda,450000,2018,Automatyczna,1.8
Ford,Ford F150,32500,PLN,Benzyna,285000,2013,Automatyczna,NULL
Porsche,Porsche 911 Carrera S,899800,PLN,Benzyna,6333,2025,Automatyczna,NULL
Volvo,Volvo V50 2.4,13500,PLN,Benzyna,328600,2004,Manualna,2.4
Opel,Opel Zafira 1.8 Active,17900,PLN,Benzyna,202000,2013,Manualna,1.8
BMW,BMW Seria 3 316d MHEV Advantage,105900,PLN,Diesel,18500,2024,Automatyczna,NULL
Toyota,Toyota Prius 1.8 HSD Premium,15900,PLN,Hybryda,341200,2012,Automatyczna,1.8
BMW,BMW X5 xDrive40d mHEV sport,261000,PLN,Diesel,115000,2021,Automatyczna,NULL
Land Rover,Land Rover Range Rover Sport S 3.0TD V6 HSE,44900,PLN,Diesel,200000,2011,Automatyczna,3.0
Audi,Audi S5 Coupé S tronic,88000,PLN,Benzyna,116000,2015,Automatyczna,NULL
Opel,Opel Zafira,6700,PLN,Benzyna+LPG,327800,2007,Manualna,NULL
Ford,Ford EcoSport,24900,PLN,Benzyna,113000,2014,Manualna,NULL
Volkswagen,Volkswagen Polo,18500,PLN,Diesel,170000,2016,Manualna,NULL
Mercedes-Benz,Mercedes-Benz GLE 250 d 4-Matic,92900,PLN,Diesel,181500,2017,Automatyczna,NULL
Renault,Renault Arkana,72999,PLN,Hybryda,98000,2023,Automatyczna,NULL
Honda,Honda CR-V 2.0 Lifestyle,95000,PLN,Benzyna,57421,2015,Manualna,2.0
Renault,Renault Scenic 1.6 dCi Energy Limited EU6,29400,PLN,Diesel,197000,2016,Manualna,1.6
Fiat,Fiat Tipo 1.4 16v Lounge,31700,PLN,Benzyna+LPG,157000,2017,Manualna,1.4
Acura,Acura MDX,39000,PLN,Benzyna,147427,2009,Automatyczna,NULL
BMW,BMW 3GT 318d Sport Line,41700,PLN,Diesel,269879,2014,Automatyczna,NULL
Mazda,Mazda 6 Sport 2.0 Dynamic,16900,PLN,Benzyna,232680,2009,Manualna,2.0
Skoda,Skoda RAPID Spb 1.4 TDI DPF Ambition DSG,24900,PLN,Diesel,202768,2016,Automatyczna,1.4
Seat,Seat Ibiza,5400,PLN,Benzyna,262000,2005,Manualna,NULL
Audi,Audi S5 Coupé 3.0 TFSI Quattro Tiptronic,99700,PLN,Benzyna,135787,2018,Automatyczna,3.0
Nissan,Nissan X-Trail 1.6 DIG-T Tekna 2WD,59900,PLN,Benzyna,142000,2017,Manualna,1.6
Kia,Kia Ceed 1.6 GDI ISG Spirit,34900,PLN,Benzyna,199000,2016,Manualna,1.6
Hyundai,Hyundai i30 1.6 GDI Premium,33900,PLN,Benzyna,175000,2013,Manualna,1.6
Ford,Ford Mondeo 2.0 TDCi Titanium,36000,PLN,Diesel,302400,2015,Manualna,2.0
Seat,Seat Toledo 1.2 TSI Entry,29900,PLN,Benzyna,146798,2016,Manualna,1.2
Land Rover,Land Rover Discovery,32000,PLN,Diesel,203291,2015,Automatyczna,NULL
Volvo,Volvo XC 90,92500,PLN,Diesel,202000,2016,Automatyczna,NULL
Suzuki,Suzuki Vitara 1.4 Boosterjet S,48900,PLN,Benzyna,152000,2017,Manualna,1.4
Volkswagen,Volkswagen Golf 1.6 TDI BMT Comfortline,39000,PLN,Diesel,1320,2018,Manualna,1.6
Skoda,Skoda Superb,26500,PLN,Benzyna,220000,2012,Manualna,NULL
Fiat,Fiat Doblo,17220,PLN,Diesel,166000,2017,Manualna,NULL
Opel,Opel Insignia 2.0 CDTI ecoFLEXStart/Stop Innovation,24900,PLN,Diesel,199000,2014,Manualna,2.0
Volkswagen,Volkswagen Golf 2.0 TDI BMT Comfortline EU6,29000,PLN,Diesel,320000,2015,Manualna,2.0
Opel,Opel Insignia 2.0 CDTI Business Edition S&S,59900,PLN,Diesel,155000,2022,Automatyczna,2.0
Peugeot,Peugeot 307 1.6,5500,PLN,Benzyna,155000,2007,Manualna,1.6
BMW,BMW X7 xDrive40d mHEV sport,556900,PLN,Diesel,7,2026,Automatyczna,NULL
Volkswagen,Volkswagen Passat,184900,PLN,Diesel,28047,2024,Automatyczna,NULL
Mercedes-Benz,Mercedes-Benz Klasa A 220 4Matic 7G-DCT AMG Line,78900,PLN,Benzyna,78600,2018,Automatyczna,NULL
BMW,BMW X5 xDrive25d,79900,PLN,Diesel,220415,2014,Automatyczna,NULL
Skoda,Skoda Superb,70000,PLN,Benzyna,181599,2016,Automatyczna,NULL
Skoda,Skoda Fabia,38000,PLN,Benzyna,157563,2020,Manualna,NULL
Opel,Opel Insignia 2.0 CDTI,8000,PLN,Diesel,400000,2009,Manualna,2.0
Audi,Audi A4 Avant 1.9 TDI,2700,PLN,Diesel,356023,1999,Manualna,1.9
Renault,Renault Clio 1.5 dCi Intens,22400,PLN,Diesel,190000,2017,Manualna,1.5
Opel,Opel Astra 1.7 CDTI,8900,PLN,Diesel,225625,2010,Manualna,1.7
Opel,Opel Corsa 1.6 Turbo GSi,9500,PLN,Benzyna,211000,2008,Manualna,1.6
Nissan,Nissan Qashqai 1.6 DCi Xtronic N-Connecta,42700,PLN,Diesel,146000,2014,Automatyczna,1.6
Peugeot,Peugeot 2008,26900,PLN,Benzyna,96000,2013,Manualna,NULL
Kia,Kia Stonic 1.2 L Business Line,59900,PLN,Benzyna,3300,2023,Manualna,1.2
Opel,Opel Crossland X,46601,PLN,Benzyna,95000,2021,Automatyczna,NULL
Kia,Kia Sportage,39900,PLN,Benzyna,137000,2014,Manualna,NULL
Mercedes-Benz,Mercedes-Benz Klasa E 500 4-Matic Avantgarde,44800,PLN,Benzyna,230503,2011,Automatyczna,NULL
Kia,Kia Ceed 1.4 T-GDI OPF Spirit,52900,PLN,Benzyna,109896,2019,Manualna,1.4
Opel,Opel Zafira,9900,PLN,Diesel,220000,2010,Manualna,NULL
Nissan,Nissan Qashqai 1.6 dCi Xtronic TEKNA+,49999,PLN,Diesel,169000,2017,Automatyczna,1.6
Skoda,Skoda Octavia,34500,PLN,Diesel,198000,2015,Manualna,NULL
Hyundai,Hyundai i10 1.1 Classic +,6300,PLN,Benzyna,147000,2011,Manualna,1.1
Opel,Opel Mokka 1.6 CDTI ecoFLEX Start/Stop Color Innovation,33999,PLN,Diesel,160000,2016,Manualna,1.6
Hyundai,Hyundai Tucson blue 1.6 GDi 2WD Navi,53999,PLN,Benzyna,169999,2015,Manualna,1.6
Skoda,Skoda Fabia 1.0 Ambition,34900,PLN,Benzyna+LPG,133000,2020,Manualna,1.0
Opel,Opel Mokka 1.4 Turbo ecoFLEX Start/Stop Color Innovation,49999,PLN,Benzyna,156000,2017,Manualna,1.4
Suzuki,Suzuki Swift 1.2 Dualjet Hybrid CVT Comfort,51900,PLN,Benzyna,50000,2020,Automatyczna,1.2
Honda,Honda Civic 1.8 Comfort,18500,PLN,Benzyna+LPG,245589,2010,Manualna,1.8
Skoda,Skoda Octavia 2.0 TDI DPF Team Edition,14900,PLN,Diesel,332719,2012,Manualna,2.0
Ford,Ford Fiesta 1.6 TDCi Trend,11900,PLN,Diesel,222540,2010,Manualna,1.6
Audi,Audi A4 Limousine 2.0 TFSI Quattro Sport S tronic,103999,PLN,Benzyna,120300,2020,Automatyczna,2.0
Seat,Seat Ateca 1.5 Eco TSI Xcellence S&S,59999,PLN,Benzyna,179900,2019,Manualna,1.5
Volvo,Volvo XC 40 D4 AWD R-Design,107010,PLN,Diesel,113231,2018,Automatyczna,NULL
Peugeot,Peugeot 2008,31999,PLN,Benzyna,136610,2018,Manualna,NULL
Opel,Opel Mokka 1.4 T Enjoy S&S 4x4,32990,PLN,Benzyna,161000,2013,Manualna,1.4
Renault,Renault Clio,4999,PLN,Benzyna,170000,2006,Manualna,NULL
Volkswagen,Volkswagen Golf 2.0 TSI OPF DSG GTI Clubsport,139990,PLN,Benzyna,43000,2023,Automatyczna,2.0
Nissan,Nissan Juke 1.6 Shiro CVT,29800,PLN,Benzyna,241000,2012,Automatyczna,1.6
Opel,Opel Astra 1.6 Active,11500,PLN,Benzyna,220000,2011,Manualna,1.6
Hyundai,Hyundai ix20 1.4 blue YES Gold,29600,PLN,Benzyna,189000,2015,Manualna,1.4
Nissan,Nissan Qashqai,43000,PLN,Benzyna,64580,2015,Automatyczna,NULL
Skoda,Skoda Octavia,77998,PLN,Diesel,120836,2023,Automatyczna,NULL
Toyota,Toyota Corolla,49500,PLN,Benzyna,73413,2019,Manualna,NULL
Mercedes-Benz,Mercedes-Benz Klasa C,24000,PLN,Benzyna,251101,2008,Manualna,NULL
Volkswagen,Volkswagen Golf Variant,79998,PLN,Benzyna,85485,2023,Automatyczna,NULL
Volkswagen,Volkswagen Passat Variant,74999,PLN,Diesel,162079,2023,Automatyczna,NULL
Honda,Honda HR-V,92998,PLN,Hybryda,60067,2022,Automatyczna,NULL
Ford,Ford Transit Kombi L2H2 Trend,32500,PLN,Diesel,304240,2013,Manualna,NULL
Skoda,Skoda Octavia,107999,PLN,Benzyna,46199,2025,Automatyczna,NULL
Hyundai,Hyundai Tucson,63000,PLN,Benzyna,51714,2017,Manualna,NULL
Volkswagen,Volkswagen Passat Variant,69499,PLN,Diesel,158245,2022,Automatyczna,NULL
Kia,Kia ProCeed,90000,PLN,Benzyna,126140,2023,Automatyczna,NULL
Volkswagen,Volkswagen Golf,69999,PLN,Benzyna,137929,2023,Automatyczna,NULL
Nissan,Nissan Patrol,39800,PLN,Diesel,240588,2004,Manualna,NULL
BMW,BMW Seria 1 120d,6800,PLN,Diesel,200000,2008,Manualna,NULL
Dacia,Dacia Sandero 1.0 SCe Open,29900,PLN,Benzyna,62000,2019,Manualna,1.0
Audi,Audi A4 Avant 2.0 TDI Design,24800,PLN,Diesel,239428,2018,Manualna,2.0
Toyota,Toyota Corolla,67999,PLN,Benzyna,96040,2022,Automatyczna,NULL
Mazda,Mazda CX-5 2.2 D Skypassion,22500,PLN,Diesel,176826,2015,Automatyczna,2.2
Volvo,Volvo V40 D3 Drive-E R-Design Kinetic,74900,PLN,Diesel,46670,2019,Manualna,NULL
Toyota,Toyota Prius Hybrid Comfort,45000,PLN,Hybryda,379075,2017,Automatyczna,NULL
Opel,Opel Mokka 1.4 T Cosmo S&S,45900,PLN,Benzyna,98000,2015,Manualna,1.4
Infiniti,Infiniti Q30 1.6t DCT Premium,60000,PLN,Benzyna,44500,2017,Automatyczna,1.6
BMW,BMW Seria 3,79000,PLN,Hybryda Plug-in,196000,2022,Automatyczna,NULL
Renault,Renault Clio 1.5 dCi Dynamique,5800,PLN,Diesel,135700,2005,Manualna,1.5
Fiat,Fiat Freemont 2.0 Multijet 16V DPF,23500,PLN,Diesel,211000,2011,Manualna,2.0
Opel,Opel Mokka X 1.4 (ecoFLEX) ECOTEC Start/Stop Color Innovation,44800,PLN,Benzyna,188000,2018,Manualna,1.4
Toyota,Toyota Aygo Cool,10400,PLN,Benzyna,89000,2008,Manualna,NULL
Volkswagen,Volkswagen Arteon Shooting Brake,189900,PLN,Benzyna,22363,2024,Automatyczna,NULL
Seat,Seat Leon,43500,PLN,Benzyna,171600,2014,Manualna,NULL
Peugeot,Peugeot 508 HDi FAP 160 Allure,17000,PLN,Diesel,245000,2011,Manualna,NULL
Audi,Audi A5 Sportback 35 TDI S tronic design,92000,PLN,Diesel,74500,2018,Automatyczna,NULL
Renault,Renault Laguna 2.0 DCi Privilege,7200,PLN,Diesel,279966,2007,Manualna,2.0
Opel,Opel Astra 1.6 CDTI Sport,19000,PLN,Diesel,305740,2015,Manualna,1.6
Ford,Ford Galaxy 2.0 TDCi Platinium X,24500,PLN,Diesel,207000,2009,Manualna,2.0
Ford,Ford Mondeo,55400,PLN,Diesel,199500,2020,Automatyczna,NULL
Peugeot,Peugeot 308 1.6 Premium,9900,PLN,Benzyna,232800,2011,Manualna,1.6
Ford,Ford Focus 1.0 EcoBoost Trend ASS,18900,PLN,Benzyna,114270,2014,Manualna,1.0
Ford,Ford EcoSport 1.0 EcoBoost TITANIUM,52500,PLN,Benzyna,23800,2022,Manualna,1.0
Renault,Renault Captur 1.0 TCe Intens,39900,PLN,Benzyna,91741,2019,Manualna,1.0
Microcar,Microcar M.GO,34900,PLN,Diesel,23891,2023,Automatyczna,NULL
BMW,BMW X5,79000,PLN,Benzyna,93435,2015,Automatyczna,NULL
Jeep,Jeep Compass 2.0 CRD Limited,18800,PLN,Diesel,196900,2008,Manualna,2.0
Alfa Romeo,Alfa Romeo Stelvio V6 2.9 Bi-Turbo AT8-Q4 Quadrifoglio,159999,PLN,Benzyna,120000,2018,Automatyczna,2.9
Kia,Kia Optima 1.7 CRDI XL DCT,50000,PLN,Diesel,188588,2016,Automatyczna,1.7
Nissan,Nissan Note,21900,PLN,Diesel,184000,2015,Manualna,NULL
BMW,BMW X5 M Competition,525000,PLN,Benzyna,20000,2023,Automatyczna,NULL
Mercedes-Benz,Mercedes-Benz GLA 180 7G-DCT Urban,55000,PLN,Benzyna,189000,2015,Automatyczna,NULL
Toyota,Toyota Corolla Verso 1.8 Prestige,15499,PLN,Benzyna,187200,2005,Manualna,1.8
Peugeot,Peugeot 2008 1.2 Pure Tech Crossway S&S,24999,PLN,Benzyna,135480,2015,Manualna,1.2
Opel,Opel Zafira Tourer 1.4 Turbo ecoFLEX Start/Stop Innovation,41100,PLN,Benzyna,84640,2016,Manualna,1.4
Toyota,Toyota GR86,108000,PLN,Benzyna,62530,2022,Automatyczna,NULL
Nissan,Nissan Juke 1.2 DIG-T Dynamic Edition EU6,33600,PLN,Benzyna,87000,2017,Manualna,1.2
Seat,Seat Ibiza 1.2 TSI FR,27900,PLN,Benzyna,139000,2015,Manualna,1.2
BMW,BMW Seria 1,10500,PLN,Diesel,260000,2009,Manualna,NULL
Volkswagen,Volkswagen Passat 1.4 TSI ACT (BlueMotion Technology) Comfortline,49999,PLN,Benzyna,132625,2014,Manualna,1.4
Lexus,Lexus IS 300h Prestige,114900,PLN,Hybryda,64000,2019,Automatyczna,NULL
Porsche,Porsche 718 Cayman GPF GTS PDK,296000,PLN,Benzyna,65000,2019,Automatyczna,NULL
Volkswagen,Volkswagen Golf 1.9 TDI Tour Edition,12900,PLN,Diesel,258164,2007,Manualna,1.9
BMW,BMW X5,360456,PLN,Benzyna,29671,2025,Automatyczna,NULL
Opel,Opel Insignia 1.5 Direct InjectionTurbo Business Innovation,52890,PLN,Benzyna,148000,2019,Manualna,1.5
Mercedes-Benz,Mercedes-Benz GLA 200 d AMG Line,69900,PLN,Diesel,135922,2018,Manualna,NULL
Renault,Renault Captur ENERGY dCi 90 Start&Stop Expression,28900,PLN,Diesel,138000,2015,Manualna,NULL
Hyundai,Hyundai Tucson 1.6 GDi Style 2WD,63999,PLN,Benzyna,138263,2019,Manualna,1.6
Seat,Seat Leon,39000,PLN,Diesel,242156,2013,Manualna,NULL
Nissan,Nissan Tiida,9900,PLN,Benzyna,123200,2008,Manualna,NULL
Skoda,Skoda Octavia 1.6 TDI Ambiente,14900,PLN,Diesel,218700,2011,Manualna,1.6
Citroën,Citroën C3,44900,PLN,Benzyna,60000,2021,Automatyczna,NULL
Nissan,Nissan Qashqai 1.6 Tekna,15900,PLN,Benzyna,280820,2007,Manualna,1.6
Skoda,Skoda Fabia 1.2 TSI Style,37800,PLN,Benzyna,53000,2017,Manualna,1.2
Ford,Ford Transit,29500,PLN,Benzyna,13000,1967,Manualna,NULL
Citroën,Citroën C5 2.2 HDi Exclusive,43500,PLN,Diesel,131000,2015,Automatyczna,2.2
Seat,Seat Leon,29500,PLN,Diesel,220000,2017,Manualna,NULL
Peugeot,Peugeot iOn,23900,PLN,Elektryczny,63000,2016,Automatyczna,NULL
Mazda,Mazda MX-5 1.6i 16V,20200,PLN,Benzyna,161000,1999,Manualna,1.6
Toyota,Toyota Sienna,119000,PLN,Benzyna,39070,2020,Automatyczna,NULL
MINI,MINI Cooper 50 Camden,12800,PLN,Benzyna,199000,2007,Manualna,NULL
Volkswagen,Volkswagen Multivan 2.0 TDI L1 Trendline 4Motion DSG,104895,PLN,Diesel,190000,2017,Automatyczna,2.0
Mazda,Mazda 6,4999,PLN,Benzyna,276368,2006,Manualna,NULL
Volkswagen,Volkswagen Caddy,52900,PLN,Diesel,135443,2016,Automatyczna,NULL
Mitsubishi,Mitsubishi Outlander 2.2 DID Instyle NAVI EU5,25900,PLN,Diesel,334500,2011,Manualna,2.2
Opel,Opel Astra,30899,PLN,Diesel,231000,2016,Manualna,NULL
Opel,Opel Vivaro L2H1,18900,PLN,Diesel,300000,2003,Manualna,NULL
Renault,Renault Trafic,69900,PLN,Diesel,169000,2018,Manualna,NULL
Peugeot,Peugeot Partner,52900,PLN,Diesel,252000,2018,Automatyczna,NULL
Opel,Opel Mokka 1.6 CDTI ecoFLEX Start/Stop 4x4 Innovation,32900,PLN,Diesel,175000,2015,Manualna,1.6
Ford,Ford Kuga 2.0 TDCi 4x4 Titanium,51900,PLN,Diesel,184000,2017,Manualna,2.0
Renault,Renault Captur 1.3 TCe mHEV Intens EDC,64900,PLN,Benzyna,120000,2021,Automatyczna,1.3
Ford,Ford C-MAX,18900,PLN,Benzyna,132000,2013,Manualna,NULL
Opel,Opel Combo,45900,PLN,Diesel,172000,2018,Manualna,NULL
DS Automobiles,DS Automobiles DS 4,44500,PLN,Diesel,116000,2017,Automatyczna,NULL
Opel,Opel Mokka,38900,PLN,Benzyna,109000,2014,Manualna,NULL
Skoda,Skoda Fabia 1.2 TSI Active,27200,PLN,Benzyna,113000,2015,Manualna,1.2
Volkswagen,Volkswagen Caddy 2.0 (7-Si.) DSG Maxi Comfortline,87900,PLN,Diesel,99380,2020,Automatyczna,2.0
Seat,Seat Leon 1.5 TSI ACT OPF FR,48900,PLN,Benzyna,119434,2020,Manualna,1.5
Porsche,Porsche 928,81000,PLN,Benzyna,150000,1983,Automatyczna,NULL
Renault,Renault Scenic,23500,PLN,Diesel,183645,2015,Manualna,NULL
Peugeot,Peugeot 2008 1.2 PureTech Allure S&S,31999,PLN,Benzyna,115494,2018,Manualna,1.2
Renault,Renault Clio ver-1-0-sce-life,51900,PLN,Benzyna,25000,2024,Manualna,NULL
BMW,BMW Seria 3 320d xDrive M Sport sport,179800,PLN,Diesel,150000,2025,Automatyczna,NULL
Seat,Seat Ibiza 1.0 Eco TSI S&S CONNECT,27900,PLN,Benzyna,101872,2016,Manualna,1.0
Renault,Renault Scenic,24900,PLN,Benzyna,198281,2016,Manualna,NULL
Nissan,Nissan Micra 1.2 Plus,3999,PLN,Benzyna,236200,2004,Manualna,1.2
Renault,Renault Megane,32900,PLN,Benzyna,118577,2018,Manualna,NULL
BMW,BMW Seria 1 116i Edition M Sport Shadow,36990,PLN,Benzyna,216000,2016,Manualna,NULL
Renault,Renault Clio,35000,PLN,Diesel,120000,2020,Manualna,NULL
Mercedes-Benz,Mercedes-Benz Klasa E 300 9G-TRONIC,110000,PLN,Benzyna,172010,2019,Automatyczna,NULL
Volkswagen,Volkswagen Golf 1.4 TSI BMT Highline,58000,PLN,Benzyna,76400,2017,Manualna,1.4
Honda,Honda e Advance,82999,PLN,Elektryczny,34690,2022,Automatyczna,NULL
Hyundai,Hyundai i30 1.4 T-GDI N-Line,59000,PLN,Benzyna,157147,2019,Manualna,1.4
BMW,BMW Seria 2,44900,PLN,Hybryda Plug-in,119435,2017,Automatyczna,NULL
Citroën,Citroën C3 Picasso 1.6i Exclusive,9000,PLN,Benzyna,215407,2010,Manualna,1.6
Toyota,Toyota Aygo 1.0 VVT-i JBL Edition,36200,PLN,Benzyna,25000,2019,Manualna,1.0
Opel,Opel Insignia 2.0 CDTI,25000,PLN,Diesel,128000,2013,Automatyczna,2.0
Ford,Ford Focus,22900,PLN,Diesel,169756,2014,Automatyczna,NULL
Chevrolet,Chevrolet Aveo 1.6 LTZ,14900,PLN,Benzyna,123185,2012,Manualna,1.6
Seat,Seat Leon,53900,PLN,Benzyna,239765,2020,Automatyczna,NULL
Opel,Opel Crossland X 1.2 T 120 Lat S&S,32990,PLN,Benzyna,139999,2018,Manualna,1.2
Volkswagen,Volkswagen Touareg,169990,PLN,Benzyna,29992,2020,Automatyczna,NULL
Peugeot,Peugeot Partner 1.6 Mistral,15999,PLN,Benzyna,211000,2008,Manualna,1.6
Dodge,Dodge Challenger 6.4 Scat Pack,230000,PLN,Benzyna,12500,2023,Automatyczna,6.4
Audi,Audi A6 Avant,9000,PLN,Diesel,375371,2007,Automatyczna,NULL
Kia,Kia Picanto 1.2 ISG Dream-Team Edition,33900,PLN,Benzyna,70761,2017,Manualna,1.2
Volkswagen,Volkswagen Tiguan,28900,PLN,Diesel,33200,2024,Automatyczna,NULL
Nissan,Nissan Qashqai,39999,PLN,Benzyna,110000,2016,Manualna,NULL
Renault,Renault Megane 1.6 TCe GT EDC,42900,PLN,Benzyna,179000,2017,Automatyczna,1.6
Renault,Renault Modus 1.2 Pack Expression,5200,PLN,Benzyna,186000,2004,Manualna,1.2
Kia,Kia Sportage 1.6 T-GDI MHEV GT Line 2WD DCT,119999,PLN,Benzyna,49169,2024,Automatyczna,1.6
Mazda,Mazda CX-5 2.2 D Skypassion AWD,59000,PLN,Diesel,232000,2017,Manualna,2.2
Nissan,Nissan Juke 1.5 dCi Acenta,23900,PLN,Diesel,190876,2014,Manualna,1.5
Fiat,Fiat Sedici,17900,PLN,Benzyna,200000,2011,Manualna,NULL
Renault,Renault Clio TCe 90 Limited,20500,PLN,Benzyna,188000,2012,Manualna,NULL
Hyundai,Hyundai i30 1.4 Style,29500,PLN,Benzyna,122000,2014,Manualna,1.4
Opel,Opel Mokka 1.4 Turbo ecoFLEX Start/Stop 4x4 Color Innovation,43800,PLN,Benzyna,139000,2016,Manualna,1.4
Fiat,Fiat Qubo,18500,PLN,Diesel,147000,2014,Manualna,NULL
Ford,Ford Fiesta 1.4 Titanium EU5,16490,PLN,Benzyna,171000,2011,Manualna,1.4
Fiat,Fiat Ducato L2,19999,PLN,Diesel,320000,2009,Manualna,NULL
Ford,Ford Kuga 2.0 TDCi AWD ST-Line,63900,PLN,Diesel,144444,2017,Automatyczna,2.0
Renault,Renault Clio,10999,PLN,Diesel,246000,2009,Manualna,NULL
Toyota,Toyota Corolla 1.8 Hybrid Executive,92000,PLN,Hybryda,75000,2021,Automatyczna,1.8
Kia,Kia XCeed 1.5 T-GDI L,85900,PLN,Benzyna,54000,2023,Manualna,1.5
Opel,Opel Astra 1.4 T Enjoy,19900,PLN,Benzyna,196168,2013,Manualna,1.4
Mazda,Mazda CX-3 1.5 D Skypassion i-ELoop AWD,44900,PLN,Diesel,141919,2016,Manualna,1.5
Infiniti,Infiniti QX30,57500,PLN,Benzyna,130783,2017,Automatyczna,NULL
Fiat,Fiat Ducato L2,21999,PLN,Diesel,163000,2009,Manualna,NULL
Hyundai,Hyundai Tucson 1.6 Turbo 4WD DCT Premium,64800,PLN,Benzyna,151000,2017,Automatyczna,1.6
Mercedes-Benz,Mercedes-Benz GLA 45 AMG 4-Matic,89500,PLN,Benzyna,163210,2015,Automatyczna,NULL
Jeep,Jeep Renegade 1.4 MultiAir Limited FWD S&S,46000,PLN,Benzyna,151940,2015,Manualna,1.4
Audi,Audi A4 Avant,13500,PLN,Diesel,261000,2007,Manualna,NULL
Kia,Kia ProCeed 1.5 T-GDI GT Line DCT,95000,PLN,Benzyna,40100,2022,Automatyczna,1.5
Renault,Renault Clio 1.5 dCi Alize,4999,PLN,Diesel,235000,2006,Manualna,1.5
Audi,Audi Q8 60 TFSI e PHEV Quattro Tiptronic,353408,PLN,Hybryda Plug-in,56353,2024,Automatyczna,NULL
Opel,Opel Astra,9999,PLN,Diesel,198000,2009,Manualna,NULL
Skoda,Skoda Octavia,43900,PLN,Diesel,182818,2016,Manualna,NULL
Kia,Kia Ceed 1.0 T-GDI S,42000,PLN,Benzyna,80325,2020,Manualna,1.0
Ford,Ford Focus 1.5 EcoBoost Start-Stopp-System Sport,30400,PLN,Benzyna,134300,2015,Manualna,1.5
BMW,BMW Seria 4 420d xDrive,85000,PLN,Diesel,145000,2017,Automatyczna,NULL
Chevrolet,Chevrolet Epica 2.0 LT,11999,PLN,Benzyna,212000,2009,Manualna,2.0
BMW,BMW X3 xDrive20i M Sport Edition,112900,PLN,Benzyna,100973,2019,Automatyczna,NULL
Opel,Opel Combo,5700,PLN,Benzyna,219000,2003,Manualna,NULL
Renault,Renault Clio 1.0 TCe Zen,45800,PLN,Benzyna+LPG,76000,2020,Manualna,1.0
Ford,Ford S-Max 2.0 TDCi Titanium,62900,PLN,Diesel,153433,2018,Automatyczna,2.0
Skoda,Skoda Superb 2.0 TDI Style DSG,59900,PLN,Diesel,177000,2016,Automatyczna,2.0
Jeep,Jeep Compass 2.0 MJD Trailhawk 4WD S&S,62999,PLN,Diesel,157196,2018,Automatyczna,2.0
BMW,BMW Seria 3,27000,PLN,Diesel,257000,2009,Automatyczna,NULL
Honda,Honda CR-V 1.5 Executive (Honda Connect+),105900,PLN,Benzyna,120000,2020,Manualna,1.5
Audi,Audi A3 Sportback 2.0 TDI Ambiente,45000,PLN,Diesel,304000,2013,Manualna,2.0
Volkswagen,Volkswagen Passat 1.8 TSI Highline,29999,PLN,Benzyna,186000,2011,Manualna,1.8
Audi,Audi A4 Limousine,59000,PLN,Benzyna,106564,2015,Automatyczna,NULL
Opel,Opel Corsa,9000,PLN,Benzyna,249893,2011,Manualna,NULL
Kia,Kia Ceed 1.5 T-GDI M,59600,PLN,Benzyna,124000,2022,Manualna,1.5
Audi,Audi A4 Limousine,8500,PLN,Benzyna,166000,2005,Manualna,NULL
Toyota,Toyota Corolla,29900,PLN,Benzyna,115000,2022,Manualna,NULL
Opel,Opel Astra 1.6 Enjoy,9600,PLN,Benzyna,232462,2008,Manualna,1.6
Jeep,Jeep Compass,68999,PLN,Benzyna,174000,2021,Automatyczna,NULL
Porsche,Porsche Macan GTS PDK,114900,PLN,Benzyna,156000,2016,Automatyczna,NULL
Hyundai,Hyundai Tucson blue 1.6 CRDi 4WD DCT Premium,64900,PLN,Diesel,156761,2019,Automatyczna,1.6
Chrysler,Chrysler Crossfire Black Line,27500,PLN,Benzyna,148000,2006,Manualna,NULL
Volvo,Volvo V60 D3 Momentum,21800,PLN,Diesel,247000,2011,Manualna,NULL
Ford,Ford Kuga,21500,PLN,Diesel,328219,2011,Manualna,NULL
Audi,Audi A4 Avant 2.0 TDI Quattro S tronic,54900,PLN,Diesel,166232,2014,Automatyczna,2.0
Renault,Renault Megane 1.6 16V 110 TomTom Edition,22999,PLN,Benzyna,135000,2013,Manualna,1.6
Opel,Opel Crossland 1.2 Automatik Business Elegance,58900,PLN,Benzyna,23000,2024,Automatyczna,1.2
Opel,Opel Zafira 1.4 Turbo (ecoFLEX) Start/Stop Innovation,29999,PLN,Benzyna,191000,2016,Manualna,1.4
Opel,Opel Astra 1.4 T Sport S&S,23999,PLN,Benzyna,148000,2014,Manualna,1.4
Lexus,Lexus UX 250h F Sport 2WD,128900,PLN,Hybryda,18921,2023,Automatyczna,NULL
Suzuki,Suzuki Vitara,69500,PLN,Benzyna,60599,2021,Manualna,NULL
Fiat,Fiat 500 1.2 Mirror Dualogic,23900,PLN,Benzyna,102729,2017,Automatyczna,1.2
Toyota,Toyota Aygo,29900,PLN,Benzyna,36612,2015,Manualna,NULL
Mitsubishi,Mitsubishi i-MiEV,9999,PLN,Elektryczny,40000,2012,Automatyczna,NULL
Volkswagen,Volkswagen Tiguan,42999,PLN,Benzyna,217999,2014,Automatyczna,NULL
Audi,Audi Q3 2.0 TDI Quattro Sport S tronic,79900,PLN,Diesel,76700,2018,Automatyczna,2.0
Ford,Ford Fiesta 1.4 Titanium,10900,PLN,Benzyna,213000,2009,Manualna,1.4
Seat,Seat Ateca 1.5 TSI FR S&S DSG,99900,PLN,Benzyna,30165,2023,Automatyczna,1.5
Citroën,Citroën DS3 1.6 THP Racing,21999,PLN,Benzyna,214000,2011,Manualna,1.6
Volvo,Volvo XC 60 B5 B Geartronic Momentum Pro,99900,PLN,Benzyna,68980,2025,Automatyczna,NULL
Seat,Seat Leon 2.0 TDI DPF Reference,18900,PLN,Diesel,236000,2010,Manualna,2.0
Toyota,Toyota Yaris 1.0 Active,45600,PLN,Benzyna,49500,2020,Manualna,1.0
Volkswagen,Volkswagen Polo 1.2 TDI MATCH,17900,PLN,Diesel,182000,2012,Manualna,1.2
Audi,Audi A4 Avant,11500,PLN,Diesel,286402,2007,Manualna,NULL
Audi,Audi A3 Limousine,52900,PLN,Benzyna,120000,2015,Automatyczna,NULL
Nissan,Nissan Qashqai,77900,PLN,Benzyna,103690,2021,Automatyczna,NULL
Mitsubishi,Mitsubishi ASX 1.8 DI-D 2WD Edition,33500,PLN,Diesel,135000,2014,Manualna,1.8
Seat,Seat Tarraco,92900,PLN,Benzyna,77663,2022,Manualna,NULL
Seat,Seat Ibiza,67900,PLN,Benzyna,40800,2024,Manualna,NULL
Audi,Audi Q5 2.0 TDI Quattro S tronic sport,84000,PLN,Diesel,165840,2017,Automatyczna,2.0
Audi,Audi A6 Avant,6300,PLN,Diesel,35500,2005,Manualna,NULL
Seat,Seat Arona,74300,PLN,Benzyna,62800,2022,Manualna,NULL
Peugeot,Peugeot 2008,85900,PLN,Benzyna,30370,2024,Automatyczna,NULL
Nissan,Nissan Qashqai,38900,PLN,Diesel,151500,2014,Manualna,NULL
Nissan,Nissan Qashqai,71300,PLN,Benzyna,64300,2019,Automatyczna,NULL
Opel,Opel Astra,33900,PLN,Diesel,194600,2019,Manualna,NULL
Nissan,Nissan Townstar,76900,PLN,Benzyna,96000,2023,Manualna,NULL
Mazda,Mazda 3,79900,PLN,Benzyna,82500,2022,Manualna,NULL
Kia,Kia Venga,38900,PLN,Benzyna,77000,2016,Manualna,NULL
Kia,Kia Stonic,60500,PLN,Benzyna,74400,2023,Manualna,NULL
Citroën,Citroën C1 1.2 Pure Tech Airscape Shine,24900,PLN,Benzyna,99999,2016,Manualna,1.2
Fiat,Fiat Fiorino,14999,PLN,Diesel,135500,2008,Manualna,NULL
Kia,Kia Sportage,119900,PLN,Benzyna,67500,2023,Automatyczna,NULL
Honda,Honda HR-V,82900,PLN,Benzyna,119300,2019,Automatyczna,NULL
Ford,Ford Fiesta,22900,PLN,Benzyna,87570,2015,Manualna,NULL
Mercedes-Benz,Mercedes-Benz CLA,116900,PLN,Diesel,111840,2023,Automatyczna,NULL
Audi,Audi A3 Sportback,85900,PLN,Benzyna,103300,2023,Automatyczna,NULL
Volvo,Volvo XC 40,123900,PLN,Benzyna,69100,2022,Automatyczna,NULL
Volkswagen,Volkswagen Taigo,92900,PLN,Benzyna,10000,2024,Automatyczna,NULL
Skoda,Skoda Superb,162900,PLN,Diesel,49000,2024,Automatyczna,NULL
Porsche,Porsche Cayenne,608714,PLN,Benzyna,10,2025,Automatyczna,NULL
Seat,Seat Leon SC 2.0 TDI Style S&S EU6,23900,PLN,Diesel,246718,2015,Manualna,2.0
Volkswagen,Volkswagen Arteon Shooting Brake,131900,PLN,Diesel,125400,2022,Automatyczna,NULL
Seat,Seat Tarraco,124900,PLN,Diesel,120379,2022,Automatyczna,NULL
Volkswagen,Volkswagen Amarok,164900,PLN,Diesel,23100,2024,Manualna,NULL
SsangYong/KGM,SsangYong/KGM Torres,104900,PLN,Benzyna+LPG,69000,2023,Automatyczna,NULL
Cupra,Cupra Leon Sportstourer,170900,PLN,Benzyna,18250,2024,Automatyczna,NULL
Cupra,Cupra Formentor,96900,PLN,Benzyna,74700,2022,Manualna,NULL
Cupra,Cupra Ateca,112900,PLN,Benzyna,63300,2023,Automatyczna,NULL
Omoda,Omoda E5,109900,PLN,Elektryczny,8400,2024,Automatyczna,NULL
Mercedes-Benz,Mercedes-Benz GLA,132900,PLN,Benzyna,61000,2022,Automatyczna,NULL
Skoda,Skoda Superb,114900,PLN,Benzyna,19700,2024,Automatyczna,NULL
Cupra,Cupra Leon Sportstourer,112900,PLN,Benzyna,55000,2022,Automatyczna,NULL
Cupra,Cupra Leon Sportstourer,144900,PLN,Benzyna,71600,2022,Automatyczna,NULL
Chery,Chery Tiggo 8,145900,PLN,Hybryda Plug-in,14658,2025,Automatyczna,NULL
BMW,BMW Seria 4,162900,PLN,Benzyna,102400,2022,Automatyczna,NULL
BMW,BMW X5 M,179900,PLN,Diesel,158900,2019,Automatyczna,NULL
BMW,BMW Seria 3,93900,PLN,Diesel,79000,2021,Automatyczna,NULL
Skoda,Skoda Superb,129000,PLN,Diesel,80000,2022,Automatyczna,NULL
BAIC,BAIC 7,123900,PLN,Benzyna,33600,2024,Automatyczna,NULL
Hyundai,Hyundai Tucson,108900,PLN,Hybryda,77600,2021,Automatyczna,NULL
Ford,Ford Escape 2.0 EcoBoost AWD Titanium,51500,PLN,Benzyna,117,2019,Automatyczna,2.0
Audi,Audi A3 Sportback,103900,PLN,Benzyna,17700,2023,Automatyczna,NULL
Ford,Ford Fiesta,6500,PLN,Diesel,290000,2009,Manualna,NULL
Opel,Opel Antara,22900,PLN,Diesel,136,2009,Manualna,NULL
Chevrolet,Chevrolet Orlando,22900,PLN,Benzyna,236000,2011,Manualna,NULL
Hyundai,Hyundai i20,31900,PLN,Benzyna,120000,2016,Manualna,NULL
Ford,Ford Focus,12500,PLN,Benzyna+LPG,118000,2016,Automatyczna,NULL
Volkswagen,Volkswagen Passat,89900,PLN,Diesel,114205,2020,Automatyczna,NULL
Audi,Audi A3 Sportback 1.4 TFSI CoD ultra Ambition,22900,PLN,Benzyna,81600,2015,Manualna,1.4
Audi,Audi A3 Limousine,75000,PLN,Benzyna,81000,2019,Automatyczna,NULL
Subaru,Subaru Impreza,69900,PLN,Benzyna,175000,2004,Manualna,NULL
Renault,Renault Megane 1.5 dCi Confort Expression,11900,PLN,Diesel,290771,2010,Manualna,1.5
Ford,Ford Focus C-Max 1.8 Ghia,6500,PLN,Benzyna,214843,2006,Manualna,1.8
Seat,Seat Ateca 2.0 TDI 4Drive DSG XCELLENCE,59900,PLN,Diesel,193000,2016,Automatyczna,2.0
Volkswagen,Volkswagen Polo 1.4 Comfortline,21990,PLN,Benzyna,189000,2010,Manualna,1.4
BMW,BMW Seria 3 318i,95000,PLN,Benzyna,78300,2018,Automatyczna,NULL
Nissan,Nissan Qashqai 1.3 DIG-T MHEV N-Connecta,85900,PLN,Benzyna,79000,2023,Manualna,1.3
Mercedes-Benz,Mercedes-Benz Klasa C 200 mHEV 4-Matic AMG,149900,PLN,Benzyna,65000,2022,Automatyczna,NULL
BMW,BMW X3 xDrive30i M Sport sport,123900,PLN,Benzyna,83200,2021,Automatyczna,NULL
Ford,Ford EcoSport 1.0 EcoBoost TREND,39900,PLN,Benzyna,72800,2018,Automatyczna,1.0
Ford,Ford Focus,9500,PLN,Benzyna+LPG,228500,2009,Manualna,NULL
Volkswagen,Volkswagen Passat 1.4 TSI BMT ACT Highline DSG,51500,PLN,Benzyna,120000,2017,Automatyczna,1.4
Toyota,Toyota Yaris Hybrid 1.5 Executive,95000,PLN,Hybryda,23133,2023,Automatyczna,1.5
Toyota,Toyota Tundra,239500,PLN,Benzyna,45000,2023,Automatyczna,NULL
BMW,BMW Seria 6 640d,79900,PLN,Diesel,246000,2014,Automatyczna,NULL
Jeep,Jeep Cherokee 2.0 Multijet Limited,41999,PLN,Diesel,175000,2014,Manualna,2.0
BMW,BMW Seria 3 323Ci,26900,PLN,Benzyna+LPG,315000,2000,Manualna,NULL
Kia,Kia Ceed 1.5 T-GDI OPF Nightline Edition,64700,PLN,Benzyna,23210,2022,Manualna,1.5
Mercedes-Benz,Mercedes-Benz GLC 300 mHEV 4-Matic AMG Line,269000,PLN,Benzyna,47500,2023,Automatyczna,NULL
Subaru,Subaru Forester,19000,PLN,Benzyna+LPG,156115,2010,Automatyczna,NULL
Volkswagen,Volkswagen Caddy 2.0 TDI,77500,PLN,Diesel,77000,2021,Manualna,2.0
Hyundai,Hyundai i30 1.4 Style,32900,PLN,Benzyna,175676,2015,Manualna,1.4
Chevrolet,Chevrolet Aveo 1.2 16V Base+ / Classic+,8900,PLN,Benzyna,108000,2011,Manualna,1.2
Renault,Renault Thalia 1.2 16V Alize,1800,PLN,Benzyna+LPG,158000,2008,Manualna,1.2
Opel,Opel Mokka 1.4 T Cosmo EU6,42600,PLN,Benzyna,96849,2015,Manualna,1.4
Mitsubishi,Mitsubishi Pajero,7000,PLN,Benzyna,10,1988,Manualna,NULL
Volvo,Volvo S80 D4 Drive-E Summum,44900,PLN,Diesel,220000,2015,Automatyczna,NULL
Audi,Audi Q7,33000,PLN,Diesel,227000,2009,Automatyczna,NULL
Hyundai,Hyundai Kona 1.6 T-GDI DCT 4WD Premium,59900,PLN,Benzyna,66455,2017,Automatyczna,1.6
Dacia,Dacia Duster TCe 125 2WD Comfort,28700,PLN,Benzyna,147400,2016,Manualna,NULL
Peugeot,Peugeot 308 1.6 BlueHDi Active S&S,26900,PLN,Diesel,174000,2015,Manualna,1.6
Audi,Audi A4 Avant,4600,PLN,Diesel,420000,2005,Manualna,NULL
Mercedes-Benz,Mercedes-Benz 280,24750,PLN,Benzyna,116000,2006,Automatyczna,NULL
BMW,BMW X4,92000,PLN,Diesel,170000,2017,Automatyczna,NULL
Skoda,Skoda Octavia 1.9 TDI Ambiente,2900,PLN,Diesel,297613,2001,Manualna,1.9
Volvo,Volvo S80,28500,PLN,Diesel,216000,2009,Automatyczna,NULL
Fiat,Fiat 500 1.2 8V Pop,15900,PLN,Benzyna,127796,2008,Manualna,1.2
Kia,Kia Sportage 1.6 GDI M 2WD,39100,PLN,Benzyna,127000,2014,Manualna,1.6
Skoda,Skoda Fabia 1.0 TSI Style Color,21900,PLN,Benzyna,56000,2018,Manualna,1.0
Skoda,Skoda Scala 1.5 TSI Ambition DSG,72900,PLN,Benzyna,72536,2023,Automatyczna,1.5
Opel,Opel Astra 1.4 Turbo ENERGY,24900,PLN,Benzyna,159500,2014,Manualna,1.4
Opel,Opel Astra 2.0 CDTI DPF ecoFLEX SportsTourer Start/Stop Edition,22999,PLN,Diesel,236881,2015,Manualna,2.0
Opel,Opel Meriva 1.4 T Cosmo,20900,PLN,Benzyna,155214,2011,Manualna,1.4
Opel,Opel Astra 1.4 T Enjoy,24900,PLN,Benzyna,202500,2015,Manualna,1.4
Jeep,Jeep Grand Cherokee,91000,PLN,Benzyna+LPG,174000,2019,Automatyczna,NULL
Kia,Kia Rio 1.2 L,22990,PLN,Benzyna,160556,2015,Manualna,1.2
Jeep,Jeep Grand Cherokee,190650,PLN,Benzyna,76709,2022,Automatyczna,NULL
Alfa Romeo,Alfa Romeo Giulietta 1.4 TB Progression,30900,PLN,Benzyna,121603,2013,Manualna,1.4
Peugeot,Peugeot 308,15999,PLN,Diesel,279000,2014,Manualna,NULL
Opel,Opel Corsa,14900,PLN,Benzyna,191700,2012,Manualna,NULL
Skoda,Skoda Octavia 2.0 TDI DSG Ambition,65700,PLN,Diesel,29000,2023,Automatyczna,2.0
Citroën,Citroën C4 Grand Picasso,8999,PLN,Benzyna+LPG,258321,2007,Manualna,NULL
Seat,Seat Leon 1.5 TSI FR,53700,PLN,Benzyna,58000,2021,Manualna,1.5
Ford,Ford Focus 1.5 EcoBoost Titanium,35900,PLN,Benzyna,106699,2019,Manualna,1.5
DS Automobiles,DS Automobiles DS 4,35900,PLN,Diesel,128100,2017,Automatyczna,NULL
Renault,Renault Megane 1.6 16V Generation,14400,PLN,Benzyna,237037,2010,Manualna,1.6
Citroën,Citroën C4 Picasso 1.8 16V Style,9000,PLN,Benzyna,220000,2007,Manualna,1.8
Opel,Opel Astra 1.6 SIDI Turbo Automatik Innovation,29500,PLN,Benzyna,139560,2014,Automatyczna,1.6
BMW,BMW Seria 4 435i xDrive M Sport,92500,PLN,Benzyna,169500,2015,Automatyczna,NULL
Hyundai,Hyundai i40,25800,PLN,Diesel,246531,2017,Manualna,NULL
Renault,Renault Twingo,19900,PLN,Benzyna,158900,2014,Manualna,NULL
Fiat,Fiat 500 1.2 Lounge,16900,PLN,Benzyna,142680,2009,Manualna,1.2
Ford,Ford Tourneo Connect Grand,39999,PLN,Diesel,130000,2015,Manualna,NULL
Toyota,Toyota C-HR,149900,PLN,Hybryda Plug-in,15321,2025,Automatyczna,NULL
Opel,Opel Zafira 1.8 Cosmo,15500,PLN,Benzyna+LPG,222000,2008,Manualna,1.8
Mazda,Mazda CX-3 1.5 D Skypassion i-ELoop AWD,44900,PLN,Diesel,154564,2015,Manualna,1.5
Citroën,Citroën C4 PureTech 130 Stop & Start EAT6 Selection,22400,PLN,Benzyna,112000,2015,Automatyczna,NULL
Audi,Audi A5 Sportback,103900,PLN,Benzyna,92000,2020,Automatyczna,NULL
Audi,Audi Q3 Sportback 35 TFSI mHEV S tronic,213940,PLN,Benzyna,1,2026,Automatyczna,NULL
Seat,Seat Exeo 2.0 TDI DPF Style,13500,PLN,Diesel,293600,2011,Manualna,2.0
Peugeot,Peugeot 508 1.6 BlueHDi Active S&S,27500,PLN,Diesel,239500,2016,Manualna,1.6
Opel,Opel Corsa,12900,PLN,Benzyna,237158,2014,Manualna,NULL
Volvo,Volvo XC 60,164900,PLN,Diesel,35500,2024,Automatyczna,NULL
Opel,Opel Corsa,20900,PLN,Benzyna,86746,2013,Manualna,NULL
Porsche,Porsche Macan,144900,PLN,Benzyna,84000,2019,Automatyczna,NULL
Volvo,Volvo XC 90,179900,PLN,Hybryda,119000,2021,Automatyczna,NULL
Volkswagen,Volkswagen Tiguan Allspace 2.0 TSI 4Mot R-Line DSG,134950,PLN,Benzyna,107156,2023,Automatyczna,2.0
Kia,Kia Picanto 1.2 ISG Dream-Team Edition,17500,PLN,Benzyna+LPG,198000,2015,Manualna,1.2
Kia,Kia Sorento,44500,PLN,Diesel,226000,2014,Automatyczna,NULL
Skoda,Skoda Superb 1.8 TSI L&K DSG,73500,PLN,Benzyna,140685,2018,Automatyczna,1.8
Mazda,Mazda CX-5,15900,PLN,Benzyna,172000,2016,Manualna,NULL
Opel,Opel Astra,2000,PLN,Diesel,444400,2000,Manualna,NULL
Ford,Ford Focus 2.0 EcoBlue STart-Stopp-System ST-LINE,49999,PLN,Diesel,173500,2018,Manualna,2.0
Land Rover,Land Rover Range Rover Evoque TD4 HSE,40900,PLN,Diesel,128000,2016,Automatyczna,NULL
DS Automobiles,DS Automobiles DS 7 1.5 BlueHDi Performance Line,123900,PLN,Diesel,39600,2023,Automatyczna,1.5
Honda,Honda FR-V,1999,PLN,Diesel,312000,2005,Manualna,NULL
Seat,Seat Leon 2.0 TDI DPF DSG FR,43900,PLN,Diesel,198345,2017,Automatyczna,2.0
Mitsubishi,Mitsubishi ASX,10900,PLN,Diesel,231000,2011,Manualna,NULL
Kia,Kia Sportage,13100,PLN,Diesel,195000,2013,Manualna,NULL
Opel,Opel Corsa 1.2 16V Edition / Active,14500,PLN,Benzyna,197000,2015,Manualna,1.2
Cupra,Cupra Formentor 2.0 TSI 4Drive VZ DSG,132990,PLN,Benzyna,42000,2023,Automatyczna,2.0
Toyota,Toyota Auris,25900,PLN,Hybryda,116000,2013,Automatyczna,NULL
Nissan,Nissan X-Trail,179900,PLN,Hybryda,2900,2025,Automatyczna,NULL
Volvo,Volvo XC 60,209900,PLN,Benzyna,16978,2025,Automatyczna,NULL
Cupra,Cupra Formentor 2.0 TSI 4Drive VZ DSG,144990,PLN,Benzyna,44000,2024,Automatyczna,2.0
Nissan,Nissan Qashqai 2.0 360,35700,PLN,Benzyna,109190,2012,Manualna,2.0
BMW,BMW Seria 5 520d Efficient Dynamics Luxury Line sport,69900,PLN,Diesel,224500,2018,Automatyczna,NULL
Nissan,Nissan Qashqai 1.6 DIG-T 360,28500,PLN,Benzyna,110000,2015,Manualna,1.6
Mercedes-Benz,Mercedes-Benz Klasa E 300 de PHEV 4-Matic AMG 9G-Tronic,319900,PLN,Hybryda Plug-in,14438,2025,Automatyczna,NULL
Renault,Renault Trafic L2H1,9900,PLN,Diesel,424882,2014,Manualna,NULL
Mazda,Mazda CX-3 SKYACTIV-D 105 FWD Exclusive-Line,41900,PLN,Diesel,142000,2017,Manualna,NULL
BMW,BMW X1 xDrive20i Sport Line,34900,PLN,Benzyna,91562,2016,Automatyczna,NULL
Renault,Renault Symbioz,90000,PLN,Hybryda,36000,2025,Automatyczna,NULL
Ford,Ford Tourneo Custom,187944,PLN,Diesel,23000,2025,Automatyczna,NULL
Audi,Audi A4 Limousine,9999,PLN,Benzyna,200917,2002,Manualna,NULL
BMW,BMW X5,139999,PLN,Diesel,148000,2016,Automatyczna,NULL
Toyota,Toyota C-HR 2.0 Hybrid GR Sport,107000,PLN,Hybryda,28008,2022,Automatyczna,2.0
Audi,Audi A5 Sportback 2.0 TDI design,77999,PLN,Diesel,147618,2017,Manualna,2.0
BYD,BYD Seal U,139900,PLN,Hybryda Plug-in,10,2026,Automatyczna,NULL
Volkswagen,Volkswagen T-Roc 2.0 TDI SCR 4MOTION DSG Sport,69999,PLN,Diesel,177410,2018,Automatyczna,2.0
Renault,Renault Laguna 2.0 Confort Authentique,3500,PLN,Benzyna,188600,2004,Manualna,2.0
Volvo,Volvo XC 60,204900,PLN,Benzyna,24096,2025,Automatyczna,NULL
Jaguar,Jaguar XE 2.0 D Prestige,39900,PLN,Diesel,110000,2016,Automatyczna,2.0
Suzuki,Suzuki Vitara 1.0 Boosterjet Allgrip Comfort,28900,PLN,Benzyna,175000,2019,Manualna,1.0
Opel,Opel Mokka 1.2 DI Turbo Edition,29900,PLN,Benzyna,21000,2024,Manualna,1.2
Skoda,Skoda Octavia 1.5 TSI ACT Ambition,78990,PLN,Benzyna,54000,2022,Manualna,1.5
Audi,Audi A6 Allroad,59999,PLN,Diesel,288000,2017,Automatyczna,NULL
Opel,Opel Zafira 1.6 Edition,8900,PLN,Benzyna,232000,2009,Manualna,1.6
Audi,Audi A5 Cabrio,36000,PLN,Diesel,206000,2009,Manualna,NULL
Kia,Kia Rio 1.2 Start,13900,PLN,Benzyna,220000,2015,Manualna,1.2
Tesla,Tesla Model S,74900,PLN,Elektryczny,189711,2016,Automatyczna,NULL
Ford,Ford EcoSport 1.0 EcoBoost GPF Titanium ASS,29900,PLN,Benzyna,107450,2016,Manualna,1.0
BMW,BMW Seria 4 440i xDrive Sport-Aut M Sport,124900,PLN,Benzyna,98000,2018,Automatyczna,NULL
Volkswagen,Volkswagen T-Cross,11900,PLN,Benzyna,112000,2021,Manualna,NULL
Toyota,Toyota Corolla,11000,PLN,Benzyna,276300,2006,Manualna,NULL
Mercedes-Benz,Mercedes-Benz Klasa C,67800,PLN,Benzyna,127700,2017,Automatyczna,NULL
Peugeot,Peugeot 207,5400,PLN,Benzyna,203000,2007,Manualna,NULL
Opel,Opel Astra 1.4 Turbo Start/Stop Innovation,42900,PLN,Benzyna,72500,2018,Manualna,1.4
Volvo,Volvo XC 60,219900,PLN,Benzyna,25000,2025,Automatyczna,NULL
BMW,BMW Seria 5 530d xDrive,49900,PLN,Diesel,199818,2016,Automatyczna,NULL
Chevrolet,Chevrolet Camaro 3.6 V6 Coupe 2LT,64999,PLN,Benzyna+LPG,109541,2014,Automatyczna,3.6
Citroën,Citroën C4 e-HDi 115 ETG6 Exclusive,27900,PLN,Diesel,216000,2017,Automatyczna,NULL
Mazda,Mazda 3 SKYACTIV-D 105 Center-Line,24900,PLN,Diesel,221000,2016,Manualna,NULL
Renault,Renault Kangoo 1.2 TCE Business,32900,PLN,Benzyna,155000,2018,Manualna,1.2
Ford,Ford Grand C-MAX 1.0 EcoBoost Start-Stopp-System Champions Edition,18999,PLN,Benzyna,165874,2013,Manualna,1.0
Ford,Ford Fiesta 1.25 Trend EU5,15000,PLN,Benzyna,88500,2011,Manualna,1.2
Infiniti,Infiniti Q50 Q50(S) AWD Sport Tech,87000,PLN,Hybryda,233793,2018,Automatyczna,NULL
Kia,Kia Ceed 1.4 M,44444,PLN,Benzyna,99900,2019,Manualna,1.4
Seat,Seat Leon 1.6 Signo,5500,PLN,Benzyna,153183,2003,Manualna,1.6
Audi,Audi A7 Sportback 3.0 TDI Multitronic,38000,PLN,Diesel,312000,2012,Automatyczna,3.0
Peugeot,Peugeot 2008 PureTech 110 Stop&Start EAT6 GT-Line Edition,38900,PLN,Benzyna,92000,2019,Automatyczna,NULL
Mercedes-Benz,Mercedes-Benz Klasa C 180 7G-TRONIC,67000,PLN,Benzyna,190000,2016,Automatyczna,NULL
Kia,Kia Ceed 1.6 CRDi mHEV M,46900,PLN,Diesel,153870,2021,Manualna,1.6
Audi,Audi SQ5,310534,PLN,Benzyna,1,2026,Automatyczna,NULL
Kia,Kia Sportage 1.6 GDI S 2WD,35500,PLN,Benzyna,205681,2015,Manualna,1.6
Mercedes-Benz,Mercedes-Benz AMG GT 43,370850,PLN,Benzyna,81613,2022,Automatyczna,NULL
Mercedes-Benz,Mercedes-Benz GLC 220 d 4-Matic,254980,PLN,Diesel,1,2026,Automatyczna,NULL
Mercedes-Benz,Mercedes-Benz GLE 400 d 4-Matic Premium Plus,403117,PLN,Diesel,1,2026,Automatyczna,NULL
Kia,Kia Ceed 1.5 T-GDI M,61600,PLN,Benzyna,106000,2022,Manualna,1.5
Seat,Seat Ibiza 1.4 16V Passion,12800,PLN,Benzyna,199000,2009,Manualna,1.4
BMW,BMW Seria 3 320d xDrive Sport Line,34000,PLN,Diesel,320000,2016,Automatyczna,NULL
Dacia,Dacia Sandero,45900,PLN,Benzyna+LPG,67000,2021,Manualna,NULL
Toyota,Toyota Corolla 1.5 Comfort MS,59900,PLN,Benzyna,104316,2022,Automatyczna,1.5
Audi,Audi Q3 45 TFSI Quattro S tronic,136000,PLN,Benzyna,13000,2024,Automatyczna,NULL
BMW,BMW Seria 3 335i xDrive M Sport,69900,PLN,Benzyna,198100,2016,Automatyczna,NULL
Fiat,Fiat 500 1.2 Pop-Star,18800,PLN,Benzyna,130000,2011,Manualna,1.2
Audi,Audi Q5,272900,PLN,Benzyna,1,2026,Automatyczna,NULL
Ford,Ford Fiesta 1.25 Champions Edition,16800,PLN,Benzyna,131000,2011,Manualna,1.2
Opel,Opel Meriva 1.4 Edition,22600,PLN,Benzyna,151000,2013,Manualna,1.4
Fiat,Fiat Tipo 1.4 16V Easy,29800,PLN,Benzyna,140000,2016,Manualna,1.4
Fiat,Fiat Bravo 1.4 16V Lounge,17700,PLN,Benzyna,180000,2012,Manualna,1.4
Fiat,Fiat Scudo,42500,PLN,Diesel,244000,2015,Manualna,NULL
Opel,Opel Insignia 2.0 CDTI EcoFLEX S&S,20500,PLN,Diesel,252000,2014,Manualna,2.0
Audi,Audi A3 Sportback 2.0 TDI DPF quattro Ambition,10900,PLN,Diesel,249225,2007,Manualna,2.0
Skoda,Skoda Yeti 1.2 TSI 4x2 Joy DSG,35900,PLN,Benzyna,139000,2016,Automatyczna,1.2
Renault,Renault Clio (Energy) TCe 90 Bose Edition,25800,PLN,Benzyna,131000,2015,Manualna,NULL
Opel,Opel Astra 1.4 T Cosmo,15200,PLN,Benzyna,243000,2012,Manualna,1.4
Dacia,Dacia Dokker 1.2 TCe Stepway,31700,PLN,Benzyna,140000,2018,Manualna,1.2
Fiat,Fiat 500 1.2 Lounge,22900,PLN,Benzyna,142000,2013,Manualna,1.2
Mercedes-Benz,Mercedes-Benz Inny,60000,PLN,Diesel,42144,1966,Manualna,NULL
Opel,Opel Astra 1.4 Turbo ecoFLEX Start/Stop Innovation,24800,PLN,Benzyna,173000,2014,Manualna,1.4
Ford,Ford Kuga 2.0 TDCi Trend,18800,PLN,Diesel,272797,2010,Manualna,2.0
Audi,Audi Q8 50 TDI mHEV Quattro Black Edition Tiptronic,330000,PLN,Diesel,76000,2023,Automatyczna,NULL
Kia,Kia Ceed 1.6 CRDi 128 Dream Team Edition,24900,PLN,Diesel,244000,2015,Manualna,1.6
Fiat,Fiat Doblo,19900,PLN,Benzyna,203031,2015,Manualna,NULL
Toyota,Toyota Hilux,139000,PLN,Diesel,200,2026,Automatyczna,NULL
Citroën,Citroën C5 2.0 HDi Exclusive,22000,PLN,Diesel,250000,2014,Manualna,2.0
Ford,Ford Tourneo Connect Grand 2.0 EcoBlue Active,129900,PLN,Diesel,32000,2024,Automatyczna,2.0
Renault,Renault Captur 1.0 TCe Techno,70900,PLN,Benzyna+LPG,31084,2023,Manualna,1.0
Opel,Opel Mokka 1.4 Turbo ecoFLEX Start/Stop 4x4 Innovation,35990,PLN,Benzyna,139537,2014,Manualna,1.4
Leapmotor,Leapmotor T03 37.3kWh,73900,PLN,Elektryczny,1,2026,Automatyczna,7.3
Leapmotor,Leapmotor B10 67.1kWh PROMAX Design,125700,PLN,Elektryczny,1,2026,Automatyczna,7.1
MINI,MINI Countryman C mHEV Linia Favoured,192800,PLN,Benzyna,6,2026,Automatyczna,NULL
Opel,Opel Astra 1.4 Turbo Innovation,44000,PLN,Benzyna,108000,2018,Manualna,1.4
DS Automobiles,DS Automobiles DS 7 Crossback,89700,PLN,Hybryda Plug-in,123300,2021,Automatyczna,NULL
Mercedes-Benz,Mercedes-Benz Klasa S 400 d 4-Matic AMG Line 9G-TRONIC,419900,PLN,Diesel,77665,2022,Automatyczna,NULL
Mazda,Mazda MX-5,29700,PLN,Benzyna,172315,1997,Manualna,NULL
Skoda,Skoda Fabia 1.2 TSI COOL EDITION,15900,PLN,Benzyna,193000,2014,Manualna,1.2
Chevrolet,Chevrolet Express,85000,PLN,Benzyna,200000,2007,Automatyczna,NULL
Fiat,Fiat Fiorino 1.3 Multijet 16V Lounge,35547,PLN,Diesel,105490,2020,Manualna,1.3
Skoda,Skoda Superb 1.5 TSI ACT Style,73800,PLN,Benzyna,90100,2019,Manualna,1.5
BMW,BMW Seria 3 320d Luxury Line,49000,PLN,Diesel,274591,2016,Automatyczna,NULL
Opel,Opel Frontera 1.2 T mHEV GS eDTC6,99900,PLN,Benzyna,2,2026,Automatyczna,1.2
Kia,Kia Sportage 1.6 CRDI GT Line 2WD DCT,53900,PLN,Diesel,173000,2018,Automatyczna,1.6
BMW,BMW X5,226890,PLN,Hybryda Plug-in,75953,2022,Automatyczna,NULL
Jetour,Jetour X70 Plus,144900,PLN,Benzyna,1,2026,Automatyczna,NULL
Mitsubishi,Mitsubishi Colt 1.3 Intense,6700,PLN,Benzyna,260000,2011,Manualna,1.3
BMW,BMW Seria 2,85999,PLN,Benzyna,94850,2015,Automatyczna,NULL
Ford,Ford Ranger Raptor,219900,PLN,Diesel,46000,2024,Automatyczna,NULL
BMW,BMW X5 xDrive25d sport,175900,PLN,Diesel,72000,2021,Automatyczna,NULL
Seat,Seat Leon 1.5 EcoTSI Evo FR S&S,58900,PLN,Benzyna,82500,2019,Manualna,1.5
Volvo,Volvo XC 60 T8 AWD Plug-In Hybrid R-Design,124900,PLN,Hybryda Plug-in,110403,2018,Automatyczna,NULL
Peugeot,Peugeot 3008 225 e-EAT8 GT,79900,PLN,Hybryda Plug-in,139800,2021,Automatyczna,NULL
Nissan,Nissan Patrol,32500,PLN,Diesel,206000,1998,Manualna,NULL
Lexus,Lexus RC F Carbon,388850,PLN,Benzyna,113450,2020,Automatyczna,NULL
Opel,Opel Corsa 1.2 Edition S&S,69900,PLN,Benzyna,2,2026,Manualna,1.2
BMW,BMW Seria 5 520d xDrive mHEV,229000,PLN,Diesel,41192,2023,Automatyczna,NULL
Mercedes-Benz,Mercedes-Benz Klasa E 220 d 4-Matic Avantgarde,189000,PLN,Diesel,40000,2023,Automatyczna,NULL
Mercedes-Benz,Mercedes-Benz Klasa G AMG 63,888900,PLN,Benzyna,6957,2024,Automatyczna,NULL
Mercedes-Benz,Mercedes-Benz Klasa G AMG 63,799900,PLN,Benzyna,14311,2022,Automatyczna,NULL
BYD,BYD Atto 2,104900,PLN,Hybryda Plug-in,10,2026,Automatyczna,NULL
Audi,Audi RS6 Avant TFSI mHEV Quattro Performance Tiptronic,549900,PLN,Benzyna,1913,2025,Automatyczna,NULL
Skoda,Skoda Elroq,138990,PLN,Elektryczny,6,2026,Automatyczna,NULL
Ford,Ford Transit Connect Kombi 230 L2 Active N1,22900,PLN,Diesel,221431,2023,Manualna,NULL
Skoda,Skoda Fabia 1.0 TSI Drive,85700,PLN,Benzyna,1,2026,Manualna,1.0
Ford,Ford Transit Kombi L3H2 Trend,141450,PLN,Diesel,11600,2024,Manualna,NULL
Skoda,Skoda Kodiaq 2.0 TDI 4x4 Drive DSG,204453,PLN,Diesel,7,2026,Automatyczna,2.0
Seat,Seat Tarraco 2.0 TDI Xcellence S&S DSG,91800,PLN,Diesel,162000,2022,Automatyczna,2.0
Peugeot,Peugeot 308 54kWh GT,129900,PLN,Elektryczny,2500,2025,Automatyczna,NULL
Volvo,Volvo XC 40 T4 Plug-In Hybrid Core,98800,PLN,Hybryda Plug-in,90000,2022,Automatyczna,NULL
Peugeot,Peugeot 308 BlueHDi 130 EAT8 Allure,69900,PLN,Diesel,136900,2023,Automatyczna,NULL
Volvo,Volvo XC 90,163000,PLN,Benzyna,119980,2021,Automatyczna,NULL
Peugeot,Peugeot 408 1.2 PureTech mHEV Business S&S e-DCS6,133093,PLN,Benzyna,2,2026,Automatyczna,1.2
Opel,Opel Astra,21500,PLN,Benzyna,160000,2012,Manualna,NULL
Lexus,Lexus NX 300h Business Edition AWD,116900,PLN,Hybryda,116055,2019,Automatyczna,NULL
Peugeot,Peugeot 508 225 e-EAT8 Allure,69900,PLN,Hybryda Plug-in,131630,2020,Automatyczna,NULL
Skoda,Skoda Kodiaq 2.0 TDI 4x4 Drive DSG,201197,PLN,Diesel,7,2026,Automatyczna,2.0
Skoda,Skoda Superb 2.0 TSI L&K DSG,189800,PLN,Benzyna,7,2026,Automatyczna,2.0
Nissan,Nissan Juke,15900,PLN,Diesel,210083,2011,Manualna,NULL
Nissan,Nissan Qashqai 1.3 DIG-T Tekna,66900,PLN,Benzyna,74900,2021,Manualna,1.3
Audi,Audi A5 Sportback 2.0 TDI DPF,49999,PLN,Diesel,240035,2012,Manualna,2.0
Volvo,Volvo XC 60 B4 D AWD Inscription,129900,PLN,Diesel,120595,2021,Automatyczna,NULL
Renault,Renault Clio,29900,PLN,Benzyna,129879,2017,Manualna,NULL
Fiat,Fiat Sedici,23900,PLN,Benzyna,131501,2011,Manualna,NULL
Infiniti,Infiniti QX70 3.0d S Premium,46900,PLN,Diesel,220067,2013,Automatyczna,3.0
Fiat,Fiat Sedici,10900,PLN,Benzyna,250698,2006,Manualna,NULL
Fiat,Fiat Sedici,20900,PLN,Benzyna,223015,2010,Manualna,NULL
Subaru,Subaru Forester,24900,PLN,Benzyna,177008,2010,Manualna,NULL
Volkswagen,Volkswagen Tiguan,74900,PLN,Diesel,90272,2016,Automatyczna,NULL
Skoda,Skoda Fabia 1.0 TSI Drive,83200,PLN,Benzyna,1,2026,Manualna,1.0
BMW,BMW Seria 3,34900,PLN,Diesel,216545,2013,Manualna,NULL
Ford,Ford Galaxy,9900,PLN,Diesel,244428,2012,Automatyczna,NULL
Ford,Ford Fiesta 1.1 S&S COOL&CONNECT,28800,PLN,Benzyna,116000,2019,Manualna,1.1
Audi,Audi A6 Limousine,48900,PLN,Benzyna,189000,2015,Automatyczna,NULL
Ford,Ford Kuga,15900,PLN,Diesel,245000,2009,Manualna,NULL
Hyundai,Hyundai i20 1.4 CRDi Edition 20,8900,PLN,Diesel,246061,2012,Manualna,1.4
Renault,Renault Megane 1.6 16V Confort Authentique,2600,PLN,Benzyna,174000,2009,Manualna,1.6
Volkswagen,Volkswagen Golf Sportsvan SV 1.6 TDI Highline,61000,PLN,Diesel,171000,2018,Manualna,1.6
Lexus,Lexus CT,69900,PLN,Hybryda,102500,2017,Automatyczna,NULL
Ford,Ford Transit L2H3 VA Autm Trend,34900,PLN,Diesel,390000,2018,Automatyczna,NULL
Skoda,Skoda Fabia 1.0 TSI Drive,84190,PLN,Benzyna,1,2026,Manualna,1.0
Opel,Opel Astra,15400,PLN,Benzyna+LPG,214800,2007,Manualna,NULL
Ford,Ford Mondeo 2.0 EcoBlue Business Edition,51900,PLN,Diesel,200894,2020,Automatyczna,2.0
BMW,BMW X1 sDrive18i,160200,PLN,Benzyna,4000,2026,Automatyczna,NULL
BMW,BMW X6,412335,PLN,Diesel,4000,2026,Automatyczna,NULL
Peugeot,Peugeot 208 PureTech 82 Active,21900,PLN,Benzyna,112000,2013,Manualna,NULL
Fiat,Fiat Tipo 1.4 16V Lounge,34900,PLN,Benzyna,64102,2018,Manualna,1.4
Audi,Audi Q7 3.0 TDI Quattro Tiptronic,37500,PLN,Diesel,184810,2007,Automatyczna,3.0
BMW,BMW X6,457371,PLN,Diesel,7,2026,Automatyczna,NULL
Volkswagen,Volkswagen Golf 1.5 TSI ACT (BlueMotion Technology) Highline,63900,PLN,Benzyna,128300,2019,Manualna,1.5
Hyundai,Hyundai Santa Fe 2.0 CRDi Platinum 4WD 7os,59999,PLN,Diesel,190918,2016,Automatyczna,2.0
BMW,BMW Seria 4,333900,PLN,Benzyna,4000,2026,Automatyczna,NULL
Mercedes-Benz,Mercedes-Benz W124 (1984-1993),26999,PLN,Benzyna,232000,1993,Manualna,NULL
Land Rover,Land Rover Range Rover Velar 2.0 SD4 R-Dynamic HSE,134900,PLN,Diesel,161000,2019,Automatyczna,2.0
Renault,Renault Arkana 1.3 TCe mHEV R.S Line EDC,86900,PLN,Benzyna,58000,2022,Automatyczna,1.3
BMW,BMW Inny,623340,PLN,Benzyna,4000,2026,Automatyczna,NULL
Mercedes-Benz,Mercedes-Benz GLC 250 4Matic 9G-TRONIC AMG Line,99900,PLN,Benzyna,158100,2016,Automatyczna,NULL
Renault,Renault Captur 1.2 TCe Helly Hansen EDC,19900,PLN,Benzyna,100000,2014,Automatyczna,1.2
BMW,BMW iX3 50 xDrive 113.4kWh,315852,PLN,Elektryczny,1,2026,Automatyczna,3.4
Skoda,Skoda Scala 1.0 TSI Style DSG,75900,PLN,Benzyna,40800,2023,Automatyczna,1.0
Ford,Ford Mondeo,35900,PLN,Diesel,215630,2017,Manualna,NULL
Mercedes-Benz,Mercedes-Benz Klasa C 180 CGI BlueEFFICIENCY Avantgarde,34900,PLN,Benzyna,230000,2011,Manualna,NULL
Citroën,Citroën C3 Aircross,24900,PLN,Benzyna,160000,2017,Manualna,NULL
Peugeot,Peugeot 3008,109999,PLN,Benzyna,20792,2024,Automatyczna,NULL
Opel,Opel Antara,14000,PLN,Diesel,266594,2009,Automatyczna,NULL
Ford,Ford Mustang,80000,PLN,Benzyna,97803,2017,Manualna,NULL
Dacia,Dacia Logan,19000,PLN,Benzyna,163320,2016,Manualna,NULL
Renault,Renault Megane,39000,PLN,Benzyna,99914,2016,Manualna,NULL
Nissan,Nissan Qashqai,56000,PLN,Benzyna,60430,2018,Manualna,NULL
Audi,Audi Q7 50 TDI mHEV Quattro S Line Tiptr,355900,PLN,Diesel,1,2026,Automatyczna,NULL
Mercedes-Benz,Mercedes-Benz GLA,70000,PLN,Benzyna,128169,2019,Automatyczna,NULL
Fiat,Fiat 500e,49000,PLN,Elektryczny,46528,2022,Automatyczna,NULL
BMW,BMW X2,214900,PLN,Diesel,14390,2025,Automatyczna,NULL
Skoda,Skoda Octavia,43000,PLN,Benzyna,190399,2018,Manualna,NULL
Mitsubishi,Mitsubishi Lancer,34000,PLN,Benzyna+LPG,164029,2017,Manualna,NULL
Hyundai,Hyundai Tucson,45500,PLN,Diesel,224463,2016,Manualna,NULL
Opel,Opel Astra,16000,PLN,Benzyna+LPG,192656,2011,Manualna,NULL
Audi,Audi A6 Avant 40 TDI mHEV Quattro S tronic,162600,PLN,Diesel,102000,2021,Automatyczna,NULL
Ford,Ford S-Max,10900,PLN,Diesel,233000,2014,Automatyczna,NULL
Toyota,Toyota Camry 2.5 Hybrid Executive CVT,90900,PLN,Hybryda,145321,2020,Automatyczna,2.5
Citroën,Citroën C3 Aircross,12900,PLN,Benzyna,75000,2018,Manualna,NULL
Fiat,Fiat Punto Evo 1.4 16V Multiair Dynamic Start&Stop,13900,PLN,Benzyna,150200,2010,Manualna,1.4
Skoda,Skoda Kodiaq 2.0 TSI 4x4 Drive DSG,191900,PLN,Benzyna,4004,2026,Automatyczna,2.0
Citroën,Citroën C4X,69999,PLN,Benzyna,50844,2023,Automatyczna,NULL
Citroën,Citroën C4 Picasso,11900,PLN,Benzyna,184000,2013,Manualna,NULL
Nissan,Nissan X-Trail,36000,PLN,Diesel,213765,2014,Manualna,NULL
Opel,Opel Corsa 1.4 Active,29900,PLN,Benzyna,32360,2016,Manualna,1.4
Renault,Renault Megane 1.5 Blue dCi Zen,30600,PLN,Diesel,105000,2022,Manualna,1.5
Kia,Kia ProCeed,101500,PLN,Benzyna,65091,2023,Automatyczna,NULL
Kia,Kia Sportage 2.0 CRDI XL AWD,47800,PLN,Diesel,161222,2015,Automatyczna,2.0
Ford,Ford Transit Custom L1H1 VA MH Trend,61900,PLN,Diesel,143000,2019,Manualna,NULL
BMW,BMW X5 xDrive40d mHEV,369520,PLN,Diesel,1,2026,Automatyczna,NULL
Mercedes-Benz,Mercedes-Benz GLA 200 7G-DCT Style,54900,PLN,Benzyna,161100,2014,Automatyczna,NULL
Volkswagen,Volkswagen CC,25900,PLN,Benzyna,201500,2012,Automatyczna,NULL
Volvo,Volvo XC 60 D4 Drive-E Summum,54900,PLN,Diesel,173000,2014,Manualna,NULL
Volkswagen,Volkswagen Golf 2.0 TDI DPF Highline,15000,PLN,Diesel,291669,2009,Manualna,2.0
Volkswagen,Volkswagen Passat Variant,98899,PLN,Diesel,84853,2022,Automatyczna,NULL
Ford,Ford Mondeo,32900,PLN,Benzyna,163600,2015,Manualna,NULL
Volkswagen,Volkswagen T-Roc 1.5 TSI GPF ACT Active DSG,84800,PLN,Benzyna,120000,2021,Automatyczna,1.5
Fiat,Fiat Tipo 1.4 16v Easy,38800,PLN,Benzyna,127148,2019,Manualna,1.4
Hyundai,Hyundai Tucson 1.6 GDi 2WD Select,63900,PLN,Benzyna,113700,2018,Manualna,1.6
Hyundai,Hyundai Kona 1.0 T-GDI Select,61900,PLN,Benzyna,95000,2022,Manualna,1.0
Hyundai,Hyundai Tucson,73900,PLN,Diesel,135000,2020,Manualna,NULL
Honda,Honda CR-V 2.0 i-MMD Lifestyle (Honda Connect+),94900,PLN,Hybryda,103200,2019,Automatyczna,2.0
Kia,Kia Niro 64kWh XL,84000,PLN,Elektryczny,74200,2021,Automatyczna,NULL
Hyundai,Hyundai i30 1.6 CRDI DCT Premium,42400,PLN,Diesel,133187,2017,Automatyczna,1.6
Honda,Honda CR-V 2.0 i-MMD Lifestyle (Honda Connect+),89900,PLN,Hybryda,133000,2019,Automatyczna,2.0
Audi,Audi A3 Limousine 35 TFSI mHEV S tronic,99900,PLN,Benzyna,75451,2021,Automatyczna,NULL
Kia,Kia Sportage 1.6 CRDI AWD DCT SPIRIT,51000,PLN,Diesel,140000,2018,Automatyczna,1.6
Mercedes-Benz,Mercedes-Benz GLE,267000,PLN,Benzyna,35000,2023,Automatyczna,NULL
Fiat,Fiat Scudo Kombi L2H1 Standard,14900,PLN,Diesel,233000,2009,Manualna,NULL
BMW,BMW X5 xDrive40d mHEV,215000,PLN,Diesel,113000,2022,Automatyczna,NULL
Opel,Opel Astra 1.7 CDTI DPF ecoFLEX TourerStart/Stop Design Edition,11000,PLN,Diesel,88000,2014,Manualna,1.7
Hyundai,Hyundai i20 1.2 Pure,48300,PLN,Benzyna+LPG,93000,2022,Manualna,1.2
Volkswagen,Volkswagen Fox 1.2,5000,PLN,Benzyna,157189,2005,Manualna,1.2
Skoda,Skoda Fabia 1.2 HTP SPECIAL,11900,PLN,Benzyna,171260,2011,Manualna,1.2
Audi,Audi A3 Cabrio 1.5 TFSI cylinder on demand Cabrio,59700,PLN,Benzyna,167000,2017,Manualna,1.5
BMW,BMW Seria 1,12000,PLN,Benzyna,193000,2004,Manualna,NULL
Volkswagen,Volkswagen Passat 2.0 TDI BMT Highline DSG7,57900,PLN,Diesel,186000,2019,Automatyczna,2.0
Renault,Renault Trafic 2.0 dCi,149900,PLN,Diesel,40979,2025,Manualna,2.0
BMW,BMW M4,269999,PLN,Benzyna,124900,2020,Automatyczna,NULL
Ford,Ford Transit Custom L2H1 LKW VA Limited,52846,PLN,Diesel,181000,2019,Manualna,NULL
BMW,BMW X3,15900,PLN,Diesel,239100,2007,Manualna,NULL
Chevrolet,Chevrolet Aveo,6666,PLN,Benzyna,27147,2011,Automatyczna,NULL
Dacia,Dacia Duster 1.6 SCe Comfort,38900,PLN,Benzyna+LPG,171386,2019,Manualna,1.6
Volvo,Volvo XC 60 B5 B AWD Geartronic Momentum Pro,79900,PLN,Benzyna,34611,2025,Automatyczna,NULL
Hyundai,Hyundai Santa Fe,219900,PLN,Hybryda Plug-in,10,2025,Automatyczna,NULL
SsangYong/KGM,SsangYong/KGM Rexton 2.2 e-XDi 220 4WD Sapphire,67900,PLN,Diesel,199991,2018,Automatyczna,2.2
BMW,BMW Seria 1 116i Sport Line,27000,PLN,Benzyna,238949,2014,Automatyczna,NULL
Audi,Audi A4 Avant 2.0 TDI,9900,PLN,Diesel,360300,2006,Manualna,2.0
Volkswagen,Volkswagen California,363000,PLN,Hybryda Plug-in,1,2026,Automatyczna,NULL
Skoda,Skoda RAPID,19500,PLN,Benzyna,150200,2014,Manualna,NULL
Audi,Audi Q8 50 TDI mHEV Quattro Tiptronic,455485,PLN,Diesel,1,2026,Automatyczna,NULL
Peugeot,Peugeot 308 HDi FAP 150 Allure,16800,PLN,Diesel,224674,2013,Manualna,NULL
Volkswagen,Volkswagen California,375000,PLN,Hybryda Plug-in,1,2026,Automatyczna,NULL
Ford,Ford Mondeo 2.0 TDCi Titanium,49999,PLN,Diesel,216000,2015,Manualna,2.0
Suzuki,Suzuki Swift 1.2 4x4 Club,24900,PLN,Benzyna+LPG,214471,2012,Manualna,1.2
Suzuki,Suzuki Liana 1.6,3444,PLN,Benzyna+LPG,217724,2003,Manualna,1.6
Mercedes-Benz,Mercedes-Benz Klasa E,28900,PLN,Diesel,308000,2008,Automatyczna,NULL
Mercedes-Benz,Mercedes-Benz Klasa E,6000,PLN,Diesel,436000,2004,Automatyczna,NULL
Abarth,Abarth Grande Punto,22900,PLN,Benzyna,140600,2008,Manualna,NULL
Opel,Opel Zafira,19000,PLN,Diesel,202000,2012,Automatyczna,NULL
Volkswagen,Volkswagen Golf 1.4 TSI Highline,26900,PLN,Benzyna,147887,2011,Manualna,1.4
Volvo,Volvo XC 60 D3 Edition Pro,39900,PLN,Diesel,199886,2014,Manualna,NULL
Citroën,Citroën C5 HDi 135 Automatik Business Class,8900,PLN,Diesel,339180,2009,Automatyczna,NULL
Lexus,Lexus RX 400h (hybrid),41900,PLN,Hybryda,169582,2008,Automatyczna,NULL
Ford,Ford Grand C-MAX 1.6 TDCi Start-Stop-System Titanium,13900,PLN,Diesel,241511,2011,Manualna,1.6
Opel,Opel Astra 1.6 Turbo Start/Stop Innovation,49900,PLN,Benzyna,142329,2018,Manualna,1.6
Honda,Honda CR-V 2.0 Executive,10500,PLN,Benzyna+LPG,412000,2005,Manualna,2.0
Opel,Opel Corsa 1.4 Selection,24900,PLN,Benzyna+LPG,191522,2017,Manualna,1.4
Ford,Ford Focus 1.0 EcoBoost mHEV Titanium X,85000,PLN,Benzyna,38000,2024,Automatyczna,1.0
BMW,BMW Seria 3,39300,PLN,Diesel,250800,2013,Automatyczna,NULL
Volkswagen,Volkswagen Tayron,171000,PLN,Benzyna,1,2026,Automatyczna,NULL
Ford,Ford Transit Custom,64999,PLN,Diesel,190052,2019,Manualna,NULL
Peugeot,Peugeot 308 1.6 HDi Trendy,6990,PLN,Diesel,239000,2012,Manualna,1.6
Opel,Opel Vivaro L1H1,13900,PLN,Diesel,270000,2006,Manualna,NULL
BMW,BMW X4 xDrive20i xLine,75000,PLN,Benzyna,97500,2016,Automatyczna,NULL
Toyota,Toyota Proace City Verso,104900,PLN,Benzyna,16157,2025,Manualna,NULL
BYD,BYD Inny,116900,PLN,Hybryda Plug-in,5,2026,Automatyczna,NULL
Fiat,Fiat Idea 1.4 16V Dynamic,3990,PLN,Benzyna,219000,2006,Manualna,1.4
Opel,Opel Corsa 1.4 16V Edition,24500,PLN,Benzyna,143200,2015,Manualna,1.4
Fiat,Fiat Tipo 1.4 T-Jet S-Design,51900,PLN,Benzyna,71500,2020,Manualna,1.4
Ford,Ford Fiesta,9500,PLN,Benzyna,271140,2009,Manualna,NULL
Citroën,Citroën C3 1.2 PureTech Selection,19900,PLN,Benzyna,133824,2015,Manualna,1.2
Fiat,Fiat Doblo,26900,PLN,Diesel,186000,2014,Manualna,NULL
Volkswagen,Volkswagen Touran 1.4 TSI Life,7700,PLN,Benzyna,216400,2008,Manualna,1.4
Volvo,Volvo V60,133000,PLN,Benzyna,30000,2023,Automatyczna,NULL
BMW,BMW X5 xDrive25d,161700,PLN,Diesel,140000,2021,Automatyczna,NULL
Ford,Ford Kuga,146400,PLN,Hybryda,10,2026,Automatyczna,NULL
Audi,Audi Q3,108900,PLN,Benzyna,136270,2022,Automatyczna,NULL
Ford,Ford Mondeo 1.6 Titanium,13900,PLN,Benzyna+LPG,289000,2012,Manualna,1.6
Fiat,Fiat 500 1.4 16V by Gucci,14900,PLN,Benzyna,159346,2008,Manualna,1.4
Skoda,Skoda Superb 1.8 TSI Sportline DSG,73900,PLN,Benzyna,157000,2016,Automatyczna,1.8
Volvo,Volvo XC 90 T8 AWD Recharge Ultimate Dark,249900,PLN,Hybryda Plug-in,75000,2023,Automatyczna,NULL
Kia,Kia Ceed 1.4 L Business Line,45800,PLN,Benzyna,165000,2018,Manualna,1.4
Skoda,Skoda Karoq 1.5 TSI Ambition,73900,PLN,Benzyna,114400,2020,Manualna,1.5
Fiat,Fiat Tipo 1.0 T3 City,38900,PLN,Benzyna,104264,2021,Manualna,1.0
Mercedes-Benz,Mercedes-Benz Klasa E 500,95000,PLN,Benzyna,174747,2014,Automatyczna,NULL
Ford,Ford Mondeo 2.0 TDCi Titanium PowerShift,29990,PLN,Diesel,336500,2015,Automatyczna,2.0
BYD,BYD Seal,219186,PLN,Elektryczny,10,2026,Automatyczna,NULL
Kia,Kia Sportage,44700,PLN,Diesel,204200,2014,Automatyczna,NULL
MINI,MINI Cooper Standard,49500,PLN,Benzyna,115500,2019,Automatyczna,NULL
Opel,Opel Astra 1.4 Business,42900,PLN,Benzyna,63000,2016,Manualna,1.4
Suzuki,Suzuki Ignis 1.2 Premium AGS,51500,PLN,Benzyna,37948,2017,Automatyczna,1.2
BMW,BMW X1 xDrive18d xLine,28900,PLN,Diesel,209341,2013,Manualna,NULL
Ford,Ford Kuga,177000,PLN,Hybryda,10,2026,Automatyczna,NULL
Peugeot,Peugeot 307,1800,PLN,Diesel,270919,2002,Manualna,NULL
Volkswagen,Volkswagen Golf 2.0 TSI 4Motion R Black Edition DSG,206000,PLN,Benzyna,1,2026,Automatyczna,2.0
Kia,Kia XCeed 1.4 T-GDI OPF DCT7 PLATINUM EDITION,68500,PLN,Benzyna,145000,2020,Automatyczna,1.4
BYD,BYD Seal U 1.5 Boost,139900,PLN,Hybryda Plug-in,4000,2026,Automatyczna,1.5
Renault,Renault Talisman 1.6 Energy TCe Intens EDC,42900,PLN,Benzyna,238000,2016,Automatyczna,1.6
BYD,BYD Sealion 7,242784,PLN,Elektryczny,10,2026,Automatyczna,NULL
BYD,BYD Seal U 1.5 Boost,156534,PLN,Hybryda Plug-in,20,2026,Automatyczna,1.5
BYD,BYD Atto 2,121900,PLN,Hybryda Plug-in,4000,2026,Automatyczna,NULL
Hyundai,Hyundai Tucson 1.6 GDi 2WD Trend,64400,PLN,Benzyna,88629,2019,Manualna,1.6
Renault,Renault Megane,105900,PLN,Benzyna,79612,2022,Automatyczna,NULL
Suzuki,Suzuki Vitara,89900,PLN,Benzyna,1,2026,Manualna,NULL
Hyundai,Hyundai Tucson 1.6 Turbo 2WD Advantage,60700,PLN,Benzyna,116456,2018,Manualna,1.6
Hyundai,Hyundai i30,31400,PLN,Benzyna,164000,2015,Manualna,NULL
Smart,Smart Fortwo softtouch pure cdi,8200,PLN,Diesel,131000,2004,Automatyczna,NULL
Audi,Audi A4 Avant,34000,PLN,Diesel,270320,2009,Manualna,NULL
Dacia,Dacia Duster,31500,PLN,Benzyna,63000,2019,Manualna,NULL
Hyundai,Hyundai Tucson 1.7 CRDI BlueDrive Style 2WD,49800,PLN,Diesel,214000,2016,Manualna,1.7
Fiat,Fiat Freemont 2.0 Multijet Lounge AWD,34500,PLN,Diesel,178000,2013,Automatyczna,2.0
Toyota,Toyota Hilux 2.4 D-4D Extra Cab DLX 4x4,92000,PLN,Diesel,105000,2016,Manualna,2.4
Skoda,Skoda Superb 2.0 TDI Ambition,52800,PLN,Diesel,206000,2019,Manualna,2.0
Citroën,Citroën Berlingo,25800,PLN,Diesel,175000,2016,Manualna,NULL
Suzuki,Suzuki Jimny 1.5 DDiS Club,14500,PLN,Diesel,159373,2003,Manualna,1.5
Nissan,Nissan X-Trail 1.6 DCi Tekna 2WD,54800,PLN,Diesel,114000,2018,Manualna,1.6
Toyota,Toyota RAV4,9900,PLN,Diesel,179000,2010,Manualna,NULL
Audi,Audi A6 Limousine 2.0 TDI Multitronic,48000,PLN,Diesel,332117,2013,Automatyczna,2.0
Nissan,Nissan Pulsar 1.2 DIG-T N-Connecta EU6,28700,PLN,Benzyna,73000,2015,Manualna,1.2
Peugeot,Peugeot 2008 PureTech mHEV Edition e-DCS6,93900,PLN,Benzyna,2,2026,Automatyczna,NULL
Seat,Seat Ibiza 1.4 16V Style,15900,PLN,Benzyna,171000,2009,Manualna,1.4
Kia,Kia Optima 1.7 CRDI EcoDynamics Spirit,11000,PLN,Diesel,169000,2013,Manualna,1.7
Seat,Seat Leon 1.6 TDI ECOMOTIVE Style,16000,PLN,Diesel,192000,2016,Manualna,1.6
Hyundai,Hyundai i40,15000,PLN,Diesel,300000,2011,Manualna,NULL
BMW,BMW Seria 5 520d,13000,PLN,Diesel,288000,2008,Manualna,NULL
Skoda,Skoda Kamiq 1.0 TSI Monte Carlo DSG,121900,PLN,Benzyna,5,2026,Automatyczna,1.0
Hyundai,Hyundai ix20,21500,PLN,Benzyna,169000,2011,Manualna,NULL
Chevrolet,Chevrolet Aveo,14900,PLN,Benzyna,70100,2013,Manualna,NULL
Volkswagen,Volkswagen Arteon 2.0 TSI R-Line DSG,113900,PLN,Benzyna,108000,2020,Automatyczna,2.0
BYD,BYD Dolphin,119900,PLN,Hybryda Plug-in,1,2026,Automatyczna,NULL
Seat,Seat Alhambra 2.0 TDI Ecomotive Style Advanced,62500,PLN,Diesel,237864,2017,Manualna,2.0
Skoda,Skoda Karoq 1.5 TSI ACT Drive DSG,141500,PLN,Benzyna,5,2026,Automatyczna,1.5
Peugeot,Peugeot 2008 1.6 VTi Allure,24999,PLN,Benzyna,120000,2014,Manualna,1.6
Suzuki,Suzuki Jimny,55900,PLN,Benzyna,115000,2014,Manualna,NULL
Volkswagen,Volkswagen Tiguan 2.0 TSI 4Mot Elegance DSG,109899,PLN,Benzyna,98638,2022,Automatyczna,2.0
Audi,Audi A5 Sportback,39500,PLN,Diesel,222589,2010,Automatyczna,NULL
BMW,BMW Seria 4,83000,PLN,Benzyna,87444,2016,Automatyczna,NULL
Kia,Kia XCeed,90000,PLN,Benzyna,23170,2024,Automatyczna,NULL
Volkswagen,Volkswagen T-Cross 1.5 TSI ACT Style DSG,82899,PLN,Benzyna,34899,2022,Automatyczna,1.5
Chrysler,Chrysler Pacifica,102900,PLN,Benzyna,58596,2021,Automatyczna,NULL
Hyundai,Hyundai Tucson,124900,PLN,Benzyna,49017,2023,Automatyczna,NULL
Hyundai,Hyundai i30,19900,PLN,Diesel,241000,2014,Manualna,NULL
Nissan,Nissan Juke 1.0 DIG-T Acenta DCT,79900,PLN,Benzyna,16554,2025,Automatyczna,1.0
Jeep,Jeep Cherokee 3.2 V6 Pentastar Active Drive Lock Autom Trailhawk,67900,PLN,Benzyna,149800,2017,Automatyczna,3.2
Mazda,Mazda CX-30,76500,PLN,Benzyna,144280,2021,Manualna,NULL
Jeep,Jeep Compass 1.2 T3 mHEV Summit FWD DCT,154500,PLN,Benzyna,3,2026,Automatyczna,1.2
Renault,Renault Scenic,22000,PLN,Benzyna,128212,2013,Manualna,NULL
Daihatsu,Daihatsu Terios 4WD Top,26900,PLN,Benzyna+LPG,168736,2007,Manualna,NULL
Renault,Renault Captur 1.0 TCe Intens,53900,PLN,Benzyna,106406,2020,Manualna,1.0
Ford,Ford Edge,69900,PLN,Benzyna,90000,2019,Automatyczna,NULL
Subaru,Subaru Forester,14000,PLN,Benzyna,281647,2004,Automatyczna,NULL
Seat,Seat Toledo,2700,PLN,Benzyna+LPG,327000,2002,Manualna,NULL
Audi,Audi A3 Limousine,44900,PLN,Diesel,92000,2019,Automatyczna,NULL
Renault,Renault Megane 1.5 Blue dCi Zen,14401,PLN,Diesel,197000,2020,Manualna,1.5
Volkswagen,Volkswagen Caddy 4Motion,27900,PLN,Diesel,320000,2016,Manualna,NULL
Ford,Ford Tourneo Connect 1.6 TDCi Trend,25999,PLN,Diesel,210515,2014,Manualna,1.6
Hyundai,Hyundai i30,38999,PLN,Diesel,195449,2018,Manualna,NULL
Kia,Kia Optima,25500,PLN,Diesel,263000,2014,Manualna,NULL
Toyota,Toyota C-HR 1.8 Hybrid Active,59900,PLN,Hybryda,33750,2025,Automatyczna,1.8
Seat,Seat Ibiza 1.4 16V Sport,14900,PLN,Benzyna,175000,2009,Manualna,1.4
Opel,Opel Insignia 2.0 CDTI 4x4 Exclusive S&S,59999,PLN,Diesel,122208,2018,Automatyczna,2.0
Alfa Romeo,Alfa Romeo Tonale 1.5 T4 GSE mHEV Sprint DCT,88900,PLN,Benzyna,40800,2022,Automatyczna,1.5
Nissan,Nissan Qashqai 2.0 Acenta CVT,24900,PLN,Benzyna,191000,2011,Automatyczna,2.0
Skoda,Skoda Superb,149900,PLN,Benzyna,32399,2023,Automatyczna,NULL
Opel,Opel Combo,18999,PLN,Diesel,219022,2013,Manualna,NULL
Ford,Ford S-Max 2.0 Viva Titanium,13800,PLN,Benzyna,236000,2008,Manualna,2.0
Opel,Opel Astra 1.4 Turbo Exklusiv,16500,PLN,Benzyna,209000,2012,Manualna,1.4
Hyundai,Hyundai i30 1.4 Intro Edition,23500,PLN,Benzyna,236000,2013,Manualna,1.4
Opel,Opel Meriva 1.4 T Cosmo,16500,PLN,Benzyna,216000,2011,Manualna,1.4
Mercedes-Benz,Mercedes-Benz SLK,135000,PLN,Benzyna,100000,2013,Automatyczna,NULL
Renault,Renault Scenic 1.6 16V 110 Paris,18700,PLN,Benzyna,150000,2010,Manualna,1.6
Hyundai,Hyundai i30 1.6 Fifa World Cup Edition,24900,PLN,Benzyna,246000,2012,Manualna,1.6
Opel,Opel Zafira 1.4 T Cosmo,24900,PLN,Benzyna,238000,2013,Manualna,1.4
Opel,Opel Astra 1.4 Turbo Edition Sport,16500,PLN,Benzyna,212000,2011,Manualna,1.4
Volvo,Volvo XC 60 T6 AWD Recharge Geartronic Inscription,145900,PLN,Hybryda Plug-in,49999,2021,Automatyczna,NULL
Hyundai,Hyundai i30 1.4 Advantage,23500,PLN,Benzyna,236000,2012,Manualna,1.4
Opel,Opel Astra 1.4 Turbo Color Edition,18700,PLN,Benzyna,212000,2013,Manualna,1.4
Citroën,Citroën C4 Picasso e-HDi 115 Exclusive,23900,PLN,Diesel,214000,2015,Manualna,NULL
Audi,Audi A6 Limousine 40 TDI mHEV S tronic,114900,PLN,Diesel,74999,2022,Automatyczna,NULL
Lexus,Lexus IS Business Edition,59900,PLN,Hybryda,290000,2016,Automatyczna,NULL
Kia,Kia Sportage 2.0 XL,32500,PLN,Benzyna,199999,2010,Manualna,2.0
Hyundai,Hyundai ix35 2.0 Premium,27400,PLN,Benzyna,223000,2010,Manualna,2.0
Chevrolet,Chevrolet Corvette Stingray 2LT 6.2 V8 Automatik,194900,PLN,Benzyna,35000,2015,Automatyczna,6.2
Mercedes-Benz,Mercedes-Benz Klasa C 180 BlueEFFICIENCY 7G-TRONIC Avantgarde,29900,PLN,Benzyna,218000,2011,Automatyczna,NULL
Peugeot,Peugeot 2008 1.6 VTi Allure,28700,PLN,Benzyna,140000,2014,Manualna,1.6
Opel,Opel Insignia 1.4 T Cosmo S&S,18700,PLN,Benzyna,190000,2012,Manualna,1.4
Mazda,Mazda 3,80000,PLN,Benzyna,25000,2022,Automatyczna,NULL
Nissan,Nissan Qashqai,11900,PLN,Diesel,273864,2015,Automatyczna,NULL
Nissan,Nissan Qashqai 1.3 DIG-T Tekna DCT,65900,PLN,Benzyna,98000,2019,Automatyczna,1.3
Peugeot,Peugeot 4007,24900,PLN,Benzyna,180000,2009,Manualna,NULL
Ford,Ford Fiesta,14900,PLN,Benzyna,199999,2010,Manualna,NULL
Jeep,Jeep Renegade 2.0 MultiJet Active Drive Limited Adventure Edition,39900,PLN,Diesel,240000,2014,Manualna,2.0
Renault,Renault Espace Energy TCe 200 EDC Initiale Paris,46500,PLN,Benzyna,235000,2015,Automatyczna,NULL
Ford,Ford C-MAX 2.0 TDCi Start-Stop-System Titanium,34000,PLN,Diesel,232000,2016,Manualna,2.0
Renault,Renault Grand Scenic Gr 2.0 16V Privilege,11500,PLN,Benzyna,245000,2008,Manualna,2.0
Kia,Kia Sportage 1.6 GDI 2WD Spirit,34400,PLN,Benzyna,235000,2015,Manualna,1.6
Seat,Seat Leon 1.4 TSI FR Black S&S,44900,PLN,Benzyna,135000,2016,Manualna,1.4
Opel,Opel Astra 1.4 T Cosmo,17500,PLN,Benzyna,198000,2010,Manualna,1.4
BMW,BMW Seria 5 540i xDrive,107000,PLN,Benzyna,152000,2019,Automatyczna,NULL
Ford,Ford C-MAX 1.8 Black Magic,13900,PLN,Benzyna,224000,2008,Manualna,1.8
Opel,Opel Astra 1.4 T 2020 S&S,33300,PLN,Benzyna,230000,2020,Automatyczna,1.4
Cupra,Cupra Formentor 1.5 TSI DSG,87999,PLN,Benzyna,108910,2023,Automatyczna,1.5
Nissan,Nissan Juke 1.6 Tekna,24300,PLN,Benzyna,180000,2011,Manualna,1.6
Renault,Renault Megane TCe 180 Luxe,18700,PLN,Benzyna,223000,2009,Manualna,NULL
Kia,Kia Sportage 1.6 GDI XL 2WD,29900,PLN,Benzyna,223000,2012,Manualna,1.6
Volvo,Volvo XC 60 D4 AWD Momentum,109900,PLN,Diesel,144528,2020,Automatyczna,NULL
Volvo,Volvo S90 D5 AWD Inscription,89900,PLN,Diesel,239700,2022,Automatyczna,NULL
Citroën,Citroën C4 Grand Picasso THP 155 Seduction,18900,PLN,Benzyna,202000,2013,Manualna,NULL
Dacia,Dacia Sandero Stepway,22999,PLN,Benzyna,100449,2016,Manualna,NULL
Peugeot,Peugeot 307 1.6 HDi,3900,PLN,Diesel,294235,2005,Manualna,1.6
Kia,Kia Sportage 1.6 GDI Business Line 2WD,69900,PLN,Benzyna,43000,2018,Manualna,1.6
Toyota,Toyota Prius,21999,PLN,Hybryda,371000,2010,Automatyczna,NULL
Chevrolet,Chevrolet Nubira,7500,PLN,Benzyna,183314,2006,Manualna,NULL
Volvo,Volvo XC 90 D5 SCR AWD Inscription 7os,150000,PLN,Diesel,110673,2018,Automatyczna,NULL
Volvo,Volvo V60 B3 B Geartronic RDesign,82222,PLN,Benzyna,137959,2020,Automatyczna,NULL
Mercedes-Benz,Mercedes-Benz Klasa A 180 AMG Line 7G-DCT,99900,PLN,Benzyna,157286,2023,Automatyczna,NULL
Mercedes-Benz,Mercedes-Benz GLC 200 d 4Matic 9G-TRONIC AMG Line Plus,136999,PLN,Diesel,179000,2020,Automatyczna,NULL
Volvo,Volvo XC 40 T2 Momentum,71111,PLN,Benzyna,146630,2020,Manualna,NULL
Volkswagen,Volkswagen Arteon Shooting Brake 2.0 TDI Elegance DSG,97999,PLN,Diesel,137994,2021,Automatyczna,2.0
Hyundai,Hyundai Tucson 1.6 CRDi 48V Premium 2WD DCT,73333,PLN,Diesel,180500,2021,Automatyczna,1.6
Volvo,Volvo XC 40 T2 Plus Dark,78888,PLN,Benzyna,188000,2022,Automatyczna,NULL
Audi,Audi Q5 35 TDI S tronic S line,89900,PLN,Diesel,176591,2020,Automatyczna,NULL
Volvo,Volvo S60 B4 B Plus Bright,119900,PLN,Benzyna,29999,2024,Automatyczna,NULL
Volvo,Volvo XC 60 B5 B AWD Inscription,134900,PLN,Benzyna,116356,2021,Automatyczna,NULL
Volvo,Volvo V60 B3 B Geartronic RDesign,83999,PLN,Benzyna,180000,2022,Automatyczna,NULL
Nissan,Nissan Qashqai 1.3 DIG-T MHEV Tekna,82999,PLN,Benzyna,91814,2023,Manualna,1.3
Ford,Ford Fiesta 1.5 EcoBoost ST3 ASS,54999,PLN,Benzyna,146500,2018,Manualna,1.5
Mazda,Mazda 6 2.0 Skypassion I-ELoop,59000,PLN,Benzyna,249000,2017,Manualna,2.0
Kia,Kia Sportage,33990,PLN,Benzyna,200000,2012,Automatyczna,NULL
Audi,Audi A4 Limousine,99990,PLN,Diesel,116000,2021,Automatyczna,NULL
Audi,Audi A1 3-drzwiowe 1.2 TFSI admired,25800,PLN,Benzyna,173000,2014,Manualna,1.2
Ford,Ford Mondeo 2.0 TDCi Titanium PowerShift,40000,PLN,Diesel,169400,2015,Automatyczna,2.0
Audi,Audi Q5 2.0 TDI Quattro Stronic,49990,PLN,Diesel,182000,2011,Automatyczna,2.0
Kia,Kia Picanto 1.0 Dream-Team Edition,32990,PLN,Benzyna,64380,2017,Manualna,1.0
Citroën,Citroën Berlingo Multispace PureTech 110 SELECTION,29990,PLN,Benzyna,99000,2017,Manualna,NULL
Opel,Opel Astra 1.4 Turbo Start/Stop Automatik Innovation,34990,PLN,Benzyna,200000,2017,Automatyczna,1.4
Opel,Opel Insignia 1.5 Direct InjectionTurbo Innovation,49990,PLN,Benzyna,128000,2017,Manualna,1.5
Ford,Ford B-MAX 1.0 EcoBoost Titanium,18990,PLN,Benzyna,179346,2014,Manualna,1.0
Opel,Opel Astra 1.6 D (CDTI) Innovation,32990,PLN,Diesel,143000,2016,Manualna,1.6
BMW,BMW Seria 1 118i Sport Line,18900,PLN,Benzyna,254000,2012,Manualna,NULL
Ford,Ford C-MAX 1.0 EcoBoost Edition ASS,15990,PLN,Benzyna,197349,2014,Manualna,1.0
Ford,Ford B-MAX 1.0 EcoBoost Titanium,18990,PLN,Benzyna,179000,2017,Manualna,1.0
Nissan,Nissan Qashqai 1.6 dCi 4x4 Acenta S&S,49990,PLN,Diesel,150000,2017,Manualna,1.6
Seat,Seat Leon 1.8 TSI FR,24990,PLN,Benzyna,166000,2012,Manualna,1.8
Opel,Opel Astra 1.6 D (CDTI) Start/Stop Business,32990,PLN,Diesel,179000,2016,Manualna,1.6
Skoda,Skoda Kodiaq 1.5 TSI ACT 4x4 DSG Style,87900,PLN,Benzyna,125000,2019,Automatyczna,1.5
BMW,BMW Seria 3,56000,PLN,Benzyna,182000,2013,Automatyczna,NULL
Toyota,Toyota RAV4 2.5 Hybrid Executive 4x4,31000,PLN,Hybryda,94000,2021,Automatyczna,2.5
Kia,Kia Rio 1.1 crdi M,17000,PLN,Diesel,217000,2016,Manualna,1.1
Mercedes-Benz,Mercedes-Benz Klasa C 160 9G-TRONIC,68900,PLN,Benzyna,156998,2017,Automatyczna,NULL
Mitsubishi,Mitsubishi L200 Pick Up 4x4 S&S Double Cab Basis,91000,PLN,Diesel,106000,2020,Manualna,NULL
Kia,Kia Sportage 1.6 GDI 2WD ISG Edition 7,45900,PLN,Benzyna,85551,2015,Manualna,1.6
BMW,BMW Seria 3,7500,PLN,Diesel,380000,2006,Manualna,NULL
Chevrolet,Chevrolet Spark 1.2 LT+,14900,PLN,Benzyna,98000,2012,Manualna,1.2
Honda,Honda CR-V,41900,PLN,Hybryda,70000,2020,Automatyczna,NULL
Jeep,Jeep Grand Cherokee 3.0 CRD Automatik Overland,37000,PLN,Diesel,248000,2007,Automatyczna,3.0
Nissan,Nissan X-Trail 1.6 DIG-T Visia 2WD,53000,PLN,Benzyna,77000,2016,Manualna,1.6
Suzuki,Suzuki SX4 S-Cross 1.6 DDiS Allgrip Comfort,36900,PLN,Diesel,198000,2014,Manualna,1.6
Mazda,Mazda 2 SKYACTIV-G 90 Center-Line,42500,PLN,Benzyna,114739,2023,Manualna,NULL
Hyundai,Hyundai i30,45900,PLN,Diesel,190000,2021,Manualna,NULL
Audi,Audi A3 Sportback,149900,PLN,Hybryda Plug-in,11800,2023,Automatyczna,NULL
Mazda,Mazda CX-5 SKYACTIV-G 165 Exclusive-Line,59900,PLN,Benzyna,213276,2019,Manualna,NULL
Volkswagen,Volkswagen Golf 2.0 TDI SCR DSG Life,79900,PLN,Diesel,82000,2021,Automatyczna,2.0
Peugeot,Peugeot 308 PureTech 110 Stop & Start Style,36900,PLN,Benzyna,64238,2018,Manualna,NULL
Citroën,Citroën C4 Picasso,28900,PLN,Diesel,226000,2014,Automatyczna,NULL
Maserati,Maserati Quattroporte Sport GT Automatica,66600,PLN,Benzyna,105189,2007,Automatyczna,NULL
Volkswagen,Volkswagen Tiguan,39690,PLN,Diesel,190600,2012,Automatyczna,NULL
Ford,Ford Focus 1.6 Titanium,7900,PLN,Benzyna,196748,2008,Manualna,1.6
Skoda,Skoda Octavia 1.6 TDI Drive,36700,PLN,Diesel,202000,2017,Manualna,1.6
BMW,BMW Seria 1,31900,PLN,Diesel,174000,2015,Manualna,NULL
BMW,BMW X5,24900,PLN,Diesel,298000,2003,Automatyczna,NULL
Toyota,Toyota RAV4,76700,PLN,Hybryda,123000,2018,Automatyczna,NULL
Citroën,Citroën C3 1.2 PureTech Selection Elite,29900,PLN,Benzyna,123000,2018,Manualna,1.2
Mercedes-Benz,Mercedes-Benz Klasa C 200 Kompressor Avantgarde,9800,PLN,Benzyna,209393,2001,Manualna,NULL
Volkswagen,Volkswagen Golf,16800,PLN,Benzyna,199000,1990,Automatyczna,NULL
Ford,Ford Focus 2.0 EcoBoost ST,72000,PLN,Benzyna,97000,2018,Manualna,2.0
Renault,Renault Megane 1.4 Expression,8600,PLN,Benzyna,160000,2001,Manualna,1.4
Volkswagen,Volkswagen Golf 2.0 TDI Comfortline,20500,PLN,Diesel,298451,2009,Manualna,2.0
Opel,Opel Mokka 1.2 DI Turbo Edition,59900,PLN,Benzyna,57300,2021,Manualna,1.2
BMW,BMW Seria 3 320d xDrive DPF Edition Lifestyle,23500,PLN,Diesel,327196,2011,Manualna,NULL
Hyundai,Hyundai i30 1.5 DPI Modern,49900,PLN,Benzyna,129500,2022,Manualna,1.5
Peugeot,Peugeot 508 RXH BlueHDi 180 EAT6 Stop&Start,44400,PLN,Diesel,151000,2016,Automatyczna,NULL
Chevrolet,Chevrolet Camaro 3.6 V6 Coupe 2LT,86500,PLN,Benzyna,79497,2016,Automatyczna,3.6
Toyota,Toyota RAV4 2.0 D-4D Style 4x2,44500,PLN,Diesel,260000,2015,Manualna,2.0
Fiat,Fiat Uno 899,9000,PLN,Benzyna,83491,2000,Manualna,NULL
Honda,Honda Jazz 1.4 S,4500,PLN,Benzyna,255000,2002,Manualna,1.4
Porsche,Porsche Cayenne E-Hybrid Tiptronic S,385000,PLN,Hybryda Plug-in,40000,2023,Automatyczna,NULL
BMW,BMW X3,66900,PLN,Diesel,225000,2015,Automatyczna,NULL
Suzuki,Suzuki Grand Vitara,11800,PLN,Benzyna+LPG,379720,2011,Manualna,NULL
Peugeot,Peugeot 207,2900,PLN,Benzyna,369500,2007,Manualna,NULL
Opel,Opel Astra 1.6 Turbo Innovation,22900,PLN,Benzyna,161000,2012,Manualna,1.6
Renault,Renault Megane,19900,PLN,Benzyna,156000,2013,Manualna,NULL
Audi,Audi A4 Avant 1.4 TFSI S tronic,57900,PLN,Benzyna,170000,2018,Automatyczna,1.4
Seat,Seat Leon 2.0 TDI FR S&S,29999,PLN,Diesel,296000,2014,Manualna,2.0
Opel,Opel Corsa,8500,PLN,Benzyna,235617,2007,Manualna,NULL
Opel,"Opel Vivaro L2H1 2,9t Edition Premium",39900,PLN,Diesel,357000,2018,Manualna,NULL
Seat,Seat Leon 2.0 TDI DSG Road Edition,55900,PLN,Diesel,198870,2021,Automatyczna,2.0
Citroën,Citroën C4 Picasso 1.6 HDi Equilibre Navi Pack MCP,10900,PLN,Diesel,236000,2011,Automatyczna,1.6
Renault,Renault Captur 0.9 Energy TCe Limited,39500,PLN,Benzyna,38000,2015,Manualna,0.9
Volkswagen,Volkswagen up! Active,38900,PLN,Benzyna,23229,2023,Manualna,NULL
Suzuki,Suzuki SX4 1.6 VVT 4x2 Comfort,17900,PLN,Benzyna,224947,2010,Manualna,1.6
Mercedes-Benz,Mercedes-Benz Klasa E 350 4-Matic BlueEff Elegance,39900,PLN,Benzyna,196000,2012,Automatyczna,NULL
Audi,Audi A3 Sportback 2.0 TDI S tronic,59000,PLN,Diesel,155000,2017,Automatyczna,2.0
Seat,Seat Leon,8200,PLN,Diesel,261200,2005,Manualna,NULL
BMW,BMW Seria 7,409500,PLN,Diesel,43025,2023,Automatyczna,NULL
Hyundai,Hyundai Kona 1.0 T-GDI EDITION 30+,44900,PLN,Benzyna,148000,2019,Manualna,1.0
Mercedes-Benz,Mercedes-Benz GLA AMG 45 4-Matic,87000,PLN,Benzyna,73000,2016,Automatyczna,NULL
BMW,BMW Seria 5,29700,PLN,Benzyna,80011,2000,Automatyczna,NULL
Citroën,Citroën C4,6500,PLN,Benzyna+LPG,217,2010,Manualna,NULL
Mazda,Mazda 3 2.0 mHEV Enso,122000,PLN,Benzyna,30130,2023,Automatyczna,2.0
Kia,Kia XCeed 1.5 T-GDI M,71990,PLN,Benzyna,36000,2021,Manualna,1.5
Audi,Audi A4 Limousine 2.0 TFSI S tronic,75000,PLN,Benzyna,165000,2017,Automatyczna,2.0
BMW,BMW X5,19500,PLN,Diesel,191000,2010,Automatyczna,NULL
Volkswagen,Volkswagen Jetta 2.0 TDI DPF BMT Comfortline,28000,PLN,Diesel,227928,2016,Manualna,2.0
Volkswagen,Volkswagen Passat,76900,PLN,Diesel,147900,2019,Manualna,NULL
Volkswagen,Volkswagen Passat 2.0 Blue TDI DSG SCR Highline,13400,PLN,Diesel,297000,2013,Automatyczna,2.0
Jeep,Jeep Wrangler,66900,PLN,Benzyna,160000,2013,Manualna,NULL
Opel,Opel Insignia 2.0 CDTI Edition 4x4,28500,PLN,Diesel,227600,2017,Automatyczna,2.0
Skoda,Skoda Superb 2.0 TSI 4x4 Style DSG,95000,PLN,Benzyna,148000,2021,Automatyczna,2.0
Hyundai,Hyundai i10 1.0 GO,19900,PLN,Benzyna,161000,2015,Manualna,1.0
Seat,Seat Leon 2.0 TDI FR S&S DSG EU6,45554,PLN,Diesel,235321,2018,Automatyczna,2.0
Ford,Ford Tourneo Custom,135900,PLN,Diesel,141000,2021,Automatyczna,NULL
Volvo,Volvo V90 D4 AWD Geartronic Momentum Pro,134000,PLN,Diesel,161000,2019,Automatyczna,NULL
Suzuki,Suzuki Grand Vitara,53999,PLN,Benzyna,120000,2013,Manualna,NULL
Suzuki,Suzuki Ignis,49999,PLN,Benzyna,130000,2017,Manualna,NULL
Suzuki,Suzuki SX4 S-Cross,59999,PLN,Benzyna,90000,2017,Manualna,NULL
Honda,Honda Insight 1.3 IMA Comfort,34000,PLN,Hybryda,124066,2010,Automatyczna,1.3
Hyundai,Hyundai i10,22500,PLN,Benzyna,118000,2014,Manualna,NULL
Seat,Seat Leon 1.8 TSI Start&Stop DSG FR,34800,PLN,Benzyna,200000,2013,Automatyczna,1.8
Volkswagen,Volkswagen Passat 2.0 TDI Highline,21000,PLN,Diesel,302255,2012,Manualna,2.0
Ford,Ford Ranger Raptor,263500,PLN,Diesel,1500,2025,Automatyczna,NULL
Opel,Opel Insignia 1.8 Cosmo,13500,PLN,Benzyna+LPG,255000,2009,Manualna,1.8
Suzuki,Suzuki SX4 S-Cross,37900,PLN,Diesel,134000,2014,Manualna,NULL
Audi,Audi A4 Limousine,30000,PLN,Diesel,340000,2011,Manualna,NULL
Cupra,Cupra Formentor,99999,PLN,Benzyna,90118,2022,Automatyczna,NULL
Peugeot,Peugeot 2008 1.2 Pure Tech GPF Active S&S,52900,PLN,Benzyna,103651,2020,Manualna,1.2
Infiniti,Infiniti FX FX35 AWD,55999,PLN,Benzyna,192500,2012,Automatyczna,NULL
Audi,Audi A6 Avant 40 TDI S tronic sport,99900,PLN,Diesel,168885,2019,Automatyczna,NULL
BMW,BMW Seria 5 530d xDrive M Sport sport,105000,PLN,Diesel,200000,2018,Automatyczna,NULL
Mercedes-Benz,Mercedes-Benz Klasa E 400 d 4-Matic 9G-TRONIC,115900,PLN,Diesel,168000,2019,Automatyczna,NULL
BMW,BMW Seria 4 430i xDrive Sport-Aut Sport Line,74500,PLN,Benzyna,154000,2017,Automatyczna,NULL
Fiat,Fiat Bravo,8900,PLN,Diesel,285900,2007,Manualna,NULL
Mercedes-Benz,Mercedes-Benz Klasa S 350 d 4-Matic L 9G-TRONIC,165000,PLN,Diesel,148500,2016,Automatyczna,NULL
Opel,Opel Astra 1.4 T Cosmo,19900,PLN,Benzyna,179000,2012,Manualna,1.4
Volkswagen,Volkswagen Golf,2300,PLN,Benzyna,291240,1998,Manualna,NULL
Hyundai,Hyundai i10 1.0 AMT Trend,55000,PLN,Benzyna,6700,2025,Automatyczna,1.0
Citroën,Citroën C4 Cactus,29700,PLN,Benzyna,98000,2017,Automatyczna,NULL
Alfa Romeo,Alfa Romeo 147 2.0 Twin Spark Distinctive,11900,PLN,Benzyna+LPG,154192,2006,Manualna,2.0
Citroën,Citroën C3 Aircross PureTech 110 Stop & Start OPF ORIGINS,44000,PLN,Benzyna,69465,2019,Manualna,NULL
Hyundai,Hyundai i40,25900,PLN,Diesel,164000,2013,Automatyczna,NULL
Opel,Opel Corsa 1.2 Edition Business Pack S&S,42700,PLN,Benzyna,25000,2021,Manualna,1.2
Peugeot,Peugeot 308 BlueHDi 150 Stop & Start GT-Line Edition,19900,PLN,Diesel,308000,2016,Manualna,NULL
Honda,Honda CR-V,24900,PLN,Diesel,292000,2008,Manualna,NULL
Audi,Audi A4 Limousine,48999,PLN,Benzyna,189271,2013,Automatyczna,NULL
Opel,Opel Zafira 2.0 CDTI Cosmo EcoFLEX S&S,16900,PLN,Diesel,280000,2012,Manualna,2.0
Audi,Audi A6 Avant 2.0 TDI ultra S tronic,62000,PLN,Diesel,197500,2015,Automatyczna,2.0
Opel,Opel Mokka 1.4 T Cosmo,39900,PLN,Benzyna,124000,2015,Automatyczna,1.4
Ford,Ford EcoSport 1.0 EcoBoost Navi Edition ASS,41850,PLN,Benzyna,50000,2018,Manualna,1.0
Toyota,Toyota Corolla 1.6 Active,28500,PLN,Benzyna+LPG,370000,2018,Manualna,1.6
Dacia,Dacia Sandero 0.9 TCe Laureate S&S EU6,29950,PLN,Benzyna,110000,2017,Manualna,0.9
Mercedes-Benz,Mercedes-Benz GLC 220 d 4Matic 9G-TRONIC Edition Avantgarde,226320,PLN,Diesel,1800,2025,Automatyczna,NULL
Toyota,Toyota Aygo,7500,PLN,Benzyna,189000,2012,Manualna,NULL
Toyota,Toyota Prius 1.5 VVT-i Sol,14200,PLN,Benzyna+LPG,390000,2006,Automatyczna,1.5
Alfa Romeo,Alfa Romeo Stelvio 2.9 V6 Bi-Turbo Quadrifoglio Q4,288000,PLN,Benzyna,28765,2021,Automatyczna,2.9
Ford,Ford Focus 1.6 TDCi ECOnetic 88g Start-Stopp-System Trend,15800,PLN,Diesel,210000,2013,Manualna,1.6
Volkswagen,Volkswagen Scirocco 1.4 TSI,23000,PLN,Benzyna,182825,2009,Manualna,1.4
Renault,Renault Austral,75900,PLN,Benzyna,167000,2023,Automatyczna,NULL
Peugeot,Peugeot 2008 PureTech 130 Stop&Start GT-Line Edition,55900,PLN,Benzyna,142085,2022,Manualna,NULL
Skoda,Skoda Kamiq,57999,PLN,Benzyna,144793,2022,Automatyczna,NULL
BMW,BMW Seria 1,59999,PLN,Benzyna,112000,2019,Automatyczna,NULL
Audi,Audi A6 Avant,99500,PLN,Diesel,198000,2019,Automatyczna,NULL
Volkswagen,Volkswagen Golf 2.0 TSI 4Motion R DSG,186800,PLN,Benzyna,1,2026,Automatyczna,2.0
BMW,BMW Seria 3 M340i xDrive,198000,PLN,Benzyna,43000,2023,Automatyczna,NULL
Renault,Renault Laguna,19800,PLN,Benzyna,198000,2008,Manualna,NULL
Mercedes-Benz,Mercedes-Benz GLE 300 d 4-Matic,156900,PLN,Diesel,235000,2020,Automatyczna,NULL
Renault,Renault Captur 1.2 Energy TCe Zen,40900,PLN,Benzyna,115000,2017,Manualna,1.2
Opel,Opel Combo 1.4 L1H1 Edition,19900,PLN,Benzyna,181000,2012,Manualna,1.4
Toyota,Toyota RAV4 Hybrid Prestige 4x4,83800,PLN,Hybryda,139960,2016,Automatyczna,NULL
Volvo,Volvo S80 2.0D Momentum,16200,PLN,Diesel,330000,2009,Manualna,2.0
Skoda,Skoda RAPID,19900,PLN,Diesel,187000,2017,Manualna,NULL
Kia,Kia Stonic 1.4 L,49900,PLN,Benzyna+LPG,136488,2019,Manualna,1.4
Volkswagen,Volkswagen Passat,37000,PLN,Diesel,318000,2015,Manualna,NULL
Mercedes-Benz,Mercedes-Benz Klasa S,490000,PLN,Benzyna,76839,2019,Automatyczna,NULL
Ford,Ford Fiesta,10000,PLN,Benzyna,240000,2005,Manualna,NULL
Audi,Audi A5 Sportback 2.0 TDI S tronic design,74500,PLN,Diesel,211853,2017,Automatyczna,2.0
Peugeot,Peugeot 3008 BlueHDi 130 Stop & Start Allure Business-Paket,78800,PLN,Diesel,108120,2022,Manualna,NULL
Peugeot,Peugeot 3008 BlueHDi 130 Stop & Start EAT8 GT,79900,PLN,Diesel,155996,2022,Automatyczna,NULL
Volvo,Volvo V90 B4 D Geartronic Momentum Pro,69900,PLN,Diesel,179999,2020,Automatyczna,NULL
Toyota,Toyota Verso,14999,PLN,Diesel,183000,2011,Manualna,NULL
Skoda,Skoda Octavia,58500,PLN,Benzyna,10337,2025,Automatyczna,NULL
Toyota,Toyota Prius,18400,PLN,Hybryda,301000,2011,Automatyczna,NULL
BMW,BMW Seria 5 520d,17900,PLN,Diesel,400000,2011,Automatyczna,NULL
BMW,BMW Seria 5 520i GPF Luxury Line sport,109900,PLN,Benzyna,150000,2023,Automatyczna,NULL
Audi,Audi A3 Sportback,11800,PLN,Benzyna,303000,2006,Manualna,NULL
Mercedes-Benz,Mercedes-Benz Klasa C 200 mHEV 4-Matic AMG,149900,PLN,Benzyna,74350,2021,Automatyczna,NULL
Opel,Opel Vivaro,50999,PLN,Diesel,171999,2015,Manualna,NULL
BMW,BMW Seria 5 525d Sport-Aut Luxury Line,65900,PLN,Diesel,133500,2015,Automatyczna,NULL
Kia,Kia Ceed 1.6 CRDi DCT GT Line,54999,PLN,Diesel,189675,2019,Automatyczna,1.6
Kia,Kia Ceed,24800,PLN,Benzyna,235000,2012,Manualna,NULL
Hyundai,Hyundai Kona 1.6 T-GDI Premium N Line 4WD DCT,98800,PLN,Benzyna,51300,2023,Automatyczna,1.6
Audi,Audi A6 Avant,16000,PLN,Benzyna,223000,2009,Manualna,NULL
Seat,Seat Leon Sportstourer 2.0 TDI DPF DSG FR,43999,PLN,Diesel,214897,2016,Automatyczna,2.0
Skoda,Skoda Kamiq,82500,PLN,Benzyna,32600,2023,Automatyczna,NULL
Suzuki,Suzuki Vitara,35999,PLN,Diesel,239543,2015,Manualna,NULL
Suzuki,Suzuki Samurai 1.3 JX,12999,PLN,Benzyna,17154,1988,Manualna,1.3
BMW,BMW iX3,386900,PLN,Elektryczny,4000,2026,Automatyczna,NULL
Ford,Ford Focus 1.5 EcoBlue Start-Stopp-System ACTIVE DESIGN,38900,PLN,Diesel,223494,2019,Manualna,1.5
Opel,Opel Mokka,39800,PLN,Benzyna,87000,2015,Manualna,NULL
Ford,Ford Mondeo,37500,PLN,Diesel,150000,2015,Manualna,NULL
BMW,BMW Seria 5 520d xDrive M Sport Edition,119900,PLN,Diesel,177594,2022,Automatyczna,NULL
Skoda,Skoda Yeti 1.6 TDI GreenLine,18900,PLN,Diesel,183105,2013,Manualna,1.6
Fiat,Fiat Tipo 1.0 T3 City,41900,PLN,Benzyna,83819,2022,Manualna,1.0
Toyota,Toyota Corolla 1.5 Comfort,61900,PLN,Benzyna,82074,2022,Manualna,1.5
Skoda,Skoda Karoq 1.5 TSI ACT Ambition DSG,77900,PLN,Benzyna,125441,2021,Automatyczna,1.5
Opel,Opel Astra 1.2 T Business Edition S&S,39900,PLN,Benzyna,85100,2021,Manualna,1.2
Seat,Seat Arona,84900,PLN,Benzyna,10,2024,Manualna,NULL
Volkswagen,Volkswagen Golf 1.6 Comfortline,4700,PLN,Benzyna,289426,2002,Manualna,1.6
Opel,Opel Astra 1.4 Turbo Innovation,37000,PLN,Benzyna,98000,2015,Manualna,1.4
Toyota,Toyota Corolla Cross 2.0 Hybrid Comfort,104900,PLN,Hybryda,71840,2023,Automatyczna,2.0
Volvo,Volvo V60,128900,PLN,Benzyna,51005,2025,Automatyczna,NULL
Tesla,Tesla Model 3,88999,PLN,Elektryczny,120661,2020,Automatyczna,NULL
Renault,Renault Espace 1.8 TCe Energy Initiale Paris EDC,69900,PLN,Benzyna,190000,2018,Automatyczna,1.8
Audi,Audi A5 Avant TFSI mHEV 200 kW Quattro S tronic,317800,PLN,Benzyna,1,2026,Automatyczna,NULL
Volkswagen,Volkswagen Tayron,169900,PLN,Diesel,36477,2025,Automatyczna,NULL
Volvo,Volvo XC 60,225900,PLN,Benzyna,18304,2025,Automatyczna,NULL
Volkswagen,Volkswagen Arteon Shooting Brake,139900,PLN,Diesel,67094,2022,Automatyczna,NULL
Volvo,Volvo V60,188900,PLN,Hybryda Plug-in,43669,2025,Automatyczna,NULL
BMW,BMW Seria 2,199000,PLN,Benzyna,1000,2026,Automatyczna,NULL
Fiat,Fiat Freemont,34000,PLN,Diesel,171000,2014,Automatyczna,NULL
Mitsubishi,Mitsubishi ASX 1.6 DID Invite 4WD AS&G,40000,PLN,Diesel,140845,2015,Manualna,1.6
Suzuki,Suzuki Grand Vitara 1.6,39900,PLN,Benzyna,46579,2008,Manualna,1.6
Renault,Renault Clio 1.2 16V 75 LIMITED,27900,PLN,Benzyna,119000,2015,Manualna,1.2
Fiat,Fiat Tipo,25000,PLN,Benzyna,131279,2017,Manualna,NULL
Opel,Opel Astra,36500,PLN,Benzyna,146000,2015,Manualna,NULL
Citroën,Citroën C4 1.6 16V VTR,2500,PLN,Benzyna+LPG,291323,2006,Manualna,1.6
Opel,Opel Astra 1.6 CDTI Essentia,22700,PLN,Diesel,239000,2016,Manualna,1.6
Volkswagen,Volkswagen Fox 1.2,5990,PLN,Benzyna,189000,2011,Manualna,1.2
BMW,BMW X3 xDrive30d mHEV sport,149999,PLN,Diesel,175000,2022,Automatyczna,NULL
Renault,Renault Scenic ENERGY dCi 110 EDC INTENS,45999,PLN,Diesel,115000,2017,Automatyczna,NULL
Skoda,Skoda Octavia 1.5 TSI Exclusive,69999,PLN,Benzyna,156000,2021,Manualna,1.5
Volkswagen,Volkswagen Tayron 2.0 TDI SCR 4Mot Elegance DSG,229500,PLN,Diesel,1,2026,Automatyczna,2.0
Volkswagen,Volkswagen Tayron 2.0 TSI 4Mot R-Line Plus DSG,262500,PLN,Benzyna,1,2026,Automatyczna,2.0
Kia,Kia Sportage,106000,PLN,Benzyna,50500,2022,Automatyczna,NULL
Audi,Audi S6 Avant TDI mHEV Quattro Tiptronic,292184,PLN,Diesel,122000,2023,Automatyczna,NULL
Audi,Audi A3 Sportback 1.9 TDI Ambiente,3490,PLN,Diesel,319000,2003,Manualna,1.9
Ford,Ford Edge,41900,PLN,Benzyna,131315,2019,Automatyczna,NULL
Peugeot,Peugeot 208 1.4 HDi Business Line,9980,PLN,Diesel,219000,2014,Manualna,1.4
Mercedes-Benz,Mercedes-Benz W124 (1984-1993),43900,PLN,Benzyna,215000,1988,Automatyczna,NULL
Volkswagen,Volkswagen Corrado,47900,PLN,Benzyna,129000,1989,Manualna,NULL
Citroën,Citroën DS3 HDi 110 FAP SportChic,21900,PLN,Diesel,150000,2010,Manualna,NULL
BMW,BMW M3 Competition xDrive sport,506100,PLN,Benzyna,1,2026,Automatyczna,NULL
BMW,BMW Seria 2 218d Sport-Aut Sport Line,43999,PLN,Diesel,165000,2016,Automatyczna,NULL
Seat,Seat Ibiza SC 1.4 16V Entry,3500,PLN,Benzyna,178000,2007,Manualna,1.4
Mazda,Mazda 3 2.0 Skymotion EU6,59900,PLN,Benzyna,168000,2020,Manualna,2.0
Renault,Renault Scenic 2.0 16V Privilege,9000,PLN,Benzyna+LPG,311000,2008,Manualna,2.0
MINI,MINI Cooper S,67500,PLN,Benzyna,79000,2016,Automatyczna,NULL
Ford,Ford Focus 1.0 EcoBoost Titanium,28700,PLN,Benzyna,130000,2015,Manualna,1.0
Ford,Ford B-MAX 1.0 EcoBoost Titanium,24999,PLN,Benzyna,79900,2012,Manualna,1.0
Maserati,Maserati Grecale,379000,PLN,Benzyna,8,2026,Automatyczna,NULL
BMW,BMW X2 sDrive20d mHEV,245600,PLN,Diesel,5,2026,Automatyczna,NULL
Peugeot,Peugeot 3008 1.6 PureTech GPF GT Line S&S EAT8,74999,PLN,Benzyna,120000,2018,Automatyczna,1.6
Seat,Seat Leon 2.0 TDI FR S&S DSG,69999,PLN,Diesel,156000,2021,Automatyczna,2.0
Volkswagen,Volkswagen Passat 1.4 TSI ACT (BlueMotion Technology) Comfortline,33500,PLN,Benzyna,132846,2018,Manualna,1.4
BMW,BMW i4 80.7kWh eDrive 35 M Sport,179900,PLN,Elektryczny,10800,2023,Automatyczna,0.7
Nissan,Nissan Qashqai 1.3 DIG-T MHEV N-Design,78700,PLN,Benzyna,107385,2022,Manualna,1.3
Volvo,Volvo XC 40,119850,PLN,Hybryda,98049,2021,Automatyczna,NULL
Peugeot,Peugeot 206,2600,PLN,Benzyna+LPG,350400,2003,Manualna,NULL
Renault,Renault Laguna 2.0 Bose Edition,29900,PLN,Benzyna+LPG,186600,2012,Manualna,2.0
Toyota,Toyota Corolla 1.5 Style,89850,PLN,Benzyna,8625,2024,Manualna,1.5
Mercedes-Benz,Mercedes-Benz Klasa C 250 CGI Automatik BlueEFFICIENCY Avantgarde,21900,PLN,Benzyna,195000,2009,Automatyczna,NULL
Ford,Ford C-MAX 1.0 EcoBoost Start-Stopp-System Champions Edition,18500,PLN,Benzyna,147000,2013,Manualna,1.0
Audi,Audi Q2 1.6 TDI S tronic sport,62500,PLN,Diesel,198700,2018,Automatyczna,1.6
Volkswagen,Volkswagen Golf Variant 1.4 TSI Exclusive,16900,PLN,Benzyna,195000,2011,Manualna,1.4
Ford,Ford Mondeo 2.0 T Titanium S MPS6,16900,PLN,Benzyna,212000,2010,Automatyczna,2.0
Volvo,Volvo XC 60 DRIVe R Design,35000,PLN,Diesel,229000,2010,Manualna,NULL
Volkswagen,Volkswagen Tiguan 2.0 TDI BMT SCR Comfortline,68000,PLN,Diesel,80200,2016,Manualna,2.0
BMW,BMW X4 xDrive35d xLine,68000,PLN,Diesel,262480,2015,Automatyczna,NULL
Toyota,Toyota C-HR 2.0 Hybrid Dynamic Force GR Sport AWD,179850,PLN,Hybryda,1356,2025,Automatyczna,2.0
Opel,Opel Astra 2.0 CDTI DPF Cosmo,10500,PLN,Diesel,249300,2011,Manualna,2.0
Jeep,Jeep Avenger,89900,PLN,Benzyna,52334,2024,Automatyczna,NULL
Audi,Audi A4 Allroad 2.0 TDI Quattro S tronic,68500,PLN,Diesel,278000,2017,Automatyczna,2.0
Renault,Renault Captur 1.5 dCi Energy Intens,39000,PLN,Diesel,91000,2017,Manualna,1.5
BMW,BMW M5,219000,PLN,Benzyna,84500,2019,Automatyczna,NULL
Suzuki,Suzuki Jimny,23500,PLN,Diesel,139354,2004,Manualna,NULL
Nissan,Nissan Juke 1.0 DIG-T N-Connecta,59900,PLN,Benzyna,77000,2020,Manualna,1.0
Opel,Opel Corsa 1.2 16V Color Edition,8900,PLN,Benzyna,179000,2011,Manualna,1.2
Opel,Opel Astra 1.4 T Elite,39950,PLN,Benzyna,142000,2017,Manualna,1.4
Opel,Opel Meriva 1.6 16V Catch me,7850,PLN,Benzyna,157245,2006,Manualna,1.6
Mercedes-Benz,Mercedes-Benz Klasa A,79500,PLN,Diesel,80000,2019,Automatyczna,NULL
Audi,Audi Q3,114999,PLN,Benzyna,22500,2022,Automatyczna,NULL
Audi,Audi A3 Limousine,59000,PLN,Benzyna,176647,2019,Manualna,NULL
Suzuki,Suzuki Vitara,38500,PLN,Benzyna,90000,2019,Manualna,NULL
Peugeot,Peugeot 308 1.2 PureTech Allure Pack S&S,69900,PLN,Benzyna,28953,2023,Manualna,1.2
Volvo,Volvo XC 60,107999,PLN,Benzyna,88779,2020,Automatyczna,NULL
Peugeot,Peugeot 807 HDi 135 Premium,16500,PLN,Diesel,226700,2009,Manualna,NULL
Opel,Opel Mokka X,46800,PLN,Benzyna+LPG,121000,2016,Manualna,NULL
Audi,Audi A4 Avant,75900,PLN,Diesel,97000,2020,Automatyczna,NULL
Mazda,Mazda 3 2.0 mHEV Homura,83900,PLN,Benzyna,20150,2023,Automatyczna,2.0
Skoda,Skoda Octavia 2.0 TDI RS,39500,PLN,Diesel,241000,2014,Manualna,2.0
Audi,Audi A4 Allroad 2.0 TDI Quattro,48500,PLN,Diesel,223000,2015,Manualna,2.0
Seat,Seat Ibiza,19000,PLN,Benzyna,74472,2015,Manualna,NULL
Peugeot,Peugeot 308 1.2 PureTech Allure Pack S&S,69900,PLN,Benzyna,21064,2023,Manualna,1.2
Audi,Audi A3 Sportback 35 TFSI mHEV S tronic,77990,PLN,Benzyna,132428,2023,Automatyczna,NULL
Opel,Opel Astra 1.6 Edition Sport,16900,PLN,Benzyna,250000,2009,Manualna,1.6
Porsche,Porsche Cayenne E-Hybrid Platinum Edition,275000,PLN,Hybryda Plug-in,80000,2019,Automatyczna,NULL
BMW,BMW X3,128899,PLN,Diesel,113671,2022,Automatyczna,NULL
BMW,BMW X7 xDrive40d mHEV sport,521600,PLN,Diesel,1,2026,Automatyczna,NULL
Opel,Opel Corsa,18400,PLN,Benzyna,208370,2015,Manualna,NULL
Audi,Audi Q5 TFSI mHEV 150 kW Quattro S tronic,288800,PLN,Benzyna,1,2026,Automatyczna,NULL
Volkswagen,Volkswagen Passat Variant 2.0 TDI EVO Elegance DSG,75899,PLN,Diesel,165594,2023,Automatyczna,2.0
Chevrolet,Chevrolet Orlando 1.4T LT+,26900,PLN,Benzyna,157000,2013,Manualna,1.4
Citroën,Citroën C3 Aircross 1.2 PureTech Max S&S,64900,PLN,Benzyna,20756,2023,Manualna,1.2
Hyundai,Hyundai i30 1.4 Comfort,44999,PLN,Benzyna,125000,2017,Manualna,1.4
Volkswagen,Volkswagen Transporter,7900,PLN,Diesel,498925,1997,Manualna,NULL
Mitsubishi,Mitsubishi Grandis,6800,PLN,Benzyna,428,2004,Manualna,NULL
Audi,Audi A4 Limousine 2.0 TDI DPF Attraction,38500,PLN,Diesel,218000,2011,Manualna,2.0
Ford,Ford Ranger 2.0 EcoBlue 4x4 DC XL,92900,PLN,Diesel,35000,2019,Manualna,2.0
Audi,Audi A5 Coupé,50000,PLN,Benzyna,225615,2015,Automatyczna,NULL
Renault,Renault Clio 1.0 TCe Techno,80500,PLN,Benzyna+LPG,1,2025,Manualna,1.0
Hyundai,Hyundai ix35 2.0 CRDi 2WD Comfort,29999,PLN,Diesel,245000,2012,Manualna,2.0
Citroën,Citroën C3 1.2 PureTech C-Series,33901,PLN,Benzyna,95000,2021,Manualna,1.2
Opel,Opel Astra 1.6 Enjoy,6500,PLN,Benzyna,241574,2011,Manualna,1.6
Kia,Kia Ceed,24999,PLN,Diesel,217482,2014,Manualna,NULL
Volkswagen,Volkswagen Polo 1.4 Highline,11900,PLN,Benzyna,102000,2001,Manualna,1.4
Peugeot,Peugeot 2008 120 VTI Active,24900,PLN,Benzyna,110000,2014,Manualna,NULL
Opel,Opel Grandland 1.2 mHEV GS eDTC6,148900,PLN,Benzyna,2,2026,Automatyczna,1.2
Fiat,Fiat Tipo,9900,PLN,Diesel,231000,2016,Manualna,NULL
Kia,Kia Ceed 1.6 Comfort,7999,PLN,Benzyna+LPG,287200,2011,Manualna,1.6
Jeep,Jeep Commander 5.7 V8 Limited,89900,PLN,Benzyna,92600,2007,Automatyczna,5.7
Volkswagen,Volkswagen Golf Plus,11900,PLN,Benzyna,213000,2010,Manualna,NULL
Land Rover,Land Rover Range Rover Evoque 2.0 D165 mHEV Dynamic SE,219000,PLN,Diesel,2400,2025,Automatyczna,2.0
Mazda,Mazda 3 2.5 mHEV Homura Plus,148960,PLN,Benzyna,5,2026,Automatyczna,2.5
Volvo,Volvo XC 60,38900,PLN,Diesel,255000,2012,Automatyczna,NULL
Volvo,Volvo V60 T4 R-Design,43000,PLN,Benzyna,173180,2020,Automatyczna,NULL
Mazda,Mazda CX-80 e-SKYACTIV-D 254 M HYBRID AWD TAKUMI PLUS,335700,PLN,Diesel,5,2026,Automatyczna,NULL
Lexus,Lexus NX 350h F Sport AWD,205900,PLN,Hybryda,57011,2022,Automatyczna,NULL
Toyota,Toyota Corolla Cross,109900,PLN,Benzyna+LPG,5500,2024,Automatyczna,NULL
Mazda,Mazda CX-3 2.0 SkyEnergy,67000,PLN,Benzyna,105202,2019,Manualna,2.0
GMC,GMC Sierra,440000,PLN,Diesel,12500,2021,Automatyczna,NULL
Mercedes-Benz,Mercedes-Benz GLC,199000,PLN,Benzyna,96000,2017,Automatyczna,NULL
Maserati,Maserati Levante S,189000,PLN,Benzyna,84000,2017,Automatyczna,NULL
Ford,Ford Fiesta 1.25 Ambiente EU5,4000,PLN,Benzyna,368709,2012,Manualna,1.2
Audi,Audi Q5 Sportback,179800,PLN,Diesel,69180,2022,Automatyczna,NULL
Dodge,Dodge RAM,156399,PLN,Benzyna+LPG,90500,2021,Automatyczna,NULL
Renault,Renault Megane 1.5 dCi Generation,9200,PLN,Diesel,396000,2010,Manualna,1.5
Opel,Opel Insignia 1.5 Direct InjectionTurbo Innovation,39999,PLN,Benzyna,194000,2017,Manualna,1.5
Land Rover,Land Rover Range Rover Sport S 3.0 D S,416500,PLN,Diesel,6000,2025,Automatyczna,3.0
Mercedes-Benz,Mercedes-Benz GLB 200 AMG Line 7G-DCT,166900,PLN,Benzyna,9438,2025,Automatyczna,NULL
Nissan,Nissan Qashqai,64900,PLN,Benzyna,115272,2019,Manualna,NULL
Toyota,Toyota Yaris Hybrid 1.5 Executive,100500,PLN,Hybryda,53098,2023,Automatyczna,1.5
Ford,Ford Puma,126000,PLN,Benzyna,10,2026,Automatyczna,NULL
Renault,Renault Clio,26300,PLN,Benzyna,147000,2015,Manualna,NULL
Ford,Ford Kuga 1.5 EcoBoost FWD Titanium ASS,19900,PLN,Benzyna,200000,2016,Manualna,1.5
MINI,MINI Cooper S Sidewalk,40900,PLN,Benzyna,206000,2006,Automatyczna,NULL
Toyota,Toyota Camry 2.5 Hybrid Prestige CVT,134900,PLN,Hybryda,76639,2024,Automatyczna,2.5
Audi,Audi S3 Sportback TFSI Quattro S tronic,235947,PLN,Benzyna,1,2026,Automatyczna,NULL
Kia,Kia Sportage 1.6 T-GDI MHEV Business Line 2WD DCT,92000,PLN,Benzyna,47200,2022,Automatyczna,1.6
Audi,Audi A3 Sportback,18500,PLN,Diesel,230000,2010,Manualna,NULL
Opel,Opel Astra 2.0 T Cosmo,8200,PLN,Benzyna,283696,2005,Manualna,2.0
Ford,Ford Kuga,104900,PLN,Hybryda,60097,2020,Automatyczna,NULL
Ford,Ford Tourneo Connect,76000,PLN,Diesel,150883,2022,Automatyczna,NULL
Land Rover,Land Rover Discovery Sport 2.0 D165 mHEV Dynamic SE,209000,PLN,Diesel,11500,2025,Automatyczna,2.0
Skoda,Skoda Superb 2.0 TSI Drive DSG,180900,PLN,Benzyna,5,2026,Automatyczna,2.0
Opel,Opel Mokka 1.2 T Elegance Business Pack S&S,75999,PLN,Benzyna,27000,2023,Automatyczna,1.2
Citroën,Citroën DS,20900,PLN,Benzyna,81500,2017,Manualna,NULL
Hyundai,Hyundai Tucson,144900,PLN,Hybryda,19156,2025,Automatyczna,NULL
Mercedes-Benz,Mercedes-Benz GLS AMG 63 4Matic+ 9G-TRONIC AMG Line Premium Plus,649000,PLN,Benzyna,27000,2022,Automatyczna,NULL
Ford,Ford Focus,2999,PLN,Diesel,260000,2006,Manualna,NULL
Mercedes-Benz,Mercedes-Benz Klasa C 200 4MATIC 9G-TRONIC,97900,PLN,Benzyna,133649,2018,Automatyczna,NULL
Daewoo,"Daewoo Lanos 1.5 SE (airk,klm)",18900,PLN,Benzyna,240000,1999,Manualna,1.5
Opel,Opel Astra 1.6 D (CDTI) Edition,14500,PLN,Diesel,282223,2014,Manualna,1.6
Audi,Audi Q3 TFSI mHEV 110 kW S tronic,209895,PLN,Benzyna,1,2026,Automatyczna,NULL
Peugeot,Peugeot 307 CC,6400,PLN,Benzyna+LPG,230000,2004,Manualna,NULL
BMW,BMW X1,27000,PLN,Diesel,314557,2012,Automatyczna,NULL
Toyota,Toyota Land Cruiser,230000,PLN,Diesel,200,2026,Automatyczna,NULL
Toyota,Toyota Land Cruiser,310000,PLN,Diesel,200,2026,Automatyczna,NULL
Skoda,Skoda Karoq 1.5 TSI ACT Ambition DSG,75899,PLN,Benzyna,168595,2023,Automatyczna,1.5
Fiat,Fiat 500e,69900,PLN,Elektryczny,22960,2023,Automatyczna,NULL
Mazda,Mazda CX-5 2.2 D Skypassion AWD,67700,PLN,Diesel,164000,2018,Manualna,2.2
Audi,Audi A3 Sportback 1.5 TFSI cylinder on demand design,56700,PLN,Benzyna,103000,2017,Manualna,1.5
BMW,BMW Seria 5 520i mHEV,238597,PLN,Benzyna,1,2026,Automatyczna,NULL
Opel,Opel Astra,35900,PLN,Benzyna,145000,2017,Manualna,NULL
BMW,BMW X5 xDrive30d,84900,PLN,Diesel,180569,2014,Automatyczna,NULL
Audi,Audi A4 Avant,13800,PLN,Diesel,273000,2009,Automatyczna,NULL
BMW,BMW X1 sDrive20d xLine,23900,PLN,Diesel,225000,2012,Manualna,NULL
Volkswagen,Volkswagen Golf 1.4 TSI BlueMotion Technology Cup,45500,PLN,Benzyna,139700,2015,Manualna,1.4
Ford,Ford Fusion,5300,PLN,Benzyna,150000,2008,Manualna,NULL
Mazda,Mazda CX-30 2.5 mHEV Takumi 2WD,165130,PLN,Benzyna,5,2026,Automatyczna,2.5
Skoda,Skoda Citigo 1.0 Elegance,11900,PLN,Benzyna,141300,2014,Automatyczna,1.0
Mercedes-Benz,Mercedes-Benz Vito CDI Tourer Base 447.705,51900,PLN,Diesel,487992,2017,Manualna,7.7
Land Rover,Land Rover Range Rover Sport S 3.0 D SE,539000,PLN,Diesel,1500,2025,Automatyczna,3.0
Toyota,Toyota Yaris Cross,98900,PLN,Benzyna,6300,2025,Automatyczna,NULL
Land Rover,Land Rover Defender 3.0 D300 mHEV X-Dynamic HSE,359000,PLN,Diesel,43000,2024,Automatyczna,3.0
Volkswagen,Volkswagen Touran 2.0 TDI BMT Highline,79000,PLN,Diesel,90822,2018,Manualna,2.0
Volkswagen,Volkswagen Polo 1.2 Comfortline,5000,PLN,Benzyna,167066,2004,Manualna,1.2
Audi,Audi S6 Limousine,145999,PLN,Diesel,206100,2021,Automatyczna,NULL
BMW,BMW Seria 3 ActiveHybrid Sport-Aut Modern Line,49900,PLN,Hybryda,158000,2012,Automatyczna,NULL
Volkswagen,Volkswagen Golf 2.0 TDI DPF GT Sport,29900,PLN,Diesel,229000,2011,Manualna,2.0
Fiat,Fiat Punto 55 S,6500,PLN,Benzyna,29000,1999,Manualna,NULL
Toyota,Toyota Corolla 1.8 Hybrid GR Sport,98400,PLN,Hybryda,68000,2022,Automatyczna,1.8
Honda,Honda Jazz,3499,PLN,Benzyna,199000,2004,Manualna,NULL
Volkswagen,Volkswagen Golf 1.6 TDI BMT Trendline EU6,25000,PLN,Diesel,334192,2015,Manualna,1.6
Volkswagen,Volkswagen Sharan 2.0 TDI DSG BlueMotion Technology Trendline,37999,PLN,Diesel,256424,2010,Automatyczna,2.0
Ford,Ford Focus 1.6 SYNC Edition,26800,PLN,Benzyna,220000,2016,Manualna,1.6
Volkswagen,Volkswagen Passat Variant,199900,PLN,Benzyna,13177,2025,Automatyczna,NULL
Hyundai,Hyundai Kona 1.0 T-GDI Style DCT,69500,PLN,Benzyna,43000,2020,Automatyczna,1.0
Toyota,Toyota Camry 2.5 Hybrid Dynamic Force Executive e-CVT,180000,PLN,Hybryda,18000,2025,Automatyczna,2.5
Toyota,Toyota Prius,19990,PLN,Benzyna+CNG,480000,2010,Automatyczna,NULL
Audi,Audi A6 Avant 50 TDI mHEV Quattro Tiptronic,130000,PLN,Diesel,159000,2019,Automatyczna,NULL
Bestune,Bestune T90,109900,PLN,Benzyna,1,2025,Automatyczna,NULL
Citroën,Citroën SpaceTourer,35000,PLN,Diesel,180000,2019,Manualna,NULL
Bestune,Bestune T77 1.5T Business DCT,92400,PLN,Benzyna,1,2025,Automatyczna,1.5
Xiaomi,Xiaomi Inny,25000,PLN,Elektryczny,500,2023,Automatyczna,NULL
Citroën,Citroën Berlingo 1.6 BlueHDi XTR S&S,39999,PLN,Diesel,152991,2017,Manualna,1.6
Ford,Ford C-MAX 1.0 EcoBoost Start-Stopp-System Titanium,20000,PLN,Benzyna,164000,2013,Manualna,1.0
MG,MG Inny,115000,PLN,Benzyna,380,1952,Manualna,NULL
Peugeot,Peugeot Expert Premium L3H1 TwinCab Komfort Plus,57999,PLN,Diesel,224156,2017,Manualna,NULL
Toyota,Toyota Avensis 1.8 Prestige MS,54500,PLN,Benzyna,158842,2016,Automatyczna,1.8
Ford,Ford Focus 1.6 Trend Sport,26900,PLN,Benzyna,220000,2016,Manualna,1.6
BMW,BMW M3 Competition M xDrive,505100,PLN,Benzyna,1,2026,Automatyczna,NULL
Peugeot,Peugeot 208,14500,PLN,Benzyna,111096,2014,Manualna,NULL
Fiat,Fiat Tipo,25900,PLN,Benzyna,183000,2020,Manualna,NULL
Opel,Opel Corsa,22000,PLN,Benzyna,153041,2016,Manualna,NULL
Opel,Opel Grandland X,49000,PLN,Benzyna,117950,2017,Manualna,NULL
Renault,Renault Koleos,72000,PLN,Diesel,99205,2019,Automatyczna,NULL
Renault,Renault Megane BLUE dCi 115 EDC BUSINESS EDITION,54900,PLN,Diesel,74000,2021,Automatyczna,NULL
Mazda,Mazda CX-60 2.5 PHEV Homura AWD,298500,PLN,Hybryda Plug-in,5,2026,Automatyczna,2.5
Mazda,Mazda CX-60 3.3 D mHEV Homura Plus AWD,290320,PLN,Diesel,5,2025,Automatyczna,3.3
Mazda,Mazda CX-60 3.3 D mHEV Homura AWD,287375,PLN,Diesel,5,2025,Automatyczna,3.3
Opel,Opel Corsa,15500,PLN,Benzyna,228000,2012,Manualna,NULL
Opel,Opel Corsa 1.3 CDTI Enjoy,3900,PLN,Diesel,302122,2011,Manualna,1.3
Opel,Opel Corsa 1.2 16V Enjoy,12900,PLN,Benzyna+LPG,253211,2014,Manualna,1.2
Opel,Opel Vivaro L2H1 S&S Tourer,49999,PLN,Diesel,280000,2019,Manualna,NULL
Mazda,Mazda 3 2.0 mHEV Exclusive-Line,124900,PLN,Hybryda,22500,2024,Automatyczna,2.0
Renault,Renault Talisman 1.6 Energy dCi Intens EDC,49999,PLN,Diesel,102000,2017,Automatyczna,1.6
Audi,Audi A8,78000,PLN,Benzyna,279600,2014,Automatyczna,NULL
Mazda,Mazda 2 Hybrid 1.5 Homura CVT,105900,PLN,Hybryda,3000,2025,Automatyczna,1.5
Peugeot,Peugeot Partner,9370,PLN,Diesel,542155,2010,Manualna,NULL
Mercedes-Benz,Mercedes-Benz GLS AMG 63 4Matic+ 9G-TRONIC AMG Line Premium Plus,525900,PLN,Benzyna,63797,2023,Automatyczna,NULL
Bestune,Bestune T90,132400,PLN,Benzyna,1,2025,Automatyczna,NULL
Land Rover,Land Rover Range Rover Sport,520000,PLN,Benzyna,13300,2025,Automatyczna,NULL
Mercedes-Benz,Mercedes-Benz Klasa S 320 L CDI,47000,PLN,Diesel,185438,2008,Automatyczna,NULL
Hyundai,Hyundai Tucson,46000,PLN,Diesel,262934,2017,Automatyczna,NULL
Peugeot,Peugeot 3008,44000,PLN,Diesel,217802,2017,Manualna,NULL
Mitsubishi,Mitsubishi Lancer 1.6 ClearTec Edition,24999,PLN,Benzyna,140000,2011,Manualna,1.6
Opel,Opel Corsa 1.4 Turbo Start/Stop Active,31999,PLN,Benzyna,159000,2015,Manualna,1.4
Volkswagen,Volkswagen Passat,41900,PLN,Diesel,255500,2016,Automatyczna,NULL
BMW,BMW Seria 5 530e xDrive PHEV M Sport,329400,PLN,Hybryda Plug-in,5,2025,Automatyczna,NULL
Hyundai,Hyundai Kona,129900,PLN,Hybryda,9,2026,Automatyczna,NULL
Fiat,Fiat Panda 1.0 Hybrid Cross,57700,PLN,Benzyna,15498,2024,Manualna,1.0
Jeep,Jeep Compass 1.4 TMair Limited 4WD S&S,84900,PLN,Benzyna,30987,2023,Automatyczna,1.4
Mazda,Mazda CX-30 2.0 mHEV Hikari 2WD,92990,PLN,Benzyna,63000,2022,Manualna,2.0
Volvo,Volvo XC 40 T4 AWD Geartronic Momentum,80000,PLN,Benzyna,54400,2020,Automatyczna,NULL
Peugeot,Peugeot 408 1.2 PureTech GT S&S EAT8,90900,PLN,Benzyna,17290,2024,Automatyczna,1.2
Cupra,Cupra Formentor 2.0 TSI 4Drive VZ DSG,142000,PLN,Benzyna,92000,2022,Automatyczna,2.0
Audi,Audi A4 Avant 1.8 TFSI Ambiente,17999,PLN,Benzyna,235000,2012,Manualna,1.8
BMW,BMW i4 eDrive35 Gran Coupe M Sport,77000,PLN,Elektryczny,4900,2023,Automatyczna,NULL
BMW,BMW X5 xDrive25d Sport-Aut,27000,PLN,Diesel,192000,2015,Automatyczna,NULL
Tesla,Tesla Model 3,63960,PLN,Elektryczny,78000,2021,Automatyczna,NULL
Audi,Audi S3,163900,PLN,Benzyna,62200,2023,Automatyczna,NULL
Renault,Renault Grand Scenic ENERGY TCe 115 INTENS,16000,PLN,Benzyna,160000,2017,Manualna,NULL
Honda,Honda CR-V 2.2i DTEC DPF Comfort,14000,PLN,Diesel,158000,2008,Manualna,2.2
Volvo,Volvo XC 40 T4 Recharge DKG Essential,27000,PLN,Hybryda Plug-in,41000,2021,Automatyczna,NULL
Volkswagen,Volkswagen Passat,27000,PLN,Hybryda Plug-in,58000,2021,Automatyczna,NULL
Mazda,Mazda MX-30 e-SKYACTIV,31000,PLN,Elektryczny,16500,2022,Automatyczna,NULL
Audi,Audi S3 Limousine,98900,PLN,Benzyna,44950,2019,Automatyczna,NULL
Audi,Audi A4 Avant 40 TFSI quattro S tronic,114900,PLN,Benzyna,86401,2021,Automatyczna,NULL
BMW,BMW X3 xDrive35d,48900,PLN,Diesel,212000,2012,Automatyczna,NULL
Volvo,Volvo XC 60,67900,PLN,Diesel,222400,2017,Automatyczna,NULL
Seat,Seat Leon,87900,PLN,Benzyna,97700,2022,Automatyczna,NULL
Toyota,Toyota Corolla 1.2 T Comfort,49900,PLN,Benzyna,130697,2021,Manualna,1.2
Seat,Seat Altea XL,26900,PLN,Benzyna+LPG,135700,2013,Manualna,NULL
Peugeot,Peugeot 2008,69900,PLN,Benzyna,51400,2022,Manualna,NULL
Ford,Ford Tourneo Connect Grand,49900,PLN,Diesel,261000,2019,Automatyczna,NULL
Opel,Opel Grandland X,42900,PLN,Benzyna,118500,2018,Manualna,NULL
Volvo,Volvo V40,49999,PLN,Diesel,223000,2016,Automatyczna,NULL
Peugeot,Peugeot 2008,45500,PLN,Benzyna,41000,2019,Automatyczna,NULL
Volvo,Volvo V60 D3 Kinetic,21800,PLN,Diesel,292616,2012,Manualna,NULL
Skoda,Skoda Octavia,119990,PLN,Benzyna,111658,2023,Automatyczna,NULL
Nissan,Nissan Qashqai,46900,PLN,Benzyna,88100,2017,Manualna,NULL
Kia,Kia Stonic,60900,PLN,Benzyna,59100,2023,Manualna,NULL
Dacia,Dacia Dokker,48500,PLN,Diesel,120200,2020,Manualna,NULL
Volkswagen,Volkswagen Passat,39900,PLN,Benzyna,163000,2016,Manualna,NULL
Seat,Seat Ateca,94900,PLN,Benzyna,53600,2024,Automatyczna,NULL
Ford,Ford Tourneo Courier,42900,PLN,Diesel,134450,2021,Manualna,NULL
Audi,Audi A3 Limousine 1.6 TDI S tronic design,51000,PLN,Diesel,275000,2018,Automatyczna,1.6
BMW,BMW Seria 7 750Ld xDrive,139000,PLN,Diesel,184500,2018,Automatyczna,NULL
Porsche,Porsche Taycan Turbo,67000,EUR,Elektryczny,61000,2019,Automatyczna,NULL
Hyundai,Hyundai ix35 1.7 CRDi Comfort 2WD,34999,PLN,Diesel,192000,2014,Manualna,1.7
Peugeot,Peugeot 2008 PureTech 110 Stop&Start Active,29999,PLN,Benzyna,133851,2015,Manualna,NULL
Toyota,Toyota Yaris Cross Hybrid 1.5 Comfort,78900,PLN,Hybryda,148500,2022,Automatyczna,1.5
Renault,Renault Megane 1.5 dCi Dynamique,13000,PLN,Diesel,340817,2010,Manualna,1.5
BMW,BMW Seria 7 M760e PHEV xDrive sport,549999,PLN,Hybryda Plug-in,33000,2023,Automatyczna,NULL
BMW,BMW Seria 3,6200,PLN,Benzyna+LPG,350000,1999,Manualna,NULL
Mercedes-Benz,Mercedes-Benz GLB 200 d 4-Matic AMG Line 8G-DCT,179900,PLN,Diesel,16550,2025,Automatyczna,NULL
Renault,Renault Captur,55000,PLN,Benzyna,46000,2019,Manualna,NULL
Ford,Ford Focus 1.0 EcoBoost Trend,20900,PLN,Benzyna,211769,2018,Manualna,1.0
Mercedes-Benz,Mercedes-Benz Klasa E 200 Business Edition,149500,PLN,Benzyna,108767,2021,Automatyczna,NULL
Hyundai,Hyundai Getz,9900,PLN,Benzyna,89000,2006,Manualna,NULL
Mitsubishi,Mitsubishi Eclipse Cross,99900,PLN,Hybryda,48000,2023,Automatyczna,NULL
Omoda,Omoda 9,219800,PLN,Hybryda Plug-in,10,2025,Automatyczna,NULL
Jaecoo,Jaecoo 7,133250,PLN,Hybryda Plug-in,10,2025,Automatyczna,NULL
Jaecoo,Jaecoo 7,118783,PLN,Benzyna,10,2025,Automatyczna,NULL
Omoda,Omoda 7,174800,PLN,Hybryda Plug-in,10,2025,Automatyczna,NULL
Omoda,Omoda 5,98066,PLN,Benzyna,10,2025,Automatyczna,NULL
Opel,Opel Adam 1.2 Start/Stop Jam,21900,PLN,Benzyna,180000,2014,Manualna,1.2
Opel,Opel Corsa 1.4 Turbo ecoFLEX Start/Stop Active,24700,PLN,Benzyna,108000,2018,Manualna,1.4
Opel,Opel Corsa 1.2 Selection,21900,PLN,Benzyna,189000,2017,Manualna,1.2
Opel,Opel Corsa 1.4 Edition,21900,PLN,Benzyna,154300,2015,Manualna,1.4
Fiat,Fiat Seicento,12000,PLN,Benzyna,47000,1999,Manualna,NULL
Opel,Opel Corsa 1.4 Color Edition,28900,PLN,Benzyna,118000,2015,Manualna,1.4
Opel,Opel Corsa 1.4 drive,26700,PLN,Benzyna,173000,2016,Manualna,1.4
Toyota,Toyota RAV4 2.5 Hybrid Comfort 4x2,132900,PLN,Hybryda,111340,2022,Automatyczna,2.5
Ford,Ford Focus,17990,PLN,Diesel,218000,2013,Manualna,NULL
Skoda,Skoda Superb 2.0 TDI DSG Exclusive,34900,PLN,Diesel,232790,2014,Automatyczna,2.0
Ford,Ford Tourneo Custom 320 L1H1 VA Titanium,109000,PLN,Diesel,52000,2023,Manualna,NULL
Hyundai,Hyundai i30 blue 1.4 Passion,39900,PLN,Benzyna,105000,2016,Manualna,1.4
Volkswagen,Volkswagen CC,40500,PLN,Benzyna+LPG,188892,2014,Automatyczna,NULL
Ford,Ford Transit 350L Trend,10200,PLN,Diesel,918000,2010,Manualna,NULL
Lexus,Lexus NX 300 Prestige AWD,115900,PLN,Benzyna,128283,2019,Automatyczna,NULL
Volvo,Volvo V60 B4 B Momentum Pro,93850,PLN,Benzyna,131731,2021,Automatyczna,NULL
Renault,Renault Kadjar 1.3 TCe FAP Zen,62850,PLN,Benzyna,126048,2021,Manualna,1.3
Peugeot,Peugeot 508,86850,PLN,Hybryda,114558,2021,Automatyczna,NULL
Mercedes-Benz,Mercedes-Benz Klasa S 400 d 4-Matic AMG Line 9G-TRONIC,430850,PLN,Diesel,87480,2022,Automatyczna,NULL
Audi,Audi A6 Limousine 45 TFSI mHEV Quattro S tronic,139900,PLN,Benzyna,53724,2023,Automatyczna,NULL
Ford,Ford C-MAX 2.0 TDCi Titanium,16000,PLN,Diesel,252400,2012,Automatyczna,2.0
BYD,BYD Atto 2 DM-i,119900,PLN,Hybryda Plug-in,1,2026,Automatyczna,NULL
Ford,Ford Explorer 3.0 EcoBoost PHEV 4WD ST-Line,167000,PLN,Hybryda Plug-in,42338,2019,Automatyczna,3.0
Kia,Kia XCeed 1.5 T-GDI M DCT,78850,PLN,Benzyna,113616,2023,Automatyczna,1.5
Renault,Renault Megane 1.5 Blue dCi Zen,57850,PLN,Diesel,101535,2021,Manualna,1.5
Volkswagen,Volkswagen Passat 1.4 TSI R-Line,28999,PLN,Benzyna,190000,2014,Manualna,1.4
Skoda,Skoda Kamiq 1.5 TSI Selection,94900,PLN,Benzyna,18743,2024,Manualna,1.5
Ford,Ford Transit Courier Ambiente,42000,PLN,Benzyna,30000,2022,Manualna,NULL
MINI,MINI John Cooper Works,159000,PLN,Benzyna,3000,2026,Automatyczna,NULL
Renault,Renault Laguna 2.0 16V Turbo Initiale,28900,PLN,Benzyna,167000,2008,Automatyczna,2.0
Mercedes-Benz,Mercedes-Benz Sprinter 907.255,194340,PLN,Diesel,106000,2017,Manualna,7.2
Mercedes-Benz,Mercedes-Benz Sprinter,196800,PLN,Diesel,106000,2021,Manualna,NULL
Ford,Ford Edge 2.0 TDCi Bi-Turbo 4x4 ST-LINE,70000,PLN,Diesel,164000,2018,Automatyczna,2.0
Mercedes-Benz,Mercedes-Benz Sprinter 907.255,209100,PLN,Diesel,62000,2022,Manualna,7.2
Opel,Opel Insignia,23500,PLN,Diesel,263632,2014,Manualna,NULL
Volkswagen,Volkswagen Golf 2.0 TDI BMT GTD DSG,42500,PLN,Diesel,233255,2014,Automatyczna,2.0
Skoda,Skoda Superb 2.0 TDI SCR 4x4 Sportline DSG,104900,PLN,Diesel,162000,2021,Automatyczna,2.0
Skoda,Skoda Octavia 2.0 TDI Ambition DSG,67900,PLN,Diesel,153900,2022,Automatyczna,2.0
Audi,Audi A5 Avant TFSI S tronic,184900,PLN,Benzyna,7250,2025,Automatyczna,NULL
Volvo,Volvo XC 40 T3 Geartronic Inscription,79900,PLN,Benzyna,137000,2019,Automatyczna,NULL
Opel,Opel Meriva,29500,PLN,Benzyna,101600,2016,Manualna,NULL
Mazda,Mazda 2 SKYACTIV-G 75 Center-Line,34900,PLN,Benzyna,79000,2018,Manualna,NULL
Renault,Renault Clio 1.0 TCe Evolution,68850,PLN,Benzyna+LPG,12502,2025,Manualna,1.0
Citroën,Citroën C3 1.2 PureTech Elle,38350,PLN,Benzyna,43000,2020,Manualna,1.2
Saab,Saab 900,19500,PLN,Benzyna,240000,1990,Manualna,NULL
Opel,Opel Astra 1.4 Enjoy,5500,PLN,Benzyna,236821,2009,Manualna,1.4
Volkswagen,Volkswagen CC,32500,PLN,Benzyna,180000,2013,Automatyczna,NULL
Peugeot,Peugeot Expert L2H1 TwinCab,22500,PLN,Diesel,221817,2013,Manualna,NULL
Audi,Audi Q5 2.0 TFSI Quattro S tronic sport,57900,PLN,Benzyna,100000,2019,Automatyczna,2.0
Lexus,Lexus ES 300h Prestige,195900,PLN,Hybryda,64652,2023,Automatyczna,NULL
Skoda,Skoda Citigo 1.0 MPI Fun,18900,PLN,Benzyna,190000,2016,Manualna,1.0
Volkswagen,Volkswagen Golf 1.4 TSI BMT Highline DSG,33000,PLN,Benzyna,201000,2014,Automatyczna,1.4
BYD,BYD Atto 2 DM-i,104900,PLN,Hybryda Plug-in,1,2026,Automatyczna,NULL
BMW,BMW 3GT,66000,PLN,Diesel,169153,2019,Automatyczna,NULL
Peugeot,Peugeot 308 1.2 mHEV Active Pack S&S e-DCS6,91850,PLN,Benzyna,35827,2025,Automatyczna,1.2
Kia,Kia Sportage,48500,PLN,Diesel,239862,2016,Manualna,NULL
Kia,Kia Rio,16000,PLN,Diesel,226309,2014,Manualna,NULL
Lexus,Lexus LBX,154900,PLN,Hybryda,5556,2025,Automatyczna,NULL
Seat,Seat Leon,44900,PLN,Diesel,120000,2021,Manualna,NULL
Ford,Ford Mondeo SW,25000,PLN,Diesel,304733,2015,Manualna,NULL
Mercedes-Benz,Mercedes-Benz GLC,114999,PLN,Diesel,148566,2022,Automatyczna,NULL
Jaguar,Jaguar XF S AWD,38600,PLN,Benzyna,186250,2016,Automatyczna,NULL
Ford,Ford EcoSport 1.0 EcoBoost Titanium ASS,44900,PLN,Benzyna,92000,2018,Manualna,1.0
Dacia,Dacia Duster 1.6 Full Hybrid 140 Journey MMT,99900,PLN,Hybryda,8836,2024,Automatyczna,1.6
Renault,Renault Trafic Kombi 2.0 L2 Equilibre,135900,PLN,Diesel,61047,2025,Manualna,2.0
Dacia,Dacia Duster 1.0 TCe Prestige,57900,PLN,Benzyna+LPG,85603,2021,Manualna,1.0
Renault,Renault Megane 1.3 TCe Techno,94900,PLN,Benzyna,17,2025,Manualna,1.3
Renault,Renault Austral 1.3 TCe mHEV Techno,124900,PLN,Benzyna,10306,2025,Automatyczna,1.3
Volkswagen,Volkswagen Taigo,86000,PLN,Benzyna,37341,2023,Automatyczna,NULL
Volvo,Volvo XC 90 B5 D AWD Plus Bright 7os,246793,PLN,Diesel,97000,2024,Automatyczna,NULL
BMW,BMW Seria 1,117999,PLN,Benzyna,27973,2020,Automatyczna,NULL
Ford,Ford Focus 1.0 EcoBoost mHEV Titanium X,79900,PLN,Benzyna,39000,2024,Automatyczna,1.0
Hyundai,Hyundai ix35 1.6 GDI Comfort 2WD,27000,PLN,Benzyna,283500,2012,Manualna,1.6
Opel,Opel Crossland X,24900,PLN,Benzyna,72000,2017,Automatyczna,NULL
Ford,Ford KA 1.2 Concept,9900,PLN,Benzyna,169000,2010,Manualna,1.2
Kia,Kia Sportage 1.6 T-GDI Business Line 4WD,59900,PLN,Benzyna,120555,2018,Manualna,1.6
Peugeot,Peugeot 508 e-HDi FAP 115 EGS6 Active,19900,PLN,Diesel,241780,2015,Automatyczna,NULL
Alfa Romeo,Alfa Romeo Mito,11000,PLN,Diesel,232100,2010,Manualna,NULL
Mitsubishi,Mitsubishi ASX 1.6 Blue Sky Edition,43500,PLN,Benzyna,161000,2018,Manualna,1.6
Jeep,Jeep Grand Cherokee 5.7 V8 HEMI 4WD Automatik Summit,61000,PLN,Benzyna,183000,2017,Automatyczna,5.7
Mercedes-Benz,Mercedes-Benz Klasa A 35 AMG 4-Matic 7G-DCT,94900,PLN,Benzyna,163000,2020,Automatyczna,NULL
Smart,Smart Forfour,28900,PLN,Benzyna,168000,2017,Automatyczna,NULL
Ford,Ford Kuga,22900,PLN,Diesel,261000,2011,Manualna,NULL
Land Rover,Land Rover Range Rover Sport S 3.0 I6 HSE,190000,PLN,Benzyna,105428,2020,Automatyczna,3.0
Toyota,Toyota Yaris 1.5 Active,45900,PLN,Benzyna,60028,2017,Manualna,1.5
Audi,Audi A4 Avant 40 TDI S tronic quattro sport,74900,PLN,Diesel,150878,2016,Automatyczna,NULL
Skoda,Skoda Kamiq,46900,PLN,Benzyna,59000,2020,Manualna,NULL
Omoda,Omoda 9,186699,PLN,Hybryda Plug-in,10,2025,Automatyczna,NULL
Opel,Opel Astra,24900,PLN,Diesel,248000,2018,Manualna,NULL
Volvo,Volvo XC 60 B5 B AWD Ultimate Black Edition,225000,PLN,Benzyna,25000,2024,Automatyczna,NULL
Ford,Ford Tourneo Courier 1.0 EcoBoost Ambiente,22900,PLN,Benzyna,149000,2014,Manualna,1.0
Porsche,Porsche Macan,119800,PLN,Benzyna,133000,2016,Automatyczna,NULL
BMW,BMW Seria 3,30000,PLN,Diesel,433203,2008,Automatyczna,NULL
Kia,Kia Ceed 1.4 CVVT UEFA EURO 2016,34900,PLN,Benzyna,116000,2015,Manualna,1.4
Fiat,Fiat Panda,11500,PLN,Benzyna,99200,2005,Manualna,NULL
Peugeot,Peugeot 3008 1.6 HDi Premium,18900,PLN,Diesel,179000,2011,Manualna,1.6
BMW,BMW Seria 1 120d xDrive BluePerformance Sport Line,26900,PLN,Diesel,220000,2013,Manualna,NULL
Fiat,Fiat Doblo 1.9 JTD Family,13900,PLN,Diesel,269000,2007,Manualna,1.9
Mercedes-Benz,Mercedes-Benz CLA,179900,PLN,Benzyna,92369,2021,Automatyczna,NULL
Jetour,Jetour X70 Plus,147800,PLN,Benzyna,1,2026,Automatyczna,NULL
Jetour,Jetour Dashing,115500,PLN,Benzyna,1,2026,Automatyczna,NULL
Jetour,Jetour Dashing,132500,PLN,Benzyna,1,2026,Automatyczna,NULL
Volvo,Volvo XC 60 D4 AWD Momentum,37500,PLN,Diesel,280000,2010,Manualna,NULL
Citroën,Citroën C5 Aircross 1.6 PHEV 225 Feel Pack EAT8,77890,PLN,Hybryda Plug-in,132376,2022,Automatyczna,1.6
Skoda,Skoda Superb,212000,PLN,Diesel,7,2025,Automatyczna,NULL
Audi,Audi A6 Avant 2.0 TDI Quattro S tronic,59900,PLN,Diesel,294585,2017,Automatyczna,2.0
Alfa Romeo,Alfa Romeo Stelvio 2.0 Turbo Veloce Q4,129890,PLN,Benzyna,119332,2021,Automatyczna,2.0
Audi,Audi A5 Sportback 40 TDI mHEV Quattro S Line S tronic,179900,PLN,Diesel,72578,2024,Automatyczna,NULL
Skoda,Skoda Superb,209000,PLN,Diesel,7,2025,Automatyczna,NULL
Opel,Opel Astra 1.5 CDTI Edition S&S,43890,PLN,Diesel,136751,2021,Manualna,1.5
Skoda,Skoda RAPID,16900,PLN,Diesel,240000,2014,Manualna,NULL
Opel,Opel Astra 1.5 CDTI Edition S&S,48890,PLN,Diesel,42823,2021,Manualna,1.5
Kia,Kia Sportage 1.6 T-GDI HEV L 2WD,96890,PLN,Hybryda,143771,2023,Automatyczna,1.6
Volkswagen,Volkswagen Golf Alltrack,46500,PLN,Diesel,260000,2017,Automatyczna,NULL
Skoda,Skoda Octavia 2.0 TDI Ambition DSG,85890,PLN,Diesel,62669,2022,Automatyczna,2.0
Skoda,Skoda Octavia 1.6 TDI Active,42500,PLN,Diesel,140000,2020,Manualna,1.6
Skoda,Skoda Fabia 1.0 TSI Cool Plus,31900,PLN,Benzyna,120000,2020,Manualna,1.0
Seat,Seat Exeo 2.0 TFSI Sport,23500,PLN,Benzyna,250000,2010,Manualna,2.0
Renault,Renault Megane,19900,PLN,Benzyna,210000,2010,Automatyczna,NULL
MINI,MINI Cooper S,27900,PLN,Benzyna,190000,2010,Manualna,NULL
Ford,Ford Focus,45900,PLN,Diesel,149000,2020,Manualna,NULL
Toyota,Toyota Corolla,79890,PLN,Hybryda,118985,2021,Automatyczna,NULL
Fiat,Fiat 500,21500,PLN,Benzyna,190000,2013,Manualna,NULL
Citroën,Citroën DS4 THP 200 SportChic,22500,PLN,Benzyna,115000,2011,Manualna,NULL
BMW,BMW X6 xDrive35i Edition Exclusive,145000,PLN,Benzyna,78000,2017,Automatyczna,NULL
BMW,BMW Seria 1 116i Edition Lifestyle,17500,PLN,Benzyna,210000,2010,Manualna,NULL
Dacia,Dacia Sandero 1.2 16V 75 Ambiance,10800,PLN,Benzyna,200000,2009,Manualna,1.2
Alfa Romeo,Alfa Romeo Mito,33900,PLN,Benzyna,200000,2016,Automatyczna,NULL
Dacia,Dacia Duster 1.6 SCe Access,42500,PLN,Benzyna,71000,2017,Manualna,1.6
Citroën,Citroën C3 Picasso VTi 95 Tendance,14500,PLN,Benzyna,100000,2010,Manualna,NULL
Volkswagen,Volkswagen Tiguan 1.5 TSI EVO Life DSG,96890,PLN,Benzyna,96396,2022,Automatyczna,1.5
BMW,BMW Seria 3 318d MHEV Sport Line,55900,PLN,Diesel,190000,2017,Automatyczna,NULL
Mercedes-Benz,Mercedes-Benz Klasa A 250 E AMG Line 8G-DCT,99890,PLN,Hybryda Plug-in,71438,2020,Automatyczna,NULL
Volkswagen,Volkswagen Passat,76890,PLN,Benzyna,131730,2023,Automatyczna,NULL
Ford,Ford Kuga,97890,PLN,Hybryda Plug-in,97749,2022,Automatyczna,NULL
Jeep,Jeep Renegade 1.3 GSE T4 Turbo PHEV 4xe Limited S&S,69890,PLN,Hybryda Plug-in,109732,2021,Automatyczna,1.3
Opel,Opel Astra 1.2 T Edition S&S,33890,PLN,Benzyna,158787,2019,Manualna,1.2
Jaguar,Jaguar F-Pace 2.0 i4D AWD R-Sport,41999,PLN,Diesel,184500,2016,Automatyczna,2.0
Toyota,Toyota Corolla 1.6 Prestige MS,39500,PLN,Benzyna,132000,2016,Automatyczna,1.6
Opel,Opel Astra 1.4 T Elite,47900,PLN,Benzyna,79014,2018,Manualna,1.4
Vanderhall,Vanderhall Venice,125000,PLN,Benzyna,27000,2020,Automatyczna,NULL
Audi,Audi A8 55 TFSI mHEV Quattro Tiptr,95000,PLN,Benzyna,130000,2018,Automatyczna,NULL
Porsche,Porsche Cayenne E-Hybrid,299000,PLN,Hybryda Plug-in,93000,2021,Automatyczna,NULL
Dodge,Dodge Charger 5.7 R/T,99900,PLN,Benzyna,93000,2020,Automatyczna,5.7
Toyota,Toyota Yaris 1.5 Comfort,74800,PLN,Benzyna,29520,2024,Manualna,1.5
Toyota,Toyota C-HR 2.0 Hybrid GR Sport,109850,PLN,Hybryda,96164,2022,Automatyczna,2.0
Toyota,Toyota Corolla,97800,PLN,Hybryda,67452,2023,Automatyczna,NULL
Renault,Renault Clio BLUE dCi 85 BUSINESS EDITION,20900,PLN,Diesel,166000,2020,Manualna,NULL
Skoda,Skoda Scala 1.0 TSI Ambition,75000,PLN,Benzyna,6000,2024,Manualna,1.0
BMW,BMW Seria 5,42900,PLN,Benzyna,156000,1990,Manualna,NULL
Toyota,Toyota Avensis 2.0 VVT-i Sol,11000,PLN,Benzyna,222786,2007,Manualna,2.0
Seat,Seat Leon 1.6 TDI DPF Start&Stop Reference,22000,PLN,Diesel,320000,2015,Manualna,1.6
BMW,BMW Seria 4 M440i xDrive mHEV sport,204900,PLN,Benzyna,82800,2021,Automatyczna,NULL
Lancia,Lancia Thesis 3.2 6V Emblema,21999,PLN,Benzyna+LPG,260000,2003,Automatyczna,3.2
Opel,Opel Corsa 1.2 16V Enjoy EasyTronic,16200,PLN,Benzyna,182938,2011,Automatyczna,1.2
Volkswagen,Volkswagen Transporter,14900,PLN,Diesel,298212,2007,Manualna,NULL
BMW,BMW Seria 4 430i M Sport sport,159900,PLN,Benzyna,49000,2021,Automatyczna,NULL
BMW,BMW Seria 4 M440i xDrive mHEV sport,188928,PLN,Benzyna,74500,2020,Automatyczna,NULL
Mercedes-Benz,Mercedes-Benz Klasa B 220 4-Matic Style 7G-DCT,95900,PLN,Benzyna,62000,2020,Automatyczna,NULL
Peugeot,Peugeot 3008 1.6 PureTech GT Pack S&S EAT8,61700,PLN,Benzyna,125756,2019,Automatyczna,1.6
Audi,Audi S5 Coupé,145000,PLN,Benzyna,47644,2021,Automatyczna,NULL
Volvo,Volvo V60 Cross Country Ultimate B4 D AWD,145900,PLN,Diesel,126669,2023,Automatyczna,NULL
Audi,Audi A4 Limousine,7100,PLN,Diesel,255000,2009,Manualna,NULL
Peugeot,Peugeot 308,7900,PLN,Diesel,240000,2016,Automatyczna,NULL
Audi,Audi A4 Avant,8900,PLN,Diesel,336000,2011,Manualna,NULL
Citroën,Citroën C3 Aircross,9900,PLN,Benzyna,90000,2020,Manualna,NULL
Jeep,Jeep Compass,15900,PLN,Benzyna,121000,2019,Automatyczna,NULL
Opel,Opel Corsa,8100,PLN,Benzyna,173000,2015,Manualna,NULL
Nissan,Nissan Qashqai,20900,PLN,Benzyna,88300,2017,Manualna,NULL
Skoda,Skoda Roomster 1.2 TSI Scout PLUS EDITION,21900,PLN,Benzyna,180000,2014,Manualna,1.2
Kia,Kia Sportage 1.6 T-GDI Black Edition 2WD DCT,143900,PLN,Benzyna,7,2026,Automatyczna,1.6
Kia,Kia PV5,159900,PLN,Elektryczny,5,2025,Automatyczna,NULL
Kia,Kia K4 1.6 T-GDI M,112190,PLN,Benzyna,10,2026,Automatyczna,1.6
Kia,Kia K4 1.6 T-GDI M,123490,PLN,Benzyna,10,2026,Automatyczna,1.6
Kia,Kia K4 1.6 T-GDI GT Line,142700,PLN,Benzyna,12,2026,Automatyczna,1.6
Kia,Kia K4 1.6 T-GDI M,114900,PLN,Benzyna,10,2026,Automatyczna,1.6
Volkswagen,Volkswagen Polo,4100,PLN,Benzyna,185000,2009,Manualna,NULL
Daihatsu,Daihatsu Terios Edition,21500,PLN,Benzyna+LPG,210500,2006,Manualna,NULL
Honda,Honda Civic,7900,PLN,Benzyna,141000,2010,Manualna,NULL
Ford,Ford Kuga,19900,PLN,Diesel,157000,2017,Manualna,NULL
Volkswagen,Volkswagen Caravelle,170000,PLN,Diesel,36200,2022,Automatyczna,NULL
Audi,Audi A4 Avant,25500,PLN,Benzyna,210000,2008,Manualna,NULL
Chrysler,Chrysler Pacifica,42000,PLN,Benzyna,269189,2017,Automatyczna,NULL
Suzuki,Suzuki SX4 1.5,14900,PLN,Benzyna,210918,2009,Manualna,1.5
Kia,Kia Ceed 1.6 T-GDI GT,50500,PLN,Benzyna,161000,2016,Manualna,1.6
Fiat,Fiat 500 1.2 8V Lounge,14990,PLN,Benzyna,164000,2009,Manualna,1.2
Fiat,Fiat 500L Cross 1.4 16V,33900,PLN,Benzyna,151500,2016,Manualna,1.4
Audi,Audi A5 Coupé,31427,PLN,Diesel,264263,2008,Manualna,NULL
Mercedes-Benz,Mercedes-Benz Klasa C 180 CGI BlueEff Elegance,27000,PLN,Benzyna+LPG,241864,2010,Manualna,NULL
Honda,Honda Jazz 1.2 i-VTEC,14300,PLN,Benzyna,157741,2009,Manualna,1.2
Skoda,Skoda Fabia,22700,PLN,Benzyna,180000,2018,Manualna,NULL
Opel,Opel Astra,9800,PLN,Benzyna,204000,2009,Manualna,NULL
Volvo,Volvo V40 Cross Country,73000,PLN,Benzyna,48000,2019,Automatyczna,NULL
BMW,BMW Seria 5 520d xDrive mHEV M Sport sport,164900,PLN,Diesel,124300,2022,Automatyczna,NULL
Volkswagen,Volkswagen Touareg 3.0 V6 TDI DPF Tiptr,39500,PLN,Diesel,183211,2008,Automatyczna,3.0
Suzuki,Suzuki Vitara 1.6 Premium 4WD,61700,PLN,Benzyna,111000,2017,Manualna,1.6
Ford,Ford Galaxy 2.0 EcoBlue Titanium,69900,PLN,Diesel,155860,2019,Automatyczna,2.0
Subaru,Subaru XV,94500,PLN,Benzyna,123000,2013,Automatyczna,NULL
Land Rover,Land Rover Range Rover Evoque,52000,PLN,Diesel,184000,2016,Automatyczna,NULL
BMW,BMW Seria 3 320d xDrive mHEV M Sport,169000,PLN,Diesel,70000,2024,Automatyczna,NULL
BMW,BMW X6,430500,PLN,Diesel,52000,2024,Automatyczna,NULL
BMW,BMW X3,244900,PLN,Benzyna,9700,2025,Automatyczna,NULL
Audi,Audi A3 Sportback 1.6 TDI DPF Ambition,9900,PLN,Diesel,326594,2006,Manualna,1.6
Volkswagen,Volkswagen Golf 1.6 Edition,21700,PLN,Benzyna,197000,2009,Manualna,1.6
Suzuki,Suzuki SX4 S-Cross 1.6 Premium 4WD,28900,PLN,Benzyna,190000,2014,Manualna,1.6
Volvo,Volvo V90 D4 Momentum,89999,PLN,Diesel,47000,2018,Manualna,NULL
Seat,Seat Altea XL,11500,PLN,Diesel,345880,2007,Automatyczna,NULL
BMW,BMW X5 xDrive30d,110000,PLN,Diesel,130499,2016,Automatyczna,NULL
BMW,BMW X1,185000,PLN,Benzyna,20641,2024,Automatyczna,NULL
Smart,Smart Fortwo softouch BRABUS Xclusive,57000,PLN,Benzyna,86000,2013,Automatyczna,NULL
Mercedes-Benz,Mercedes-Benz EQA 250+ 70.5kWh Progressive,142900,PLN,Elektryczny,34037,2024,Automatyczna,0.5
Ford,Ford Focus,22500,PLN,Benzyna,227080,2014,Manualna,NULL
Volkswagen,Volkswagen Golf,67500,PLN,Diesel,117763,2015,Automatyczna,NULL
Nissan,Nissan Pulsar 1.2 DIG-T Acenta Xtronic EU6,23900,PLN,Benzyna,130964,2014,Automatyczna,1.2
BMW,BMW Seria 1,16500,PLN,Benzyna,148000,2008,Manualna,NULL
Ford,Ford Fiesta 1.25 Titanium,14500,PLN,Benzyna,219000,2011,Manualna,1.2
Nissan,Nissan Qashqai 1.6 dCi Tekna S&S,25900,PLN,Diesel,219300,2013,Manualna,1.6
Volkswagen,Volkswagen Golf,43900,PLN,Diesel,130278,2017,Manualna,NULL
Dodge,Dodge Challenger,259000,PLN,Benzyna,32255,1969,Automatyczna,NULL
BMW,BMW M3,99900,PLN,Benzyna,160260,2002,Manualna,NULL
MINI,MINI John Cooper Works Standard,36500,PLN,Benzyna,174000,2011,Manualna,NULL
Fiat,Fiat Ducato,18900,PLN,Diesel,200000,1987,Manualna,NULL
Volkswagen,Volkswagen Polo,39000,PLN,Benzyna,151204,2017,Manualna,NULL
Mercedes-Benz,Mercedes-Benz CLA 180 d Progressive 8G-DCT,112990,PLN,Diesel,102648,2023,Automatyczna,NULL
Mercedes-Benz,Mercedes-Benz EQB 300 70.5kWh 4-Matic Progressive,139800,PLN,Elektryczny,30359,2023,Automatyczna,0.5
Mercedes-Benz,Mercedes-Benz EQA 250+ 70.5kWh Progressive,144990,PLN,Elektryczny,31843,2024,Automatyczna,0.5
MINI,MINI Cooper S sport,61900,PLN,Benzyna,127000,2017,Automatyczna,NULL
Seat,Seat Alhambra 2.0 TDI Style,34500,PLN,Diesel,264509,2013,Manualna,2.0
Audi,Audi A6 Limousine 2.0 TDI Multitronic,58000,PLN,Diesel,103000,2013,Automatyczna,2.0
BMW,BMW X1 xDrive25e M Sportpaket,199999,PLN,Hybryda Plug-in,19400,2025,Automatyczna,NULL
Honda,Honda Civic 1.0 T Elegance (Navi),47500,PLN,Benzyna,148000,2017,Manualna,1.0
Peugeot,Peugeot 108,28500,PLN,Benzyna,28000,2017,Automatyczna,NULL
Kia,Kia Venga,14900,PLN,Diesel,77200,2017,Manualna,NULL
Fiat,Fiat 500L,19900,PLN,Benzyna,140445,2012,Manualna,NULL
BMW,BMW X3 xDrive30i xLine,145000,PLN,Benzyna,27000,2022,Automatyczna,NULL
Opel,Opel Mokka 1.4 Turbo ecoFLEX Start/Stop Edition,37000,PLN,Benzyna,143700,2015,Manualna,1.4
Ford,Ford Focus,5700,PLN,Diesel,290000,2008,Manualna,NULL
Mercedes-Benz,Mercedes-Benz Klasa B 220 d Progressive 8G-DCT,99600,PLN,Diesel,97499,2023,Automatyczna,NULL
Suzuki,Suzuki Baleno,41999,PLN,Benzyna,50000,2016,Manualna,NULL
Toyota,Toyota Proace City Verso 1.2 D-4T Family,74000,PLN,Benzyna,31000,2021,Manualna,1.2
Mercedes-Benz,Mercedes-Benz W124 (1984-1993),6900,PLN,Diesel,492000,1991,Manualna,NULL
Opel,Opel Grandland X 1.5 D Start/Stop Automatik INNOVATION,54200,PLN,Diesel,131852,2018,Automatyczna,1.5
Alfa Romeo,Alfa Romeo Mito 1.4 TB MultiAir Progression S&S,15900,PLN,Benzyna,238485,2013,Manualna,1.4
Peugeot,Peugeot 206 plus,9500,PLN,Benzyna,220819,2011,Manualna,NULL
Skoda,Skoda Superb 2.0 TDI SCR Essence DSG,114990,PLN,Diesel,71000,2024,Automatyczna,2.0
Suzuki,Suzuki Splash 1.0 Club,9990,PLN,Benzyna,144000,2009,Manualna,1.0
Volvo,Volvo V60 D3 Drive-E Summum,30999,PLN,Diesel,245921,2015,Manualna,NULL
Citroën,Citroën C3 1.4i Magic,5600,PLN,Benzyna,155478,2006,Manualna,1.4
Opel,Opel Astra 1.2 T Ultimate S&S,37800,PLN,Benzyna,143000,2019,Manualna,1.2
Ford,Ford Transit Kombi L2H2 Trend,55900,PLN,Diesel,230000,2017,Manualna,NULL
Seat,Seat Leon 1.2 TSI Ecomotive Reference Copa,18900,PLN,Benzyna,186316,2012,Manualna,1.2
Audi,Audi A3 Sportback,32900,PLN,Benzyna,180000,2012,Manualna,NULL
Citroën,Citroën DS3 THP 150 SportChic,10500,PLN,Benzyna,202105,2012,Manualna,NULL
Ford,Ford S-Max 2.0 TDCi DPF Business Edition,21500,PLN,Diesel,272000,2010,Manualna,2.0
Volvo,Volvo XC 40 Recharge Plus,112700,PLN,Elektryczny,18000,2022,Automatyczna,NULL
Chevrolet,Chevrolet Cruze 1.7TD LT+,14900,PLN,Diesel,259681,2013,Manualna,1.7
Toyota,Toyota Corolla Verso 1.8 Multi-Mode Sol,15900,PLN,Benzyna,185000,2005,Automatyczna,1.8
Suzuki,Suzuki Vitara 1.6 (4x4) Allgrip Automatik Comfort+,57900,PLN,Benzyna,143000,2016,Automatyczna,1.6
Volkswagen,Volkswagen Golf 1.0 TSI,49900,PLN,Benzyna,117045,2021,Manualna,1.0
Renault,Renault Megane TCe 140 GPF LIMITED,46800,PLN,Benzyna,108649,2020,Manualna,NULL
BMW,BMW Seria 4 430i xDrive M Sport sport,242800,PLN,Benzyna,6000,2025,Automatyczna,NULL
Ford,Ford Mustang,149000,PLN,Benzyna,53000,2018,Automatyczna,NULL
BMW,BMW X4 xDrive30d xLine,68000,PLN,Diesel,213000,2015,Automatyczna,NULL
Nissan,Nissan Qashqai 1.3 DIG-T AKARI,53800,PLN,Benzyna,142000,2019,Manualna,1.3
Audi,Audi A6 Allroad 55 TFSI mHEV Quattro S tronic,214800,PLN,Benzyna,114000,2023,Automatyczna,NULL
Seat,Seat Ibiza 1.2 TSI Sport,18900,PLN,Benzyna,160000,2011,Manualna,1.2
Volvo,Volvo C30 2.0D,7380,PLN,Diesel,374513,2006,Manualna,2.0
Seat,Seat Leon,46999,PLN,Diesel,165967,2015,Automatyczna,NULL
BMW,BMW Seria 3,56500,PLN,Diesel,175000,2013,Automatyczna,NULL
Renault,Renault Megane,42700,PLN,Diesel,54000,2020,Automatyczna,NULL
Audi,Audi A6 Limousine,23333,PLN,Diesel,319000,2004,Automatyczna,NULL
Suzuki,Suzuki Vitara 1.4 Boosterjet Automatik S,53900,PLN,Benzyna,100000,2017,Automatyczna,1.4
Ford,Ford Escape,41900,PLN,Benzyna,103000,2018,Automatyczna,NULL
Jaguar,Jaguar XJS,74900,PLN,Benzyna,160650,1989,Automatyczna,NULL
Peugeot,Peugeot 5008 BlueHDI 120 Stop & Start Allure,52999,PLN,Diesel,172000,2018,Manualna,NULL
Hyundai,Hyundai i30 1.5 T-GDI 48V Smart Plus DCT,107900,PLN,Benzyna,12,2025,Automatyczna,1.5
Hyundai,Hyundai i30,84900,PLN,Benzyna,45728,2024,Manualna,NULL
Hyundai,Hyundai i20,84900,PLN,Benzyna,890,2025,Automatyczna,NULL
Kia,Kia Sportage 1.6 T-GDI AWD DCT Spirit,94900,PLN,Benzyna,53000,2023,Automatyczna,1.6
BMW,BMW Seria 8,49200,PLN,Benzyna,148000,2019,Automatyczna,NULL
BMW,BMW Seria 7 730d xDrive mHEV,319000,PLN,Diesel,160000,2023,Automatyczna,NULL
Skoda,Skoda Octavia 2.0 TDI Ambition DSG EU6,27900,PLN,Diesel,334200,2017,Automatyczna,2.0
Volkswagen,Volkswagen Caravelle 2.0 TDI L2 Highline DSG,76500,PLN,Diesel,253000,2019,Automatyczna,2.0
Audi,Audi Q3,74900,PLN,Diesel,130107,2018,Automatyczna,NULL
Peugeot,Peugeot 3008,89900,PLN,Diesel,57868,2020,Automatyczna,NULL
Land Rover,Land Rover Range Rover Evoque 2.0TD4 Pure,64900,PLN,Diesel,108500,2016,Automatyczna,2.0
Kia,Kia Sportage,56700,PLN,Benzyna,7000,2023,Manualna,NULL
Renault,Renault Megane,45000,PLN,Benzyna,210690,2010,Manualna,NULL
Toyota,Toyota Aygo Cool,8200,PLN,Benzyna,230000,2007,Manualna,NULL
Opel,Opel Astra 1.6 CDTI 120 Lat S&S,18000,PLN,Diesel,256000,2015,Manualna,1.6
Volkswagen,Volkswagen Polo,10500,PLN,Benzyna,177567,2010,Manualna,NULL
Opel,Opel Astra,14999,PLN,Benzyna,214910,2012,Manualna,NULL
Kia,Kia Sorento 2.2 CRDI XL,84000,PLN,Diesel,109000,2017,Automatyczna,2.2
Nissan,Nissan Qashqai 1.6 Acenta,31500,PLN,Benzyna,75000,2012,Manualna,1.6
Renault,Renault Megane 1.6 E-TECH Plug-In Techno,47970,PLN,Hybryda Plug-in,124000,2021,Automatyczna,1.6
Honda,Honda CR-V 1.6i DTEC 2WD Lifestyle Plus,47900,PLN,Diesel,211000,2016,Manualna,1.6
Opel,Opel Insignia 2.0 Ultimate Exclusive,29900,PLN,Diesel,108200,2017,Manualna,2.0
Ford,Ford Mondeo 2.0 Trend,2400,PLN,Benzyna+LPG,340000,2001,Manualna,2.0
Ford,Ford Focus 1.6 EcoBoost Edition Start,12500,PLN,Benzyna,241903,2012,Manualna,1.6
Citroën,Citroën C4 1.6 HDi Selection,18700,PLN,Diesel,231381,2014,Manualna,1.6
Skoda,Skoda Yeti,31999,PLN,Diesel,167381,2013,Manualna,NULL
MG,MG 4,74900,PLN,Elektryczny,79832,2022,Automatyczna,NULL
Citroën,Citroën C4 e-C4 136 ë-SERIES,79900,PLN,Elektryczny,8500,2024,Automatyczna,NULL
Volkswagen,Volkswagen Passat,46300,PLN,Diesel,211211,2017,Automatyczna,NULL
Skoda,Skoda Octavia 1.6 TDI Greenline EU6,40000,PLN,Diesel,180000,2016,Manualna,1.6
Volkswagen,Volkswagen Touareg 2.5 R5 TDI DPF Tiptr,24900,PLN,Diesel,138769,2006,Automatyczna,2.5
Chrysler,Chrysler Grand Voyager 2.8 CRD Limited,17220,PLN,Diesel,365577,2010,Automatyczna,2.8
Citroën,Citroën C4 Cactus,18900,PLN,Diesel,250000,2015,Manualna,NULL
Toyota,Toyota Yaris 1.0 Luna,9840,PLN,Benzyna,162000,2008,Manualna,1.0
Kia,Kia Picanto 1.1,4000,PLN,Benzyna,156807,2006,Manualna,1.1
MINI,MINI ONE,18000,PLN,Benzyna,165000,2010,Manualna,NULL
Audi,Audi A4 Avant,57000,PLN,Diesel,209500,2017,Manualna,NULL
Jetour,Jetour X70 Plus,109900,PLN,Benzyna,1,2025,Automatyczna,NULL
Jetour,Jetour X70 Plus,127800,PLN,Benzyna,1,2026,Automatyczna,NULL
Jetour,Jetour X70 Plus,124900,PLN,Benzyna,1,2026,Automatyczna,NULL
Jetour,Jetour Dashing,114900,PLN,Benzyna,1,2025,Automatyczna,NULL
Dodge,"Dodge Durango 3,6 Limited",60000,PLN,Benzyna,210000,2021,Automatyczna,NULL
Jetour,Jetour Dashing,129900,PLN,Benzyna,1,2026,Automatyczna,NULL
BMW,BMW Seria 1,246900,PLN,Benzyna,5000,2025,Automatyczna,NULL
Mercedes-Benz,Mercedes-Benz GLC 200 mHEV 4-Matic AMG Line,235000,PLN,Benzyna,75000,2024,Automatyczna,NULL
Jetour,Jetour Dashing,99900,PLN,Benzyna,1,2025,Automatyczna,NULL
Skoda,Skoda Superb 2.0 TDI Platinum,20000,PLN,Diesel,295000,2010,Manualna,2.0
Jetour,Jetour Dashing,112900,PLN,Benzyna,1,2026,Automatyczna,NULL
Jetour,Jetour T2,174900,PLN,Benzyna,1,2026,Automatyczna,NULL
Toyota,Toyota RAV4 2.0 VVT-i Prestige NAVI MS,27000,PLN,Benzyna+LPG,328000,2010,Automatyczna,2.0
Toyota,Toyota RAV4,185900,PLN,Hybryda,1,2026,Automatyczna,NULL
MINI,MINI Cooper,12500,PLN,Benzyna,275000,2005,Manualna,NULL
Mercedes-Benz,Mercedes-Benz Klasa C,47500,PLN,Hybryda,235000,2015,Automatyczna,NULL
Jetour,Jetour T2,178300,PLN,Benzyna,1,2026,Automatyczna,NULL
Land Rover,Land Rover Discovery 5.0 V8 HSE,64900,PLN,Benzyna,279590,2013,Automatyczna,5.0
Renault,Renault Clio,8980,PLN,Benzyna,229000,2011,Manualna,NULL
Toyota,Toyota RAV4 2.5 Hybrid Executive 4x4,114900,PLN,Hybryda,188305,2020,Automatyczna,2.5
Hyundai,Hyundai i40 i40cw 1.6 Fifa World Cup Edition,34900,PLN,Benzyna,198000,2017,Manualna,1.6
MG,MG ZS,87800,PLN,Benzyna,5,2025,Manualna,NULL
Jeep,Jeep Compass,67500,PLN,Benzyna,124000,2018,Automatyczna,NULL
Renault,Renault Clio 0.9 Energy TCe Zen,37700,PLN,Benzyna,83600,2020,Manualna,0.9
Renault,Renault Kangoo 1.5 dCi Business Eu6,49900,PLN,Diesel,250000,2016,Manualna,1.5
Alfa Romeo,Alfa Romeo Giulietta,5999,PLN,Benzyna,180000,2011,Manualna,NULL
Opel,Opel Zafira 2.0 D (CDTI) Automatik Innovation,24900,PLN,Diesel,288100,2019,Automatyczna,2.0
Volvo,Volvo V90 D4 Inscription,85000,PLN,Diesel,145000,2017,Automatyczna,NULL
Skoda,Skoda Fabia 1.2 TSI Ambition,19500,PLN,Benzyna,241000,2015,Manualna,1.2
Volkswagen,Volkswagen Passat Variant,72999,PLN,Diesel,160425,2022,Manualna,NULL
Volkswagen,Volkswagen Passat,7000,PLN,Diesel,300000,2003,Manualna,NULL
Audi,Audi A8 3.0 TDI L Quattro,45000,PLN,Diesel,408305,2008,Automatyczna,3.0
BMW,BMW X6,30900,PLN,Diesel,262000,2009,Automatyczna,NULL
Peugeot,Peugeot 508 2.0 HDi Allure,31500,PLN,Diesel,181091,2014,Automatyczna,2.0
Honda,Honda Accord 2.0 Executive Nav,27300,PLN,Benzyna+LPG,281000,2011,Manualna,2.0
Citroën,Citroën C4 Cactus e-HDi 92 ETG6 Stop&Start Feel,12900,PLN,Diesel,135000,2015,Automatyczna,NULL
Alfa Romeo,Alfa Romeo Tonale 1.5 T4 GSE mHEV Sprint DCT,104900,PLN,Benzyna,39500,2023,Automatyczna,1.5
Hyundai,Hyundai i20 1.2 Classic EU5,4400,PLN,Benzyna,365903,2010,Manualna,1.2
BMW,BMW Seria 1 116d EfficientDynamics Edition,31000,PLN,Diesel,200802,2016,Manualna,NULL
Citroën,Citroën DS4,17500,PLN,Diesel,177993,2016,Manualna,NULL
Skoda,Skoda Superb 2.0 TDI DSG L&K,79000,PLN,Diesel,183000,2021,Automatyczna,2.0
BMW,BMW X1,43000,PLN,Diesel,162427,2014,Automatyczna,NULL
Audi,Audi A1 3-drzwiowe,12500,PLN,Benzyna,191151,2011,Automatyczna,NULL
Mercedes-Benz,Mercedes-Benz Klasa C 350 Avantgarde,35000,PLN,Benzyna,233782,2009,Automatyczna,NULL
Volkswagen,Volkswagen Passat,6900,PLN,Benzyna+LPG,335600,2002,Manualna,NULL
Subaru,Subaru XV,58900,PLN,Benzyna,157000,2018,Automatyczna,NULL
Kia,Kia Sportage 1.7 CRDI L 2WD,27900,PLN,Diesel,225000,2014,Manualna,1.7
Opel,Opel Insignia 2.0 CDTI Sport,14000,PLN,Diesel,259000,2011,Manualna,2.0
Ford,Ford Mondeo SW 2.2 TDCi Titanium S,19400,PLN,Diesel,270000,2009,Manualna,2.2
Mazda,Mazda 2,8900,PLN,Benzyna,159845,2008,Manualna,NULL
Toyota,Toyota Corolla 1.6 VVT-i Terra,10000,PLN,Benzyna,229000,2006,Manualna,1.6
Opel,Opel Astra,3500,PLN,Benzyna,180000,2004,Manualna,NULL
Kia,Kia Sportage 1.7 CRDI 2WD Vision,34999,PLN,Diesel,208977,2015,Manualna,1.7
Audi,Audi A3 3-drzwiowe,17999,PLN,Benzyna,195500,2009,Manualna,NULL
Peugeot,Peugeot 308 1.2 PureTech Allure S&S,26900,PLN,Benzyna,163500,2014,Manualna,1.2
Hyundai,Hyundai i30 1.6 CRDi Comfort World Cup,9500,PLN,Diesel,191000,2009,Manualna,1.6
Audi,Audi A6 Avant,4200,PLN,Benzyna,312453,2006,Automatyczna,NULL
Kia,Kia Ceed,51000,PLN,Diesel,152000,2021,Manualna,NULL
Renault,Renault Trafic L2H1 Komfort,14500,PLN,Diesel,303000,2005,Manualna,NULL
Honda,Honda Accord 2.0 Sport,7999,PLN,Benzyna+LPG,430000,2004,Manualna,2.0
Volkswagen,Volkswagen Polo 1.4 FSI,14500,PLN,Benzyna,238000,2010,Manualna,1.4
Volkswagen,Volkswagen Multivan,65000,PLN,Diesel,258000,2013,Automatyczna,NULL
Ford,Ford Focus,33500,PLN,Diesel,210000,2015,Manualna,NULL
Suzuki,Suzuki Swift,20900,PLN,Benzyna,202000,2012,Manualna,NULL
Saab,Saab 900 2.0-16 Turbo S,69000,PLN,Benzyna,192000,1985,Manualna,2.0
Subaru,Subaru Forester,10800,PLN,Benzyna+LPG,324000,2007,Automatyczna,NULL
Peugeot,Peugeot 207 1.6 HDi,5900,PLN,Diesel,237000,2007,Manualna,1.6
Volkswagen,Volkswagen up!,14900,PLN,Benzyna,209300,2013,Manualna,NULL
Honda,Honda Accord,26850,PLN,Benzyna+LPG,276953,2010,Manualna,NULL
Skoda,Skoda Karoq 1.6 TDI SCR DSG Style,57500,PLN,Diesel,227000,2020,Automatyczna,1.6
Honda,Honda City 1.4 Comfort,5500,PLN,Benzyna,284474,2008,Manualna,1.4
Ford,Ford Focus,13900,PLN,Benzyna,232612,2016,Manualna,NULL
Audi,Audi A3 Sportback,23900,PLN,Diesel,238000,2011,Manualna,NULL
BMW,BMW Seria 3,21900,PLN,Benzyna,240000,2011,Manualna,NULL
Volkswagen,Volkswagen Passat 1.9 TDI Comfortline,3000,PLN,Diesel,510000,2005,Manualna,1.9
Volkswagen,Volkswagen Jetta 2.0 TDI Comfortline,3999,PLN,Diesel,292000,2005,Manualna,2.0
Kia,Kia Rio,17000,PLN,Diesel,194000,2015,Manualna,NULL
Jeep,Jeep Grand Cherokee,69000,PLN,Benzyna,242000,2014,Automatyczna,NULL
Skoda,Skoda RAPID 1.2 TSI Ambition,17900,PLN,Benzyna,186000,2013,Manualna,1.2
Opel,Opel Vectra 1.9 CDTI Comfort,6800,PLN,Diesel,266492,2005,Manualna,1.9
Seat,Seat Alhambra 2.0 TDI Xcellence DSG,36200,PLN,Diesel,339886,2014,Automatyczna,2.0
Hyundai,Hyundai Galloper SWB5 2.5 D intrcooler,7000,PLN,Diesel,339000,1998,Manualna,2.5
BMW,BMW Seria 3 320d,36000,PLN,Diesel,308000,2013,Automatyczna,NULL
Mazda,Mazda 6 SKYACTIV-G 194 Drive Exclusive-Line,71900,PLN,Benzyna,91500,2021,Automatyczna,NULL
Peugeot,Peugeot 407 2.0 HDI Platinum,5200,PLN,Diesel,255000,2005,Automatyczna,2.0
BMW,BMW M2,138999,PLN,Benzyna,156000,2017,Automatyczna,NULL
Ford,Ford Fiesta 1.6 TDCI Fun,6500,PLN,Diesel,289765,2005,Manualna,1.6
Audi,Audi A4 Avant 2.0 TDI,24900,PLN,Diesel,210982,2011,Manualna,2.0
Mercedes-Benz,Mercedes-Benz Klasa E 320 Avantgarde,21500,PLN,Benzyna,286900,1997,Automatyczna,NULL
Kia,Kia Ceed 1.6 T-GDI GT-Track,39999,PLN,Benzyna,169000,2016,Manualna,1.6
Audi,Audi Q3,119000,PLN,Benzyna,94976,2021,Automatyczna,NULL
Volkswagen,Volkswagen Polo 1.4 16V Highline,15700,PLN,Benzyna,205000,2009,Manualna,1.4
Mazda,Mazda 5,11900,PLN,Diesel,241000,2009,Manualna,NULL
Skoda,Skoda Superb,14500,PLN,Benzyna,250000,2009,Automatyczna,NULL
Seat,Seat Altea,3800,PLN,Diesel,300000,2004,Manualna,NULL
Lexus,Lexus RX,257800,PLN,Hybryda,36922,2023,Automatyczna,NULL
Opel,Opel Zafira 2.0 DTI Elegance,4500,PLN,Diesel,326351,2003,Manualna,2.0
Citroën,Citroën C4 Picasso,12800,PLN,Diesel,220553,2014,Automatyczna,NULL
Seat,Seat Ibiza 1.2 12V Stylance,4200,PLN,Benzyna,260000,2006,Manualna,1.2
Renault,Renault Scenic,5000,PLN,Diesel,196200,2005,Manualna,NULL
Ford,Ford Mondeo 2.0 Trend / Trend+,10000,PLN,Benzyna+LPG,286948,2007,Manualna,2.0
Opel,Opel Zafira,19900,PLN,Diesel,262000,2015,Manualna,NULL
Opel,Opel Corsa,4000,PLN,Benzyna,212000,2006,Manualna,NULL
BMW,BMW Seria 3 318i,15800,PLN,Benzyna,214000,2007,Manualna,NULL
Citroën,Citroën C5 2.0 HDi Exclusive,19000,PLN,Diesel,236752,2010,Manualna,2.0
BMW,BMW Seria 4 430i M Sport,77400,PLN,Benzyna,154500,2016,Automatyczna,NULL
Skoda,Skoda Fabia 1.4 16V Classic,1500,PLN,Benzyna,256000,2007,Manualna,1.4
Citroën,Citroën C5X,5950,PLN,Benzyna+LPG,311240,2010,Manualna,NULL
MINI,MINI Cooper,8900,PLN,Benzyna,229082,2003,Manualna,NULL
Audi,Audi A3 Sportback,10000,PLN,Benzyna,212000,2004,Manualna,NULL
Renault,Renault Twingo 1.2 16V Dynamique,5300,PLN,Benzyna,293461,2008,Manualna,1.2
Volvo,Volvo XC 60,45000,PLN,Diesel,290125,2013,Automatyczna,NULL
Opel,Opel Combo,5500,PLN,Diesel,287000,2009,Manualna,NULL
Hyundai,Hyundai i20 1.1 CRDi Comfort,9500,PLN,Diesel,221000,2012,Manualna,1.1
Volvo,Volvo V50,14000,PLN,Diesel,300000,2011,Manualna,NULL
Mercedes-Benz,Mercedes-Benz GLA 250 4-Matic AMG Line,91000,PLN,Benzyna,64000,2019,Automatyczna,NULL
Volvo,Volvo XC 40,137500,PLN,Benzyna,44000,2023,Automatyczna,NULL
Hyundai,Hyundai ix35 1.7 CRDi Comfort 2WD,30000,PLN,Diesel,289000,2014,Manualna,1.7
Kia,Kia Ceed 1.6 CRDi SCR L,12900,PLN,Diesel,324000,2020,Manualna,1.6
Citroën,Citroën C4,3999,PLN,Diesel,258000,2007,Manualna,NULL
Hyundai,Hyundai i40,10800,PLN,Diesel,239069,2016,Manualna,NULL
Renault,Renault Clio,2000,PLN,Benzyna+LPG,302403,2002,Manualna,NULL
Volvo,Volvo V50 1.6D DRIVe,10000,PLN,Diesel,299276,2010,Manualna,1.6
Fiat,Fiat Talento,25200,PLN,Diesel,218978,2018,Manualna,NULL
BMW,BMW Seria 3,9000,PLN,Benzyna,290000,2010,Manualna,NULL
BMW,BMW X3 xDrive20d,29300,PLN,Diesel,260000,2009,Automatyczna,NULL
BMW,BMW Seria 5,15500,PLN,Diesel,408500,2006,Automatyczna,NULL
Kia,Kia Sportage,31000,PLN,Diesel,223400,2011,Manualna,NULL
Audi,Audi A4 Limousine,134900,PLN,Benzyna,41475,2023,Automatyczna,NULL
Toyota,Toyota Corolla,6900,PLN,Benzyna,308000,2006,Manualna,NULL
Mitsubishi,Mitsubishi Outlander,51000,PLN,Benzyna+LPG,165248,2016,Manualna,NULL
Audi,Audi A4 Limousine,94900,PLN,Benzyna,29132,2020,Automatyczna,NULL
Citroën,Citroën Jumpy Combi,4000,PLN,Diesel,281735,2007,Manualna,NULL
Volvo,Volvo V50,3000,PLN,Benzyna,480000,2004,Automatyczna,NULL
BMW,BMW X3 xDrive20d,59900,PLN,Diesel,131000,2012,Automatyczna,NULL
Volkswagen,Volkswagen Golf Variant 2.0 TDI (BlueMotion Technology) DSG Comfortline,54500,PLN,Diesel,197892,2019,Automatyczna,2.0
BMW,BMW Seria 3 316d Modern Line,22000,PLN,Diesel,286000,2011,Manualna,NULL
Hyundai,Hyundai ix35,21900,PLN,Diesel,237000,2010,Manualna,NULL
Audi,Audi A6 Avant,14900,PLN,Benzyna+LPG,447000,2005,Automatyczna,NULL
Ford,Ford Fusion,3500,PLN,Benzyna+LPG,260000,2004,Manualna,NULL
Fiat,Fiat Stilo,3300,PLN,Diesel,246000,2005,Manualna,NULL
Peugeot,Peugeot 508,11900,PLN,Diesel,310000,2011,Manualna,NULL
Volkswagen,Volkswagen Touran,12500,PLN,Diesel,380000,2010,Automatyczna,NULL
Audi,Audi A4 Avant,18000,PLN,Diesel,238000,2008,Manualna,NULL
Toyota,Toyota Prius,11300,PLN,Benzyna+LPG,598000,2008,Automatyczna,NULL
Lexus,Lexus GS,27000,PLN,Benzyna,320000,2002,Automatyczna,NULL
Porsche,Porsche Cayenne Diesel,49900,PLN,Diesel,396300,2010,Automatyczna,NULL
Fiat,Fiat Sedici,6700,PLN,Benzyna,264000,2009,Manualna,NULL
Citroën,Citroën Berlingo M 1.5 BlueHDI Feel,45999,PLN,Diesel,189862,2019,Manualna,1.5
Seat,Seat Ibiza 1.4 TDI Signo,2500,PLN,Diesel,267388,2005,Manualna,1.4
Skoda,Skoda Superb 2.0 TDI 4x4 Ambition,27900,PLN,Diesel,249099,2014,Manualna,2.0
Opel,Opel Astra,3000,PLN,Benzyna+LPG,263151,2007,Manualna,NULL
Toyota,Toyota Inny,45000,PLN,Benzyna+LPG,330000,2002,Automatyczna,NULL
BMW,BMW Seria 5,35000,PLN,Diesel,310000,2011,Manualna,NULL
Opel,Opel Astra,12900,PLN,Benzyna+LPG,337000,2000,Manualna,NULL
Audi,Audi A3 Sportback,16500,PLN,Diesel,264000,2010,Manualna,NULL
Ford,Ford Fiesta,14800,PLN,Diesel,287000,2020,Manualna,NULL
Renault,Renault Megane,3000,PLN,Benzyna,235223,2004,Manualna,NULL
Citroën,Citroën DS5,17800,PLN,Diesel,221471,2014,Automatyczna,NULL
Mercedes-Benz,Mercedes-Benz EQV 300 90kWh,244900,PLN,Elektryczny,26306,2024,Automatyczna,NULL
Kia,Kia Rio 1.4 Family,4500,PLN,Benzyna,257800,2006,Manualna,1.4
Fiat,Fiat Fiorino 1.3 Multijet 16V Active,7995,PLN,Diesel,418000,2010,Manualna,1.3
Citroën,Citroën Berlingo,16999,PLN,Diesel,255000,2010,Manualna,NULL
Audi,Audi Q5 2.0 TDI Quattro Sport S tronic,82500,PLN,Diesel,198000,2016,Automatyczna,2.0
Volkswagen,Volkswagen New Beetle 2.0,3000,PLN,Benzyna,285000,1999,Manualna,2.0
BMW,BMW Seria 1,6600,PLN,Benzyna,250000,2008,Manualna,NULL
Audi,Audi A6 Avant,3500,PLN,Diesel,288311,2002,Manualna,NULL
Nissan,Nissan X-Trail 2.0 dCi Tekna 2WD Xtronic,52700,PLN,Diesel,298000,2017,Automatyczna,2.0
Volkswagen,Volkswagen Golf 2.0 TDI DPF Style,11500,PLN,Diesel,310559,2011,Manualna,2.0
Volkswagen,Volkswagen Golf,10200,PLN,Benzyna,341040,2004,Manualna,NULL
Toyota,Toyota Proace City Verso 1.5 D-4D Business,46900,PLN,Diesel,189077,2021,Manualna,1.5
Seat,Seat Leon,8900,PLN,Diesel,299000,2005,Manualna,NULL
Skoda,Skoda Superb,21500,PLN,Diesel,317500,2008,Automatyczna,NULL
Skoda,Skoda Octavia,14900,PLN,Benzyna+LPG,350774,2011,Manualna,NULL
Opel,Opel Insignia 2.0 CDTI Active,11000,PLN,Diesel,252960,2011,Manualna,2.0
BMW,BMW X1 sDrive18i Advantage,73800,PLN,Benzyna,103650,2020,Automatyczna,NULL
Kia,Kia Sportage,32000,PLN,Diesel,280000,2012,Manualna,NULL
Opel,Opel Insignia,11000,PLN,Diesel,334000,2011,Manualna,NULL
Volkswagen,Volkswagen Caddy Trendline,22000,PLN,Diesel,327548,2013,Manualna,NULL
Peugeot,Peugeot 508 HDi FAP 140 Business-Line,19900,PLN,Diesel,280000,2011,Manualna,NULL
Mercedes-Benz,Mercedes-Benz GLC 200 4-Matic,145900,PLN,Benzyna,22480,2022,Automatyczna,NULL
Honda,Honda CR-V,21500,PLN,Diesel,295238,2008,Manualna,NULL
Jaecoo,Jaecoo 5,98900,PLN,Benzyna,7299,2025,Automatyczna,NULL
Audi,Audi A6 Avant 2.0 TDI Multitronic,39990,PLN,Diesel,228000,2012,Automatyczna,2.0
Audi,Audi Q3 Sportback 35 TFSI mHEV S tronic,144900,PLN,Benzyna,15527,2025,Automatyczna,NULL
Volvo,Volvo V50 1.6D DRIVe Momentum,12900,PLN,Diesel,265000,2009,Manualna,1.6
Citroën,Citroën C4 1.2 PureTech Shine S&S EAT8,66900,PLN,Benzyna,20072,2022,Automatyczna,1.2
Audi,Audi A4 Avant,7500,PLN,Diesel,437800,2007,Manualna,NULL
BMW,BMW Seria 5,25000,PLN,Diesel,365000,2011,Manualna,NULL
BMW,BMW Seria 7 740Ld xDrive,159900,PLN,Diesel,199000,2017,Automatyczna,NULL
Volkswagen,Volkswagen T-Roc,98500,PLN,Benzyna,51500,2022,Manualna,NULL
Toyota,Toyota RAV4 2.0 Comfort 4x4 MS,99900,PLN,Benzyna,104745,2019,Automatyczna,2.0
Skoda,Skoda Octavia,114400,PLN,Benzyna,23945,2025,Automatyczna,NULL
Toyota,Toyota Corolla 1.8 Hybrid Comfort,101850,PLN,Hybryda,13159,2024,Automatyczna,1.8
Toyota,Toyota Prius+,42000,PLN,Benzyna,320000,2012,Automatyczna,NULL
BMW,BMW Seria 3 320d M Sport Shadow,65000,PLN,Diesel,221930,2016,Automatyczna,NULL
Volvo,Volvo XC 60,279900,PLN,Hybryda Plug-in,7860,2025,Automatyczna,NULL
Suzuki,Suzuki SX4 S-Cross 1.4 SHVS Premium,99850,PLN,Benzyna,16164,2022,Manualna,1.4
Volvo,Volvo XC 60,254900,PLN,Hybryda Plug-in,34300,2024,Automatyczna,NULL
Toyota,Toyota Yaris Cross Hybrid 1.5 Style,107850,PLN,Hybryda,16870,2024,Automatyczna,1.5
Volvo,Volvo V60,172900,PLN,Benzyna,11401,2025,Automatyczna,NULL
Lexus,Lexus ES 300h Business Edition,159850,PLN,Hybryda,76151,2023,Automatyczna,NULL
Toyota,Toyota Proace Verso 2.0 D4-D Long Business,156850,PLN,Diesel,21714,2024,Manualna,2.0
Toyota,Toyota C-HR 1.8 Hybrid Style,96900,PLN,Hybryda,50660,2023,Automatyczna,1.8
Mercedes-Benz,Mercedes-Benz Klasa E 220 d 4-Matic 9G-TRONIC,140900,PLN,Diesel,140228,2018,Automatyczna,NULL
Volkswagen,Volkswagen Passat 1.9 TDI,7900,PLN,Diesel,271000,2004,Manualna,1.9
Volkswagen,Volkswagen Golf 1.9 TDI Trendline,8000,PLN,Diesel,330000,2006,Manualna,1.9
Renault,Renault Espace,110000,PLN,Hybryda,1300,2026,Automatyczna,NULL
Renault,Renault Megane,12000,PLN,Diesel,223655,2011,Manualna,NULL
Peugeot,Peugeot 207 120 Premium,15000,PLN,Benzyna,101876,2009,Manualna,NULL
Kia,Kia Sportage 1.6 CRDI L 2WD DCT,59999,PLN,Diesel,93000,2019,Automatyczna,1.6
BMW,BMW Seria 7,534900,PLN,Hybryda,1,2026,Automatyczna,NULL
BMW,BMW X5 xDrive25d sport,120000,PLN,Diesel,148000,2018,Automatyczna,NULL
Skoda,Skoda Kamiq 1.0 TSI Selection,89900,PLN,Benzyna,18500,2025,Manualna,1.0
Opel,Opel Insignia 2.8 T V6 Cosmo 4x4,17500,PLN,Benzyna+LPG,188000,2009,Automatyczna,2.8
Seat,Seat Leon 1.9 TDI Stylance,6600,PLN,Diesel,366000,2007,Manualna,1.9
Volkswagen,Volkswagen T-Roc 1.5 eTSI Life DSG,122000,PLN,Benzyna,1,2026,Automatyczna,1.5
Toyota,Toyota Yaris 1.4 D-4D Luna EU5,5500,PLN,Diesel,408500,2010,Manualna,1.4
Lexus,Lexus CT 200h Business Edition,79000,PLN,Hybryda,135687,2020,Automatyczna,NULL
Citroën,Citroën DS3,27000,PLN,Benzyna,97300,2011,Manualna,NULL
Renault,Renault Megane 1.5 dCi Authentique,5150,PLN,Diesel,261200,2006,Manualna,1.5
Toyota,Toyota RAV4,119899,PLN,Benzyna,134225,2023,Automatyczna,NULL
Volkswagen,Volkswagen T-Roc,99900,PLN,Benzyna,66828,2023,Automatyczna,NULL
Citroën,Citroën C5 V6 HDi 240 Biturbo FAP Exclusive,17500,PLN,Diesel,328000,2012,Automatyczna,NULL
Audi,Audi A5 Sportback,53000,PLN,Benzyna,135000,2016,Automatyczna,NULL
Jaguar,Jaguar XF,32000,PLN,Benzyna,265000,2008,Automatyczna,NULL
Nissan,Nissan Qashqai 2.0 4x4 Acenta,22000,PLN,Benzyna+LPG,195000,2007,Manualna,2.0
BMW,BMW Seria 4 420d M Sport sport,149900,PLN,Diesel,51100,2023,Automatyczna,NULL
Subaru,Subaru Justy 1.3GX 4WD,9400,PLN,Benzyna,105329,2008,Manualna,1.3
Hyundai,Hyundai i20 1.2 BlueDrive Go,35900,PLN,Benzyna,135000,2018,Manualna,1.2
Ford,Ford Kuga,103899,PLN,Hybryda,72889,2023,Automatyczna,NULL
Volvo,Volvo XC 60,168899,PLN,Benzyna,50335,2023,Automatyczna,NULL
Porsche,Porsche Panamera 4S,97000,PLN,Benzyna,190000,2011,Automatyczna,NULL
Opel,Opel Astra 1.4 T 120 Lat S&S,32500,PLN,Benzyna,216900,2018,Manualna,1.4
Toyota,Toyota Avensis 1.6 Luna,19900,PLN,Benzyna+LPG,302000,2010,Manualna,1.6
Toyota,Toyota Yaris 1.0 Luna,7500,PLN,Benzyna,155000,2007,Manualna,1.0
Ford,Ford Kuga 2.0 EcoBoost 4x4 ST-Line,59900,PLN,Benzyna,164560,2018,Automatyczna,2.0
Mercedes-Benz,Mercedes-Benz GLB 200 AMG Line 7G-DCT,159900,PLN,Benzyna,32004,2024,Automatyczna,NULL
Mercedes-Benz,Mercedes-Benz GLA 200 AMG Line,159900,PLN,Benzyna,20555,2024,Automatyczna,NULL
Mercedes-Benz,Mercedes-Benz GLC,189000,PLN,Benzyna,56505,2022,Automatyczna,NULL
BMW,BMW Seria 3 318d M Sport,89900,PLN,Diesel,156120,2019,Automatyczna,NULL
Volkswagen,Volkswagen Polo 1.0 TSI OPF DSG Life,74900,PLN,Benzyna,26591,2025,Automatyczna,1.0
Mercedes-Benz,Mercedes-Benz GLS 400 4Matic 9G-TRONIC,115900,PLN,Benzyna,194360,2016,Automatyczna,NULL
Skoda,Skoda Kodiaq 2.0 TDI 4x4 Sportline DSG,228500,PLN,Diesel,5,2026,Automatyczna,2.0
Mercedes-Benz,Mercedes-Benz GLE,434620,PLN,Hybryda Plug-in,24050,2024,Automatyczna,NULL
Skoda,Skoda Kodiaq 2.0 TDI 4x4 L&K DSG 7 os,147600,PLN,Diesel,202000,2022,Automatyczna,2.0
BMW,BMW Seria 5 525d xDrive,39900,PLN,Diesel,326000,2012,Automatyczna,NULL
Suzuki,Suzuki Samurai 1.3 VX Metal Top,22600,PLN,Benzyna,80000,2000,Manualna,1.3
BMW,BMW X3 M,139900,PLN,Diesel,170000,2019,Automatyczna,NULL
Peugeot,Peugeot 2008 82 VTI Active,22800,PLN,Benzyna,126213,2014,Manualna,NULL
MINI,MINI Countryman,204176,PLN,Benzyna,12,2025,Automatyczna,NULL
MINI,MINI Cooper,163100,PLN,Benzyna,14,2026,Automatyczna,NULL
Skoda,Skoda Fabia 1.0 Drive,80650,PLN,Benzyna,5,2026,Manualna,1.0
Fiat,Fiat 500 1.0 Hybrid Connect,31000,PLN,Benzyna,31000,2020,Manualna,1.0
Microcar,Microcar Inny,24000,PLN,Diesel,61426,2018,Automatyczna,NULL
Renault,Renault Scenic,12900,PLN,Diesel,134772,2010,Manualna,NULL
Mazda,Mazda 6,21999,PLN,Diesel,240772,2014,Manualna,NULL
Renault,Renault Twingo,7300,PLN,Benzyna,184000,2007,Manualna,NULL
Skoda,Skoda Fabia 1.0 TSI Drive,85100,PLN,Benzyna,5,2026,Manualna,1.0
Toyota,Toyota C-HR 2.0 PHEV Dynamic Force Executive,180900,PLN,Hybryda Plug-in,6,2026,Automatyczna,2.0
Mercedes-Benz,Mercedes-Benz Klasa R,9900,PLN,Diesel,348000,2011,Automatyczna,NULL
Citroën,Citroën C3 1.2 PureTech GPF Shine S&S EAT6,47900,PLN,Benzyna,39122,2021,Automatyczna,1.2
Kia,Kia Sportage,10900,PLN,Diesel,169000,2014,Manualna,NULL
Cupra,Cupra Leon 2.0 TSI DSG,124900,PLN,Benzyna,29763,2022,Automatyczna,2.0
Cupra,Cupra Formentor 2.0 TSI 4Drive VZ DSG,174900,PLN,Benzyna,14830,2025,Automatyczna,2.0
Volkswagen,Volkswagen Arteon Shooting Brake 2.0 TDI Elegance DSG,124900,PLN,Diesel,89779,2023,Automatyczna,2.0
Chrysler,Chrysler Town & Country 3.6 Limited,34900,PLN,Benzyna,298454,2014,Automatyczna,3.6
Land Rover,Land Rover Defender,359900,PLN,Diesel,1000,2026,Automatyczna,NULL
Mercedes-Benz,Mercedes-Benz Klasa C,18900,PLN,Diesel,199809,2009,Manualna,NULL
BMW,BMW Seria 7,23900,PLN,Benzyna,210000,2011,Automatyczna,NULL
McLaren,McLaren 570S Coupe Standard,780000,PLN,Benzyna,13625,2018,Automatyczna,NULL
Land Rover,Land Rover Defender,419900,PLN,Diesel,1000,2026,Automatyczna,NULL
Land Rover,Land Rover Defender,329900,PLN,Diesel,11000,2025,Automatyczna,NULL
Kia,Kia Picanto,47950,PLN,Benzyna,31000,2023,Manualna,NULL
Audi,Audi A3 Sportback 2.0 TDI Ambition,34900,PLN,Diesel,220100,2013,Manualna,2.0
Skoda,Skoda Kodiaq 2.0 TDI 4x4 DSG Ambition,55900,PLN,Diesel,128027,2021,Automatyczna,2.0
Aixam,Aixam Coupe,9800,PLN,Diesel,124121,2009,Automatyczna,NULL
SWM,SWM G05 1.5T GDI Deluxe DCT,99900,PLN,Benzyna,8,2025,Automatyczna,1.5
Audi,Audi Q8 e-tron,260000,PLN,Elektryczny,18220,2023,Automatyczna,NULL
SsangYong/KGM,SsangYong/KGM Torres 1.5 T-GDI Adventure,99900,PLN,Benzyna+LPG,55500,2023,Automatyczna,1.5
SWM,SWM G03F 1.5 GDI,64900,PLN,Benzyna,4150,2025,Manualna,1.5
SsangYong/KGM,SsangYong/KGM Musso 2.2 e-XDi Adventure 4WD,187700,PLN,Diesel,10,2026,Automatyczna,2.2
Renault,Renault Captur 0.9 Energy TCe Alize,31900,PLN,Benzyna,119200,2013,Manualna,0.9
Hongqi,Hongqi HS5,117900,PLN,Benzyna,82,2024,Automatyczna,NULL
Forthing,Forthing T5 EVO T-Five 1.5 DVVT GDI DCT,99900,PLN,Benzyna,9,2025,Automatyczna,1.5
Ford,Ford Puma,56900,PLN,Hybryda,108200,2021,Manualna,NULL
Mercedes-Benz,Mercedes-Benz GL 400 4Matic 7G-TRONIC,89900,PLN,Benzyna,117000,2016,Automatyczna,NULL
Nissan,Nissan Juke 1.0 DIG-T Visia,49900,PLN,Benzyna,48800,2020,Manualna,1.0
Mercedes-Benz,Mercedes-Benz Klasa C 300 7G-TRONIC Avantgarde,79900,PLN,Benzyna,171000,2017,Automatyczna,NULL
Opel,Opel Astra 1.0 Turbo Start/Stop Business,36900,PLN,Benzyna,123000,2018,Manualna,1.0
Land Rover,Land Rover Range Rover V8 Supercharged,62900,PLN,Benzyna,250000,2013,Automatyczna,NULL
BMW,BMW Seria 3,67900,PLN,Diesel,133500,2019,Automatyczna,NULL
Opel,Opel Mokka 1.7 CDTI ecoFLEX Start/Stop 4x4 Innovation,28900,PLN,Diesel,193400,2013,Manualna,1.7
BMW,BMW Seria 7 740d xDrive mHEV sport,522600,PLN,Diesel,7,2026,Automatyczna,NULL
BMW,BMW X1 sDrive20i mHEV,202900,PLN,Benzyna,7,2026,Automatyczna,NULL
BMW,BMW Seria 7 750Li xDrive,133900,PLN,Benzyna,100000,2018,Automatyczna,NULL
BMW,BMW Seria 5,277800,PLN,Diesel,7,2026,Automatyczna,NULL
BMW,BMW X1 sDrive20i mHEV,201000,PLN,Benzyna,4000,2026,Automatyczna,NULL
BMW,BMW Seria 1,175700,PLN,Benzyna,7,2026,Automatyczna,NULL
Kia,Kia XCeed 1.5 T-GDI M,92900,PLN,Benzyna,19883,2025,Manualna,1.5
Opel,Opel Corsa 1.2 Start/Stop Edition,38500,PLN,Benzyna,46129,2023,Manualna,1.2
Land Rover,Land Rover Range Rover Sport,13900,PLN,Diesel,284000,2010,Automatyczna,NULL
Opel,Opel Insignia 1.5 ECOTEC Direct Inj Turbo Innovation,49900,PLN,Benzyna,65000,2018,Manualna,1.5
BMW,BMW X1,37500,PLN,Diesel,165000,2013,Manualna,NULL
BMW,BMW X1 sDrive20i mHEV xLine sport,159000,PLN,Benzyna,39000,2023,Automatyczna,NULL
Mercedes-Benz,Mercedes-Benz GLA 200 d,64998,PLN,Diesel,149500,2016,Manualna,NULL
Renault,Renault Clio 0.9 Energy TCe Expression,13700,PLN,Benzyna,205000,2013,Manualna,0.9
Chrysler,Chrysler 300C,22500,PLN,Benzyna,193737,2010,Automatyczna,NULL
BMW,BMW Seria 5 520d,36700,PLN,Diesel,182699,2011,Manualna,NULL
Peugeot,Peugeot 3008,39500,PLN,Diesel,146000,2019,Automatyczna,NULL
Toyota,Toyota Avensis 1.8 Sol,14700,PLN,Benzyna+LPG,311000,2009,Manualna,1.8
Audi,Audi A3 Sportback,54900,PLN,Benzyna,179000,2017,Manualna,NULL
Ford,Ford Puma,97900,PLN,Benzyna,10,2026,Manualna,NULL
Toyota,Toyota RAV4 2.5 Hybrid Comfort 4x2,129000,PLN,Hybryda,80600,2023,Automatyczna,2.5
Nissan,Nissan Qashqai,139550,PLN,Hybryda,5,2025,Automatyczna,NULL
Renault,Renault Trafic ENERGY Grand Spaceclass,73800,PLN,Diesel,185000,2018,Manualna,NULL
Kia,Kia Optima 1.7 CRDi XL,26900,PLN,Diesel,218790,2012,Manualna,1.7
Ford,Ford Transit Connect,54897,PLN,Benzyna,35050,2022,Manualna,NULL
Opel,Opel Astra,17999,PLN,Diesel,282000,2013,Manualna,NULL
Chrysler,Chrysler Sebring 2.0 CRD Limited,8900,PLN,Diesel,280000,2007,Manualna,2.0
Toyota,Toyota C-HR 1.8 Hybrid Style,149500,PLN,Hybryda,6,2026,Automatyczna,1.8
Porsche,Porsche Cayenne S Diesel Platinum Edition,109900,PLN,Diesel,186000,2015,Automatyczna,NULL
Ford,Ford Puma,129900,PLN,Benzyna,10,2026,Automatyczna,NULL
Kia,Kia Sorento 1.6 T-GDI HEV Prestige Line AWD 7os,179958,PLN,Hybryda,40000,2024,Automatyczna,1.6
Honda,Honda Civic,9800,PLN,Benzyna,95943,1979,Manualna,NULL
Toyota,Toyota Avensis,18000,PLN,Diesel,323531,2013,Manualna,NULL
Suzuki,Suzuki SX4 2.0 DDiS 4x2 Club,18600,PLN,Diesel,199047,2013,Manualna,2.0
Subaru,Subaru Forester 2.0 X,10400,PLN,Benzyna+LPG,277943,2006,Manualna,2.0
Nissan,Nissan Qashqai 1.3 DIG-T N-Connecta DCT,73000,PLN,Benzyna,53000,2021,Automatyczna,1.3
Mercedes-Benz,Mercedes-Benz Klasa B 200 d 4-Matic AMG Line 8G-DCT,129900,PLN,Diesel,16000,2020,Automatyczna,NULL
BMW,BMW Seria 2,6100,PLN,Diesel,226000,2017,Automatyczna,NULL
Mercedes-Benz,Mercedes-Benz Klasa A 180 d 8G-DCT Lim Entry,69900,PLN,Diesel,174666,2021,Automatyczna,NULL
BMW,BMW Seria 5 518d Business Edition,59500,PLN,Diesel,97000,2016,Automatyczna,NULL
Honda,Honda Civic 2.0 VTEC Turbo Type R GT,89900,PLN,Benzyna,129000,2016,Manualna,2.0
Volkswagen,Volkswagen Transporter,12900,PLN,Diesel,271234,2003,Manualna,NULL
Ford,Ford Focus 1.5 EcoBoost ST-Line,43000,PLN,Benzyna,142881,2017,Manualna,1.5
Ford,Ford Kuga,153600,PLN,Hybryda,10,2026,Automatyczna,NULL
Mazda,Mazda 2 Hybrid 1.5 VVT-i 116 CVT PURE,79800,PLN,Hybryda,7000,2025,Automatyczna,1.5
Renault,Renault Clio 1.0 TCe Evolution,54800,PLN,Benzyna,44700,2024,Manualna,1.0
BMW,BMW Seria 4 430i xDrive M Sport sport,214900,PLN,Benzyna,28500,2024,Automatyczna,NULL
Volvo,Volvo XC 40,75900,PLN,Diesel,195000,2019,Automatyczna,NULL
Skoda,Skoda Octavia 2.0 TSI RS 245 DSG,23500,PLN,Benzyna,82000,2021,Automatyczna,2.0
BMW,BMW Seria 3,114899,PLN,Benzyna,111951,2022,Automatyczna,NULL
BMW,BMW X3,14000,PLN,Diesel,282605,2006,Manualna,NULL
Nissan,Nissan Qashqai 1.6 dCi Tekna S&S,37900,PLN,Diesel,193000,2014,Manualna,1.6
Skoda,Skoda Fabia 1.0 Active,19800,PLN,Benzyna+LPG,374000,2018,Manualna,1.0
BMW,BMW Seria 1 118i Business Edition,73990,PLN,Benzyna,109000,2023,Automatyczna,NULL
Ford,Ford S-Max,16900,PLN,Diesel,310000,2012,Manualna,NULL
Toyota,Toyota Corolla,62899,PLN,Benzyna,73392,2022,Manualna,NULL
Opel,Opel Zafira 1.7 CDTI Essentia,9500,PLN,Diesel,270000,2010,Manualna,1.7
Toyota,Toyota Aygo X,63999,PLN,Benzyna,61000,2024,Automatyczna,NULL
Opel,Opel Grandland X 1.5 CDTI Ultimate S&S,55900,PLN,Diesel,200000,2021,Manualna,1.5
Hyundai,Hyundai Tucson,172500,PLN,Hybryda,10,2026,Automatyczna,NULL
Volkswagen,Volkswagen Golf,112899,PLN,Benzyna,55188,2024,Automatyczna,NULL
Saab,Saab 9-3,12500,PLN,Benzyna+LPG,274000,2001,Manualna,NULL
BMW,BMW X7 xDrive40d mHEV,196800,PLN,Diesel,401258,2021,Automatyczna,NULL
Hyundai,Hyundai Bayon,59900,PLN,Benzyna,50450,2022,Manualna,NULL
Ford,Ford Focus,27900,PLN,Benzyna,70000,2015,Automatyczna,NULL
BMW,BMW Seria 5 520d mHEV M Sport,245900,PLN,Diesel,7000,2025,Automatyczna,NULL
Chevrolet,Chevrolet Cruze 1.8 LT,8999,PLN,Benzyna+LPG,296066,2013,Manualna,1.8
Peugeot,Peugeot 308,83899,PLN,Diesel,78555,2023,Automatyczna,NULL
Volkswagen,Volkswagen Tiguan Allspace,85900,PLN,Diesel,170000,2018,Automatyczna,NULL
Jeep,Jeep Compass,90899,PLN,Benzyna,57817,2023,Automatyczna,NULL
Renault,Renault Captur E-TECH Full 145 EVOLUTION,75900,PLN,Hybryda,80000,2024,Automatyczna,NULL
Skoda,Skoda Octavia 2.0 TDI Ambition,78900,PLN,Diesel,46900,2023,Manualna,2.0
Volkswagen,Volkswagen Arteon 2.0 TDI Elegance DSG,94900,PLN,Diesel,121800,2020,Automatyczna,2.0
Audi,Audi A4 Avant 35 TFSI S tronic,84900,PLN,Benzyna,91600,2020,Automatyczna,NULL
Smart,Smart Fortwo,9500,PLN,Diesel,170000,2007,Automatyczna,NULL
Nissan,Nissan Qashqai 1.3 DIG-T MHEV N-Connecta Xtronic,79899,PLN,Benzyna,127882,2022,Automatyczna,1.3
BMW,BMW Seria 3,182000,PLN,Benzyna,87000,2020,Automatyczna,NULL
Ford,Ford Mondeo,7999,PLN,Diesel,289740,2007,Manualna,NULL
Volvo,Volvo XC 40 B4 Ultra Black Edition,149900,PLN,Benzyna,18839,2025,Automatyczna,NULL
BMW,BMW Seria 4 M440i xDrive mHEV sport,196900,PLN,Benzyna,79300,2022,Automatyczna,NULL
Skoda,Skoda Scala 1.0 TSI Ambition,61900,PLN,Benzyna,90200,2023,Manualna,1.0
Renault,Renault Clio,13500,PLN,Diesel,210733,2013,Manualna,NULL
Ford,Ford Kuga,178000,PLN,Hybryda,10,2026,Automatyczna,NULL
Opel,Opel Insignia 2.0 CDTI Exclusive S&S,35900,PLN,Diesel,198660,2017,Manualna,2.0
Opel,Opel Insignia 2.0 Turbo 4x4 Cosmo,26900,PLN,Benzyna,197000,2011,Automatyczna,2.0
Peugeot,Peugeot 308 1.2 PureTech Allure Pack S&S,55500,PLN,Benzyna,124831,2023,Manualna,1.2
Mitsubishi,Mitsubishi Lancer 2.0 DID Instyle,14999,PLN,Diesel,133000,2009,Manualna,2.0
Porsche,Porsche Panamera 4,349000,PLN,Benzyna,89500,2021,Automatyczna,NULL
Hyundai,Hyundai i10 1.0 Access,24900,PLN,Benzyna,152000,2018,Manualna,1.0
Toyota,Toyota Auris 1.6 VVT-i Prestige,18650,PLN,Benzyna,110000,2007,Manualna,1.6
Peugeot,Peugeot 3008 1.6 PureTech Hybrid PHEV GT S&S EAT8,79900,PLN,Hybryda Plug-in,145000,2022,Automatyczna,1.6
Renault,Renault Twingo,4500,PLN,Diesel,180000,2008,Manualna,NULL
Alfa Romeo,Alfa Romeo 147 1.9 JTDM 8V,7999,PLN,Diesel,208000,2008,Manualna,1.9
Mercedes-Benz,Mercedes-Benz GLA 250 4-Matic AMG Line,119900,PLN,Benzyna,90800,2020,Automatyczna,NULL
Hyundai,Hyundai i10 1.0 Access,26900,PLN,Benzyna,51230,2015,Manualna,1.0
Jeep,Jeep Grand Cherokee 5.7 V8 Limited,37000,PLN,Benzyna,268000,2005,Automatyczna,5.7
Toyota,Toyota Yaris Cross Hybrid 1.5 Comfort,86999,PLN,Hybryda,72000,2024,Automatyczna,1.5
Ford,Ford Puma,87000,PLN,Benzyna,34610,2022,Automatyczna,NULL
Renault,Renault Austral,86999,PLN,Benzyna,114000,2023,Automatyczna,NULL
Kia,Kia Optima 1.7 CRDI EcoDynamics Edition 7,34900,PLN,Diesel,222899,2013,Manualna,1.7
Chevrolet,Chevrolet Corvette,179999,PLN,Benzyna,149500,2015,Automatyczna,NULL
Lancia,Lancia Voyager 2.8CRD Gold,38000,PLN,Diesel,198000,2014,Automatyczna,2.8
Land Rover,Land Rover Range Rover Sport S 3.0 D S,426000,PLN,Diesel,10,2025,Automatyczna,3.0
Ford,Ford Capri,225500,PLN,Elektryczny,10,2025,Automatyczna,NULL
Ford,Ford Galaxy 2.0 TDCi Ghia,10800,PLN,Diesel,300000,2007,Manualna,2.0
Skoda,Skoda Superb 1.5 TSI Ambition DSG,77900,PLN,Benzyna,111179,2021,Automatyczna,1.5
Renault,Renault Captur ENERGY TCe 90 Start&Stop Luxe,39900,PLN,Benzyna,104240,2017,Manualna,NULL
Volvo,Volvo XC 60 T5 GPF AWD Momentum,79900,PLN,Benzyna,222312,2018,Automatyczna,NULL
Volvo,Volvo XC 60 T5 GPF AWD Momentum,82900,PLN,Benzyna,222312,2018,Automatyczna,NULL
Toyota,Toyota Corolla 1.8 Hybrid Comfort,92500,PLN,Hybryda,83854,2023,Automatyczna,1.8
Dacia,Dacia Dokker 1.5 dCi Laureate,12100,PLN,Diesel,92754,2012,Manualna,1.5
Ford,Ford Focus 1.6 EcoBoost Start-Stopp-System Titanium,21900,PLN,Benzyna,208000,2013,Manualna,1.6
Toyota,Toyota Camry 2.5 Hybrid Comfort CVT,109899,PLN,Hybryda,45131,2023,Automatyczna,2.5
Audi,Audi S3,18900,PLN,Benzyna,312276,2000,Manualna,NULL
Nissan,Nissan Qashqai 1.2 DIG-T Xtronic N-Connecta,42900,PLN,Benzyna,125058,2016,Automatyczna,1.2
Audi,Audi A4 Limousine 40 TDI mHEV Quattro S Line S tronic,144900,PLN,Diesel,38050,2023,Automatyczna,NULL
Seat,Seat Leon,28900,PLN,Benzyna,209000,2014,Manualna,NULL
Skoda,Skoda Octavia 2.0 TDI Sportline DSG,57500,PLN,Diesel,221000,2021,Automatyczna,2.0
Toyota,Toyota 4-Runner,135000,PLN,Benzyna,57312,2020,Automatyczna,NULL
Lexus,Lexus RX Standard,28500,PLN,Benzyna+LPG,263000,2004,Automatyczna,NULL
Honda,Honda Jazz,4700,PLN,Benzyna,217000,2005,Manualna,NULL
Mercedes-Benz,Mercedes-Benz Klasa B,14000,PLN,Benzyna,175201,2008,Manualna,NULL
Ford,Ford Mondeo,15900,PLN,Hybryda,253000,2018,Automatyczna,NULL
Volkswagen,Volkswagen Golf Variant 2.0 TDI Life,89899,PLN,Diesel,10030,2024,Manualna,2.0
Audi,Audi A6 Avant,42000,PLN,Diesel,298244,2014,Automatyczna,NULL
Honda,Honda Civic,25000,PLN,Benzyna,148419,2011,Manualna,NULL
Hyundai,Hyundai ix35,37000,PLN,Diesel,199135,2015,Manualna,NULL
Kia,Kia ProCeed,88899,PLN,Benzyna,115400,2023,Automatyczna,NULL
Volvo,Volvo XC 60,229900,PLN,Benzyna,27484,2025,Automatyczna,NULL
Volvo,Volvo XC 60,161900,PLN,Diesel,50299,2022,Automatyczna,NULL
Ford,Ford Focus 2.0 EcoBoost ST mit Leder-Sport-Paket,49999,PLN,Benzyna,200000,2016,Manualna,2.0
Kia,Kia Carens 1.7 CRDi Spirit,27000,PLN,Diesel,177500,2013,Manualna,1.7
Ford,Ford Fiesta 1.25 Trend,12500,PLN,Benzyna,140000,2009,Manualna,1.2
Fiat,Fiat Ducato MJ L3,21000,PLN,Diesel,457526,2016,Manualna,NULL
Toyota,Toyota Camry 2.5 Hybrid Comfort CVT,108899,PLN,Hybryda,42834,2023,Automatyczna,2.5
Citroën,Citroën C3 1.2 T Plus,75000,PLN,Benzyna,2,2026,Manualna,1.2
Skoda,Skoda Fabia 1.0 TSI Ambition Plus,49899,PLN,Benzyna,74922,2022,Manualna,1.0
Alfa Romeo,Alfa Romeo Mito 0.9 8V Twinair Turismo,13900,PLN,Benzyna,130000,2013,Manualna,0.9
Seat,Seat Altea XL 2.0 TDI Stylance,5500,PLN,Diesel,303956,2007,Manualna,2.0
Kia,Kia Sportage 1.6 CRDI MHEV Business Line 2WD DCT,79800,PLN,Diesel,115000,2023,Automatyczna,1.6
Opel,Opel Vivaro L2H1 2.9t,31000,PLN,Diesel,425000,2010,Manualna,2.9
BMW,BMW Seria 3,28900,PLN,Benzyna,189000,2005,Automatyczna,NULL
BMW,BMW Seria 3,214899,PLN,Benzyna,13864,2025,Automatyczna,NULL
Alfa Romeo,Alfa Romeo Tonale 1.5 T4 GSE mHEV Intensa DCT,164900,PLN,Hybryda,17000,2025,Automatyczna,1.5
Kia,Kia Niro 1.6 GDI Hybrid M,109900,PLN,Hybryda,10,2025,Automatyczna,1.6
Opel,Opel Vivaro L2H1 2.9t,31000,PLN,Diesel,212000,2005,Manualna,2.9
BMW,BMW Seria 5 525i,22000,PLN,Benzyna,250523,2006,Automatyczna,NULL
Ford,Ford Kuga 2.0 TDCi 4WD Titanium Plus,27900,PLN,Diesel,261719,2011,Manualna,2.0
Nissan,Nissan Qashqai,75900,PLN,Benzyna,116000,2022,Automatyczna,NULL
Peugeot,Peugeot 5008 2.0 HDi Premium,12500,PLN,Diesel,314000,2012,Automatyczna,2.0
DS Automobiles,DS Automobiles DS 7 Crossback,89900,PLN,Benzyna,113055,2021,Automatyczna,NULL
Skoda,Skoda Superb 1.4 TSI Plug-In Hybrid Style DSG,83800,PLN,Hybryda Plug-in,100000,2022,Automatyczna,1.4
Ford,Ford Focus,47900,PLN,Diesel,200293,2022,Automatyczna,NULL
Opel,Opel Astra,26900,PLN,Diesel,144382,2016,Manualna,NULL
Volkswagen,Volkswagen Transporter L2 Max,32500,PLN,Diesel,250000,2005,Manualna,NULL
Peugeot,Peugeot 3008 1.6 PureTech HYbrid GT Line S&S EAT8,76900,PLN,Hybryda Plug-in,100000,2021,Automatyczna,1.6
BMW,BMW X5,199260,PLN,Hybryda Plug-in,160000,2021,Automatyczna,NULL
Ford,Ford Puma 1.0 EcoBoost Hybrid TITANIUM X,55800,PLN,Benzyna,120000,2023,Manualna,1.0
Audi,Audi A7 Sportback,59999,PLN,Benzyna,189000,2014,Automatyczna,NULL
Citroën,Citroën C4 1.2 mHEV Max eDCT6,110000,PLN,Benzyna,2,2026,Automatyczna,1.2
Kia,Kia EV6 84kWh Earth,189925,PLN,Elektryczny,10,2025,Automatyczna,NULL
Kia,"Kia EV2 42,2-kWh Light",102700,PLN,Elektryczny,10,2026,Automatyczna,NULL
Kia,Kia Sportage 1.6 T-GDI M 2WD,119900,PLN,Benzyna,10,2026,Manualna,1.6
Ford,Ford Explorer 3.0 EcoBoost PHEV 4WD ST-Line,199900,PLN,Hybryda Plug-in,98660,2021,Automatyczna,3.0
Suzuki,Suzuki Swift 1.2 Comfort,18900,PLN,Benzyna,92000,2011,Manualna,1.2
Mitsubishi,Mitsubishi Lancer 1.8 Invite,15900,PLN,Benzyna,181148,2009,Manualna,1.8
Ford,Ford Kuga 1.5 TDCi FWD Trend,47900,PLN,Diesel,161000,2017,Manualna,1.5
Honda,Honda Odyssey 3.5 LX,19900,PLN,Benzyna,352000,2006,Automatyczna,3.5
Volkswagen,Volkswagen Golf 2.0 TDI 4Mot Highline,19500,PLN,Diesel,279617,2010,Manualna,2.0
Volkswagen,Volkswagen Touran 1.4 TSI Highline,22500,PLN,Benzyna,132000,2010,Manualna,1.4
Audi,Audi Q3 2.0 TFSI Quattro S tronic,48900,PLN,Benzyna,163117,2013,Automatyczna,2.0
Fiat,Fiat Linea 1.3 MJ 16V Easy,9900,PLN,Diesel,257000,2013,Manualna,1.3
Seat,Seat Mii 1.0 SQ Style,16999,PLN,Benzyna,141000,2014,Automatyczna,1.0
Volvo,Volvo XC 60,199900,PLN,Benzyna,45121,2025,Automatyczna,NULL
Toyota,Toyota Camry,85998,PLN,Hybryda,166363,2023,Automatyczna,NULL
Skoda,Skoda Octavia,33000,PLN,Diesel,230145,2018,Manualna,NULL
Citroën,Citroën C3,50000,PLN,Benzyna,29930,2023,Manualna,NULL
Opel,Opel Grandland X,77998,PLN,Benzyna,48747,2023,Automatyczna,NULL
Skoda,Skoda Octavia,72999,PLN,Diesel,99550,2021,Automatyczna,NULL
Citroën,Citroën C3 1.2 mHEV Collection,90900,PLN,Benzyna,2,2026,Automatyczna,1.2
Volvo,Volvo XC 90,284900,PLN,Benzyna,41737,2025,Automatyczna,NULL
Nissan,Nissan Qashqai,30000,PLN,Benzyna,186603,2014,Manualna,NULL
Mitsubishi,Mitsubishi Colt,5000,PLN,Benzyna,231664,2007,Manualna,NULL
Mercedes-Benz,Mercedes-Benz CLA,72000,PLN,Benzyna,173967,2017,Automatyczna,NULL
Skoda,Skoda Fabia,46999,PLN,Benzyna,134819,2023,Manualna,NULL
Volvo,Volvo XC 40,152900,PLN,Benzyna,31610,2025,Automatyczna,NULL
Volvo,Volvo XC 40,84900,PLN,Benzyna,92760,2019,Manualna,NULL
Seat,Seat Leon 2.0 TDI FR S&S DSG,55900,PLN,Diesel,153700,2017,Automatyczna,2.0
Opel,Opel Corsa 1.2 16V Cosmo S&S,21900,PLN,Benzyna,92000,2014,Manualna,1.2
Opel,Opel Zafira,24900,PLN,Benzyna,228,2012,Manualna,NULL
Citroën,Citroën C5 1.8i 16V Dynamique Equilibre,7990,PLN,Benzyna+LPG,319000,2011,Manualna,1.8
Peugeot,Peugeot 207 1.6 VTi Sporty,12900,PLN,Benzyna,165000,2008,Manualna,1.6
Audi,Audi S4 Limousine,59800,PLN,Benzyna,121172,2019,Automatyczna,NULL
Ford,Ford Focus 2.0 TDCi Titanium,17700,PLN,Diesel,288000,2013,Manualna,2.0
Citroën,Citroën C5 Aircross 1.2 mHEV Plus eDCT6,122900,PLN,Benzyna,2,2026,Automatyczna,1.2
Citroën,Citroën C3 Aircross 1.2 mHEV Max S&S eDCT6,107000,PLN,Benzyna,2,2026,Automatyczna,1.2
Peugeot,Peugeot 508 HDi FAP 140 Allure,22500,PLN,Diesel,283000,2012,Manualna,NULL
GAC,GAC Emzoom,99900,PLN,Benzyna,10,2026,Automatyczna,NULL
Audi,Audi A4 Limousine,79000,PLN,Benzyna,100300,2018,Automatyczna,NULL
Ford,Ford Mustang 3.7 V6 Premium,66000,PLN,Benzyna,95000,2014,Automatyczna,3.7
Tesla,Tesla Model Y,169990,PLN,Elektryczny,76029,2023,Automatyczna,NULL
Audi,Audi Q5 2.0 TDI Quattro Sport S tronic,107000,PLN,Diesel,146000,2018,Automatyczna,2.0
Volkswagen,Volkswagen Golf R 4Motion BlueMotion Technology,67900,PLN,Benzyna,188000,2014,Manualna,NULL
Toyota,Toyota Yaris,3000,PLN,Benzyna,223809,2003,Manualna,NULL
Peugeot,Peugeot Partner 2.0 HDi Totem,6900,PLN,Diesel,387000,2005,Manualna,2.0
Renault,Renault Zoe,22900,PLN,Elektryczny,68000,2015,Automatyczna,NULL
Peugeot,Peugeot 308 1.5 BlueHDi Active Pack S&S EAT8,79890,PLN,Diesel,96813,2024,Automatyczna,1.5
Peugeot,Peugeot 2008,71890,PLN,Benzyna,57927,2022,Automatyczna,NULL
Skoda,Skoda Scala 1.0 TSI Selection,69890,PLN,Benzyna,75144,2024,Manualna,1.0
Skoda,Skoda Kodiaq 2.0 TDI 4x4 Style DSG,116890,PLN,Diesel,78085,2021,Automatyczna,2.0
Toyota,Toyota Corolla 2.0 Hybrid Comfort,87890,PLN,Hybryda,63663,2021,Automatyczna,2.0
Toyota,Toyota Camry 2.5 Hybrid Executive CVT,119890,PLN,Hybryda,96005,2023,Automatyczna,2.5
Toyota,Toyota Corolla 2.0 Hybrid Comfort,78890,PLN,Hybryda,123270,2021,Automatyczna,2.0
Peugeot,Peugeot 508 1.5 BlueHDi GT Line S&S EAT8,106890,PLN,Diesel,92816,2024,Automatyczna,1.5
Kia,Kia Picanto 1.2 M,39890,PLN,Benzyna+LPG,134448,2022,Manualna,1.2
Nissan,Nissan Qashqai 1.2 DIG-T Tekna+,45900,PLN,Benzyna,108090,2018,Manualna,1.2
Toyota,Toyota Corolla 1.6 Premium,52800,PLN,Benzyna,78700,2017,Manualna,1.6
Hyundai,Hyundai ix35 1.7 CRDi 2WD Comfort,26500,PLN,Diesel,180855,2010,Manualna,1.7
Peugeot,Peugeot 3008,59999,PLN,Diesel,182000,2017,Automatyczna,NULL
Hyundai,Hyundai Tucson blue 1.6 GDi 2WD Trend,63999,PLN,Benzyna,131500,2019,Manualna,1.6
BMW,BMW Seria 3 318i Sport Line,54900,PLN,Benzyna,195000,2018,Automatyczna,NULL
Fiat,Fiat Grande Punto,4900,PLN,Diesel,380,2006,Manualna,NULL
Alfa Romeo,Alfa Romeo Tonale,126890,PLN,Benzyna,44632,2024,Automatyczna,NULL
Volkswagen,Volkswagen Golf 1.2 TSI BMT Comfortline Perfectline,28000,PLN,Benzyna,140000,2014,Manualna,1.2
Mercedes-Benz,Mercedes-Benz Klasa C 180 mHEV Avantgarde,128900,PLN,Benzyna,76500,2021,Automatyczna,NULL
Volvo,Volvo XC 40 T4 Plug-In Hybrid Core,109890,PLN,Hybryda Plug-in,83511,2022,Automatyczna,NULL
Subaru,Subaru WRX,68800,PLN,Benzyna,154000,2015,Manualna,NULL
Cupra,Cupra Formentor 2.5 TSI 4Drive VZ5 DSG,169890,PLN,Benzyna,61830,2022,Automatyczna,2.5
Audi,Audi A3 Sportback 2.0 TDI DPF Ambition,16000,PLN,Diesel,331460,2007,Manualna,2.0
Mazda,Mazda CX-5 2.0 Hikari 2WD,109890,PLN,Benzyna,121691,2023,Automatyczna,2.0
Kia,Kia Picanto 1.2 M,38890,PLN,Benzyna+LPG,188419,2023,Manualna,1.2
Mercedes-Benz,Mercedes-Benz EQB 250 70.5kWh Progressive,148890,PLN,Elektryczny,40331,2024,Automatyczna,0.5
Audi,Audi A3 Sportback 35 TFSI mHEV S tronic,109890,PLN,Benzyna,36747,2023,Automatyczna,NULL
Fiat,Fiat Tipo 1.4 16v Easy,31000,PLN,Benzyna,62000,2017,Manualna,1.4
Cupra,Cupra Formentor 2.0 TSI 4Drive DSG,133890,PLN,Benzyna,30064,2024,Automatyczna,2.0
Cupra,Cupra Ateca 1.5 TSI DSG,121890,PLN,Benzyna,19063,2024,Automatyczna,1.5
Volkswagen,Volkswagen Taigo,103890,PLN,Benzyna,5874,2024,Automatyczna,NULL
Volkswagen,Volkswagen T-Roc 1.0 TSI Advance,75890,PLN,Benzyna,91997,2020,Manualna,1.0
Volvo,Volvo XC 90 D5 AWD Inscription 7os,108000,PLN,Diesel,170000,2018,Automatyczna,NULL
Audi,Audi A3 Limousine 35 TFSI mHEV Advanced S tronic,103890,PLN,Benzyna,116171,2022,Automatyczna,NULL
Audi,Audi A3 Sportback 35 TFSI mHEV S Line S tronic,135890,PLN,Benzyna,20388,2025,Automatyczna,NULL
Audi,Audi A3 Limousine 35 TFSI mHEV Advanced S tronic,108890,PLN,Benzyna,57321,2023,Automatyczna,NULL
Audi,Audi A3 Sportback 35 TFSI mHEV S Line S tronic,105890,PLN,Benzyna,44772,2022,Automatyczna,NULL
Audi,Audi A3 Sportback 35 TFSI mHEV Advanced S tronic,104890,PLN,Benzyna,54700,2021,Automatyczna,NULL
Jeep,Jeep Grand Cherokee,19999,PLN,Diesel,225000,2011,Automatyczna,NULL
Audi,Audi A4 Avant 40 TDI mHEV Quattro S tronic,78890,PLN,Diesel,172878,2022,Automatyczna,NULL
Peugeot,Peugeot 2008,69999,PLN,Benzyna,23120,2022,Automatyczna,NULL
Citroën,Citroën C3,29500,PLN,Benzyna,71000,2018,Manualna,NULL
BMW,BMW X5 M Competition,279890,PLN,Benzyna,111979,2020,Automatyczna,NULL
Fiat,Fiat Grande Punto 1.4 8V Dynamic,7500,PLN,Benzyna,137693,2006,Manualna,1.4
Toyota,Toyota Yaris Cross Hybrid 1.5 Style,110850,PLN,Hybryda,15289,2025,Automatyczna,1.5
Toyota,Toyota Proace City Verso 1.5 D-4D Family,117900,PLN,Diesel,5,2025,Manualna,1.5
Toyota,Toyota Proace City Verso 1.5 D-4D L1 Combi,93800,PLN,Diesel,5,2025,Manualna,1.5
Land Rover,Land Rover Range Rover Evoque,95000,PLN,Benzyna,113000,2019,Automatyczna,NULL
Mazda,Mazda 6 2.0 SKYMotion,67900,PLN,Benzyna,74000,2018,Manualna,2.0
Hyundai,Hyundai Tucson blue 1.7 CRDi 2WD DCT Advantage,49900,PLN,Diesel,190000,2017,Automatyczna,1.7
Ford,Ford S-Max 2.0 EcoBlue Vignale,140000,PLN,Diesel,75200,2022,Automatyczna,2.0
Skoda,Skoda Superb 2.0 TDI SCR Sportline DSG,140000,PLN,Diesel,42150,2022,Automatyczna,2.0
Toyota,Toyota Corolla 1.8 Hybrid Comfort,87900,PLN,Hybryda,82170,2023,Automatyczna,1.8
Audi,Audi A4 Limousine,40000,PLN,Benzyna,185000,2014,Automatyczna,NULL
Ford,Ford Focus 1.6 TDCi DPF Style+,8500,PLN,Diesel,209323,2009,Manualna,1.6
Ford,Ford Focus 1.0 EcoBoost Titanium ASS,17900,PLN,Benzyna,160000,2013,Manualna,1.0
Peugeot,Peugeot 5008 1.6 HDi Premium,12999,PLN,Diesel,225000,2010,Manualna,1.6
Opel,Opel Astra 1.6 Design Edition,12999,PLN,Benzyna,235000,2011,Manualna,1.6
Opel,Opel Grandland X 1.5 D Start/Stop Automatik Ultimate,59999,PLN,Diesel,138000,2022,Automatyczna,1.5
Nissan,Nissan Qashqai 1.3 DIG-T MHEV Tekna Xtronic,95000,PLN,Benzyna,38400,2022,Automatyczna,1.3
Ford,Ford Grand C-MAX 2.0 TDCi Titanium,19900,PLN,Diesel,314000,2012,Manualna,2.0
Toyota,Toyota Proace City Verso 1.2 D-4T Family,69850,PLN,Benzyna,124734,2021,Manualna,1.2
Toyota,Toyota RAV4,125850,PLN,Hybryda,157567,2022,Automatyczna,NULL
BMW,BMW Seria 5 530d xDrive,145900,PLN,Diesel,159000,2021,Automatyczna,NULL
Toyota,Toyota RAV4 2.5 Hybrid Executive 4x4,176900,PLN,Hybryda,49990,2023,Automatyczna,2.5
Ford,Ford Focus,11500,PLN,Benzyna,212214,2008,Manualna,NULL
Mercedes-Benz,Mercedes-Benz CLA,179000,PLN,Benzyna,4,2025,Automatyczna,NULL
Dodge,Dodge Challenger,86900,PLN,Benzyna,127000,2015,Manualna,NULL
Jeep,Jeep Compass,60500,PLN,Benzyna,123000,2017,Automatyczna,NULL
Opel,Opel Insignia 2.0 CDTI Cosmo 4x4,8000,PLN,Diesel,318290,2010,Manualna,2.0
Fiat,Fiat Doblo Active,34900,PLN,Benzyna+LPG,150527,2018,Manualna,NULL
Mitsubishi,Mitsubishi Outlander,69900,PLN,Benzyna,115799,2017,Automatyczna,NULL
Honda,Honda Civic 1.8 Comfort,15900,PLN,Benzyna,202279,2006,Manualna,1.8
Opel,Opel Vectra 2.2 Automatik,5000,PLN,Benzyna,301000,2005,Automatyczna,2.2
Peugeot,Peugeot 308 120 VTi Access,6500,PLN,Benzyna+LPG,243578,2011,Manualna,NULL
Subaru,Subaru Legacy,2800,PLN,Benzyna,300000,2006,Manualna,NULL
BMW,BMW Seria 6 650 i,37500,PLN,Benzyna,190000,2005,Automatyczna,NULL
Ford,Ford Ranger,102900,PLN,Diesel,185000,2021,Manualna,NULL
BYD,BYD Leopard 7,214900,PLN,Hybryda Plug-in,4334,2025,Automatyczna,NULL
Toyota,Toyota Corolla,103000,PLN,Hybryda,70021,2024,Automatyczna,NULL
Volkswagen,Volkswagen Multivan L1 Highline,30000,PLN,Diesel,468000,2009,Manualna,NULL
Audi,Audi A4 Allroad,114900,PLN,Diesel,110468,2021,Automatyczna,NULL
Mercedes-Benz,Mercedes-Benz Klasa C,117900,PLN,Diesel,130572,2022,Automatyczna,NULL
Volvo,Volvo V60,107900,PLN,Hybryda,147808,2023,Automatyczna,NULL
Audi,Audi A6 Limousine,10500,PLN,Benzyna+LPG,360000,2003,Automatyczna,NULL
Ford,Ford S-Max 2.0 Silver X,12900,PLN,Benzyna,200000,2006,Manualna,2.0
AVATR,AVATR 7,214900,PLN,Hybryda Plug-in,10787,2024,Automatyczna,NULL
Mazda,Mazda MX-5,124000,PLN,Benzyna,6647,2024,Manualna,NULL
BMW,BMW Seria 5,21900,PLN,Benzyna,410226,2000,Automatyczna,NULL
Seat,Seat Leon 1.2 TSI Style S&S,36900,PLN,Benzyna,148000,2018,Manualna,1.2
Kia,Kia Ceed,42900,PLN,Benzyna,157000,2019,Manualna,NULL
Fiat,Fiat Doblo 1.9 JTD Dynamic,4800,PLN,Diesel,297000,2005,Manualna,1.9
Ford,Ford Fiesta,12900,PLN,Benzyna,70000,2007,Manualna,NULL
Kia,Kia Rio 1.4 M (klm),20500,PLN,Benzyna,139800,2012,Manualna,1.4
Hyundai,Hyundai i30 1.4 Classic +,48000,PLN,Benzyna,81250,2020,Manualna,1.4
Volvo,Volvo V70 2.0 Summum,18500,PLN,Benzyna,257773,2009,Manualna,2.0
Hyundai,Hyundai i40 1.7 CRDi Comfort,17900,PLN,Diesel,307000,2015,Manualna,1.7
Citroën,Citroën C4 1.6 BlueHDi Feel Edition S&S,24800,PLN,Diesel,221000,2015,Manualna,1.6
Honda,Honda Civic,13000,PLN,Benzyna,232533,2007,Manualna,NULL
Toyota,Toyota Auris 1.6 2010,24500,PLN,Benzyna,140000,2010,Manualna,1.6
Volkswagen,Volkswagen Scirocco,27000,PLN,Benzyna,217000,2009,Manualna,NULL
Audi,Audi S6 Limousine,41500,PLN,Benzyna,197000,2016,Automatyczna,NULL
Fiat,Fiat 500 1.2 8V Color Therapy Euro6,24999,PLN,Benzyna,88140,2019,Manualna,1.2
Mazda,Mazda CX-30,61000,PLN,Benzyna,114000,2020,Automatyczna,NULL
Ford,Ford Mondeo 2.0 TDCi Titanium,8000,PLN,Diesel,290000,2008,Manualna,2.0
BMW,BMW X3 xDrive30i M Sport Edition,139900,PLN,Benzyna,44000,2022,Automatyczna,NULL
Honda,Honda CR-V,45999,PLN,Diesel,250000,2014,Automatyczna,NULL
Citroën,Citroën Berlingo Multispace BlueHDi 100 FEEL,34900,PLN,Diesel,173000,2017,Manualna,NULL
Skoda,Skoda Yeti 1.2 TSI 4x2 Active,23900,PLN,Benzyna,198000,2013,Manualna,1.2
Suzuki,Suzuki Vitara 1.6 Premium 4WD,63800,PLN,Benzyna,77000,2016,Automatyczna,1.6
Ford,Ford Grand C-MAX 1.6 TDCi Edition,14800,PLN,Diesel,241000,2012,Manualna,1.6
Honda,Honda Civic 1.4i LS,4990,PLN,Benzyna,219000,2005,Manualna,1.4
Skoda,Skoda Fabia 1.4 16V Comfort,6990,PLN,Benzyna,129000,2010,Manualna,1.4
Tesla,Tesla Model 3 AWD,179000,PLN,Elektryczny,53000,2024,Automatyczna,NULL
Citroën,Citroën C5,23900,PLN,Diesel,238000,2010,Automatyczna,NULL
Mercedes-Benz,Mercedes-Benz GLC 220 d mHEV 4-Matic Avantgarde,181000,PLN,Diesel,64600,2023,Automatyczna,NULL
Ford,Ford Kuga 2.0 TDCi 4x4 Titanium,22900,PLN,Diesel,246000,2009,Manualna,2.0
Ford,Ford Focus 1.0 EcoBoost Titanium X,62900,PLN,Benzyna,16000,2024,Manualna,1.0
Mitsubishi,Mitsubishi Outlander Black Edition,237990,PLN,Hybryda Plug-in,5,2026,Automatyczna,NULL
Citroën,Citroën C5 2.0 HDi Exclusive,13999,PLN,Diesel,289170,2011,Manualna,2.0
Mitsubishi,Mitsubishi Eclipse Cross,68500,PLN,Benzyna,73000,2019,Automatyczna,NULL
Nissan,Nissan Qashqai 2.0 dCi Tekna,19000,PLN,Diesel,247369,2009,Manualna,2.0
Honda,Honda HR-V 1.5 i-VTEC Comfort,55900,PLN,Benzyna,79096,2016,Manualna,1.5
Peugeot,Peugeot 206,2000,PLN,Benzyna,195000,2001,Manualna,NULL
Audi,Audi TT Coupé 1.8T Quattro,18900,PLN,Benzyna+LPG,317000,2000,Manualna,1.8
Volkswagen,Volkswagen Sharan 2.0 TDI Highline,18800,PLN,Diesel,261700,2009,Manualna,2.0
MINI,MINI Countryman C Classic Trim,37700,PLN,Benzyna,23500,2024,Automatyczna,NULL
Audi,Audi A4 Limousine,20999,PLN,Benzyna+LPG,195000,2007,Manualna,NULL
Citroën,Citroën Ami,10400,PLN,Elektryczny,1500,2024,Automatyczna,NULL
Opel,Opel Corsa 1.4 T Enjoy S&S,34000,PLN,Benzyna,116000,2018,Manualna,1.4
BMW,BMW X5 xDrive40e,65000,PLN,Hybryda Plug-in,251423,2017,Automatyczna,NULL
Volkswagen,Volkswagen Golf 1.6 TDI Highline Optimum DSG,22000,PLN,Diesel,196171,2010,Automatyczna,1.6
Honda,Honda HR-V 1.6 i-DTEC Elegance,19400,PLN,Diesel,104000,2015,Manualna,1.6
Kia,Kia Stonic 1.4 L,58800,PLN,Benzyna,69000,2017,Manualna,1.4
Ford,Ford B-MAX 1.6 COOL&CONNECT,12900,PLN,Benzyna,113000,2013,Automatyczna,1.6
Peugeot,Peugeot 5008 2.0 BlueHDI Allure S&S,52000,PLN,Diesel,246000,2017,Manualna,2.0
Audi,Audi A4 Limousine 45 TFSI mHEV Quattro S Line S tronic,94888,PLN,Benzyna,43888,2021,Automatyczna,NULL
MINI,MINI ONE,9500,PLN,Benzyna+LPG,190136,2005,Manualna,NULL
Jaguar,Jaguar E-Pace,64000,PLN,Diesel,104000,2019,Automatyczna,NULL
Audi,Audi A5 Sportback 2.0 TFSI quattro S tronic sport,95000,PLN,Benzyna,218000,2018,Automatyczna,2.0
Hyundai,Hyundai ix35 1.7 CRDi Comfort 2WD,27900,PLN,Diesel,218000,2011,Manualna,1.7
Audi,Audi A6 Avant 3.0 TDI Quattro S tronic,119500,PLN,Diesel,185000,2019,Automatyczna,3.0
Nissan,Nissan Qashqai 1.3 DIG-T N-Style,67900,PLN,Benzyna,56700,2019,Manualna,1.3
Jeep,Jeep Compass 73.7kWh Standard Range First Edition FWD,197000,PLN,Elektryczny,1,2026,Automatyczna,3.7
Land Rover,Land Rover Range Rover Sport P400e Autobiography Dynamic,91400,PLN,Hybryda Plug-in,106000,2019,Automatyczna,NULL
Fiat,Fiat Bravo,9900,PLN,Benzyna,222000,2009,Manualna,NULL
Opel,Opel Zafira 1.8 Enjoy,2900,PLN,Benzyna+LPG,289500,2006,Manualna,1.8
Lexus,Lexus GS 450h Prestige,129800,PLN,Hybryda,255000,2016,Automatyczna,NULL
Mercedes-Benz,Mercedes-Benz GLC,115000,PLN,Benzyna,113343,2018,Automatyczna,NULL
BMW,BMW X3,259900,PLN,Diesel,18000,2025,Automatyczna,NULL
BMW,BMW 1M,138900,PLN,Benzyna,59000,2022,Automatyczna,NULL
Audi,Audi R8 Spyder,400000,PLN,Benzyna,95564,2017,Automatyczna,NULL
Hyundai,Hyundai Kona,67000,PLN,Hybryda,88000,2021,Automatyczna,NULL
Audi,Audi Q5,32900,PLN,Diesel,275299,2010,Automatyczna,NULL
Volkswagen,Volkswagen Polo 1.2 12V Basis,5600,PLN,Benzyna,138000,2002,Manualna,1.2
Peugeot,Peugeot RCZ,28900,PLN,Benzyna,89750,2011,Manualna,NULL
Renault,Renault Kangoo 1.6 16V Alize,8400,PLN,Benzyna,179771,2002,Manualna,1.6
Audi,Audi A6 Limousine 1.8 T,6500,PLN,Benzyna+LPG,329632,2000,Manualna,1.8
Audi,Audi Q5 2.0 TDI Quattro Sport S tronic,147600,PLN,Diesel,149000,2018,Automatyczna,2.0
Volvo,Volvo V40 T4 Momentum,45500,PLN,Benzyna,147419,2015,Manualna,NULL
Alfa Romeo,Alfa Romeo 147 1.9 JTD Distinctive,6900,PLN,Diesel,165000,2003,Manualna,1.9
Fiat,Fiat Croma,4300,PLN,Diesel,188000,2009,Manualna,NULL
Ford,Ford Focus,15800,PLN,Benzyna,202476,2011,Manualna,NULL
Alfa Romeo,Alfa Romeo Giulietta,46900,PLN,Benzyna,217000,2014,Automatyczna,NULL
Suzuki,Suzuki Swift,47400,PLN,Benzyna,100000,2017,Manualna,NULL
Suzuki,Suzuki Vitara 1.4 T Boosterjet S 4WD,58900,PLN,Benzyna,168000,2015,Manualna,1.4
Audi,Audi A6 Limousine 3.0 TDI Quattro S tronic,58000,PLN,Diesel,217000,2011,Automatyczna,3.0
Audi,Audi A4 Avant,2700,PLN,Benzyna,268232,2003,Manualna,NULL
Kia,Kia Picanto 1.0 L,15990,PLN,Benzyna,205718,2015,Manualna,1.0
Opel,Opel Astra 1.4 T Dynamic,29900,PLN,Benzyna,119500,2017,Manualna,1.4
MINI,MINI Cooper S Bayswater,16900,PLN,Benzyna,291000,2011,Automatyczna,NULL
Fiat,Fiat Bravo 1.4 T-JET 16V Dynamic NAV,15900,PLN,Benzyna,169682,2012,Manualna,1.4
Cupra,Cupra Formentor,149000,PLN,Benzyna,69130,2021,Automatyczna,NULL
Opel,Opel Insignia,42500,PLN,Benzyna,148000,2018,Automatyczna,NULL
Ford,Ford Mondeo 1.5 EcoBoost STart-Stopp ST-Line,53903,PLN,Benzyna,109241,2019,Manualna,1.5
Honda,Honda Civic 1.5 T Sport (Navi),79900,PLN,Benzyna,74656,2019,Manualna,1.5
Citroën,Citroën Berlingo,6999,PLN,Diesel,500,2010,Manualna,NULL
Toyota,Toyota RAV4 2.5 Hybrid Comfort 4x2,99900,PLN,Hybryda,159000,2022,Automatyczna,2.5
Ligier,Ligier JS50,47000,PLN,Diesel,31700,2023,Automatyczna,NULL
Alfa Romeo,Alfa Romeo Stelvio 2.0 Turbo Intensa Q4,229900,PLN,Benzyna,1,2025,Automatyczna,2.0
Ford,Ford Mondeo,6000,PLN,Benzyna,182000,2002,Manualna,NULL
Skoda,Skoda Kodiaq 2.0 TSI 4x4 Style DSG,89900,PLN,Benzyna,194900,2019,Automatyczna,2.0
Ford,Ford Focus C-Max,6000,PLN,Benzyna,198403,2004,Manualna,NULL
Renault,Renault Megane 1.6 Privilege,9999,PLN,Benzyna,135871,2006,Manualna,1.6
Volkswagen,Volkswagen Passat 2.0 TDI Comfortline,20900,PLN,Diesel,393835,2013,Manualna,2.0
Suzuki,Suzuki Swift,44000,PLN,Benzyna,78000,2015,Manualna,NULL
BMW,BMW X3 xDrive20d,53000,PLN,Diesel,190000,2014,Automatyczna,NULL
Nissan,Nissan Juke 1.0 DIG-T Acenta DCT,27892,PLN,Benzyna,11194,2025,Automatyczna,1.0
Hyundai,Hyundai Tucson 1.6 T-GDi PHEV Executive 4WD,105000,PLN,Hybryda Plug-in,91449,2022,Automatyczna,1.6
Opel,Opel Astra 1.6 EU6,29900,PLN,Benzyna,169239,2017,Manualna,1.6
Ford,Ford Transit Custom,75000,PLN,Diesel,211625,2016,Manualna,NULL
Ford,Ford Tourneo Connect Grand 1.6 TDCi Titanium,42500,PLN,Diesel,145000,2015,Manualna,1.6
Audi,Audi A5 Sportback 2.0 TDI DPF (clean diesel) multitronic,60900,PLN,Diesel,86780,2015,Automatyczna,2.0
Volkswagen,Volkswagen Amarok 2.0 BiTDI Autm BMT Ultimate,49900,PLN,Diesel,350000,2015,Automatyczna,2.0
Renault,Renault Trafic,58900,PLN,Diesel,263000,2019,Manualna,NULL
Jeep,Jeep Grand Cherokee 3.6 V6 Pentastar 4WD Automatik Summit,19900,PLN,Benzyna,160000,2018,Automatyczna,3.6
Audi,Audi Q7,79900,PLN,Diesel,189000,2016,Automatyczna,NULL
Audi,Audi Q5 45 TFSI mHEV Quattro S Line S tronic,154900,PLN,Benzyna,32000,2024,Automatyczna,NULL
Ford,Ford Fiesta 1.25 Viva,15700,PLN,Benzyna,136000,2010,Manualna,1.2
Kia,Kia Sportage,31800,PLN,Diesel,213000,2013,Manualna,NULL
Nissan,Nissan Qashqai 1.2 DIG-T Acenta EU6,36500,PLN,Benzyna,131463,2016,Manualna,1.2
Renault,Renault Megane 1.6 16V Dynamique,17900,PLN,Benzyna,229000,2009,Manualna,1.6
Audi,Audi A4 Limousine,54900,PLN,Diesel,199000,2016,Manualna,NULL
Volkswagen,Volkswagen Golf,44000,PLN,Diesel,150000,2018,Manualna,NULL
Seat,Seat Leon 1.4 TSI FR S&S,49999,PLN,Benzyna,189000,2017,Manualna,1.4
Volkswagen,Volkswagen Golf 1.2 TSI BlueMotion Technology MATCH,27900,PLN,Benzyna,203475,2013,Manualna,1.2
Ford,Ford Focus 1.0 EcoBoost ST-Line,49999,PLN,Benzyna,106000,2020,Manualna,1.0
Ford,Ford Focus 1.6 Trend,29750,PLN,Benzyna,191200,2015,Manualna,1.6
Audi,Audi Q7,89900,PLN,Diesel,256000,2016,Automatyczna,NULL
Dacia,Dacia Lodgy 1.2 TCe Prestige S&S,24000,PLN,Benzyna,179125,2017,Manualna,1.2
Mercedes-Benz,Mercedes-Benz Klasa A,109900,PLN,Benzyna,115000,2020,Automatyczna,NULL
Peugeot,Peugeot 3008 1.5 BlueHDi GT S&S EAT8,77700,PLN,Diesel,151130,2021,Automatyczna,1.5
Land Rover,Land Rover Range Rover Velar 3.0 P400 mHEV Dynamic SE,329000,PLN,Benzyna,11,2026,Automatyczna,3.0
Land Rover,Land Rover Range Rover Velar 3.0 P400 mHEV Dynamic SE,339000,PLN,Benzyna,11,2026,Automatyczna,3.0
Land Rover,Land Rover Range Rover Velar 3.0 P400 mHEV Dynamic SE,334000,PLN,Benzyna,11,2026,Automatyczna,3.0
Hyundai,Hyundai ix35,35000,PLN,Diesel,164000,2012,Manualna,NULL
BMW,BMW X3 xDrive20d xLine,95000,PLN,Diesel,167000,2018,Automatyczna,NULL
Peugeot,Peugeot 3008 225 e-EAT8 GT Pack,69900,PLN,Hybryda Plug-in,165000,2021,Automatyczna,NULL
Audi,Audi A3 Sportback 2.0 TDI DPF Ambition,27999,PLN,Diesel,201221,2011,Manualna,2.0
Lexus,Lexus RX 200t / 300 GPF Elite,102700,PLN,Benzyna,155326,2016,Automatyczna,NULL
Dacia,Dacia Sandero Stepway 1.0 TCe Comfort,44950,PLN,Benzyna,80000,2022,Manualna,1.0
Volvo,Volvo V50,10800,PLN,Diesel,252895,2009,Automatyczna,NULL
Seat,Seat Leon,42500,PLN,Benzyna,186200,2014,Manualna,NULL
Mercedes-Benz,Mercedes-Benz CLC,25000,PLN,Benzyna,118000,2010,Automatyczna,NULL
Land Rover,Land Rover Range Rover 5.0 V8 S/C Vogue,179000,PLN,Benzyna,90000,2016,Automatyczna,5.0
Volkswagen,Volkswagen T-Roc 1.5 TSI Style DSG,113000,PLN,Benzyna+LPG,15000,2024,Automatyczna,1.5
Hyundai,Hyundai i30,35000,PLN,Benzyna,95000,2017,Manualna,NULL
Volkswagen,Volkswagen T-Roc 1.5 TSI OPF Style,68000,PLN,Benzyna,119000,2021,Manualna,1.5
BMW,BMW Seria 7 740d xDrive mHEV M Sport sport,429000,PLN,Diesel,40000,2023,Automatyczna,NULL
Citroën,Citroën C4 Picasso 1.6 BlueHDi MoreLife S&S EAT6,38900,PLN,Diesel,171521,2018,Automatyczna,1.6
Kia,Kia Sportage,125000,PLN,Hybryda Plug-in,19500,2024,Automatyczna,NULL
Volkswagen,Volkswagen Tiguan 1.4 TSI DSG BlueMotion Technology Exclusive,28900,PLN,Benzyna,239000,2013,Automatyczna,1.4
Ford,Ford C-MAX 1.6 TDCi Start-Stop-System Titanium,19900,PLN,Diesel,198000,2013,Manualna,1.6
Citroën,Citroën C1 1.0 Cool&Sound,10900,PLN,Benzyna,101000,2012,Manualna,1.0
BMW,BMW X7,279899,PLN,Diesel,135550,2020,Automatyczna,NULL
Mazda,Mazda CX-9,142900,PLN,Benzyna,70860,2022,Automatyczna,NULL
Volvo,Volvo XC 60 T6 AWD Inscription,139900,PLN,Benzyna,52862,2021,Automatyczna,NULL
Kia,Kia Venga 1.4 S,19500,PLN,Benzyna,102000,2010,Manualna,1.4
Audi,Audi Q7,95900,PLN,Diesel,162310,2016,Automatyczna,NULL
Audi,Audi Q7 3.0 TFSI Quattro Tiptronic,139900,PLN,Benzyna,223550,2017,Automatyczna,3.0
Audi,Audi Q3 Sportback,151900,PLN,Benzyna,9188,2025,Automatyczna,NULL
Audi,Audi A6 Allroad,222250,PLN,Diesel,57831,2023,Automatyczna,NULL
Audi,Audi A4 Allroad,144500,PLN,Diesel,85158,2022,Automatyczna,NULL
Audi,Audi A1 Sportback,89900,PLN,Benzyna,25769,2024,Automatyczna,NULL
Audi,Audi A6 Avant,144500,PLN,Diesel,55657,2022,Automatyczna,NULL
Honda,Honda Jazz 1.3 i-VTEC Comfort,39500,PLN,Benzyna,70000,2017,Manualna,1.3
Audi,Audi S3 Limousine,198900,PLN,Benzyna,10,2026,Automatyczna,NULL
Renault,Renault Captur 0.9 Energy TCe S-Edition,36600,PLN,Benzyna,146000,2017,Manualna,0.9
Toyota,Toyota Land Cruiser,139000,PLN,Diesel,113000,1994,Manualna,NULL
Honda,Honda ZR-V 2.0 i-MMD HEV Advance 2WD CVT,174900,PLN,Hybryda,7,2026,Automatyczna,2.0
MINI,MINI Countryman S ALL4 mHEV Linia Favoured,207900,PLN,Benzyna,7400,2025,Automatyczna,NULL
Ford,Ford C-MAX 1.6 TDCi Titanium,11500,PLN,Diesel,303000,2012,Manualna,1.6
Jeep,Jeep Wrangler,50000,PLN,Benzyna,185000,1989,Manualna,NULL
Ford,Ford Fiesta 1.25 Trend,26800,PLN,Benzyna,129000,2015,Manualna,1.2
Mercedes-Benz,Mercedes-Benz GLC,105000,PLN,Diesel,84000,2018,Automatyczna,NULL
BMW,BMW X1,26900,PLN,Diesel,211000,2011,Automatyczna,NULL
Volkswagen,Volkswagen T-Roc 1.5 TSI Final Edition DSG,134900,PLN,Benzyna,4945,2025,Automatyczna,1.5
Inny,Inny Inny,9700,PLN,Benzyna,117340,1991,Manualna,NULL
Peugeot,Peugeot Boxer 2.5TD,17200,PLN,Diesel,341457,2000,Manualna,2.5
Nissan,Nissan X-Trail,64900,PLN,Benzyna,128337,2020,Automatyczna,NULL
Skoda,Skoda Kamiq 1.0 TSI Monte Carlo DSG,65000,PLN,Benzyna,80200,2020,Automatyczna,1.0
Nissan,Nissan Micra 1.4 Tekna,3300,PLN,Benzyna,190000,2004,Manualna,1.4
Opel,Opel Insignia 2.0 T Sport 4x4,19800,PLN,Benzyna,152000,2012,Automatyczna,2.0
BMW,BMW X1 xDrive20i M Sport sport,68500,PLN,Benzyna,163000,2016,Automatyczna,NULL
Toyota,Toyota Proace Verso,105000,PLN,Diesel,22000,2025,Manualna,NULL
Seat,Seat Mii 1.0 Reference,17800,PLN,Benzyna,140000,2016,Manualna,1.0
Volkswagen,Volkswagen Passat,26300,PLN,Diesel,298700,2016,Manualna,NULL
Hyundai,Hyundai ix20 1.4 Trend,29500,PLN,Benzyna,132471,2015,Manualna,1.4
Volkswagen,Volkswagen Tiguan 1.4 TSI BlueMotion Technology Sport & Style,37700,PLN,Benzyna,115800,2014,Manualna,1.4
Volvo,Volvo V60,89900,PLN,Benzyna,161711,2022,Automatyczna,NULL
Ford,Ford Kuga 1.5 EcoBoost 2x4 Titanium,47999,PLN,Benzyna,145797,2017,Manualna,1.5
Ford,Ford Focus,46700,PLN,Benzyna,127936,2019,Automatyczna,NULL
Ford,Ford Focus 2.0 EcoBoost ST mit Leder-Exclusiv-Paket,63900,PLN,Benzyna,162586,2016,Manualna,2.0
Volkswagen,Volkswagen T-Roc 1.5 eTSI R-Line DSG,169500,PLN,Benzyna,1,2026,Automatyczna,1.5
Volkswagen,Volkswagen T-Roc 1.5 eTSI Style DSG,134000,PLN,Benzyna,1,2026,Automatyczna,1.5
Volkswagen,Volkswagen Tayron 2.0 TSI 4Mot R-Line Plus DSG,254000,PLN,Benzyna,1,2026,Automatyczna,2.0
Volkswagen,Volkswagen Tiguan 2.0 TDI 4Mot Elegance DSG,227500,PLN,Diesel,1,2026,Automatyczna,2.0
Volkswagen,Volkswagen Tayron,229900,PLN,Hybryda,1,2026,Automatyczna,NULL
Volkswagen,Volkswagen Multivan,99900,PLN,Diesel,190000,2014,Automatyczna,NULL
BMW,BMW Seria 7 740Li xDrive,79000,PLN,Benzyna,78000,2019,Automatyczna,NULL
Kia,Kia Carnival,99000,PLN,Hybryda,632,2026,Automatyczna,NULL
Mercedes-Benz,Mercedes-Benz Klasa C,139900,PLN,Benzyna,35000,2022,Automatyczna,NULL
Ford,Ford Focus 2.0 TDCi Titanium,24900,PLN,Diesel,196481,2014,Manualna,2.0
Honda,Honda Civic 1.4 Comfort,16000,PLN,Benzyna,248000,2008,Manualna,1.4
Ford,Ford Fiesta 1.6 TDCi Ambiente,1900,PLN,Diesel,277000,2005,Manualna,1.6
Ford,Ford Tourneo Custom 2.0 TDCi L2 Titanium,99000,PLN,Diesel,198000,2018,Manualna,2.0
Volkswagen,Volkswagen Golf 1.9 TDI United,13000,PLN,Diesel,327200,2008,Manualna,1.9
Volvo,Volvo XC 60,112900,PLN,Diesel,156000,2020,Automatyczna,NULL
Opel,Opel Zafira 1.8 Cosmo EU5,9500,PLN,Benzyna+LPG,408000,2010,Manualna,1.8
Skoda,Skoda Superb 2.0 TDI SCR 4x4 Sportline DSG,194900,PLN,Diesel,1830,2025,Automatyczna,2.0
Cupra,Cupra Formentor 1.4 e-Hybrid DSG,94800,PLN,Hybryda Plug-in,88000,2023,Automatyczna,1.4
Audi,Audi S3 Limousine 2.0 TFSI Quattro S tronic,83800,PLN,Benzyna,106000,2020,Automatyczna,2.0
Audi,Audi Q3 Sportback,139900,PLN,Benzyna,56821,2024,Automatyczna,NULL
Lexus,Lexus NX 450h+ F Sport AWD,199900,PLN,Hybryda Plug-in,93000,2022,Automatyczna,NULL
Hyundai,Hyundai Tucson 2.0 CRDi 48V Premium 4WD,79900,PLN,Diesel,169000,2020,Automatyczna,2.0
Ford,Ford C-MAX 2.0 TDCi Titanium,26900,PLN,Diesel,183500,2014,Manualna,2.0
Hyundai,Hyundai i10 1.0 Style,23900,PLN,Benzyna,84365,2016,Manualna,1.0
Kia,Kia Sportage 1.6 CRDI L 2WD DCT,53999,PLN,Diesel,163243,2022,Automatyczna,1.6
Opel,Opel Mokka 1.4 Turbo ecoFLEX Start/Stop Color Innovation,51000,PLN,Benzyna,73400,2018,Manualna,1.4
Seat,Seat Arona,89900,PLN,Benzyna,13620,2024,Automatyczna,NULL
Cupra,Cupra Formentor,141900,PLN,Benzyna,10,2026,Automatyczna,NULL
Opel,Opel Antara 2.0 CDTI Cosmo,6000,PLN,Diesel,206301,2007,Manualna,2.0
Volkswagen,Volkswagen Tiguan 2.0 TDI SCR Life DSG,139900,PLN,Diesel,18639,2025,Automatyczna,2.0
BMW,BMW Seria 5 520d,59900,PLN,Diesel,227000,2015,Automatyczna,NULL
Audi,Audi Q5,47900,PLN,Diesel,191450,2010,Automatyczna,NULL
Renault,Renault Megane TCe 220 Start & Stop GT 220,45900,PLN,Benzyna,167000,2015,Manualna,NULL
Volvo,Volvo XC 90 T5 AWD Geartronic Momentum,49000,PLN,Benzyna,85576,2019,Automatyczna,NULL
Ford,Ford Edge,28500,PLN,Benzyna,78850,2019,Automatyczna,NULL
Seat,Seat Ateca 2.0 TDI 4Drive XCELLENCE,62800,PLN,Diesel,186000,2018,Manualna,2.0
Cupra,Cupra Formentor,147900,PLN,Benzyna,11608,2023,Automatyczna,NULL
Cupra,Cupra Leon Sportstourer,171900,PLN,Benzyna,10,2026,Automatyczna,NULL
Cupra,Cupra Terramar,175900,PLN,Benzyna,3486,2025,Automatyczna,NULL
Opel,Opel Mokka,86900,PLN,Benzyna,4560,2025,Automatyczna,NULL
Cupra,Cupra Terramar,189900,PLN,Benzyna,24042,2025,Automatyczna,NULL
Cupra,Cupra Formentor,161900,PLN,Benzyna,10,2025,Automatyczna,NULL
Cupra,Cupra Formentor,155900,PLN,Benzyna,10,2025,Automatyczna,NULL
Cupra,Cupra Terramar,209900,PLN,Benzyna,10,2025,Automatyczna,NULL
Opel,Opel Astra 1.7 CDTI 111,3700,PLN,Diesel,321298,2007,Manualna,1.7
Hyundai,Hyundai i10,42000,PLN,Benzyna,30000,2023,Manualna,NULL
Peugeot,Peugeot 508 1.2 PureTech GT Pack S&S EAT8,72900,PLN,Benzyna,26260,2021,Automatyczna,1.2
Toyota,Toyota Auris,27500,PLN,Benzyna,266157,2014,Manualna,NULL
Mazda,Mazda 3 2.0 mHEV Hikari,71900,PLN,Benzyna,186408,2020,Manualna,2.0
Peugeot,Peugeot Traveller 1.5 BlueHDi Standard Business,79990,PLN,Diesel,140000,2018,Manualna,1.5
Ford,Ford Transit Kombi L2H3 Trend,63000,PLN,Diesel,254000,2019,Manualna,NULL
Renault,Renault Koleos,27500,PLN,Diesel,169000,2014,Manualna,NULL
Alfa Romeo,Alfa Romeo Mito 1.4 TB MultiAir Distinctive,10200,PLN,Benzyna,208039,2009,Manualna,1.4
Lexus,Lexus NX 350h Prestige AWD,224900,PLN,Hybryda,44488,2024,Automatyczna,NULL
MINI,MINI Clubman,29500,PLN,Benzyna,140000,2010,Manualna,NULL
Mitsubishi,Mitsubishi Colt,8900,PLN,Benzyna,198000,2007,Manualna,NULL
Ford,Ford Fusion,7900,PLN,Benzyna,172000,2007,Manualna,NULL
Mercedes-Benz,Mercedes-Benz SLK,25000,PLN,Benzyna,189000,2004,Automatyczna,NULL
Opel,Opel Astra,17000,PLN,Benzyna,189,2013,Manualna,NULL
Mercedes-Benz,Mercedes-Benz Klasa C 180 CGI BlueEff Avantgarde,41900,PLN,Benzyna,166000,2011,Manualna,NULL
Ford,Ford Edge 2.0 TDCi Bi-Turbo 4x4 Sport,67900,PLN,Diesel,170156,2016,Automatyczna,2.0
Mazda,Mazda 6 Sport 2.0 Dynamic,19900,PLN,Benzyna+LPG,217000,2008,Manualna,2.0
Volkswagen,Volkswagen Golf 1.5 TSI R-Line Plus,125480,PLN,Benzyna,10,2026,Manualna,1.5
Toyota,Toyota Yaris 1.5 Comfort CVT,75000,PLN,Benzyna,57000,2023,Automatyczna,1.5
Suzuki,Suzuki SX4 1.6 GS / Premium,10999,PLN,Benzyna,172400,2007,Manualna,1.6
Toyota,Toyota RAV4,79900,PLN,Hybryda,145000,2018,Automatyczna,NULL
BMW,BMW Seria 5,28500,PLN,Diesel,299845,2012,Automatyczna,NULL
Peugeot,Peugeot 508 BlueHDi 180 EAT6 Stop&Start Allure,31990,PLN,Diesel,181000,2014,Automatyczna,NULL
Toyota,"Toyota ProAce Kombi D-4D Long 2,8t",130257,PLN,Diesel,72000,2024,Automatyczna,NULL
SsangYong/KGM,SsangYong/KGM Korando,31700,PLN,Benzyna,122000,2017,Manualna,NULL
Opel,Opel Grandland X 1.6 T PHEV Elegance,60500,PLN,Hybryda Plug-in,165000,2021,Automatyczna,1.6
BMW,BMW X6 M50d,86500,PLN,Diesel,191000,2015,Automatyczna,NULL
Volkswagen,Volkswagen Passat 1.6 TDI (BlueMotion Technology) Comfortline,35300,PLN,Diesel,233000,2016,Manualna,1.6
Opel,Opel Astra 1.0 Turbo Start/Stop Edition,31900,PLN,Benzyna,100000,2016,Manualna,1.0
Toyota,Toyota Camry,174900,PLN,Hybryda,23196,2025,Automatyczna,NULL
Porsche,Porsche Macan,364800,PLN,Elektryczny,10559,2025,Automatyczna,NULL
Opel,Opel Insignia 2.0 CDTI Active,16000,PLN,Diesel,227108,2011,Manualna,2.0
Toyota,Toyota Proace City Verso Long 1.5 D-4D Business,99900,PLN,Diesel,19369,2024,Manualna,1.5
Chevrolet,Chevrolet Captiva 2.2 2WD LT+,19900,PLN,Diesel,273346,2012,Manualna,2.2
Ford,Ford Focus 1.6 TDCi Silver X,19900,PLN,Diesel,173724,2014,Manualna,1.6
Nissan,Nissan Qashqai 1.5 dCi Tekna,17900,PLN,Diesel,245000,2009,Manualna,1.5
Volvo,Volvo V70 D5 Comfort,7900,PLN,Diesel,307000,2001,Manualna,NULL
Citroën,Citroën C3,6900,PLN,Benzyna+LPG,201604,2010,Manualna,NULL
Abarth,Abarth 595,59900,PLN,Benzyna,120000,2019,Manualna,NULL
Ford,Ford Focus 1.6 Trend MPS6,24900,PLN,Benzyna,193431,2015,Automatyczna,1.6
Volvo,Volvo XC 60 D4 Geartronic Ocean Race,57900,PLN,Diesel,213000,2015,Automatyczna,NULL
Hyundai,Hyundai i30,117900,PLN,Benzyna,11,2026,Automatyczna,NULL
Toyota,Toyota Aygo,23900,PLN,Benzyna,103000,2016,Manualna,NULL
Audi,Audi Q5,138899,PLN,Benzyna,34504,2022,Automatyczna,NULL
Volkswagen,Volkswagen Tiguan 2.0 TDI SCR Life DSG,98899,PLN,Diesel,44445,2022,Automatyczna,2.0
Skoda,Skoda Karoq,64000,PLN,Diesel,152516,2018,Manualna,NULL
Volvo,Volvo V60 D3 AWD Geartronic Momentum,64900,PLN,Diesel,216025,2020,Automatyczna,NULL
Citroën,Citroën C1 VTi 68 SELECTION,19400,PLN,Benzyna,124000,2016,Manualna,NULL
Toyota,Toyota Proace City Verso 1.5 D-4D Family,119874,PLN,Diesel,1,2025,Manualna,1.5
Toyota,Toyota Proace City Verso 1.5 D-4D Combi,93700,PLN,Diesel,1,2025,Manualna,1.5
Toyota,Toyota Proace City Verso 1.5 D-4D Combi,96800,PLN,Diesel,1,2025,Manualna,1.5
Ford,Ford Kuga,88899,PLN,Hybryda,129712,2022,Automatyczna,NULL
Citroën,Citroën C3 Pure Tech 68 FEEL,19900,PLN,Benzyna,127750,2018,Manualna,NULL
Mercedes-Benz,Mercedes-Benz CLA 180 d 8G-DCT,129900,PLN,Diesel,60823,2023,Automatyczna,NULL
BMW,BMW Seria 3 320i xDrive Sport Line,80900,PLN,Benzyna,121071,2018,Automatyczna,NULL
Audi,Audi A6 Avant 40 TDI mHEV Quattro S Line S tronic,139000,PLN,Diesel,145000,2022,Automatyczna,NULL
Peugeot,Peugeot 3008 HDi FAP 150 Premium,49500,PLN,Diesel,218000,2017,Manualna,NULL
Renault,Renault Captur 1.3 TCe mHEV Techno EDC,99850,PLN,Benzyna,7872,2025,Manualna,1.3
Ford,Ford Kuga,29900,PLN,Benzyna,155000,2018,Manualna,NULL
BMW,BMW Seria 4,92500,PLN,Benzyna,169500,2015,Automatyczna,NULL
Nissan,Nissan Leaf 75 kWh Evolve,192400,PLN,Elektryczny,5,2026,Automatyczna,NULL
Mercedes-Benz,Mercedes-Benz CLE,269900,PLN,Benzyna,19900,2024,Automatyczna,NULL
BMW,BMW i4 70.3kWh eDrive 35 M Sport Edition,179900,PLN,Elektryczny,10808,2023,Automatyczna,0.3
Mercedes-Benz,Mercedes-Benz CLA 200 7G-DCT,54900,PLN,Benzyna,219000,2017,Automatyczna,NULL
Audi,Audi A4 Limousine,85200,PLN,Diesel,175002,2018,Automatyczna,NULL
Opel,Opel Zafira 1.4 T Cosmo EU6,34900,PLN,Benzyna,183900,2016,Manualna,1.4
Toyota,Toyota Prius 1.8 HSD Premium,28800,PLN,Benzyna+LPG,370000,2010,Automatyczna,1.8
Audi,Audi A3 Sportback,59900,PLN,Diesel,178000,2016,Automatyczna,NULL
Suzuki,Suzuki Baleno 1.2 Elegance,39000,PLN,Benzyna,99556,2019,Manualna,1.2
Audi,Audi Q5,39900,PLN,Diesel,290000,2010,Automatyczna,NULL
Skoda,Skoda Kodiaq 2.0 TDI 4x4 Scout DSG,78900,PLN,Diesel,269091,2019,Automatyczna,2.0
BMW,BMW Seria 4 420i Luxury Line sport,61500,PLN,Benzyna,186907,2014,Automatyczna,NULL
Porsche,Porsche Cayenne,63960,PLN,Diesel,327652,2013,Automatyczna,NULL
Cupra,Cupra Terramar 1.5 e-Hybrid DSG VZ,209900,PLN,Hybryda Plug-in,16087,2025,Automatyczna,1.5
Skoda,Skoda Octavia,10100,PLN,Benzyna,247000,2019,Manualna,NULL
Volkswagen,Volkswagen Arteon Shooting Brake,99000,PLN,Hybryda Plug-in,49765,2021,Automatyczna,NULL
Audi,Audi Q5,189900,PLN,Hybryda Plug-in,42892,2024,Automatyczna,NULL
Volkswagen,Volkswagen Touran,50000,PLN,Diesel,236000,2017,Manualna,NULL
Ford,Ford Mondeo,12000,PLN,Diesel,292600,2009,Manualna,NULL
Cupra,Cupra Leon 1.5 TSI,91900,PLN,Benzyna,90188,2024,Manualna,1.5
Land Rover,Land Rover Range Rover Velar 3.0 Si6 R-Dynamic HSE,170000,PLN,Benzyna,54600,2019,Automatyczna,3.0
Opel,Opel Corsa 1.4 16V Edition,15900,PLN,Benzyna,123000,2012,Manualna,1.4
Audi,Audi A6 Limousine,365746,PLN,Benzyna,1,2026,Automatyczna,NULL
Honda,Honda Civic 2.0 i-MMD Advance BSI CVT,161400,PLN,Hybryda,5,2026,Automatyczna,2.0
Honda,Honda Civic 2.0 i-MMD Sport BSI CVT,152400,PLN,Hybryda,8,2026,Automatyczna,2.0
Opel,Opel Mokka 1.4 T Cosmo S&S EU6,42900,PLN,Benzyna,133730,2016,Manualna,1.4
MINI,MINI Cooper,160100,PLN,Benzyna,10,2025,Automatyczna,NULL
Renault,Renault Captur TCe 90 EVOLUTION,59799,PLN,Benzyna,20000,2024,Manualna,NULL
Volkswagen,Volkswagen Tiguan,83500,PLN,Benzyna,55500,2021,Automatyczna,NULL
Toyota,Toyota Proace City Verso 1.5 D-4D Family,144984,PLN,Diesel,1,2026,Automatyczna,1.5
Opel,Opel Adam 1.2 Black Link,18900,PLN,Benzyna,168000,2016,Manualna,1.2
Opel,Opel Astra,28500,PLN,Diesel,255000,2018,Manualna,NULL
MG,MG MG3 1.5 Excite,69900,PLN,Benzyna,5,2024,Manualna,1.5
Citroën,Citroën C5 HDi 165 FAP Exclusive,17500,PLN,Diesel,230785,2011,Automatyczna,NULL
Lexus,Lexus RX 450h Prestige,149000,PLN,Hybryda,130000,2017,Automatyczna,NULL
BMW,BMW X1 xDrive20d,19900,PLN,Diesel,297118,2010,Manualna,NULL
Renault,Renault Scenic dCi 110 Expression,11900,PLN,Diesel,278418,2010,Manualna,NULL
Volvo,Volvo V60 D2 Kinetic,32900,PLN,Diesel,201438,2018,Manualna,NULL
Volvo,Volvo V60 D2 Kinetic,33900,PLN,Diesel,226846,2017,Manualna,NULL
Skoda,Skoda Octavia 1.9 TDI DSG Elegance,13900,PLN,Diesel,296171,2006,Automatyczna,1.9
Audi,Audi A3 Limousine 40 TFSI Quattro Sport S tronic,19900,PLN,Benzyna,65884,2020,Automatyczna,NULL
Fiat,Fiat Freemont 2.0 Multijet 16V DPF Automatik Allrad Lounge,33900,PLN,Diesel,156620,2012,Automatyczna,2.0
MINI,MINI Paceman,29900,PLN,Diesel,144000,2013,Manualna,NULL
Toyota,Toyota Auris,31000,PLN,Hybryda,261000,2014,Automatyczna,NULL
Saab,Saab 9-3 1.9TTiD PF Vector,15900,PLN,Diesel,368192,2010,Manualna,1.9
Volkswagen,Volkswagen T-Roc 1.5 eTSI Style DSG,134110,PLN,Benzyna,10,2026,Automatyczna,1.5
Fiat,Fiat 500L 1.3 Multijet Start&Stopp Pop-Star,23900,PLN,Diesel,215783,2016,Manualna,1.3
Nissan,Nissan Qashqai 1.2 DIG-T Acenta,31900,PLN,Benzyna,149536,2015,Manualna,1.2
Alfa Romeo,Alfa Romeo Mito 1.4 Progression,13900,PLN,Benzyna,222000,2010,Manualna,1.4
Chevrolet,Chevrolet Captiva 2.4 2WD 5 Sitzer LS,13900,PLN,Benzyna+LPG,183000,2006,Manualna,2.4
Ford,Ford C-MAX 1.6 FF Ambiente,19900,PLN,Benzyna+LPG,238482,2013,Manualna,1.6
BMW,BMW Seria 1 120d,22900,PLN,Diesel,199595,2008,Automatyczna,NULL
Fiat,Fiat 500 1.2 Lounge,19900,PLN,Benzyna,247464,2012,Manualna,1.2
BMW,BMW Seria 5,199260,PLN,Diesel,129800,2023,Automatyczna,NULL
Kia,Kia Stonic 1.4 M,54900,PLN,Benzyna,45800,2018,Automatyczna,1.4
Mercedes-Benz,Mercedes-Benz GLC,164900,PLN,Benzyna,129944,2020,Automatyczna,NULL
Kia,Kia Stonic 1.0 T-GDI L Business Line,59900,PLN,Benzyna,13200,2019,Manualna,1.0
BMW,BMW Seria 5 520d Efficient Dynamics M Sport sport,86500,PLN,Diesel,191000,2017,Automatyczna,NULL
Volkswagen,Volkswagen Polo 1.0 Comfortline,28900,PLN,Benzyna,147742,2017,Manualna,1.0
Kia,Kia XCeed 1.4 T-GDI OPF DCT7 JBL SOUND EDITION,74900,PLN,Benzyna,74201,2020,Automatyczna,1.4
Toyota,Toyota Verso S 1.33 VVT-i Club,29900,PLN,Benzyna,157629,2012,Manualna,1.3
Skoda,Skoda Octavia 1.4 TSI Elegance Green tec,17900,PLN,Benzyna,163300,2012,Manualna,1.4
Nissan,Nissan Murano,12900,PLN,Diesel,349000,2015,Automatyczna,NULL
BMW,BMW X7 xDrive40d mHEV M Sport sport,538900,PLN,Diesel,10,2026,Automatyczna,NULL
BMW,BMW X7 xDrive40d mHEV sport,500400,PLN,Diesel,10,2026,Automatyczna,NULL
Seat,Seat Leon 1.5 eTSI ACT OPF DSG FR,61900,PLN,Benzyna,139500,2019,Automatyczna,1.5
Audi,Audi S3 Sportback TFSI Quattro S tronic,228706,PLN,Benzyna,1,2026,Automatyczna,NULL
BMW,BMW M4,489900,PLN,Benzyna,10,2026,Automatyczna,NULL
MG,MG ZS 1.5 HEV+ Exclusive,101300,PLN,Hybryda,1,2026,Automatyczna,1.5
Mercedes-Benz,Mercedes-Benz Klasa G AMG 63,999900,PLN,Benzyna,11022,2025,Automatyczna,NULL
Peugeot,Peugeot 208 1.0 PureTech Access,17000,PLN,Benzyna,82000,2015,Manualna,1.0
Jaguar,Jaguar XF,6900,PLN,Diesel,262000,2010,Automatyczna,NULL
Volkswagen,Volkswagen Tiguan Allspace 2.0 TSI 4Mot R-Line DSG,132900,PLN,Benzyna,125000,2022,Automatyczna,2.0
Volkswagen,Volkswagen Tiguan 2.0 TSI 4Motion Sport & Style,22900,PLN,Benzyna,192000,2008,Manualna,2.0
Nissan,Nissan Almera 1.5 Base,2850,PLN,Benzyna,259000,2006,Manualna,1.5
Mitsubishi,Mitsubishi Colt 1.3 Inform Edition Gold,9900,PLN,Benzyna,278000,2008,Manualna,1.3
Opel,Opel Meriva 1.4 Design Edition,18900,PLN,Benzyna,133303,2010,Manualna,1.4
Hyundai,Hyundai ix35 2.0 CRDi 4WD Automatik Style,38999,PLN,Diesel,129345,2010,Automatyczna,2.0
Nissan,Nissan Qashqai,78800,PLN,Benzyna,127000,2022,Manualna,NULL
Peugeot,Peugeot 508,25800,PLN,Diesel,170000,2012,Manualna,NULL
Ford,Ford Fiesta 1.25 Champions Edition,15300,PLN,Benzyna,108000,2011,Manualna,1.2
Jeep,Jeep Grand Cherokee 3.6 V6 Overland,67000,PLN,Benzyna,185000,2013,Automatyczna,3.6
Nissan,Nissan X-Trail 1.6 dCi Xtronic 360,45900,PLN,Diesel,185000,2016,Automatyczna,1.6
Subaru,Subaru Impreza 2.0R Sport,25400,PLN,Benzyna,155000,2007,Manualna,2.0
Mitsubishi,Mitsubishi Eclipse Cross 1.5 T-MIVEC ClearTec 2WD Diamant Edition Plus,59800,PLN,Benzyna,115000,2019,Manualna,1.5
Ford,Ford Transit Custom 310 L2H1 Limited,49900,PLN,Diesel,319258,2018,Manualna,NULL
Kia,Kia Stonic 1.0 T-GDI M DCT,65890,PLN,Benzyna,55661,2021,Automatyczna,1.0
Volkswagen,Volkswagen Golf 1.4 Basis,3999,PLN,Benzyna,208000,1998,Manualna,1.4
BMW,BMW X5 4.0d xDrive,47000,PLN,Diesel,245134,2010,Automatyczna,4.0
Audi,Audi A4 Avant 2.0 TDI DPF Ambition,49900,PLN,Diesel,125000,2016,Manualna,2.0
Ford,Ford Transit Custom 310 L2H1 Limited,59900,PLN,Diesel,212528,2019,Manualna,NULL
Volkswagen,Volkswagen Golf R 4Motion BlueMotion Technology DSG,35000,PLN,Benzyna,135000,2017,Automatyczna,NULL
Nissan,Nissan Qashqai 1.2 DIG-T N-Vision,27700,PLN,Benzyna,145000,2014,Manualna,1.2
Volkswagen,Volkswagen Passat Alltrack,139900,PLN,Diesel,66000,2022,Automatyczna,NULL
Kia,Kia Sportage,49800,PLN,Diesel,168000,2016,Manualna,NULL
Opel,Opel Mokka,32800,PLN,Diesel,150000,2014,Manualna,NULL
Jeep,Jeep Grand Cherokee,65500,PLN,Benzyna,41800,2023,Automatyczna,NULL
Jeep,Jeep Cherokee,43800,PLN,Diesel,168000,2011,Manualna,NULL
Mazda,Mazda CX-5 2.5 Skyenergy 2WD,68900,PLN,Benzyna,212428,2018,Automatyczna,2.5
Audi,Audi Q3,95998,PLN,Benzyna,31260,2021,Manualna,NULL
Mercedes-Benz,Mercedes-Benz CLA 180,62950,PLN,Benzyna,138048,2016,Manualna,NULL
Audi,Audi A1 3-drzwiowe 1.6 TDI Ambition,25950,PLN,Diesel,139786,2012,Manualna,1.6
Hyundai,Hyundai ix20 1.4 5 Star Edition,29999,PLN,Benzyna,134720,2013,Manualna,1.4
Opel,Opel Astra 1.4 Turbo Start/Stop Dynamic,37400,PLN,Benzyna,123000,2016,Manualna,1.4
Volkswagen,Volkswagen Golf 1.6 TDI Trendline,31999,PLN,Diesel,210864,2015,Manualna,1.6
Toyota,Toyota Auris 1.33 Dual-VVT-i Comfort,31999,PLN,Benzyna,244825,2014,Manualna,1.3
BMW,BMW Z3,24999,PLN,Benzyna,233562,2001,Manualna,NULL
Audi,Audi A6 Limousine,108467,PLN,Diesel,149500,2022,Automatyczna,NULL
Opel,Opel Insignia 1.6 ECOTEC Business Edition,37999,PLN,Diesel,150641,2018,Manualna,1.6
Volkswagen,Volkswagen Golf 2.0 TSI 4Motion R DSG,182000,PLN,Benzyna,10,2026,Automatyczna,2.0
Citroën,Citroën C2,4700,PLN,Benzyna,175541,2007,Manualna,NULL
Ford,Ford Fiesta 1.25 Celebration,21500,PLN,Benzyna,171000,2013,Manualna,1.2
Volvo,Volvo S60,37000,PLN,Diesel,190800,2015,Automatyczna,NULL
Lexus,Lexus LBX 1.5 Hybrid Original Edition AWD,167900,PLN,Hybryda,24115,2024,Automatyczna,1.5
Volkswagen,Volkswagen T-Roc 1.6 TDI SCR Style,59900,PLN,Diesel,117000,2019,Manualna,1.6
Audi,Audi S6 Avant TDI mHEV Tiptronic,194800,PLN,Diesel,116000,2023,Automatyczna,NULL
Audi,Audi Q2,72900,PLN,Diesel,90000,2021,Automatyczna,NULL
Volkswagen,Volkswagen Caddy,16999,PLN,Benzyna,370000,2012,Automatyczna,NULL
Ford,Ford C-MAX,6000,PLN,Benzyna,224313,2007,Manualna,NULL
Peugeot,Peugeot 508 2.0 HDi Active,19900,PLN,Diesel,310336,2014,Manualna,2.0
Jeep,Jeep Grand Cherokee,74900,PLN,Benzyna,223100,2018,Automatyczna,NULL
Citroën,Citroën C5,12500,PLN,Diesel,275000,2009,Automatyczna,NULL
Subaru,Subaru Forester 2.0i-L Platinum (EyeSight) Lineartronic,188000,PLN,Hybryda,6400,2025,Automatyczna,2.0
BMW,BMW Seria 1,23500,PLN,Benzyna,190903,2012,Manualna,NULL
Kia,Kia Sportage,63500,PLN,Benzyna,138452,2020,Manualna,NULL
Renault,Renault Clio,1800,PLN,Diesel,230,2006,Manualna,NULL
Kia,Kia Optima 1.6 CRDI SCR L DCT,39999,PLN,Diesel,199980,2018,Automatyczna,1.6
Mitsubishi,Mitsubishi ASX 1.6 ClearTec 2WD Edition 100+,55900,PLN,Benzyna,115000,2018,Manualna,1.6
Volkswagen,Volkswagen Golf,29500,PLN,Benzyna,181000,2014,Manualna,NULL
Seat,Seat Leon 1.9 TDI Signo,3000,PLN,Diesel,333120,2003,Manualna,1.9
Renault,Renault Kadjar 1.2 Energy TCe Intens EDC,42100,PLN,Benzyna,152000,2017,Automatyczna,1.2
Ford,Ford Mondeo,28700,PLN,Benzyna,190000,2018,Manualna,NULL
Mazda,Mazda 3 SKYACTIV-G 120 Urban Limited,49999,PLN,Benzyna,37000,2020,Manualna,NULL
Ford,Ford Puma,79900,PLN,Benzyna,21775,2023,Manualna,NULL
Toyota,Toyota Corolla Cross,108850,PLN,Hybryda,48853,2022,Automatyczna,NULL
Citroën,Citroën Berlingo M 1.5 BlueHDI Shine,47500,PLN,Diesel,224000,2022,Manualna,1.5
Citroën,Citroën C5,14000,PLN,Benzyna,243182,2008,Manualna,NULL
Audi,Audi A3 Sportback 2.0 TFSI quattro S tronic sport,67999,PLN,Benzyna,179999,2018,Automatyczna,2.0
Nissan,Nissan Qashqai,129000,PLN,Hybryda,120,2025,Automatyczna,NULL
BMW,BMW Seria 6 650i xDrive M Sport Edition,87500,PLN,Benzyna,123000,2015,Automatyczna,NULL
Honda,Honda CR-V,79900,PLN,Benzyna,44000,2016,Automatyczna,NULL
Polonez,Polonez 1.5,35000,PLN,Benzyna,44000,1987,Manualna,1.5
Chevrolet,Chevrolet Cruze 1.8 LT+,15900,PLN,Benzyna+LPG,207000,2009,Manualna,1.8
Opel,Opel Insignia,27999,PLN,Benzyna,236701,2017,Manualna,NULL
Ford,Ford Focus 1.5 TDCi Trend,22999,PLN,Diesel,230000,2017,Manualna,1.5
BMW,BMW M2,249900,PLN,Benzyna,19059,2020,Automatyczna,NULL
Jeep,Jeep Avenger 1.2 T3 mHEV Black Edition FWD eDCT6,110500,PLN,Benzyna,2,2026,Automatyczna,1.2
Jeep,Jeep Compass 1.2 T3 mHEV Summit FWD DCT,157500,PLN,Benzyna,7,2026,Automatyczna,1.2
Toyota,Toyota C-HR 1.8 Hybrid Comfort,123780,PLN,Hybryda,6,2026,Automatyczna,1.8
Jeep,Jeep Avenger 1.2 T3 mHEV Overland 4xe eDCT6,127900,PLN,Benzyna,2,2026,Automatyczna,1.2
Jeep,Jeep Avenger ver-1-2-t3-mhev-upland-4xe-edct6,116900,PLN,Benzyna,7,2026,Automatyczna,NULL
Toyota,Toyota Aygo X Hybrid 1.5 Active e-CVT,85351,PLN,Hybryda,6,2026,Automatyczna,1.5
Toyota,Toyota C-HR+ 77kWh Style,186400,PLN,Elektryczny,6,2026,Automatyczna,NULL
Toyota,Toyota C-HR+,186400,PLN,Elektryczny,6,2026,Automatyczna,NULL
BYD,BYD Sealion 5,119900,PLN,Hybryda Plug-in,1,2026,Automatyczna,NULL
Land Rover,Land Rover Range Rover Sport S 3.0 D250 mHEV S,399000,PLN,Diesel,10000,2025,Automatyczna,3.0
Porsche,Porsche Macan,374800,PLN,Elektryczny,23600,2025,Automatyczna,NULL
Audi,Audi A6 Avant 3.0 TDI competition quattro tiptronic,105900,PLN,Diesel,206000,2015,Automatyczna,3.0
Kia,Kia XCeed 1.6 T-GDI Tribute DCT,107500,PLN,Benzyna,5135,2025,Automatyczna,1.6
Fiat,Fiat Grande Panda  1.2 mHEV La Prima eDCT,91300,PLN,Benzyna,5,2026,Automatyczna,1.2
BMW,BMW 3GT,75900,PLN,Benzyna,125000,2018,Automatyczna,NULL
Peugeot,Peugeot 2008 1.2 VTi Allure,19300,PLN,Benzyna,111000,2014,Manualna,1.2
Renault,Renault Twingo SCe 65 LIFE,24300,PLN,Benzyna,104000,2020,Manualna,NULL
BMW,BMW X3,229000,PLN,Diesel,27700,2025,Automatyczna,NULL
Cupra,Cupra Formentor 1.4 e-Hybrid VZ DSG,114900,PLN,Hybryda Plug-in,34018,2022,Automatyczna,1.4
Dacia,Dacia Sandero,18700,PLN,Benzyna,122000,2019,Manualna,NULL
Volkswagen,Volkswagen Golf 1.4 TSI BlueMotion Technology Lounge,36900,PLN,Benzyna,116500,2016,Manualna,1.4
Suzuki,Suzuki Grand Vitara,23900,PLN,Benzyna,210000,2008,Manualna,NULL
Mercedes-Benz,Mercedes-Benz Klasa A,124900,PLN,Benzyna,81500,2020,Automatyczna,NULL
Alfa Romeo,Alfa Romeo Tonale 1.6 JTD Veloce DCT,182900,PLN,Diesel,7,2026,Automatyczna,1.6
Toyota,Toyota RAV4 ver-2-5-hybrid-dynamic-force-gr-sport-4x4-e--cvt,213100,PLN,Hybryda,1,2026,Automatyczna,NULL
Alfa Romeo,Alfa Romeo Giulia 2.2 D Turbo Veloce Q4,253900,PLN,Diesel,7,2026,Automatyczna,2.2
Alfa Romeo,Alfa Romeo Stelvio 2.2 JTDM Veloce Q4,282000,PLN,Diesel,7,2026,Automatyczna,2.2
Alfa Romeo,Alfa Romeo Giulia 2.2 D Turbo Veloce Q4,257900,PLN,Diesel,7,2026,Automatyczna,2.2
Mitsubishi,Mitsubishi Space Star 1.2 Intense CVT,42000,PLN,Benzyna,25709,2022,Automatyczna,1.2
Suzuki,Suzuki SX4 1.9 DDiS 4WD GS / Premium,17500,PLN,Diesel,292078,2009,Manualna,1.9
BMW,BMW Seria 3 320d xDrive,109000,PLN,Diesel,104947,2019,Automatyczna,NULL
Audi,Audi S3 Sportback Standard,24900,PLN,Benzyna,194316,2011,Manualna,NULL
Volkswagen,Volkswagen Transporter Standard,7200,PLN,Diesel,518494,2003,Manualna,NULL
Peugeot,Peugeot Rifter,45999,PLN,Diesel,121827,2019,Manualna,NULL
Audi,Audi A6 Limousine 40 TDI mHEV Quattro Advanced S tronic,204900,PLN,Diesel,23555,2025,Automatyczna,NULL
Opel,Opel Astra,25800,PLN,Diesel,142519,2016,Manualna,NULL
Ford,Ford Focus C-Max,4100,PLN,Benzyna,152000,2006,Manualna,NULL
Audi,Audi Q7,110000,PLN,Benzyna,85912,2018,Automatyczna,NULL
Toyota,Toyota C-HR 1.8 Hybrid Style,125750,PLN,Hybryda,44833,2024,Automatyczna,1.8
Suzuki,Suzuki Jimny,139000,PLN,Benzyna,600,2025,Automatyczna,NULL
Mercedes-Benz,Mercedes-Benz Klasa A,7900,PLN,Diesel,300000,2008,Manualna,NULL
Volkswagen,Volkswagen Polo,16999,PLN,Benzyna,173500,2009,Manualna,NULL
Renault,Renault Espace 2.0 Dynamique,18800,PLN,Benzyna,179000,2009,Manualna,2.0
Opel,Opel Meriva,6900,PLN,Benzyna,190000,2006,Manualna,NULL
Hyundai,Hyundai Kona,115900,PLN,Benzyna,1,2026,Automatyczna,NULL
Kia,Kia Sportage 1.6 GDI L 2WD,53900,PLN,Benzyna,176000,2018,Manualna,1.6
DS Automobiles,DS Automobiles DS 3,32000,PLN,Benzyna,121864,2016,Manualna,NULL
Nissan,Nissan Qashqai,13000,PLN,Diesel,295844,2008,Manualna,NULL
Mercedes-Benz,Mercedes-Benz Klasa C,28000,PLN,Benzyna,235633,2009,Automatyczna,NULL
Toyota,Toyota Yaris,70000,PLN,Benzyna,47728,2022,Manualna,NULL
Opel,Opel Astra,38000,PLN,Benzyna,196006,2018,Automatyczna,NULL
Skoda,Skoda Superb,70000,PLN,Benzyna,116800,2017,Automatyczna,NULL
Toyota,Toyota Corolla,75999,PLN,Hybryda,106404,2022,Automatyczna,NULL
Hyundai,Hyundai Tucson,52000,PLN,Benzyna,158140,2016,Manualna,NULL
BMW,BMW X2,99999,PLN,Benzyna,78762,2022,Automatyczna,NULL
Audi,Audi A4 Avant,26000,PLN,Diesel,224625,2010,Manualna,NULL
Renault,Renault Laguna 2.0 16V 140 Expression,14990,PLN,Benzyna,186759,2008,Manualna,2.0
Opel,Opel Astra,20000,PLN,Benzyna,181363,2012,Manualna,NULL
Audi,Audi Q3,55000,PLN,Benzyna,139283,2014,Automatyczna,NULL
JAC,JAC RF8,199000,PLN,Hybryda Plug-in,1,2026,Automatyczna,NULL
Citroën,Citroën Berlingo M 1.5 BlueHDI Feel S&S,54900,PLN,Diesel,42000,2021,Manualna,1.5
BMW,BMW X1 xDrive25e xLine,95000,PLN,Hybryda Plug-in,36768,2021,Automatyczna,NULL
Hyundai,Hyundai Tucson 1.6 T-GDi PHEV Executive 4WD,68900,PLN,Hybryda Plug-in,51401,2022,Automatyczna,1.6
Kia,Kia EV6 77.4kWh GT AWD,165000,PLN,Elektryczny,19219,2024,Automatyczna,7.4
Audi,Audi A6 Avant e-tron,128500,PLN,Hybryda Plug-in,73000,2021,Automatyczna,NULL
Peugeot,Peugeot 308 1.6 e-HDi Allure S&S,30900,PLN,Diesel,158282,2014,Manualna,1.6
Nissan,Nissan Micra,113900,PLN,Elektryczny,10,2026,Automatyczna,NULL
Mercedes-Benz,Mercedes-Benz Klasa B 180 d AMG Line 7G-DCT,71500,PLN,Diesel,153868,2019,Automatyczna,NULL
Volvo,Volvo XC 60 D4 Drive-E Momentum,52500,PLN,Diesel,223699,2016,Automatyczna,NULL
Volkswagen,Volkswagen Passat 2.0 TDI Comfortline DSG,27000,PLN,Diesel,257216,2012,Automatyczna,2.0
Opel,Opel Combo XL 1.5 CDTI Edition S&S,44900,PLN,Diesel,164453,2019,Manualna,1.5
Audi,Audi A3 Sportback 1.6 TDI Attraction,31500,PLN,Diesel,258348,2013,Manualna,1.6
Volkswagen,Volkswagen CC 2.0 TSI DSG,30500,PLN,Benzyna,230000,2013,Automatyczna,2.0
Renault,Renault Megane ENERGY TCe 115 Start & Stop LIMITED,17999,PLN,Benzyna,147272,2014,Manualna,NULL
Mercedes-Benz,Mercedes-Benz Klasa C AMG 43 4Matic 9G-TRONIC,122900,PLN,Benzyna,129584,2017,Automatyczna,NULL
Volvo,Volvo XC 60,169900,PLN,Hybryda,88493,2021,Automatyczna,NULL
Nissan,Nissan Qashqai 1.5 VC-T e-Power Black Edition,81800,PLN,Benzyna,150000,2023,Automatyczna,1.5
Inny,Inny Inny,67650,PLN,Benzyna,1706,2018,Automatyczna,NULL
Toyota,Toyota Yaris Cross,97850,PLN,Hybryda,50509,2022,Automatyczna,NULL
MINI,MINI Cooper S Linia John Works,133900,PLN,Benzyna,11025,2025,Automatyczna,NULL
Toyota,Toyota C-HR 1.8 Hybrid Style,106850,PLN,Hybryda,49938,2022,Automatyczna,1.8
Kia,Kia Rio,29999,PLN,Benzyna,132000,2018,Manualna,NULL
Jaguar,Jaguar XF 2.7 V6 D Luxury,16000,PLN,Diesel,283000,2008,Automatyczna,2.7
Renault,Renault Megane 1.4 16V TCE Dynamique,28900,PLN,Benzyna,124000,2012,Manualna,1.4
BMW,BMW iX3 80kWh Impressive,107000,PLN,Elektryczny,133487,2021,Automatyczna,NULL
Mercedes-Benz,Mercedes-Benz Klasa C AMG 43 4Matic 9G-TRONIC,104900,PLN,Benzyna,194000,2017,Automatyczna,NULL
Volkswagen,Volkswagen Jetta 1.4 TSI BMT Comfortline,35000,PLN,Benzyna,203277,2017,Manualna,1.4
Lexus,Lexus IS 300h Comfort,35700,PLN,Hybryda,110000,2017,Automatyczna,NULL
Toyota,Toyota Yaris Hybrid 100 Premium,21000,PLN,Hybryda,31000,2017,Automatyczna,NULL
Subaru,Subaru Impreza 2.0GT 16v Turbo 4x4,79900,PLN,Benzyna,136000,2000,Manualna,2.0
Lexus,Lexus NX 300 Prestige AWD,32000,PLN,Benzyna,85000,2019,Automatyczna,NULL
Alfa Romeo,Alfa Romeo Stelvio 2.0 Turbo TI Q4,139900,PLN,Benzyna,86414,2022,Automatyczna,2.0
BMW,BMW Seria 3 320d xDrive DPF,25500,PLN,Diesel,229000,2009,Automatyczna,NULL
Volkswagen,Volkswagen Caravelle,9900,PLN,Diesel,327395,1996,Manualna,NULL
Fiat,Fiat Bravo 1.4 T-JET 16V Dynamic,8900,PLN,Benzyna,226589,2008,Manualna,1.4
BMW,BMW Seria 5,17990,PLN,Diesel,355000,2009,Automatyczna,NULL
BMW,BMW Seria 3,9900,PLN,Diesel,319500,2007,Manualna,NULL
Audi,Audi Q3,138900,PLN,Benzyna,10800,2024,Automatyczna,NULL
Nissan,Nissan Juke,40500,PLN,Benzyna,147797,2013,Manualna,NULL
Audi,Audi A6 Avant,4200,PLN,Diesel,520000,2003,Automatyczna,NULL
Kia,Kia Picanto 1.0 GT-line,42900,PLN,Benzyna,6300,2025,Manualna,1.0
Audi,Audi S3 Limousine 2.0 TFSI Quattro S tronic,110000,PLN,Benzyna,80000,2019,Automatyczna,2.0
Hyundai,Hyundai Elantra 1.6 Style,37000,PLN,Benzyna,141000,2016,Manualna,1.6
Mercedes-Benz,Mercedes-Benz GLC AMG 43 mHEV 4-Matic,258000,PLN,Benzyna,34000,2024,Automatyczna,NULL
Volkswagen,Volkswagen Arteon,72900,PLN,Diesel,233400,2019,Automatyczna,NULL
Nissan,Nissan Qashqai,97500,PLN,Benzyna,54500,2022,Automatyczna,NULL
Skoda,Skoda Octavia,105900,PLN,Benzyna,9700,2024,Manualna,NULL
Skoda,Skoda Octavia,112300,PLN,Benzyna,18000,2024,Automatyczna,NULL
Ford,Ford S-Max,23900,PLN,Diesel,207100,2010,Manualna,NULL
Seat,Seat Ibiza,74900,PLN,Benzyna,23400,2023,Manualna,NULL
Toyota,Toyota Yaris Cross,112900,PLN,Hybryda,11000,2023,Automatyczna,NULL
Volkswagen,Volkswagen Golf Variant,177700,PLN,Benzyna,14600,2024,Automatyczna,NULL
Mercedes-Benz,Mercedes-Benz Klasa C 200 d 9G-TRONIC,80900,PLN,Diesel,146632,2021,Automatyczna,NULL
Skoda,Skoda Kodiaq,109600,PLN,Benzyna,38200,2022,Automatyczna,NULL
Chery,Chery Tiggo 8,145900,PLN,Hybryda Plug-in,12400,2025,Automatyczna,NULL
Omoda,Omoda 5,96900,PLN,Benzyna,7500,2024,Automatyczna,NULL
Honda,Honda HR-V,99900,PLN,Hybryda,94600,2022,Automatyczna,NULL
Cupra,Cupra Leon Sportstourer,122900,PLN,Benzyna,62000,2022,Automatyczna,NULL
Cupra,Cupra Formentor,122900,PLN,Diesel,115300,2023,Automatyczna,NULL
BAIC,BAIC 5,96500,PLN,Benzyna+LPG,31600,2024,Automatyczna,NULL
Audi,Audi A4 Allroad,114900,PLN,Diesel,114100,2021,Automatyczna,NULL
Audi,Audi A3 Sportback,114900,PLN,Benzyna,6100,2025,Automatyczna,NULL
Porsche,Porsche Macan GTS,299999,PLN,Benzyna,28220,2022,Automatyczna,NULL
Audi,Audi Q3,142900,PLN,Benzyna,18100,2025,Automatyczna,NULL
Opel,Opel Corsa,8100,PLN,Benzyna+LPG,190187,2011,Manualna,NULL
Honda,Honda Odyssey,59900,PLN,Benzyna,74000,2010,Automatyczna,NULL
Mercedes-Benz,Mercedes-Benz Klasa S 560 4-Matic L 9G-TRONIC,155000,PLN,Benzyna,186000,2017,Automatyczna,NULL
Honda,Honda Odyssey,34900,PLN,Benzyna,194000,2007,Automatyczna,NULL
Honda,Honda Odyssey,158900,PLN,Benzyna,36660,2021,Automatyczna,NULL
Honda,Honda Odyssey,69500,PLN,Benzyna,161000,2013,Automatyczna,NULL
Nissan,Nissan Note 1.5 dCi Tekna EU6,25900,PLN,Diesel,190000,2014,Manualna,1.5
Mercedes-Benz,Mercedes-Benz AMG GT S Speedshift 7G-DCT,385000,PLN,Benzyna,65000,2016,Automatyczna,NULL
Bentley,Bentley Continental GT,739000,PLN,Benzyna,32925,2019,Automatyczna,NULL
Alfa Romeo,Alfa Romeo 4C,345000,PLN,Benzyna,30421,2016,Automatyczna,NULL
Pontiac,Pontiac Bonneville,249000,PLN,Benzyna,9600,1964,Automatyczna,NULL
Seat,Seat Leon 1.2 TSI Start&Stop Style,22800,PLN,Benzyna,177549,2014,Manualna,1.2
Peugeot,Peugeot 2008 PureTech 82 Access,21800,PLN,Benzyna,126058,2016,Manualna,NULL
Renault,Renault Megane ENERGY TCe 130 Start & Stop Bose Edition,18500,PLN,Benzyna,159863,2013,Manualna,NULL
Opel,Opel Mokka X 1.4 DI Start/Stop 4x4 Automatik Edition,49899,PLN,Benzyna,122400,2017,Automatyczna,1.4
BMW,BMW X5,120000,PLN,Diesel,216000,2018,Automatyczna,NULL
Audi,Audi A6 Avant 2.0 TDI,45000,PLN,Diesel,345000,2013,Manualna,2.0
Nissan,Nissan Patrol,220000,PLN,Benzyna,20000,2023,Manualna,NULL
BMW,BMW X3,41500,PLN,Benzyna,208000,2013,Automatyczna,NULL
Citroën,Citroën C4 Picasso 2.0 HDi Exclusive,6400,PLN,Diesel,317000,2010,Manualna,2.0
Kia,Kia Sportage,92700,PLN,Diesel,37000,2023,Automatyczna,NULL
Ford,Ford Transit Custom,120000,PLN,Diesel,182500,2018,Automatyczna,NULL
Audi,Audi A4 Limousine 2.0 TFSI quattro S tronic sport,83500,PLN,Benzyna,150000,2019,Automatyczna,2.0
Aston Martin,Aston Martin Virage,327000,PLN,Benzyna,65000,1991,Manualna,NULL
Mercedes-Benz,Mercedes-Benz Vito CDI Tourer Pro 447.703,50000,PLN,Diesel,416561,2016,Manualna,7.7
Fiat,Fiat Bravo 1.4 16V Active,12500,PLN,Benzyna,153149,2009,Manualna,1.4
Citroën,Citroën Jumpy Combi,18800,PLN,Diesel,318000,2012,Manualna,NULL
BMW,BMW M6,249000,PLN,Benzyna,197025,1987,Manualna,NULL
BMW,BMW Z8,176000,EUR,Benzyna,220000,2000,Manualna,NULL
Skoda,Skoda Octavia 1.2 TSI Ambition,37500,PLN,Benzyna,100358,2014,Manualna,1.2
Audi,Audi A4 Avant 2.0 TDI DPF,15900,PLN,Diesel,447000,2010,Manualna,2.0
BMW,BMW Seria 3 320d,23800,PLN,Diesel,200000,2009,Manualna,NULL
Seat,Seat Leon 1.2 TSI Start&Stop Reference,19900,PLN,Benzyna,151863,2012,Manualna,1.2
Ford,Ford S-Max 1.8 TDCi Ambiente,10700,PLN,Diesel,176000,2007,Manualna,1.8
Audi,Audi A6 Avant 3.0 TDI Quattro Tiptronic,65700,PLN,Diesel,201000,2017,Automatyczna,3.0
Nissan,Nissan Leaf 40 kWh N-Connecta,43700,PLN,Elektryczny,12000,2021,Automatyczna,NULL
Nissan,Nissan Qashqai 1.3 DIG-T MHEV 4x4 N-Connecta Xtronic,97700,PLN,Benzyna,8000,2025,Automatyczna,1.3
Volkswagen,Volkswagen T-Roc,61700,PLN,Benzyna,57000,2023,Manualna,NULL
Alfa Romeo,Alfa Romeo Giulietta 1.6 JTDM 16V,15500,PLN,Diesel,315000,2010,Manualna,1.6
Tesla,Tesla Model 3,174800,PLN,Elektryczny,21962,2024,Automatyczna,NULL
Opel,Opel Calibra 2.0,21500,PLN,Benzyna+LPG,270991,1995,Manualna,2.0
Toyota,Toyota RAV4 2.5 Hybrid Executive 4x2,139899,PLN,Hybryda,113020,2020,Automatyczna,2.5
BMW,BMW Seria 3,15700,PLN,Benzyna,212000,2009,Manualna,NULL
Renault,Renault Kangoo,14500,PLN,Diesel,114000,2018,Manualna,NULL
Audi,Audi A4 Avant 2.0 TDI DPF multitronic S line Sportpaket,19900,PLN,Diesel,340000,2010,Automatyczna,2.0
Volkswagen,Volkswagen Taigo 1.0 TSI,69999,PLN,Benzyna,40886,2022,Manualna,1.0
Land Rover,Land Rover Discovery Sport TD4 HSE Luxury,57000,PLN,Diesel,96662,2017,Automatyczna,NULL
Honda,Honda HR-V 1.5 i-VTEC Elegance,61900,PLN,Benzyna,112000,2016,Manualna,1.5
BMW,BMW M4 Competition M xDrive sport,299999,PLN,Benzyna,56957,2021,Automatyczna,NULL
BMW,BMW X1 xDrive25d Sport Line,86000,PLN,Diesel,135100,2016,Automatyczna,NULL
Dacia,Dacia Sandero Stepway 0.9 TCe Ambiance,28900,PLN,Benzyna,57000,2017,Manualna,0.9
Volkswagen,Volkswagen Polo 1.0 Trendline,10900,PLN,Benzyna,88000,2014,Manualna,1.0
Suzuki,Suzuki SX4 1.6 GLX / Comfort,13000,PLN,Benzyna,267000,2008,Manualna,1.6
Opel,Opel Corsa 1.4 Enjoy,17500,PLN,Benzyna+LPG,284700,2015,Manualna,1.4
Hyundai,Hyundai ix20 1.4 blue Comfort,34400,PLN,Benzyna,142000,2016,Manualna,1.4
Opel,Opel Insignia 1.5 T GPF Enjoy S&S,32000,PLN,Benzyna,230000,2020,Manualna,1.5
Renault,Renault Captur 1.0 TCe Zen,64999,PLN,Benzyna,68446,2020,Manualna,1.0
Toyota,Toyota Auris 1.8 HSD Sol,47999,PLN,Hybryda,161000,2015,Automatyczna,1.8
BMW,BMW Seria 5,14900,PLN,Benzyna,320000,2011,Manualna,NULL
Ford,Ford Focus,21900,PLN,Benzyna,146000,2011,Manualna,NULL
Kia,Kia Sportage,115500,PLN,Benzyna,34800,2023,Automatyczna,NULL
Ford,Ford Kuga 1.5 EcoBlue TITANIUM,63999,PLN,Diesel,107678,2021,Manualna,1.5
Toyota,Toyota Corolla,82000,PLN,Hybryda Plug-in,36479,2022,Automatyczna,NULL
BMW,BMW Seria 3 318d,87900,PLN,Diesel,155734,2019,Automatyczna,NULL
Porsche,Porsche Macan,199900,PLN,Benzyna,88709,2020,Automatyczna,NULL
Fiat,Fiat Panda,22000,PLN,Diesel,312882,2015,Manualna,NULL
Peugeot,Peugeot 308,35900,PLN,Diesel,132000,2014,Automatyczna,NULL
Nissan,Nissan Qashqai 1.3 DIG-T Acenta EU6d,57999,PLN,Benzyna,95000,2020,Manualna,1.3
BMW,BMW X5 M M50d Sport-Aut,98000,PLN,Diesel,268000,2017,Automatyczna,NULL
Opel,Opel Astra,19900,PLN,Benzyna,176977,2012,Manualna,NULL
Opel,Opel Grandland X 1.6 D Start/Stop Automatik Business Edition,47999,PLN,Diesel,169357,2018,Automatyczna,1.6
Kia,Kia Sportage 1.7 CRDI M 2WD,32400,PLN,Diesel,213000,2014,Manualna,1.7
Nissan,Nissan Leaf 40kWh 10,71900,PLN,Elektryczny,30799,2024,Automatyczna,NULL
BMW,BMW Seria 1 116d DPF,20300,PLN,Diesel,222008,2013,Manualna,NULL
Daewoo,Daewoo Lanos,2900,PLN,Benzyna,223000,1999,Manualna,NULL
Mazda,Mazda 6,46900,PLN,Benzyna,220700,2013,Automatyczna,NULL
Audi,Audi Q3 2.0 TDI Prime Edition,23000,PLN,Diesel,192000,2012,Manualna,2.0
Jaguar,Jaguar XE 20d Prestige,34900,PLN,Diesel,186000,2015,Automatyczna,NULL
Opel,Opel Astra 1.9 CDTI Enjoy,4900,PLN,Diesel,278413,2008,Manualna,1.9
Audi,Audi A4 Avant,12900,PLN,Benzyna,272000,2006,Automatyczna,NULL
Mazda,Mazda 6 SKYACTIV-D Drive 150 KIZOKU,39900,PLN,Diesel,221657,2016,Automatyczna,NULL
Hyundai,Hyundai i30 1.6 Classic +,26000,PLN,Benzyna,269700,2014,Manualna,1.6
Hyundai,Hyundai ix35 2.0 2WD Comfort,25500,PLN,Benzyna,220205,2010,Manualna,2.0
MINI,MINI Cooper,41500,PLN,Benzyna,119000,2018,Manualna,NULL
Nissan,Nissan Qashqai 1.2 DIG-T Acenta,31900,PLN,Benzyna,200100,2017,Manualna,1.2
Citroën,Citroën C4 Picasso,13500,PLN,Benzyna,134800,2008,Automatyczna,NULL
Opel,Opel Astra 1.7 CDTI,18900,PLN,Diesel,143509,2014,Manualna,1.7
Seat,Seat Leon,7400,PLN,Diesel,299000,2005,Manualna,NULL
Mercedes-Benz,Mercedes-Benz W201 (190),9400,PLN,Benzyna,392274,1991,Manualna,NULL
Infiniti,Infiniti Q50 Q50(S) 3.0t Sport,75000,PLN,Benzyna,136000,2019,Automatyczna,3.0
Kia,Kia Stonic,48000,PLN,Benzyna,52500,2023,Automatyczna,NULL
Renault,Renault Grand Scenic,14500,PLN,Diesel,250000,2021,Automatyczna,NULL
BMW,BMW X4 xDrive20d xLine,72900,PLN,Diesel,199500,2016,Automatyczna,NULL
Volkswagen,Volkswagen Tiguan,67900,PLN,Diesel,196190,2020,Automatyczna,NULL
Opel,Opel Astra 1.8 Innovation,11900,PLN,Benzyna,272000,2009,Manualna,1.8
Seat,Seat Leon 2.0 TDI DPF Start&Stop CONNECT,37700,PLN,Diesel,223000,2020,Manualna,2.0
Peugeot,Peugeot 2008 1.6 BlueHDi Crossway,18400,PLN,Diesel,144000,2016,Manualna,1.6
Hyundai,Hyundai Kona 1.6 T-GDI DCT 4WD Iron Man Edition,61991,PLN,Benzyna,133363,2017,Automatyczna,1.6
Renault,Renault Clio E-TECH Full 145 EVOLUTION,26400,PLN,Hybryda,44000,2023,Automatyczna,NULL
MINI,MINI Clubman Cooper S ALL4 sport,39900,PLN,Benzyna,188000,2017,Automatyczna,NULL
Audi,Audi A3 Sportback 2.0 TDI clean diesel Ambition,49900,PLN,Diesel,176000,2016,Manualna,2.0
Kia,Kia Sportage 1.7 CRDI 2WD Dream-Team Edition,20900,PLN,Diesel,248000,2015,Manualna,1.7
BMW,BMW X5 xDrive50e PHEV M Sport sport,339999,PLN,Hybryda Plug-in,22500,2023,Automatyczna,NULL
Land Rover,Land Rover Range Rover Evoque SD4 Dynamic,24600,PLN,Diesel,246000,2012,Automatyczna,NULL
Renault,Renault Megane 1.5 dCi Business,22900,PLN,Diesel,136000,2019,Manualna,1.5
Mazda,Mazda CX-5 SKYACTIV-G 165 Exclusive-Line,48990,PLN,Benzyna,166000,2015,Manualna,NULL
Toyota,Toyota bZ4X Comfort,54500,PLN,Elektryczny,25000,2024,Automatyczna,NULL
Peugeot,Peugeot 508 2.0 BlueHDi Allure S&S,36500,PLN,Diesel,248019,2017,Automatyczna,2.0
Peugeot,Peugeot 307,4000,PLN,Diesel,267000,2003,Manualna,NULL
Fiat,Fiat Croma,12900,PLN,Diesel,267309,2008,Manualna,NULL
BMW,BMW X1 xDrive18d,23500,PLN,Diesel,207480,2012,Manualna,NULL
Mazda,Mazda CX-3 SKYACTIV-D 105 AWD Sports-Line,41900,PLN,Diesel,153000,2015,Manualna,NULL
Opel,Opel Insignia 2.0 CDTI ecoFLEX Start/Stop Sport,24000,PLN,Diesel,317000,2014,Manualna,2.0
Mercedes-Benz,Mercedes-Benz Klasa C 180 BlueEFFICIENCY 7G-TRONIC Avantgarde,36900,PLN,Benzyna,184500,2011,Automatyczna,NULL
Dacia,Dacia Sandero Stepway TCe 90 (S&S) Celebration,28900,PLN,Benzyna,80000,2015,Manualna,NULL
Opel,Opel Corsa 1.4 16V Innovation 110 Jahre,10900,PLN,Benzyna,197799,2010,Manualna,1.4
Mercedes-Benz,Mercedes-Benz CLA AMG 35 4-Matic 7G-DCT,115000,PLN,Benzyna,133373,2019,Automatyczna,NULL
Mazda,Mazda CX-5 2.0 Skypassion,39499,PLN,Benzyna,261023,2012,Manualna,2.0
Mercedes-Benz,Mercedes-Benz Klasa E 220 d 4-Matic AMG,139900,PLN,Diesel,134000,2019,Automatyczna,NULL
Fiat,Fiat Freemont 2.0 Multijet Lounge AWD,18000,PLN,Diesel,280000,2013,Automatyczna,2.0
Volkswagen,Volkswagen Beetle 1.2 TSI Blue Motion Technologie Sound,47999,PLN,Benzyna,98000,2017,Manualna,1.2
BMW,BMW X5,76900,PLN,Diesel,202909,2014,Automatyczna,NULL
Toyota,Toyota Proace Verso 2.0 D4-D Long Business,143850,PLN,Diesel,63113,2024,Manualna,2.0
Toyota,Toyota Corolla,59850,PLN,Benzyna,130885,2021,Manualna,NULL
Citroën,Citroën C4,17500,PLN,Benzyna,162000,2012,Manualna,NULL
Audi,Audi A6 Allroad,21900,PLN,Diesel,300000,2006,Automatyczna,NULL
Fiat,Fiat Bravo,8000,PLN,Diesel,210500,2007,Manualna,NULL
SsangYong/KGM,SsangYong/KGM Korando 1.5 T-GDI Crystal 2WD,79999,PLN,Benzyna,4000,2023,Automatyczna,1.5
Mazda,Mazda 3 SKYACTIV-G 120 Exclusive-Line,44900,PLN,Benzyna,205643,2018,Manualna,NULL
Audi,Audi A6 Avant 45 TFSI Quattro Sport S tronic,119000,PLN,Benzyna,140503,2019,Automatyczna,NULL
Renault,Renault Clio 1.2 16V Life,20800,PLN,Benzyna,172963,2015,Manualna,1.2
Peugeot,Peugeot 208 1.2 PureTech Active,20000,PLN,Benzyna,117030,2015,Manualna,1.2
Volkswagen,Volkswagen Golf,40000,PLN,Benzyna,50000,1979,Manualna,NULL
Ford,Ford S-Max 1.8 TDCi Titanium,13900,PLN,Diesel,254425,2010,Manualna,1.8
Renault,Renault Clio ENERGY TCe 90 Start & Stop LIMITED,24999,PLN,Benzyna,148900,2013,Manualna,NULL
Dodge,Dodge Charger 5.7 V8 RT,27500,PLN,Benzyna+LPG,179199,2007,Automatyczna,5.7
Audi,Audi A3 Sportback,15000,PLN,Diesel,303200,2008,Manualna,NULL
Kia,Kia Ceed 1.6 CRDi GT Line DCT,42800,PLN,Diesel,69100,2016,Automatyczna,1.6
Toyota,Toyota Corolla,171850,PLN,Hybryda,8123,2024,Automatyczna,NULL
Toyota,Toyota Proace Verso,145850,PLN,Diesel,67124,2024,Manualna,NULL
BMW,BMW X5,39900,PLN,Benzyna+LPG,199247,2002,Automatyczna,NULL
Renault,Renault Clio,26999,PLN,Benzyna,100500,2018,Manualna,NULL
Toyota,Toyota Auris 1.8 HSD Prestige,61900,PLN,Hybryda,75000,2017,Automatyczna,1.8
Ford,Ford Escape,57000,PLN,Benzyna,115956,2020,Automatyczna,NULL
Audi,Audi A5 Sportback 2.0 TDI,39600,PLN,Diesel,252000,2012,Manualna,2.0
Renault,Renault Grand Scenic,23900,PLN,Benzyna,154000,2013,Manualna,NULL
Opel,Opel Zafira 1.8 Enjoy,9999,PLN,Benzyna+LPG,324427,2009,Manualna,1.8
Ford,Ford Focus,96000,PLN,Benzyna,10,2025,Manualna,NULL
Suzuki,Suzuki Swift,10900,PLN,Benzyna,125000,2007,Manualna,NULL
Toyota,Toyota Yaris,48000,PLN,Hybryda,108574,2019,Automatyczna,NULL
Ford,Ford Kuga,177800,PLN,Hybryda,10,2026,Automatyczna,NULL
Volvo,Volvo XC 60,239900,PLN,Benzyna,13160,2026,Automatyczna,NULL
Alfa Romeo,Alfa Romeo Stelvio V6 2.9 Bi-Turbo AT8-Q4 Quadrifoglio,280000,PLN,Benzyna,10000,2023,Automatyczna,2.9
Opel,Opel Astra 1.4 Turbo Innovation,27900,PLN,Benzyna,200000,2011,Manualna,1.4
Mercedes-Benz,Mercedes-Benz CLA AMG 45 4-Matic 8G-DCT,179900,PLN,Benzyna,18666,2021,Automatyczna,NULL
Kia,Kia Venga,17500,PLN,Benzyna,195611,2011,Manualna,NULL
Porsche,Porsche Macan,41000,PLN,Benzyna,87683,2019,Automatyczna,NULL
Audi,Audi A3 Sportback,12000,PLN,Benzyna,340000,2009,Manualna,NULL
Opel,Opel Astra 1.2 T Edition S&S,34200,PLN,Benzyna,95200,2020,Manualna,1.2
Renault,Renault Clio 1.5 dCi Energy Limited,17999,PLN,Diesel,270000,2018,Manualna,1.5
Lexus,Lexus LBX 1.5 Hybrid Elegant,141900,PLN,Hybryda,11767,2025,Automatyczna,1.5
Land Rover,Land Rover Discovery 3.0 SD V6 HSE,72500,PLN,Diesel,251545,2016,Automatyczna,3.0
Toyota,Toyota Yaris 1.0 VVT-i Luna,19500,PLN,Benzyna,133000,2011,Manualna,1.0
Lexus,Lexus LBX 1.5 Hybrid Emotion,147900,PLN,Hybryda,10904,2025,Automatyczna,1.5
Kia,Kia Ceed 1.5 T-GDI Tribute DCT,94900,PLN,Benzyna,45480,2025,Automatyczna,1.5
Jaecoo,Jaecoo 5,99000,PLN,Benzyna,5121,2025,Automatyczna,NULL
Skoda,Skoda Octavia 1.5 TSI ACT Style,75000,PLN,Benzyna,82296,2020,Manualna,1.5
Opel,Opel Astra 1.6 Cosmo,13999,PLN,Benzyna,243440,2013,Manualna,1.6
Peugeot,Peugeot 308 1.5 BlueHDi Active S&S,19999,PLN,Diesel,220140,2019,Manualna,1.5
Ford,Ford Mondeo,11900,PLN,Diesel,388792,2008,Manualna,NULL
Fiat,Fiat Freemont 2.0 Multijet 16V DPF Automatik Allrad Lounge,24900,PLN,Diesel,156100,2016,Automatyczna,2.0
Mercedes-Benz,Mercedes-Benz GLE AMG 43 4-Matic,169000,PLN,Benzyna,93000,2017,Automatyczna,NULL
BMW,BMW X1 xDrive28i,36000,PLN,Benzyna,225452,2015,Automatyczna,NULL
Lexus,Lexus NX 350h Prestige AWD,224900,PLN,Hybryda,38000,2024,Automatyczna,NULL
Kia,Kia ProCeed 1.6 Crdi Comfort +,5500,PLN,Diesel,290000,2008,Manualna,1.6
Renault,Renault Megane 1.6 16V Dynamique,6800,PLN,Benzyna,280000,2009,Manualna,1.6
Skoda,Skoda Octavia 2.0 TDI Style DSG,52900,PLN,Diesel,143854,2017,Automatyczna,2.0
Toyota,Toyota C-HR,94850,PLN,Hybryda,53075,2020,Automatyczna,NULL
Skoda,Skoda Octavia 2.0 TDI Ambition DSG,69900,PLN,Diesel,185000,2021,Automatyczna,2.0
BMW,BMW Seria 2 218i,154900,PLN,Benzyna,10000,2024,Automatyczna,NULL
Fiat,Fiat Croma,3000,PLN,Diesel,346515,2009,Manualna,NULL
Ford,Ford C-MAX 1.6 TDCi Titanium,4900,PLN,Diesel,169293,2012,Manualna,1.6
Volkswagen,Volkswagen Golf 2.0 TSI BMT GTI Performance DSG,89900,PLN,Benzyna,73853,2019,Automatyczna,2.0
Volvo,Volvo XC 60 D5 AWD Summum,71000,PLN,Diesel,223000,2014,Automatyczna,NULL
BAW,BAW other,25000,PLN,Diesel,356885,2004,Manualna,NULL
Honda,Honda HR-V 1.6 i-DTEC Elegance (ADAS/Honda Connect+),69000,PLN,Diesel,64758,2017,Manualna,1.6
Volvo,Volvo XC 90,119900,PLN,Diesel,183213,2018,Automatyczna,NULL
Ford,Ford C-MAX,9900,PLN,Benzyna,157000,2016,Manualna,NULL
Chevrolet,Chevrolet Aveo,12500,PLN,Benzyna,141576,2011,Manualna,NULL
Volkswagen,Volkswagen Golf 1.2 TSI BlueMotion Technology DSG Cup,36900,PLN,Benzyna,229000,2014,Automatyczna,1.2
Volvo,Volvo XC 60,204900,PLN,Benzyna,25790,2025,Automatyczna,NULL
Opel,Opel Astra 1.6 Comfort / Cool,3800,PLN,Benzyna,311000,1999,Manualna,1.6
Audi,Audi A3 Sportback 1.8 TFSI Ambiente,19500,PLN,Benzyna,239625,2009,Manualna,1.8
Land Rover,Land Rover Range Rover 3.0 D300 mHEV SE,689900,PLN,Diesel,10,2026,Automatyczna,3.0
Toyota,Toyota Avensis 2.0 D-4D Prestige,26500,PLN,Diesel,155000,2018,Manualna,2.0
Audi,Audi Q5,57500,PLN,Benzyna,67000,2015,Automatyczna,NULL
Kia,Kia Picanto 1.0 XL,15000,PLN,Benzyna,196000,2012,Manualna,1.0
Renault,Renault Grand Scenic TCe 130 Bose Edition,23900,PLN,Benzyna,139700,2011,Manualna,NULL
Ford,Ford Focus 2.0 EcoBoost ST mit Leder-Sport-Paket,38999,PLN,Benzyna,176000,2013,Manualna,2.0
Volvo,Volvo V60 D4 AWD Geartronic,49700,PLN,Diesel,178500,2013,Automatyczna,NULL
BMW,BMW Seria 7 750i,40000,PLN,Benzyna,110000,2011,Automatyczna,NULL
Jeep,Jeep Renegade,51700,PLN,Benzyna,154000,2016,Automatyczna,NULL
Renault,Renault Megane ENERGY dCi 110 EXPERIENCE,29900,PLN,Diesel,142383,2017,Manualna,NULL
Honda,Honda Civic 1.4 Sport,14500,PLN,Benzyna,209638,2011,Manualna,1.4
Peugeot,Peugeot 205 1.0 Look,6500,PLN,Benzyna,104800,1991,Manualna,1.0
Volvo,Volvo V60 D3 Momentum,34000,PLN,Diesel,123000,2013,Automatyczna,NULL
Tesla,Tesla Model Y,147700,PLN,Elektryczny,84770,2021,Automatyczna,NULL
Renault,Renault Trafic,146900,PLN,Diesel,35400,2024,Automatyczna,NULL
Peugeot,Peugeot 5008 1.6 PureTech Allure S&S EAT8,78850,PLN,Benzyna,137476,2019,Automatyczna,1.6
Skoda,Skoda Karoq,164900,PLN,Benzyna,5,2026,Automatyczna,NULL
MINI,MINI Cooper SE 54.2kWh Linia Essential,149578,PLN,Elektryczny,10,2026,Automatyczna,4.2
Hyundai,Hyundai i30 1.0 T-GDI N-Line,66850,PLN,Benzyna,98790,2022,Manualna,1.0
Volkswagen,Volkswagen Tiguan 2.0 TDI BMT SCR 4Mot Highline DSG,99900,PLN,Diesel,135000,2019,Automatyczna,2.0
Volkswagen,Volkswagen Karmann Ghia,30500,PLN,Benzyna,120000,1970,Manualna,NULL
Rover,Rover Mini,12500,PLN,Benzyna,137000,1990,Manualna,NULL
Renault,Renault Megane,68850,PLN,Hybryda,99261,2023,Automatyczna,NULL
Mercedes-Benz,Mercedes-Benz SL,15500,PLN,Diesel,150000,1971,Manualna,NULL
Opel,Opel Mokka 1.4 T Cosmo EU6,31900,PLN,Benzyna+LPG,249800,2015,Manualna,1.4
Volvo,Volvo XC 60,136850,PLN,Hybryda,103446,2021,Automatyczna,NULL
Mazda,Mazda CX-3 SKYACTIV-G 150 i-ELOOP AWD Exclusive-Line,47999,PLN,Benzyna,232123,2015,Manualna,NULL
Fiat,Fiat Tipo 1.4 16v Lounge,48700,PLN,Benzyna,43821,2019,Manualna,1.4
BMW,BMW X3 20 xDrive,262500,PLN,Benzyna,8650,2025,Automatyczna,NULL
Pontiac,Pontiac Firebird,10500,PLN,Benzyna,256000,1997,Automatyczna,NULL
Mercedes-Benz,Mercedes-Benz EQA 250+,106900,PLN,Elektryczny,41000,2023,Automatyczna,NULL
Mercedes-Benz,Mercedes-Benz Klasa C 180 Kompressor BlueEFFICIENCY Elegance,25900,PLN,Benzyna,136800,2008,Manualna,NULL
Buick,Buick Century,41200,PLN,Benzyna,78000,1955,Automatyczna,NULL
Audi,Audi A4 Avant 3.0 TDI DPF quattro tiptronic,18000,PLN,Diesel,409000,2007,Automatyczna,3.0
Lexus,Lexus UX 200 Elegance 2WD,112850,PLN,Benzyna,34153,2023,Automatyczna,NULL
Audi,Audi Q5 TFSI mHEV 150 kW Quattro S tronic,280980,PLN,Benzyna,1,2026,Automatyczna,NULL
Volkswagen,Volkswagen Arteon,148900,PLN,Diesel,78795,2023,Automatyczna,NULL
BMW,BMW Seria 3 320d xDrive,62500,PLN,Diesel,170000,2019,Automatyczna,NULL
Volkswagen,Volkswagen Arteon Shooting Brake 2.0 TSI 4Motion R DSG,164900,PLN,Benzyna,62725,2023,Automatyczna,2.0
Fiat,Fiat 500,43900,PLN,Benzyna,133800,2014,Manualna,NULL
Ford,Ford Fiesta 1.3 Style,9999,PLN,Benzyna,60000,2007,Manualna,1.3
Opel,Opel Zafira,33900,PLN,Benzyna,173000,2016,Manualna,NULL
Opel,Opel Astra 2.0 CDTI Cosmo,21000,PLN,Diesel,226000,2010,Automatyczna,2.0
Citroën,Citroën C5 Aircross 1.6 PHEV Shine EAT8,69700,PLN,Hybryda Plug-in,142500,2020,Automatyczna,1.6
Volkswagen,Volkswagen Touareg 3.0 V6 TDI SCR 4Mot Elegance,129900,PLN,Diesel,148100,2021,Automatyczna,3.0
Audi,Audi A4 Avant,46000,PLN,Diesel,268040,2017,Automatyczna,NULL
Daihatsu,Daihatsu Feroza,11000,PLN,Benzyna,67482,1994,Manualna,NULL
Opel,Opel Combo Tour L1H1,29999,PLN,Benzyna,144909,2015,Manualna,NULL
Porsche,Porsche 911 Carrera 4S,549000,PLN,Benzyna,50000,2019,Automatyczna,NULL
Hyundai,Hyundai i30 N,76500,PLN,Benzyna,150000,2019,Manualna,NULL
BMW,BMW M3,179900,PLN,Benzyna,106700,2008,Automatyczna,NULL
Volkswagen,Volkswagen Golf 1.5 TSI EVO Life,59990,PLN,Benzyna,143000,2023,Manualna,1.5
Mercedes-Benz,Mercedes-Benz Klasa S,80000,PLN,Benzyna,92861,1992,Automatyczna,NULL
Volkswagen,Volkswagen Arteon Shooting Brake 2.0 TSI 4Motion R DSG,182400,PLN,Benzyna,25484,2023,Automatyczna,2.0
Leapmotor,Leapmotor B05 67.1kWh PROMAX Design,122700,PLN,Elektryczny,1,2026,Automatyczna,7.1
Audi,Audi A3 Limousine 1.8 TFSI Ambition,41500,PLN,Benzyna,180000,2014,Manualna,1.8
BMW,BMW Seria 5 520d,56000,PLN,Diesel,140000,2016,Automatyczna,NULL
Toyota,Toyota Yaris 1.5 Active,62699,PLN,Benzyna,16240,2024,Manualna,1.5
Volkswagen,Volkswagen T-Cross 1.0 TSI Life Plus DSG,109300,PLN,Benzyna,10,2026,Automatyczna,1.0
Ford,Ford Fiesta 1.4 TDCi Ambiente,1700,PLN,Diesel,446498,2012,Manualna,1.4
Peugeot,Peugeot 3008,16000,PLN,Diesel,299800,2012,Automatyczna,NULL
Land Rover,Land Rover Range Rover Sport,119999,PLN,Diesel,106564,2015,Automatyczna,NULL
Toyota,Toyota Corolla,17000,PLN,Benzyna,110000,2007,Manualna,NULL
Alfa Romeo,Alfa Romeo Stelvio 2.0 Turbo Veloce Q4,140900,PLN,Benzyna,114500,2021,Automatyczna,2.0
Peugeot,Peugeot 307 1.4 Oxygene,6765,PLN,Benzyna,188000,2006,Manualna,1.4
Seat,Seat Leon,40000,PLN,Diesel,114000,2013,Manualna,NULL
Audi,Audi A4 Avant,11500,PLN,Benzyna,260000,2005,Automatyczna,NULL
Skoda,Skoda Scala 1.0 TSI Ambition,63900,PLN,Benzyna,25000,2023,Manualna,1.0
Kia,Kia ProCeed 1.6 T-GDI DCT7 OPF GT,73999,PLN,Benzyna,100000,2019,Automatyczna,1.6
Renault,Renault Clio Energy dCi 110 Start & Stop INTENS,32900,PLN,Diesel,52000,2017,Manualna,NULL
Audi,Audi Q3 2.0 TDI Sport S tronic,87999,PLN,Diesel,158630,2020,Automatyczna,2.0
Ford,Ford Mondeo,11960,PLN,Benzyna,230000,2007,Manualna,NULL
Geely,Geely EX5,139900,PLN,Elektryczny,10,2025,Automatyczna,NULL
Renault,Renault Scenic 1.3 TCe Energy Intens EDC,56900,PLN,Benzyna,71726,2019,Automatyczna,1.3
Peugeot,Peugeot 407 1.6 HDi Premium,5990,PLN,Diesel,229000,2009,Manualna,1.6
Fiat,Fiat Freemont 2.0 Multijet Lounge AWD,27999,PLN,Diesel,247605,2012,Automatyczna,2.0
BMW,BMW Seria 7 740d xDrive mHEV sport,499900,PLN,Diesel,1,2026,Automatyczna,NULL
Volvo,Volvo V60 Cross Country T5 AWD Geartronic,90000,PLN,Benzyna,67500,2019,Automatyczna,NULL
Ford,Ford Fiesta 1.0 EcoBoost Hybrid S&S ST-LINE VIGNALE,42999,PLN,Benzyna,90487,2022,Manualna,1.0
Jeep,Jeep Wrangler,143000,PLN,Diesel,90000,2018,Automatyczna,NULL
Subaru,Subaru Outback,124500,PLN,Benzyna,53000,2022,Automatyczna,NULL
Renault,Renault Megane 1.5 dCi Expression,10900,PLN,Diesel,176762,2010,Manualna,1.5
Suzuki,Suzuki Ignis Dualjet Intro Edition,38900,PLN,Benzyna,188333,2019,Manualna,NULL
Infiniti,Infiniti Q50 Q50S 3.0t Sport,109000,PLN,Benzyna,65257,2019,Automatyczna,3.0
Warszawa,Warszawa 223,45000,PLN,Benzyna,12,1970,Manualna,NULL
Mazda,Mazda 3 2.0 mHEV Exclusive-Line,111800,PLN,Benzyna,6348,2024,Manualna,2.0
Hyundai,Hyundai ix35 1.6 2WD Comfort,28300,PLN,Benzyna,183000,2011,Manualna,1.6
BMW,BMW Seria 4 420d xDrive M Sport,204900,PLN,Diesel,76000,2024,Automatyczna,NULL
Jeep,Jeep Renegade 2.0 MultiJet Limited 4WD S&S,38999,PLN,Diesel,188283,2014,Manualna,2.0
Citroën,Citroën C4 1.6 e-HDi Seduction MCP,12900,PLN,Diesel,195386,2013,Automatyczna,1.6
Renault,Renault Scenic,19900,PLN,Benzyna,133460,2012,Manualna,NULL
BMW,BMW Seria 5,254900,PLN,Diesel,32000,2025,Automatyczna,NULL
Opel,Opel Crossland X 1.2 T 120 Lat S&S,39000,PLN,Benzyna,66600,2017,Manualna,1.2
Nissan,Nissan Qashqai 1.2 DIG-T N-Connecta,28400,PLN,Benzyna,185000,2015,Manualna,1.2
Citroën,Citroën C4 1.2 PureTech Max S&S EAT8,65900,PLN,Benzyna,68317,2024,Automatyczna,1.2
Ford,Ford EcoSport 1.0 EcoBoost TITANIUM,32900,PLN,Benzyna,135000,2016,Manualna,1.0
Ford,Ford Edge,98500,PLN,Benzyna,43000,2020,Automatyczna,NULL
Land Rover,Land Rover Range Rover 4.4SD V8 LWB Vogue,85000,PLN,Diesel,300000,2013,Automatyczna,4.4
Mitsubishi,Mitsubishi Colt 1.1 ClearTec Inform,13500,PLN,Benzyna,71150,2012,Manualna,1.1
Renault,Renault Clio 1.6 16V Dynamique,8000,PLN,Benzyna,233362,2008,Manualna,1.6
Peugeot,Peugeot 3008,27500,PLN,Diesel,240700,2016,Automatyczna,NULL
Audi,Audi A6 Avant,159000,PLN,Diesel,44850,2022,Automatyczna,NULL
Audi,Audi RS4 Limousine,164000,PLN,Benzyna,175000,2022,Automatyczna,NULL
Jeep,Jeep Compass 1.4 MultiAir Sport,59900,PLN,Benzyna,87000,2018,Manualna,1.4
Opel,Opel Combo Tour Enjoy,4900,PLN,Diesel,199355,2006,Manualna,NULL
Lynk & Co,Lynk & Co 01,83900,PLN,Hybryda Plug-in,62000,2022,Automatyczna,NULL
Chrysler,Chrysler Pacifica,77000,PLN,Benzyna,289000,2016,Automatyczna,NULL
Opel,Opel Frontera Frontera-e GS,85500,PLN,Elektryczny,2000,2025,Automatyczna,NULL
Jeep,Jeep Compass,86501,PLN,Hybryda Plug-in,72000,2022,Automatyczna,NULL
Volvo,Volvo S60 T4 R-Design,95000,PLN,Benzyna,139000,2019,Automatyczna,NULL
Volkswagen,Volkswagen Passat 1.6 TDI BMT Comfortline,29500,PLN,Diesel,243795,2015,Manualna,1.6
Mercedes-Benz,Mercedes-Benz SL,61900,PLN,Benzyna,149000,1996,Automatyczna,NULL
Fiat,Fiat 126,6900,PLN,Benzyna,85000,1994,Manualna,NULL
BMW,BMW M4,414000,PLN,Benzyna,14000,2025,Automatyczna,NULL
Jetour,Jetour X70 Plus,147800,PLN,Benzyna,5,2026,Automatyczna,NULL
Audi,Audi A5 Sportback,69900,PLN,Diesel,191000,2016,Automatyczna,NULL
Audi,Audi Q5 2.0 TFSI Quattro S tronic,44000,PLN,Benzyna,213330,2011,Automatyczna,2.0
Renault,Renault Scenic 1.4 16V TCE Expression,14900,PLN,Benzyna,118000,2009,Manualna,1.4
Opel,Opel Corsa GS Line,69900,PLN,Elektryczny,37000,2023,Automatyczna,NULL
Opel,Opel Corsa,8000,PLN,Diesel,232000,2011,Manualna,NULL
BMW,BMW Seria 3,32000,PLN,Diesel,61000,1999,Manualna,NULL
Inny,Inny Inny,2500,PLN,Benzyna,97282,2008,Manualna,NULL
Dodge,Dodge Challenger Automatik 392 Hemi Scat Pack Shaker,110000,PLN,Benzyna,44000,2020,Automatyczna,NULL
Volkswagen,Volkswagen Passat 2.0 TDI DPF DSG Comfortline,19500,PLN,Diesel,304000,2009,Automatyczna,2.0
Hyundai,Hyundai i30 1.0 T-GDI 48V-Hybrid DCT Select,68900,PLN,Benzyna,41000,2024,Automatyczna,1.0
GMC,GMC Sierra,149000,PLN,Benzyna+LPG,66760,2017,Automatyczna,NULL
Hyundai,Hyundai i20 1.4 CRDi Comfort,13500,PLN,Diesel,83000,2011,Manualna,1.4
Opel,Opel Corsa 1.3 CDTI Enjoy,4600,PLN,Diesel,200734,2007,Manualna,1.3
Mercedes-Benz,Mercedes-Benz Klasa A 180 BlueEfficiency Edition,48000,PLN,Benzyna,117800,2014,Manualna,NULL
MINI,MINI Countryman Cooper SE ALL4,112700,PLN,Hybryda Plug-in,57000,2023,Automatyczna,NULL
BMW,BMW Seria 3 330i xDrive M Sport sport,129900,PLN,Benzyna,150990,2019,Automatyczna,NULL
MINI,MINI Cooper S Linia John Works,167600,PLN,Benzyna,1,2026,Automatyczna,NULL
Kia,Kia Sportage 1.6 T-GDI Business Line 2WD DCT,151900,PLN,Benzyna,30517,2024,Automatyczna,1.6
Porsche,Porsche Cayenne E-Hybrid,536588,PLN,Hybryda Plug-in,10,2026,Automatyczna,NULL
Porsche,Porsche Macan,394191,PLN,Elektryczny,10,2026,Automatyczna,NULL
Mazda,Mazda 2,7000,PLN,Benzyna,161000,2008,Manualna,NULL
BMW,BMW Seria 3,25000,PLN,Benzyna,220000,2007,Automatyczna,NULL
Audi,Audi A3 Sportback 1.6 TDI DPF Attraction,16490,PLN,Diesel,311000,2010,Manualna,1.6
Renault,Renault 19,4500,PLN,Benzyna+LPG,227500,1991,Manualna,NULL
Opel,Opel Insignia 1.6 T Sport,11800,PLN,Benzyna,211040,2009,Manualna,1.6
BYD,BYD Leopard 5,264900,PLN,Hybryda,15,2025,Automatyczna,NULL
Ford,Ford Tourneo Custom,249900,PLN,Diesel,10,2026,Automatyczna,NULL
Honda,Honda CR-V 1.6i DTEC 2WD Elegance,51500,PLN,Diesel,220000,2015,Manualna,1.6
Toyota,Toyota Aygo,26900,PLN,Benzyna+LPG,128798,2020,Manualna,NULL
Porsche,Porsche Cayenne Black Edition,519086,PLN,Benzyna,10,2026,Automatyczna,NULL
Volkswagen,Volkswagen Touran 1.9 TDI Basis,7300,PLN,Diesel,324693,2007,Manualna,1.9
BMW,BMW X7 xDrive40d mHEV sport,498900,PLN,Diesel,4000,2026,Automatyczna,NULL
Porsche,Porsche Macan,99900,PLN,Benzyna,172000,2014,Automatyczna,NULL
Honda,Honda Civic 1.4 Sport,28900,PLN,Benzyna,192400,2012,Manualna,1.4
Audi,Audi A1 Sportback,94900,PLN,Benzyna,38649,2023,Automatyczna,NULL
Audi,Audi SQ5,377181,PLN,Benzyna,1,2026,Automatyczna,NULL
Ford,Ford Escape,84900,PLN,Benzyna,16000,2023,Automatyczna,NULL
BMW,BMW Seria 1,204400,PLN,Benzyna,7,2026,Automatyczna,NULL
Mazda,Mazda 6 2.0 SKYMotion,64900,PLN,Benzyna,145605,2019,Manualna,2.0
Audi,Audi RS3 Sportback,457675,PLN,Benzyna,1,2026,Automatyczna,NULL
Audi,Audi A5 Sportback 2.0 TFSI quattro S tronic sport,52800,PLN,Benzyna,201387,2018,Automatyczna,2.0
Audi,Audi A4 Limousine 2,6000,PLN,Benzyna,278543,2001,Manualna,NULL
Audi,Audi Q6 e-tron,242900,PLN,Elektryczny,8012,2025,Automatyczna,NULL
Fiat,Fiat Punto Evo,12950,PLN,Benzyna,148000,2010,Manualna,NULL
Audi,Audi A6 Avant,299900,PLN,Hybryda Plug-in,1,2025,Automatyczna,NULL
Audi,Audi A6 Limousine,309900,PLN,Hybryda Plug-in,1,2025,Automatyczna,NULL
Jeep,Jeep Compass,119900,PLN,Benzyna,33600,2025,Automatyczna,NULL
BMW,BMW Seria 3 320i Edition Exclusive,13500,PLN,Benzyna,190000,2009,Manualna,NULL
Porsche,Porsche Macan,403592,PLN,Elektryczny,10,2026,Automatyczna,NULL
BMW,BMW Seria 3 320d Edition Luxury Line Purity,58900,PLN,Diesel,117339,2016,Automatyczna,NULL
Hyundai,Hyundai ix35 blue 1.6 2WD Finale Silver,30900,PLN,Benzyna,181000,2013,Manualna,1.6
Fiat,Fiat 126,22000,PLN,Benzyna,72750,1987,Manualna,NULL
Mercedes-Benz,Mercedes-Benz GLB 250 4Matic 8G-DCT Progressive Advanced,79900,PLN,Benzyna,79486,2024,Automatyczna,NULL
Seat,Seat Leon SC 1.4 TSI Start&Stop FR,35900,PLN,Benzyna,185000,2015,Manualna,1.4
Ford,Ford KA 1.2 Titanium,11950,PLN,Benzyna,105000,2009,Manualna,1.2
Kia,Kia Ceed 1.6 CRDi Platinum Edition,45900,PLN,Diesel,145000,2020,Manualna,1.6
Volkswagen,Volkswagen Passat Alltrack,86100,PLN,Diesel,162000,2021,Automatyczna,NULL
BMW,BMW X7 xDrive40d mHEV sport,592900,PLN,Diesel,7,2026,Automatyczna,NULL
Ford,Ford Kuga 2.0 TDCi Titanium,16800,PLN,Diesel,275000,2008,Manualna,2.0
Ford,Ford Focus 1.6 TDCi DPF Start-Stopp-System Champions Edition,16999,PLN,Diesel,208000,2012,Manualna,1.6
Volkswagen,Volkswagen Tiguan 2.0 TSI 4Motion DSG Exclusive,23900,PLN,Benzyna,239000,2010,Automatyczna,2.0
Renault,Renault Megane 1.6 TCe GT EDC,39999,PLN,Benzyna,205000,2017,Automatyczna,1.6
Honda,Honda CR-V,27999,PLN,Benzyna,149876,2007,Automatyczna,NULL
Opel,Opel Insignia,29000,PLN,Diesel,161226,2015,Manualna,NULL
Hyundai,Hyundai Tucson,66000,PLN,Benzyna,111083,2019,Manualna,NULL
Audi,Audi A5 Coupé,73999,PLN,Benzyna,105155,2017,Automatyczna,NULL
Ford,Ford Kuga,31000,PLN,Diesel,207605,2014,Manualna,NULL
Renault,Renault Megane,22000,PLN,Benzyna,112225,2013,Manualna,NULL
Audi,Audi A3 Sportback,100000,PLN,Benzyna,33467,2022,Automatyczna,NULL
Audi,Audi A6 Avant 2.0 TDI Quattro S tronic,56500,PLN,Diesel,315000,2017,Automatyczna,2.0
Porsche,Porsche 911 Carrera T-Hybrid GTS,929000,PLN,Benzyna,750,2025,Automatyczna,NULL
Toyota,Toyota Corolla 1.5 Active,63401,PLN,Benzyna,57000,2023,Manualna,1.5
Peugeot,Peugeot 308 110 e-THP Stop & Start Active,28800,PLN,Benzyna,175200,2018,Manualna,NULL
BMW,BMW Seria 3 320d,45000,PLN,Diesel,317911,2013,Manualna,NULL
Skoda,Skoda Octavia 1.0 TSI GPF Active,35201,PLN,Benzyna,162000,2019,Manualna,1.0
Audi,Audi Q3 2.0 TDI,48800,PLN,Diesel,189001,2013,Manualna,2.0
Volkswagen,Volkswagen T-Roc 1.5 TSI ACT Advance DSG,76000,PLN,Benzyna,45567,2018,Automatyczna,1.5
Jeep,Jeep Grand Cherokee 3.6 V6 Trailhawk,168000,PLN,Benzyna+LPG,45000,2022,Automatyczna,3.6
Hyundai,Hyundai i20 1.2 Classic Plus,39801,PLN,Benzyna,158000,2022,Manualna,1.2
Audi,Audi TT Coupé 2.0 TFSI,33500,PLN,Benzyna,191000,2007,Manualna,2.0
Volvo,Volvo S60,125899,PLN,Benzyna,73110,2023,Automatyczna,NULL
Renault,Renault Scenic ENERGY TCe 115 LIFE,33900,PLN,Benzyna,128565,2016,Manualna,NULL
Toyota,Toyota C-HR,61500,PLN,Benzyna,78689,2016,Manualna,NULL
Ford,Ford Kuga,66899,PLN,Benzyna,90129,2020,Manualna,NULL
BMW,BMW Seria 3 320d Sport Line,49900,PLN,Diesel,229300,2015,Manualna,NULL
MINI,MINI Cooper,17900,PLN,Benzyna,159814,2011,Manualna,NULL
Audi,Audi Q3 2.0 TDI S tronic,88899,PLN,Diesel,99707,2021,Automatyczna,2.0
Audi,Audi A4 Avant 1.8 TFSI S line Sportpaket,38900,PLN,Benzyna,180000,2013,Manualna,1.8
BMW,BMW X5,181000,PLN,Hybryda Plug-in,144000,2021,Automatyczna,NULL
BMW,BMW X6 xDrive40d M Sport,104900,PLN,Diesel,149400,2015,Automatyczna,NULL
Audi,Audi Q3 2.0 TDI Quattro Sport S tronic,72000,PLN,Diesel,69000,2015,Automatyczna,2.0
MG,MG MG3 1.5 HEV+ Excite,69900,PLN,Hybryda,13000,2025,Automatyczna,1.5
Volkswagen,Volkswagen Tiguan 2.0 TDI 4Mot Track&Field,21900,PLN,Diesel,245000,2009,Manualna,2.0
Volvo,Volvo V40 D2 Ocean Race,23900,PLN,Diesel,285000,2015,Manualna,NULL
BMW,BMW X4,179900,PLN,Benzyna,49950,2021,Automatyczna,NULL
Mercedes-Benz,Mercedes-Benz Klasa G 350 CDI,169900,PLN,Diesel,217000,2010,Automatyczna,NULL
Audi,Audi A4 Avant 40 TFSI mHEV Quattro S Line S tronic,159900,PLN,Benzyna,38312,2023,Automatyczna,NULL
BMW,BMW X3,16900,PLN,Benzyna,228000,2007,Manualna,NULL
Audi,Audi Q5 2.0 TFSI Quattro Design S tronic,77000,PLN,Benzyna,136200,2018,Automatyczna,2.0
BMW,BMW Seria 8,329000,PLN,Benzyna,154000,2022,Automatyczna,NULL
BMW,BMW M3,499900,PLN,Benzyna,7,2026,Automatyczna,NULL
BMW,BMW X5,119000,PLN,Diesel,199000,2017,Automatyczna,NULL
Peugeot,Peugeot 5008 2.0 HDi Allure 7os,19900,PLN,Diesel,280000,2011,Automatyczna,2.0
Opel,"Opel Combo XL 2,3t (bryg.)",56000,PLN,Diesel,100750,2022,Manualna,NULL
Volkswagen,Volkswagen Caravelle,52000,PLN,Diesel,533300,2000,Manualna,NULL
Peugeot,Peugeot 3008,64900,PLN,Diesel,109430,2018,Automatyczna,NULL
Citroën,Citroën Jumpy,37999,PLN,Diesel,244000,2012,Manualna,NULL
Ford,Ford Mondeo 1.5 TDCi Trend,30900,PLN,Diesel,328000,2015,Manualna,1.5
BMW,BMW Seria 3,151900,PLN,Diesel,74638,2023,Automatyczna,NULL
Ford,Ford Explorer,87500,PLN,Benzyna,83000,2018,Automatyczna,NULL
Ford,Ford Kuga 2.0 TDCi 4x4 Titanium,43900,PLN,Diesel,174000,2016,Manualna,2.0
Audi,Audi A6 Avant 50 TDI mHEV Quattro Sport Tiptronic,119995,PLN,Diesel,187664,2019,Automatyczna,NULL
Audi,Audi A3 3-drzwiowe 2.0 FSI Ambiente,4000,PLN,Benzyna,229000,2004,Manualna,2.0
BMW,BMW Seria 4 430i xDrive M Sport,139900,PLN,Benzyna,52155,2020,Automatyczna,NULL
BMW,BMW Seria 5,4900,PLN,Diesel,299999,1999,Automatyczna,NULL
Volkswagen,Volkswagen California,321965,PLN,Diesel,1,2026,Automatyczna,NULL
Volkswagen,Volkswagen Arteon Shooting Brake 1.4 eHybrid OPF DSG R-Line,105900,PLN,Hybryda Plug-in,132000,2022,Automatyczna,1.4
Toyota,Toyota Auris,9000,PLN,Benzyna,266000,2007,Manualna,NULL
Hyundai,Hyundai Veloster 1.6 DCT Trend,26000,PLN,Benzyna,146225,2012,Automatyczna,1.6
Audi,Audi S3 2.0 TFSI Quattro S tronic,66900,PLN,Benzyna,191178,2014,Automatyczna,2.0
Opel,Opel Mokka 1.6 Cosmo S&S,17990,PLN,Benzyna,95000,2017,Manualna,1.6
Renault,Renault Megane 1.6 dCi GT Line,18000,PLN,Diesel,290000,2015,Manualna,1.6
Mercedes-Benz,Mercedes-Benz Klasa S 500 4Matic 9-TRONIC,169000,PLN,Benzyna,97000,2016,Automatyczna,NULL
Lexus,Lexus RX 350h Business,296000,PLN,Hybryda,5,2025,Automatyczna,NULL
Kia,Kia Sportage 1.6 T-GDI HEV Business Line 2WD,109900,PLN,Hybryda,80937,2022,Automatyczna,1.6
Ford,Ford Mondeo 2.0 Titanium X,8500,PLN,Benzyna+LPG,303000,2007,Manualna,2.0
Ford,Ford Galaxy 2.0 TDCi DPF Ghia,26990,PLN,Diesel,200000,2009,Manualna,2.0
Volkswagen,Volkswagen Tayron 2.0 TDI SCR 4Mot R-Line Plus DSG,255500,PLN,Diesel,1,2026,Automatyczna,2.0
Volkswagen,Volkswagen Tiguan 1.5 eTSI Life Plus DSG,165000,PLN,Benzyna,1,2026,Automatyczna,1.5
Citroën,Citroën C6 2.2 HDi,11800,PLN,Diesel,256000,2007,Manualna,2.2
Volkswagen,Volkswagen Tiguan 2.0 TDI 4Mot R-Line Plus DSG,234500,PLN,Diesel,1,2026,Automatyczna,2.0
Volkswagen,Volkswagen Tiguan 2.0 TSI 4Mot R-Line Plus DSG,240000,PLN,Benzyna,1,2026,Automatyczna,2.0
Toyota,Toyota Corolla 1.5 Comfort MS,77000,PLN,Benzyna,39000,2024,Automatyczna,1.5
Hyundai,Hyundai i40 1.6 CRDi Comfort,47990,PLN,Diesel,170000,2020,Manualna,1.6
Dacia,Dacia Duster 1.6 SCe Open S&S,34900,PLN,Benzyna,104000,2017,Manualna,1.6
Opel,Opel Zafira 1.8 Innovation 110 Jahre,22990,PLN,Benzyna,170000,2012,Manualna,1.8
Hyundai,Hyundai ix35 1.7 CRDi Premium 2WD,29000,PLN,Diesel,193000,2015,Manualna,1.7
BMW,BMW X3 xDrive20d,36800,PLN,Diesel,293000,2011,Manualna,NULL
Opel,Opel Corsa 1.4 Innovation,35900,PLN,Benzyna,91134,2018,Manualna,1.4
Opel,Opel Mokka 1.6 Active S&S,34900,PLN,Benzyna,198591,2016,Manualna,1.6
Volkswagen,Volkswagen Polo 1.2 12V Highline,6980,PLN,Benzyna,189000,2009,Manualna,1.2
BMW,BMW X3 xDrive20 mHEV,224900,PLN,Benzyna,27374,2025,Automatyczna,NULL
Ford,Ford Mustang,169900,PLN,Benzyna,24021,2018,Automatyczna,NULL
Skoda,Skoda Superb 2.0 TDI SCR Style DSG,92100,PLN,Diesel,103568,2022,Automatyczna,2.0
Mazda,Mazda CX-5 2.5 e-SKYACTIV G Prime-Line,139140,PLN,Benzyna,1,2026,Automatyczna,2.5
Nissan,Nissan Qashqai 1.3 DIG-T DCT AKARI,74900,PLN,Benzyna,147154,2022,Automatyczna,1.3
Toyota,Toyota Corolla 1.6 Comfort MS,54900,PLN,Benzyna,149800,2016,Automatyczna,1.6
Jeep,Jeep Avenger 1.2 T3 mHEV Summit FWD eDCT6,119900,PLN,Benzyna,7,2026,Automatyczna,1.2
Ford,Ford Tourneo Connect,150300,PLN,Diesel,10,2026,Automatyczna,NULL
Honda,Honda HR-V 1.5 Executive (ADAS) CVT,62500,PLN,Benzyna,155000,2015,Automatyczna,1.5
Audi,Audi A7 Sportback,99900,PLN,Diesel,230000,2017,Automatyczna,NULL
Toyota,Toyota RAV4 Hybrid Premium 4x4,89900,PLN,Hybryda,111304,2017,Automatyczna,NULL
Opel,Opel Zafira 1.4 Turbo (ecoFLEX) Start/Stop Active,29999,PLN,Benzyna,178000,2016,Manualna,1.4
Chrysler,Chrysler Pacifica,85000,PLN,Benzyna,145000,2019,Automatyczna,NULL
Renault,Renault Kadjar 1.3 TCe FAP Black Edition EDC,61900,PLN,Benzyna,51333,2019,Automatyczna,1.3
Citroën,Citroën C5,26900,PLN,Diesel,214000,2015,Manualna,NULL
Opel,Opel Astra 1.2 T Elegance S&S,35500,PLN,Benzyna,125000,2020,Manualna,1.2
Alfa Romeo,Alfa Romeo Tonale 1.5 T4 GSE mHEV Veloce DCT,179900,PLN,Hybryda,1,2026,Automatyczna,1.5
Volkswagen,Volkswagen Passat 2.0 TDI BMT Highline DSG,61900,PLN,Diesel,213000,2017,Automatyczna,2.0
Renault,Renault Scenic 1.3 TCe Energy Intens EDC,49900,PLN,Benzyna,101100,2018,Automatyczna,1.3
Toyota,Toyota Corolla,88850,PLN,Hybryda,97983,2022,Automatyczna,NULL
Mercedes-Benz,Mercedes-Benz CLK,26200,PLN,Benzyna,196850,2006,Automatyczna,NULL
AVATR,AVATR 12,224900,PLN,Hybryda Plug-in,8604,2025,Automatyczna,NULL
Volvo,Volvo XC 60,219900,PLN,Hybryda Plug-in,10789,2025,Automatyczna,NULL
Volvo,Volvo V70 D2 Momentum,12500,PLN,Diesel,285000,2011,Manualna,NULL
Volvo,Volvo V60,159900,PLN,Benzyna,31517,2025,Automatyczna,NULL
Volvo,Volvo V60 D3 R-Design,19900,PLN,Diesel,365000,2012,Manualna,NULL
Mercedes-Benz,Mercedes-Benz GLC 300 de PHEV 4-Matic Avantgarde,214900,PLN,Hybryda Plug-in,28410,2024,Automatyczna,NULL
Audi,Audi A7 Sportback,109800,PLN,Diesel,135000,2017,Automatyczna,NULL
Toyota,Toyota C-HR 1.8 Hybrid Comfort,98999,PLN,Hybryda,74000,2024,Automatyczna,1.8
Nissan,Nissan Juke 1.6 T Nismo 4x4,37500,PLN,Benzyna,181086,2013,Automatyczna,1.6
Mercedes-Benz,Mercedes-Benz Klasa V 300 d 4-Matic 9G-Tronic Exclusive (d³ugi),389900,PLN,Diesel,74444,2024,Automatyczna,NULL
Audi,Audi A7 Sportback 3.0 TDI Quattro Tiptronic,59000,PLN,Diesel,245000,2012,Automatyczna,3.0
Toyota,Toyota Yaris Hybrid 100 Sol,36900,PLN,Hybryda,249400,2017,Automatyczna,NULL
BMW,BMW X3,144000,PLN,Benzyna,126775,2019,Automatyczna,NULL
Peugeot,Peugeot 208 1.2 PureTech Allure Pack S&S,44999,PLN,Benzyna,42304,2021,Manualna,1.2
Skoda,Skoda Octavia 2.0 TDI Ambition DSG,75700,PLN,Diesel,26000,2025,Automatyczna,2.0
Honda,Honda HR-V 1.5 i-MMD Advance BSI CVT,133900,PLN,Hybryda,5,2026,Automatyczna,1.5
Renault,Renault Grand Scenic Gr 1.2 TCe Energy Limited EU6,31900,PLN,Benzyna,182912,2017,Manualna,1.2
Ford,Ford Tourneo Custom,221800,PLN,Diesel,10,2026,Automatyczna,NULL
Citroën,Citroën DS3 PureTech 110 Start & Stop EAT6 OPF CONNECTED CHIC,36900,PLN,Benzyna,98000,2018,Automatyczna,NULL
BMW,BMW Seria 1 116d Sport Line Shadow,63500,PLN,Diesel,114000,2022,Automatyczna,NULL
Mercedes-Benz,Mercedes-Benz Klasa S 500 BlueEFFICIENCY 4-Matic,139900,PLN,Benzyna,73640,2011,Automatyczna,NULL
Suzuki,Suzuki SX4,45500,PLN,Benzyna,103000,2017,Manualna,NULL
Renault,Renault Koleos 2.0 Blue dCi Initiale Paris 4x4 X-Tronic,89900,PLN,Diesel,80000,2019,Automatyczna,2.0
Volvo,Volvo V40 D2 Kinetic,22900,PLN,Diesel,257000,2013,Manualna,NULL
Skoda,Skoda Fabia 1.4 16V Sport,19500,PLN,Benzyna,150000,2013,Manualna,1.4
Mercedes-Benz,Mercedes-Benz Vito Mixto 447.701,53500,PLN,Diesel,137000,2016,Manualna,7.7
Citroën,Citroën Berlingo M Benzin 110 PLUS,29500,PLN,Benzyna,176000,2017,Manualna,NULL
BMW,BMW Seria 3 328i Modern Line,39000,PLN,Benzyna,143376,2012,Automatyczna,NULL
Abarth,Abarth 500,66999,PLN,Benzyna,50000,2019,Manualna,NULL
Ford,Ford Focus 1.5 EcoBlue Start-Stopp-System ACTIVE,44999,PLN,Diesel,175000,2020,Automatyczna,1.5
Renault,Renault Captur 0.9 Energy TCe Alize EU6,39900,PLN,Benzyna,61000,2017,Manualna,0.9
Renault,Renault Twingo 1.2 16V Dynamique,8400,PLN,Benzyna,203000,2010,Manualna,1.2
Ford,Ford S-Max 2.5 Duratec FHEV VIGNALE,99900,PLN,Hybryda,145000,2021,Automatyczna,2.5
Suzuki,Suzuki Swift 1.2 Dualjet SHVS Premium,50000,PLN,Benzyna,74000,2021,Manualna,1.2
Volkswagen,Volkswagen Touran,11500,PLN,Diesel,280000,2007,Manualna,NULL
Volvo,Volvo XC 60 B5 B R-Design,149900,PLN,Benzyna,34000,2025,Automatyczna,NULL
Honda,Honda Jazz,13000,PLN,Benzyna,135000,2009,Automatyczna,NULL
Volkswagen,Volkswagen T-Roc 1.5 eTSI R-Line DSG,162450,PLN,Benzyna,1,2026,Automatyczna,1.5
Dodge,Dodge Challenger,189900,PLN,Benzyna,88700,2016,Automatyczna,NULL
Ford,Ford Mustang 2.3 EcoBoost,95900,PLN,Benzyna,77820,2020,Automatyczna,2.3
Seat,Seat Ibiza,5890,PLN,Benzyna,210997,2007,Manualna,NULL
BMW,BMW Seria 3 316d Modern Line,33900,PLN,Diesel,164390,2013,Manualna,NULL
Toyota,Toyota Auris 1.6 D-4D Comfort,30000,PLN,Diesel,237373,2016,Manualna,1.6
Audi,Audi S3,150000,PLN,Benzyna,52000,2022,Automatyczna,NULL
Ford,Ford EcoSport 1.5 TDCi TITANIUM,39900,PLN,Diesel,90860,2017,Manualna,1.5
Nissan,Nissan X-Trail 1.6 DCi Tekna 2WD EU6,46700,PLN,Diesel,155700,2017,Manualna,1.6
Audi,Audi A4 Avant 1.8 TFSI,24800,PLN,Benzyna,280217,2011,Manualna,1.8
MINI,MINI Countryman Cooper S E All4,94999,PLN,Hybryda Plug-in,50283,2021,Automatyczna,NULL
Fiat,Fiat 500X,38000,PLN,Benzyna,107000,2019,Manualna,NULL
Opel,Opel Astra 1.6,7900,PLN,Benzyna,206000,2005,Manualna,1.6
Nissan,Nissan Qashqai,68700,PLN,Benzyna,117000,2019,Manualna,NULL
Honda,Honda Jazz 1.4 SI,34900,PLN,Benzyna,95270,2013,Manualna,1.4
Lexus,Lexus NX 450h+ Prestige AWD,249900,PLN,Hybryda Plug-in,20054,2025,Automatyczna,NULL
Fiat,Fiat Freemont 2.0 Multijet 16V DPF Black Code,39900,PLN,Diesel,178000,2014,Manualna,2.0
Renault,Renault Megane,20900,PLN,Diesel,207000,2015,Manualna,NULL
BMW,BMW Seria 5 520d Edition Fleet Sport,14200,PLN,Diesel,352000,2007,Automatyczna,NULL
BMW,BMW Seria 5 520d mHEV M Sport sport,145000,PLN,Diesel,151000,2023,Automatyczna,NULL
Toyota,Toyota Proace Verso,153850,PLN,Diesel,91053,2021,Automatyczna,NULL
Citroën,Citroën C5 Aircross 1.6 PHEV 225 Shine EAT8,84800,PLN,Hybryda Plug-in,80000,2023,Automatyczna,1.6
Opel,Opel Grandland 1.2 T GS Line S&S,86800,PLN,Benzyna,17000,2024,Manualna,1.2
BMW,BMW X3 M Competition,269000,PLN,Benzyna,32800,2021,Automatyczna,NULL
Peugeot,Peugeot 3008 1.6 PureTech Hybrid PHEV GT S&S EAT8,90800,PLN,Hybryda Plug-in,119000,2022,Automatyczna,1.6
Denza,Denza N9,329900,PLN,Hybryda Plug-in,10996,2025,Automatyczna,NULL
Seat,Seat Ibiza,15900,PLN,Benzyna,174000,2014,Manualna,NULL
Ford,Ford Focus 1.6 TDCi Edition,19000,PLN,Diesel,261012,2012,Manualna,1.6
Ford,Ford Focus 1.0 EcoBoost Edition,22800,PLN,Benzyna,182000,2016,Manualna,1.0
Fiat,Fiat Talento Multicab Multijet L2H1 Base,35900,PLN,Diesel,195000,2018,Manualna,NULL
Renault,Renault Twingo SCe 70 Start&Stop Cosmic,15900,PLN,Benzyna,84900,2015,Manualna,NULL
Mazda,Mazda 3 SKYACTIV-G 120 Exclusive-Line,49900,PLN,Benzyna,79821,2018,Manualna,NULL
Renault,Renault Koleos 2.0 dCi 4x4 Dynamique,25999,PLN,Diesel,193329,2011,Automatyczna,2.0
Jaguar,Jaguar F-Pace 30t AWD Prestige,77000,PLN,Benzyna,145000,2020,Automatyczna,NULL
Ford,Ford Focus 2.0 TDCi SYNC Edition ASS,25999,PLN,Diesel,230000,2015,Manualna,2.0
Tesla,Tesla Model Y,159900,PLN,Elektryczny,49900,2023,Automatyczna,NULL
Volvo,Volvo V60,72570,PLN,Benzyna,203000,2020,Automatyczna,NULL
Peugeot,Peugeot 508,36900,PLN,Diesel,180000,2016,Automatyczna,NULL
Audi,Audi A8,35000,PLN,Benzyna,215000,1999,Automatyczna,NULL
Honda,Honda Jazz 1.2 i-VTEC,10900,PLN,Benzyna,226314,2009,Manualna,1.2
Volkswagen,Volkswagen Tiguan 1.5 eTSI Life DSG,129900,PLN,Benzyna,23244,2024,Automatyczna,1.5
Fiat,Fiat Freemont 2.0 Multijet 16V DPF Lounge,32900,PLN,Diesel,119847,2012,Manualna,2.0
Opel,Opel Mokka X 1.4 T Enjoy S&S,41900,PLN,Benzyna+LPG,174572,2017,Manualna,1.4
Volvo,Volvo V60 DRIVe Kinetic,24900,PLN,Diesel,286660,2015,Manualna,NULL
Opel,Opel Astra 1.6 CDTI Active,19900,PLN,Diesel,117058,2015,Manualna,1.6
Ford,Ford Focus 1.0 EcoBoost Trend,39999,PLN,Benzyna,116000,2019,Manualna,1.0
Audi,Audi A4 Avant,34000,PLN,Benzyna,128,2013,Automatyczna,NULL
Cupra,Cupra Ateca,111900,PLN,Benzyna,20150,2024,Automatyczna,NULL
Honda,Honda Civic 1.8 Lifestyle (Honda Connect+),45900,PLN,Benzyna+LPG,237919,2016,Manualna,1.8
Jeep,Jeep Compass,94800,PLN,Benzyna,1312,2022,Automatyczna,NULL
Subaru,Subaru Impreza 2.0 GT,69900,PLN,Benzyna,219000,1998,Manualna,2.0
Renault,Renault Trafic ENERGY L2H1 3.0t Komfort,64900,PLN,Diesel,81620,2023,Manualna,3.0
Renault,Renault Trafic ENERGY L2H1 3.0t Komfort,59900,PLN,Diesel,117047,2023,Manualna,3.0
Omoda,Omoda 7,149900,PLN,Hybryda Plug-in,2000,2025,Automatyczna,NULL
Skoda,Skoda Fabia,3999,PLN,Benzyna,113,2002,Manualna,NULL
Infiniti,Infiniti FX FX30d S,20000,PLN,Diesel,384000,2010,Automatyczna,NULL
Kia,Kia XCeed 1.5 T-GDI L DCT,110900,PLN,Benzyna,23932,2024,Automatyczna,1.5
Toyota,Toyota Corolla,65000,PLN,Benzyna,96000,2018,Manualna,NULL
Hyundai,Hyundai i30 1.6 CRDi Premium,10000,PLN,Diesel,230000,2009,Manualna,1.6
Audi,Audi A4 Limousine,2000,PLN,Benzyna,185000,1997,Manualna,NULL
BMW,BMW X1 xDrive23d mHEV M Sport sport,165000,PLN,Diesel,72624,2022,Automatyczna,NULL
Volkswagen,Volkswagen Touran 1.6 FSI Trendline,5000,PLN,Benzyna,270000,2005,Manualna,1.6
Audi,Audi Q5 TFSI mHEV 150 kW Quattro S tronic,144900,PLN,Hybryda,68399,2023,Automatyczna,NULL
Volkswagen,Volkswagen Polo 1.2 Trendline CityLine,17900,PLN,Benzyna,129000,2011,Manualna,1.2
Mercedes-Benz,Mercedes-Benz Vito 639.705,18449,PLN,Diesel,755743,2009,Automatyczna,9.7
Volvo,Volvo V60 D3 Drive-E Momentum,37500,PLN,Diesel,248777,2017,Automatyczna,NULL
BMW,BMW Seria 5 520d xDrive mHEV M Sport,214900,PLN,Diesel,37804,2025,Automatyczna,NULL
Skoda,Skoda Fabia 1.0 TSI Drive,83500,PLN,Benzyna,9,2026,Manualna,1.0
Audi,Audi Q5,96000,PLN,Benzyna,93000,2019,Automatyczna,NULL
Subaru,Subaru Crosstrek 2.0i-S e-Boxer Platinum (EyeSight) Lineartronic,166000,PLN,Hybryda,9,2026,Automatyczna,2.0
BMW,BMW Seria 3,159900,PLN,Diesel,74608,2023,Automatyczna,NULL
Seat,Seat Leon 2.0 TDI FR S&S DSG,69999,PLN,Diesel,159000,2022,Automatyczna,2.0
Volkswagen,Volkswagen Golf,139900,PLN,Benzyna,29210,2023,Automatyczna,NULL
Audi,Audi A6 Limousine,15900,PLN,Diesel,527000,2011,Automatyczna,NULL
MINI,MINI Clubman Cooper SD Bond Street,23900,PLN,Diesel,193206,2011,Automatyczna,NULL
Kia,Kia ProCeed,99000,PLN,Benzyna,61000,2022,Automatyczna,NULL
Volvo,Volvo XC 40 T5 Recharge DKG RDesign,91900,PLN,Hybryda Plug-in,160000,2022,Automatyczna,NULL
Volkswagen,Volkswagen Golf 1.5 TSI BMT Evo IQ Drive DSG,66500,PLN,Benzyna,83000,2020,Automatyczna,1.5
Volkswagen,Volkswagen Golf,200000,PLN,Benzyna,10,2026,Automatyczna,NULL
Volvo,Volvo V90 D4 AWD Momentum,74800,PLN,Diesel,223000,2016,Automatyczna,NULL
Audi,Audi A7 Sportback 55 TFSI mHEV Quattro S tronic,185000,PLN,Benzyna,53539,2019,Automatyczna,NULL
Tesla,Tesla Model X,129000,PLN,Elektryczny,218301,2016,Automatyczna,NULL
Dacia,Dacia Duster 1.6 SCe Access S&S,25900,PLN,Benzyna,200000,2017,Manualna,1.6
Toyota,Toyota Corolla,68880,PLN,Hybryda,132000,2019,Automatyczna,NULL
Skoda,Skoda Fabia 1.0 TSI Drive,81000,PLN,Benzyna,9,2026,Manualna,1.0
BMW,BMW X5 xDrive30d mHEV sport,418000,PLN,Diesel,1,2026,Automatyczna,NULL
Hyundai,Hyundai ix20,23000,PLN,Benzyna,130000,2011,Manualna,NULL
Skoda,Skoda Superb,27500,PLN,Benzyna,179568,2011,Manualna,NULL
Honda,Honda Civic,18000,PLN,Benzyna,186000,2008,Manualna,NULL
BMW,BMW Seria 5 528i xDrive,55000,PLN,Benzyna,135000,2012,Automatyczna,NULL
Dacia,Dacia Bigster 1.8 Full Hybrid 155 Journey MMT,121900,PLN,Hybryda,7000,2025,Automatyczna,1.8
MINI,MINI Countryman,181400,PLN,Hybryda,10,2026,Automatyczna,NULL
Land Rover,Land Rover Range Rover Sport P460e Dynamic SE,529000,PLN,Benzyna,1800,2025,Automatyczna,NULL
Volkswagen,Volkswagen Transporter,29100,PLN,Diesel,343800,2006,Automatyczna,NULL
Opel,Opel Mokka X 1.4 T Elite S&S,52900,PLN,Benzyna,135300,2016,Manualna,1.4
Toyota,Toyota Yaris,9900,PLN,Benzyna,137000,2008,Manualna,NULL
Renault,Renault Arkana 1.6 E-TECH Techno MMT,94900,PLN,Hybryda,18102,2024,Automatyczna,1.6
Nissan,Nissan Qashqai 1.2 DIG-T N-Connecta EU6,53900,PLN,Benzyna,89000,2018,Manualna,1.2
Renault,Renault Scenic 1.2 TCe Energy Dynamique,19900,PLN,Benzyna,153000,2014,Manualna,1.2
BMW,BMW X5 xDrive40d mHEV,491100,PLN,Diesel,1,2026,Automatyczna,NULL
Dacia,Dacia Logan TCe 90 Prestige,18990,PLN,Benzyna,144628,2014,Manualna,NULL
Renault,Renault Laguna 2.0 DCi Privilege,14900,PLN,Diesel,266938,2010,Manualna,2.0
Renault,Renault Megane 1.2 16V TCe Energy Limited,15900,PLN,Benzyna,199000,2014,Manualna,1.2
Opel,Opel Insignia,19900,PLN,Diesel,237660,2011,Automatyczna,NULL
Audi,Audi A6 Avant,239900,PLN,Diesel,20295,2025,Automatyczna,NULL
Mercedes-Benz,Mercedes-Benz Klasa V 300 d lang 9G-TRONIC Avantgarde Edition 2020,189800,PLN,Diesel,73000,2020,Automatyczna,NULL
Seat,Seat Ateca,129900,PLN,Benzyna,10,2026,Automatyczna,NULL
Hyundai,Hyundai i30 1.5 DPI Modern,46900,PLN,Benzyna,129000,2022,Manualna,1.5
Volvo,Volvo V60 D3 Geartronic Linje Business,29999,PLN,Diesel,267412,2016,Automatyczna,NULL
Jeep,Jeep Renegade 1.3 GSE T4 Turbo Limited 4x4 S&S,59900,PLN,Benzyna,143123,2019,Automatyczna,1.3
Seat,Seat Arona,77900,PLN,Benzyna,8590,2023,Manualna,NULL
BMW,BMW X3 xDrive20d mHEV,278500,PLN,Diesel,1000,2026,Automatyczna,NULL
Audi,Audi A2,2500,PLN,Benzyna,20012,2002,Manualna,NULL
Seat,Seat Leon 1.8 TSI Start&Stop DSG XCELLENCE,38800,PLN,Benzyna,183000,2013,Automatyczna,1.8
Peugeot,Peugeot 207 1.4,5900,PLN,Benzyna,162714,2009,Manualna,1.4
Peugeot,Peugeot 308,39000,PLN,Diesel,236011,2015,Automatyczna,NULL
Audi,Audi Q7 50 TDI mHEV Quattro S Line Tiptr,250000,PLN,Diesel,32853,2024,Automatyczna,NULL
Hyundai,Hyundai Tucson,65900,PLN,Benzyna,75000,2020,Automatyczna,NULL
Skoda,Skoda Octavia 1.6 Ambiente,18999,PLN,Benzyna+LPG,254000,2010,Manualna,1.6
Opel,Opel Mokka X 1.4 ECOTEC Start/Stop Design Line,47300,PLN,Benzyna,124984,2017,Manualna,1.4
Nissan,Nissan Murano,56800,PLN,Benzyna+LPG,128000,2015,Automatyczna,NULL
Suzuki,Suzuki Vitara 1.6 (4x4) Allgrip Automatik Comfort,58990,PLN,Benzyna,61165,2016,Automatyczna,1.6
Mercedes-Benz,Mercedes-Benz Klasa E 220 CDI Avantgarde,27900,PLN,Diesel,300000,2010,Manualna,NULL
Kia,Kia Sportage 2.0 CVVT 4WD Automatik Spirit,44400,PLN,Benzyna,139800,2012,Automatyczna,2.0
Opel,Opel Karl 1.0 Innovation,21999,PLN,Benzyna,148440,2015,Manualna,1.0
BMW,BMW Seria 1,6300,PLN,Benzyna,169311,2008,Manualna,NULL
Opel,Opel Corsa 1.6T OPC,22000,PLN,Benzyna,280000,2008,Manualna,1.6
Volkswagen,Volkswagen T-Roc 1.5 eTSI R-Line DSG,155120,PLN,Benzyna,10,2026,Automatyczna,1.5
Audi,Audi Q5 40 TFSI quattro S tronic,128000,PLN,Benzyna,10400,2024,Automatyczna,NULL
Mercedes-Benz,Mercedes-Benz EQE 350 4MATIC,299900,PLN,Elektryczny,9742,2025,Automatyczna,NULL
Renault,Renault Megane 1.5 dCi Generation,8700,PLN,Diesel,337795,2011,Manualna,1.5
Volvo,Volvo XC 90 T6 AWD Inscription 7os,76000,PLN,Benzyna,236700,2016,Automatyczna,NULL
Tesla,Tesla Model 3,139000,PLN,Elektryczny,73000,2023,Automatyczna,NULL
Seat,Seat Arona 1.0 TSI OPF FR BEATS,69900,PLN,Benzyna,50000,2022,Manualna,1.0
Citroën,Citroën C4 Picasso,24500,PLN,Diesel,175000,2016,Manualna,NULL
BMW,BMW M3,359000,PLN,Benzyna,55000,2024,Automatyczna,NULL
Ford,Ford Kuga 2.0 EcoBlue AWD ST-Line,99000,PLN,Diesel,79500,2022,Automatyczna,2.0
BMW,BMW Seria 4 430i xDrive M Sport,165000,PLN,Benzyna,114212,2022,Automatyczna,NULL
BMW,BMW X5 xDrive40i mHEV M Sport sport,345900,PLN,Benzyna,29000,2023,Automatyczna,NULL
Kia,Kia Picanto 1.1 Spirit,21900,PLN,Benzyna,111000,2016,Manualna,1.1
Dacia,Dacia Bigster 1.8 Full Hybrid 155 Extreme MMT,128699,PLN,Hybryda,5,2026,Automatyczna,1.8
Renault,Renault Clio 1.2 TCe Techno,94299,PLN,Benzyna,5,2026,Manualna,1.2
Dacia,Dacia Duster,93900,PLN,Benzyna+LPG,5,2026,Manualna,NULL
Renault,Renault Captur 1.8 E-TECH Full Hybrid 160 Techno,120399,PLN,Hybryda,5,2026,Automatyczna,1.8
Renault,Renault Kadjar TCe 140 GPF INTENS,75900,PLN,Benzyna,69587,2021,Manualna,NULL
Renault,Renault Grand Scenic ENERGY dCi 130 INTENS,55900,PLN,Diesel,145800,2018,Manualna,NULL
BMW,BMW X3 xDrive20 mHEV,224900,PLN,Benzyna,17237,2025,Automatyczna,NULL
BMW,BMW X1 sDrive18i,143900,PLN,Benzyna,30277,2025,Automatyczna,NULL
BMW,BMW Seria 5 520d xDrive mHEV M Sport,214900,PLN,Diesel,33247,2025,Automatyczna,NULL
BMW,BMW X2,247900,PLN,Benzyna,15724,2025,Automatyczna,NULL
BYD,BYD Seal U,157900,PLN,Hybryda Plug-in,30,2025,Automatyczna,NULL
BMW,BMW Seria 5 540d xDrive mHEV M Sport,374900,PLN,Diesel,17900,2025,Automatyczna,NULL
MG,MG HS,78900,PLN,Benzyna,42147,2023,Automatyczna,NULL
Fiat,Fiat Ducato L3,99876,PLN,Diesel,51600,2024,Manualna,NULL
BMW,BMW X2,217900,PLN,Diesel,11120,2025,Automatyczna,NULL
Renault,Renault Espace 2.0 Blue dCi Initiale Paris EDC,108850,PLN,Diesel,100529,2021,Automatyczna,2.0
Honda,Honda Civic,33900,PLN,Benzyna,117000,2011,Manualna,NULL
Fiat,Fiat Panda 1.2 Classic,10900,PLN,Benzyna,185300,2012,Manualna,1.2
Volkswagen,Volkswagen Golf Variant,190000,PLN,Benzyna,1,2026,Automatyczna,NULL
Kia,Kia XCeed 1.4 T-GDI L DCT,77900,PLN,Benzyna,16057,2020,Automatyczna,1.4
Kia,Kia Ceed 1.5 T-GDI M DCT,94900,PLN,Benzyna,8037,2024,Automatyczna,1.5
Audi,Audi S4 Limousine,129000,PLN,Benzyna,99000,2019,Automatyczna,NULL
Suzuki,Suzuki Swift 1.3 JB Edition,4799,PLN,Benzyna,226434,2008,Manualna,1.3
Honda,Honda Jazz,31999,PLN,Hybryda,107591,2014,Automatyczna,NULL
Kia,Kia Optima,39900,PLN,Diesel,246600,2019,Automatyczna,NULL
Skoda,Skoda Octavia 1.4 Ambiente,9549,PLN,Benzyna+LPG,327323,2009,Manualna,1.4
Audi,Audi A4 Avant 2.0 TDI,36000,PLN,Diesel,236447,2010,Manualna,2.0
Toyota,Toyota Yaris 1.5 Life,32999,PLN,Benzyna,158105,2020,Manualna,1.5
Audi,Audi A3 Limousine 35 TFSI S tronic advanced,82500,PLN,Benzyna,122000,2022,Automatyczna,NULL
Ford,Ford Kuga 2.0 TDCi 2x4 Trend,21999,PLN,Diesel,218776,2010,Manualna,2.0
Volkswagen,Volkswagen Golf Sportsvan SV 1.6 TDI BMT Start,33999,PLN,Diesel,130809,2015,Manualna,1.6
BMW,BMW Seria 3 330i xDrive M Sport,199999,PLN,Benzyna,29305,2024,Automatyczna,NULL
Renault,Renault Kadjar,39900,PLN,Benzyna,143150,2016,Automatyczna,NULL
BMW,BMW X1,24999,PLN,Diesel,249334,2011,Manualna,NULL
Volvo,Volvo XC 40 T2 Essential,79000,PLN,Benzyna,138000,2020,Automatyczna,NULL
Skoda,Skoda Superb 2.0 TDI Ambition,19900,PLN,Diesel,249000,2011,Manualna,2.0
Renault,Renault Megane,2500,PLN,Benzyna,119,1999,Manualna,NULL
Skoda,Skoda Fabia,3500,PLN,Benzyna+LPG,390000,2009,Manualna,NULL
Peugeot,Peugeot 3008,34000,PLN,Diesel,127500,2016,Manualna,NULL
Dacia,Dacia Spring 27.4kWh Business,42850,PLN,Elektryczny,13215,2021,Automatyczna,7.4
Opel,Opel Insignia 2.0 CDTI Elegance S&S,59999,PLN,Diesel,186943,2021,Automatyczna,2.0
Audi,Audi A6 Avant 45 TFSI mHEV Quattro S tronic,179900,PLN,Benzyna,26477,2023,Automatyczna,NULL
Alfa Romeo,Alfa Romeo Stelvio 2.0 Turbo 16V AT8-Q4 B-Tech,109900,PLN,Benzyna,93000,2019,Automatyczna,2.0
Mercedes-Benz,Mercedes-Benz Klasa C 180 mHEV,159900,PLN,Benzyna,22009,2025,Automatyczna,NULL
Dacia,Dacia Sandero,73499,PLN,Benzyna+LPG,5,2026,Manualna,NULL
Dacia,Dacia Duster 1.2 TCe Hybrid-G 150 Extreme 4x4,124699,PLN,Hybryda,5,2026,Automatyczna,1.2
Dacia,Dacia Duster,89000,PLN,Benzyna+LPG,2602,2025,Manualna,NULL
Dacia,Dacia Bigster 1.2 TCe Hybrid-G 150 Extreme 4x4,132999,PLN,Hybryda,5,2026,Automatyczna,1.2
Dacia,Dacia Sandero Stepway,73799,PLN,Benzyna+LPG,5,2026,Manualna,NULL
Renault,Renault Symbioz 1.6 E-Tech Full Hybrid 145 Esprit Alpine,116900,PLN,Hybryda,16000,2024,Automatyczna,1.6
Dacia,Dacia Duster,93899,PLN,Benzyna+LPG,5,2026,Manualna,NULL
Renault,Renault Clio 1.0 TCe Techno,77000,PLN,Benzyna+LPG,5,2025,Manualna,1.0
Renault,Renault Austral 1.3 TCe mHEV Techno,135399,PLN,Hybryda,5,2026,Automatyczna,1.3
Dacia,Dacia Duster,79999,PLN,Benzyna+LPG,5,2026,Manualna,NULL
Volkswagen,Volkswagen Passat 2.0 TDI EVO Business DSG,79900,PLN,Diesel,125000,2023,Automatyczna,2.0
Maserati,Maserati Grecale,399000,PLN,Hybryda,8,2026,Automatyczna,NULL
BMW,BMW X5 xDrive45e sport,244900,PLN,Hybryda,122547,2022,Automatyczna,NULL
Mazda,Mazda CX-30 2.0 mHEV Centre-Line 2WD,121900,PLN,Benzyna,9070,2025,Automatyczna,2.0
Mazda,Mazda 3 2.0 mHEV Centre-Line,110900,PLN,Benzyna,13874,2025,Automatyczna,2.0
Volkswagen,Volkswagen Golf 1.5 TSI OPF Life,82900,PLN,Benzyna,38277,2023,Manualna,1.5
Peugeot,Peugeot 308 1.6 HDi Trendy,11500,PLN,Diesel,205000,2012,Manualna,1.6
Hyundai,Hyundai i10,8900,PLN,Benzyna,171600,2009,Manualna,NULL
Opel,Opel Astra 1.6 CDTI Elite S&S,31900,PLN,Diesel,190000,2017,Manualna,1.6
Mercedes-Benz,Mercedes-Benz GLC,279900,PLN,Diesel,18186,2025,Automatyczna,NULL
Mercedes-Benz,Mercedes-Benz GLC,269900,PLN,Benzyna,17633,2025,Automatyczna,NULL
Mercedes-Benz,Mercedes-Benz GLC 200 d mHEV 4-Matic AMG Line,259900,PLN,Diesel,20625,2025,Automatyczna,NULL
Mercedes-Benz,Mercedes-Benz GLC,279900,PLN,Diesel,23601,2024,Automatyczna,NULL
Fiat,Fiat Doblo Kombi Dynamic,70900,PLN,Diesel,133012,2021,Manualna,NULL
Peugeot,Peugeot 5008,63000,PLN,Diesel,135000,2018,Manualna,NULL
Mercedes-Benz,Mercedes-Benz GLC,304900,PLN,Diesel,23018,2025,Automatyczna,NULL
Mercedes-Benz,Mercedes-Benz GLS,539900,PLN,Diesel,5410,2026,Automatyczna,NULL
Porsche,Porsche Cayenne,50000,PLN,Benzyna,150000,2012,Automatyczna,NULL
Citroën,Citroën C3,1899,PLN,Benzyna,173265,2004,Manualna,NULL
Jeep,Jeep Cherokee 2.5L CRD Limited,19999,PLN,Diesel,236240,2002,Manualna,2.5
Ford,Ford Focus,37000,PLN,Diesel,180310,2020,Manualna,NULL
Ford,Ford Ranger Raptor,220000,PLN,Benzyna,62000,2022,Automatyczna,NULL
Land Rover,Land Rover Defender 130 D350 X-Dynamic HSE,504000,PLN,Diesel,10,2026,Automatyczna,NULL
Citroën,Citroën C3 Aircross 1.2 PureTech GPF Feel Pack S&S,35900,PLN,Benzyna,70000,2018,Manualna,1.2
Volkswagen,Volkswagen Touareg 3.0 V6 TDI 4Motion R-Line,299000,PLN,Diesel,5638,2025,Automatyczna,3.0
Seat,Seat Leon 1.5 EcoTSI Evo FR S&S,52999,PLN,Benzyna,149000,2018,Manualna,1.5
Volkswagen,Volkswagen Golf Variant,175500,PLN,Benzyna,4419,2025,Automatyczna,NULL
Mercedes-Benz,Mercedes-Benz Klasa A 45 S AMG 4-Matic 8G-DCT,149000,PLN,Benzyna,138000,2020,Automatyczna,NULL
BMW,BMW Seria 3 320d mHEV,216907,PLN,Diesel,4000,2026,Automatyczna,NULL
Volkswagen,Volkswagen Touran 1.5 TSI EVO Highline DSG,158900,PLN,Benzyna,7439,2025,Automatyczna,1.5
Audi,Audi A3 Limousine 1.4 TFSI CoD ultra Ambition S tronic,65000,PLN,Benzyna,192500,2016,Automatyczna,1.4
Toyota,Toyota Corolla,72899,PLN,Hybryda,137216,2022,Automatyczna,NULL
Land Rover,Land Rover Range Rover 3.0 D HSE,699000,PLN,Diesel,11,2026,Automatyczna,3.0
Kia,Kia ProCeed 1.5 T-GDI GT Line DCT,79900,PLN,Benzyna,119085,2022,Automatyczna,1.5
Land Rover,Land Rover Range Rover Sport S 3.0 D300 mHEV Dynamic SE,504000,PLN,Diesel,10,2026,Automatyczna,3.0
BMW,BMW Seria 1,144108,PLN,Benzyna,7,2026,Automatyczna,NULL
BMW,BMW Seria 1,243600,PLN,Benzyna,7,2026,Automatyczna,NULL
Peugeot,Peugeot 2008 PureTech 110 Stop&Start Allure,29900,PLN,Benzyna,138000,2017,Manualna,NULL
Toyota,Toyota Camry 2.5 Hybrid Comfort CVT,103899,PLN,Hybryda,51048,2023,Automatyczna,2.5
Mercedes-Benz,Mercedes-Benz GLC AMG 63 4Matic+ AMG Speedshift MCT Edition 1,538500,PLN,Benzyna,29900,2024,Automatyczna,NULL
Mitsubishi,Mitsubishi Lancer Evolution GSR,104900,PLN,Benzyna,86000,2014,Manualna,NULL
BMW,BMW Seria 5 518d,40500,PLN,Diesel,343000,2015,Automatyczna,NULL
Volkswagen,Volkswagen Passat Variant 2.0 TSI Business DSG,77899,PLN,Benzyna,89197,2021,Automatyczna,2.0
Volkswagen,Volkswagen T-Roc 1.5 TSI Life,72899,PLN,Benzyna,102847,2023,Manualna,1.5
Cupra,Cupra Formentor 1.5 TSI DSG,99899,PLN,Benzyna,57104,2023,Automatyczna,1.5
Lexus,Lexus RX 200t / 300 Elegance,99900,PLN,Benzyna,109000,2018,Automatyczna,NULL
Peugeot,Peugeot 207 75 Urban Move,8200,PLN,Benzyna,260000,2008,Manualna,NULL
BMW,BMW X7 xDrive40d mHEV sport,530180,PLN,Diesel,7,2026,Automatyczna,NULL
Dacia,Dacia Duster 1.0 TCe Comfort,47900,PLN,Benzyna,107000,2022,Manualna,1.0
Jaguar,Jaguar F-Pace,189000,PLN,Benzyna,68000,2021,Automatyczna,NULL
Peugeot,Peugeot 208,44999,PLN,Benzyna,25721,2025,Manualna,NULL
Volkswagen,Volkswagen Passat,175000,PLN,Diesel,26300,2025,Automatyczna,NULL
Volkswagen,Volkswagen Passat 2.0 TDI Comfortline,24999,PLN,Diesel,340000,2011,Manualna,2.0
Skoda,Skoda Kodiaq,149900,PLN,Diesel,131661,2022,Automatyczna,NULL
Skoda,Skoda Superb 2.0 TSI 4x4 Scout DSG,139900,PLN,Benzyna,130419,2022,Automatyczna,2.0
Toyota,Toyota Hilux,199900,PLN,Benzyna,100,2026,Manualna,NULL
Hyundai,Hyundai i10 1.2 Comfort,19900,PLN,Benzyna,27213,2020,Automatyczna,1.2
Opel,Opel Astra 1.4 150 Jahre,15700,PLN,Benzyna,186000,2012,Manualna,1.4
Skoda,Skoda Superb,109900,PLN,Diesel,142071,2022,Automatyczna,NULL
Subaru,Subaru XV 2.0ie Lineartronic Active,69600,PLN,Hybryda,136000,2022,Automatyczna,2.0
Toyota,Toyota Land Cruiser KJ70,93500,PLN,Diesel,316759,1994,Manualna,NULL
Mitsubishi,Mitsubishi Pajero,88000,PLN,Diesel,132276,2009,Manualna,NULL
Toyota,Toyota Yaris Hybrid 1.5 Style,93900,PLN,Hybryda,27061,2025,Automatyczna,1.5
Volkswagen,Volkswagen Caddy 1.6 (5-Si.) DSG Edition 30,33900,PLN,Diesel,203000,2013,Automatyczna,1.6
Audi,Audi A4 Limousine 1.8 TFSI multitronic Ambiente,25900,PLN,Benzyna,183454,2009,Automatyczna,1.8
BMW,BMW X5 xDrive40i mHEV,212900,PLN,Benzyna,64171,2022,Automatyczna,NULL
Kia,Kia Stonic 1.0 T-GDI M DCT,68900,PLN,Benzyna,22000,2023,Automatyczna,1.0
Land Rover,Land Rover Range Rover Velar 2.0 P250 R-Dynamic S,178900,PLN,Benzyna,64524,2022,Automatyczna,2.0
Opel,Opel Insignia 2.0 CDTI automatik Innovation,55900,PLN,Diesel,107126,2018,Automatyczna,2.0
Audi,Audi Q3 35 TFSI mHEV S-Line S tronic,156500,PLN,Benzyna,15909,2025,Automatyczna,NULL
Kia,Kia Stonic,40000,PLN,Benzyna,16108,2024,Manualna,NULL
Mercedes-Benz,Mercedes-Benz CLA 200 mHEV 8G-DCT,189900,PLN,Benzyna,6537,2025,Automatyczna,NULL
Land Rover,Land Rover Range Rover Velar ver-3-0-p400-mhev-dynamic-se,339000,PLN,Benzyna,11,2026,Automatyczna,NULL
Volkswagen,Volkswagen Golf,37000,PLN,Benzyna,85865,2021,Manualna,NULL
Volvo,Volvo V90,40500,PLN,Diesel,117462,2019,Automatyczna,NULL
Skoda,Skoda Octavia 1.6 Tour,4900,PLN,Benzyna,150000,2006,Manualna,1.6
Skoda,Skoda Octavia 1.4 TSI Classic,13500,PLN,Benzyna,227000,2010,Manualna,1.4
Skoda,Skoda Kamiq 1.0 TSI Monte Carlo DSG,56000,PLN,Benzyna,4787,2025,Automatyczna,1.0
Citroën,Citroën C3 1.2 PureTech Max,49890,PLN,Benzyna,49933,2024,Manualna,1.2
Ford,Ford Ranger Raptor 3.0 EcoBoost Twin-Turbo 4x4 DC,343800,PLN,Benzyna,5,2026,Automatyczna,3.0
Volkswagen,Volkswagen Arteon Shooting Brake 2.0 TSI 4Motion Elegance DSG,209900,PLN,Benzyna,17309,2024,Automatyczna,2.0
Volkswagen,Volkswagen Arteon 2.0 TSI 4Motion R DSG,164900,PLN,Benzyna,71488,2022,Automatyczna,2.0
Skoda,Skoda Superb 2.0 TDI SCR Style DSG,128900,PLN,Diesel,55900,2023,Automatyczna,2.0
Citroën,Citroën C3 1.2 PureTech Max,49890,PLN,Benzyna,55773,2024,Manualna,1.2
Suzuki,Suzuki Swift,14800,PLN,Diesel,133000,2013,Manualna,NULL
Mercedes-Benz,Mercedes-Benz Klasa S 350 L,89890,PLN,Benzyna,105645,2008,Automatyczna,NULL
Cupra,Cupra Ateca 1.5 TSI DSG,123890,PLN,Benzyna,11669,2024,Automatyczna,1.5
Honda,Honda HR-V 1.5 i-MMD Advance Style CVT,126890,PLN,Hybryda,23537,2024,Automatyczna,1.5
Jeep,Jeep Avenger,116800,PLN,Hybryda,7,2026,Automatyczna,NULL
Cupra,Cupra Ateca 1.5 TSI DSG,121890,PLN,Benzyna,12547,2024,Automatyczna,1.5
Cupra,Cupra Ateca 1.5 TSI DSG,121890,PLN,Benzyna,19032,2024,Automatyczna,1.5
Jeep,Jeep Compass 1.2 T3 mHEV First Edition FWD DCT,144900,PLN,Benzyna,7,2026,Automatyczna,1.2
Volvo,Volvo XC 60,160000,PLN,Diesel,52719,2022,Automatyczna,NULL
Cupra,Cupra Ateca 1.5 TSI DSG,119890,PLN,Benzyna,20529,2024,Automatyczna,1.5
Audi,Audi Q3 Sportback 35 TFSI mHEV S-Line S tronic,154890,PLN,Benzyna,12562,2024,Automatyczna,NULL
Audi,Audi Q3 35 TFSI mHEV S-Line S tronic,151890,PLN,Benzyna,10269,2024,Automatyczna,NULL
Peugeot,Peugeot 3008 1.6 PureTech Hybrid PHEV Allure S&S EAT8,79890,PLN,Hybryda Plug-in,143174,2021,Automatyczna,1.6
Toyota,Toyota Corolla,82890,PLN,Benzyna,56558,2022,Automatyczna,NULL
Opel,Opel Corsa,13500,PLN,Benzyna+LPG,220000,2010,Manualna,NULL
Opel,Opel Astra,7500,PLN,Benzyna+LPG,245306,2005,Manualna,NULL
Peugeot,Peugeot 5008 1.2 PureTech Allure Pack S&S EAT8,89890,PLN,Benzyna,35719,2022,Automatyczna,1.2
BMW,BMW Seria 3,9900,PLN,Benzyna,272000,2003,Manualna,NULL
Alfa Romeo,Alfa Romeo Tonale,126890,PLN,Benzyna,47028,2024,Automatyczna,NULL
BMW,BMW Seria 3,107890,PLN,Hybryda Plug-in,159223,2021,Automatyczna,NULL
Toyota,Toyota RAV4,157890,PLN,Hybryda Plug-in,84345,2022,Automatyczna,NULL
Ford,Ford EcoSport 1.0 EcoBoost ST-Line ASS,48890,PLN,Benzyna,97319,2022,Manualna,1.0
Volkswagen,Volkswagen T-Roc 2.0 TSI 4Motion Style DSG,114900,PLN,Benzyna,39510,2022,Automatyczna,2.0
Volvo,Volvo S90 B4 B Momentum Pro,165555,PLN,Benzyna,3000,2025,Automatyczna,NULL
Skoda,Skoda Octavia,47000,PLN,Benzyna,115706,2024,Automatyczna,NULL
Kia,Kia Ceed 1.0 T-GDI M,34900,PLN,Benzyna,149000,2020,Manualna,1.0
Ford,Ford Grand C-MAX 1.0 EcoBoost Titanium ASS,25900,PLN,Benzyna,129000,2016,Manualna,1.0
Kia,Kia Soul 64kWh L,99000,PLN,Elektryczny,52068,2022,Automatyczna,NULL
Dodge,Dodge Caliber 1.8 SXT,4000,PLN,Benzyna+LPG,231587,2009,Manualna,1.8
Toyota,Toyota Corolla 1.8 Hybrid GPF Trek,69900,PLN,Hybryda,101819,2020,Automatyczna,1.8
Skoda,Skoda Kodiaq,155000,PLN,Diesel,43227,2024,Automatyczna,NULL
Audi,Audi Q3,45000,PLN,Diesel,291334,2016,Manualna,NULL
Cupra,Cupra Formentor,107000,PLN,Benzyna,56280,2023,Automatyczna,NULL
Fiat,Fiat 500X,37999,PLN,Benzyna,140943,2016,Manualna,NULL
Opel,Opel Mokka,26000,PLN,Diesel,218216,2014,Manualna,NULL
Renault,Renault Laguna,15000,PLN,Diesel,261713,2014,Manualna,NULL
Toyota,Toyota Auris,13000,PLN,Diesel,217706,2007,Manualna,NULL
Kia,Kia Stonic,49000,PLN,Benzyna,69069,2018,Manualna,NULL
MG,MG HS,85000,PLN,Benzyna,33574,2023,Automatyczna,NULL
Hyundai,Hyundai i30,42999,PLN,Benzyna,125143,2021,Automatyczna,NULL
Skoda,Skoda Octavia,66999,PLN,Diesel,104297,2022,Manualna,NULL
Chevrolet,Chevrolet Orlando,15498,PLN,Diesel,269788,2011,Manualna,NULL
Ford,Ford Grand C-MAX,25000,PLN,Diesel,230936,2015,Automatyczna,NULL
Seat,Seat Leon,11000,PLN,Benzyna,280311,2008,Manualna,NULL
Hyundai,Hyundai Tucson,62500,PLN,Benzyna,160122,2016,Automatyczna,NULL
Audi,Audi A4 Allroad,68000,PLN,Benzyna,216697,2017,Automatyczna,NULL
Fiat,Fiat Panda,50000,PLN,Benzyna,12990,2024,Manualna,NULL
Volkswagen,Volkswagen Tiguan 1.4 TSI BlueMotion Technology Sport & Style,33000,PLN,Benzyna,159258,2012,Manualna,1.4
Suzuki,Suzuki Swift,16900,PLN,Benzyna+LPG,145000,2009,Manualna,NULL
Opel,Opel Insignia 1.5 Automatik Edition,56900,PLN,Diesel,64500,2022,Automatyczna,1.5
Audi,Audi Q5 2.0 TFSI Quattro Tiptronic,54900,PLN,Benzyna,124000,2014,Automatyczna,2.0
Volkswagen,Volkswagen Caddy 2.0 (5-Si.) Trendline,39900,PLN,Diesel,350000,2020,Manualna,2.0
BMW,BMW X1 sDrive18i M Sport sport,143900,PLN,Benzyna,28555,2025,Automatyczna,NULL
Peugeot,Peugeot 308 PureTech 110 Stop & Start Style,25900,PLN,Benzyna,151000,2017,Manualna,NULL
MG,MG HS 1.5T-GDI Comfort,78900,PLN,Benzyna,44996,2023,Automatyczna,1.5
BMW,BMW Seria 7 750iL,269000,PLN,Benzyna,11000,1988,Automatyczna,NULL
Mercedes-Benz,Mercedes-Benz ML 280 CDI 4Matic 7G-TRONIC DPF,27500,PLN,Diesel,320000,2006,Automatyczna,NULL
Jaguar,Jaguar MK II,159000,PLN,Benzyna,126000,1959,Automatyczna,NULL
BMW,BMW Seria 5 520d xDrive mHEV M Sport,267900,PLN,Diesel,9950,2025,Automatyczna,NULL
Skoda,Skoda Superb 2.0 TDI SCR Ambition DSG,87900,PLN,Diesel,137197,2022,Automatyczna,2.0
Skoda,Skoda Octavia 1.5 TSI ACT Ambition,81900,PLN,Benzyna,98000,2023,Manualna,1.5
Skoda,Skoda Octavia 1.5 TSI Edition 130 Selection,102900,PLN,Benzyna,16871,2025,Manualna,1.5
Peugeot,Peugeot 2008 1.2 Pure Tech Active S&S,31000,PLN,Benzyna,80382,2018,Manualna,1.2
BMW,BMW X5 xDrive30i,51000,PLN,Benzyna,158000,2010,Automatyczna,NULL
Hyundai,Hyundai ix35 1.6 2WD Comfort,28900,PLN,Benzyna,224000,2012,Manualna,1.6
Fiat,Fiat Talento,49793,PLN,Diesel,145058,2020,Manualna,NULL
Renault,Renault Megane 1.2 16V TCE Energy Dynamique,22500,PLN,Benzyna,203000,2012,Manualna,1.2
Ford,Ford Ranger 2.0 EcoBlue Bi-Turbo 4x4 DC Wildtrak,230010,PLN,Diesel,8,2025,Automatyczna,2.0
Ford,Ford Ranger Raptor,269500,PLN,Diesel,8,2025,Automatyczna,NULL
Toyota,Toyota Avensis 2.4 VVT-i Prestige,15900,PLN,Benzyna,202373,2004,Automatyczna,2.4
Audi,Audi A5 Sportback,46999,PLN,Benzyna,323000,2018,Manualna,NULL
Opel,Opel Grandland 1.6 T PHEV GS,83900,PLN,Hybryda Plug-in,89000,2022,Automatyczna,1.6
Mercedes-Benz,Mercedes-Benz Klasa C 300 4Matic 7G-TRONIC Avantgarde,36900,PLN,Benzyna+LPG,149950,2011,Automatyczna,NULL
Nissan,Nissan Juke 1.6 Visia,22900,PLN,Benzyna,196628,2014,Manualna,1.6
Mercedes-Benz,Mercedes-Benz CLA 220 AMG Line 7G-DCT,77000,PLN,Benzyna,203000,2019,Automatyczna,NULL
Jaguar,Jaguar XK XKR-S,239900,PLN,Benzyna,33400,2012,Automatyczna,NULL
Jeep,Jeep Wrangler,119000,PLN,Benzyna,21000,2024,Automatyczna,NULL
Audi,Audi A6 Limousine,21000,PLN,Benzyna,233000,2005,Automatyczna,NULL
Mercedes-Benz,Mercedes-Benz CL,279000,PLN,Benzyna,30000,2011,Automatyczna,NULL
Mercedes-Benz,Mercedes-Benz Klasa C,799000,PLN,Benzyna,21000,2012,Automatyczna,NULL
Mercedes-Benz,Mercedes-Benz CLK,23900,PLN,Benzyna,304000,2004,Manualna,NULL
Volkswagen,Volkswagen Arteon 2.0 TDI Elegance DSG,99000,PLN,Diesel,136790,2023,Automatyczna,2.0
Toyota,Toyota RAV4 2.5 Hybrid Comfort 4x4,138500,PLN,Hybryda,65000,2021,Automatyczna,2.5
Mercedes-Benz,Mercedes-Benz Klasa S,47900,PLN,Benzyna,235999,1991,Automatyczna,NULL
Mercedes-Benz,Mercedes-Benz SL AMG 63,469000,PLN,Benzyna,9534,2018,Automatyczna,NULL
Fiat,Fiat Punto Evo,10900,PLN,Benzyna,215000,2011,Manualna,NULL
Toyota,Toyota Proace Verso,115000,PLN,Diesel,91000,2021,Automatyczna,NULL
Mercedes-Benz,Mercedes-Benz GLE 300 d mHEV 4-Matic AMG Line,389900,PLN,Diesel,17295,2025,Automatyczna,NULL
Opel,Opel Astra 1.5 D Automatik Edition,59990,PLN,Diesel,22300,2024,Automatyczna,1.5
Opel,Opel Astra 1.6 Enjoy,6700,PLN,Benzyna,239000,2005,Manualna,1.6
JAC,JAC JS8,109900,PLN,Benzyna,4000,2025,Automatyczna,NULL
JAC,JAC JS6,109900,PLN,Benzyna,1,2026,Automatyczna,NULL
BMW,BMW Seria 3,20000,PLN,Benzyna,234000,2007,Manualna,NULL
Suzuki,Suzuki SX4 2.0 DDiS 4x4 Limited,18900,PLN,Diesel,227000,2011,Manualna,2.0
Citroën,Citroën C3 Pure Tech (VTi) 82 Exclusive,19500,PLN,Benzyna,43000,2015,Manualna,NULL
Renault,Renault Master L3 Pack Clim,28801,PLN,Diesel,1043700,2017,Manualna,NULL
Fiat,Fiat Doblo,39900,PLN,Diesel,119000,2022,Manualna,NULL
Peugeot,Peugeot 308 1.2 PureTech Active S&S,24000,PLN,Benzyna,140814,2017,Manualna,1.2
Fiat,Fiat Doblo,41900,PLN,Diesel,199000,2020,Manualna,NULL
Peugeot,Peugeot 5008,86000,PLN,Benzyna,27000,2023,Automatyczna,NULL
Suzuki,Suzuki SX4 S-Cross 1.6 Premium Plus 4WD,39850,PLN,Benzyna,180000,2013,Manualna,1.6
Ford,Ford Transit Connect Kombi 230 L2 Trend,50999,PLN,Diesel,235100,2021,Manualna,NULL
Jeep,Jeep Wrangler,75000,PLN,Benzyna+LPG,233000,2007,Manualna,NULL
Mercedes-Benz,Mercedes-Benz GLC,249000,PLN,Benzyna,53000,2022,Automatyczna,NULL
Volkswagen,Volkswagen Golf 1.5 TSI OPF Life,71500,PLN,Benzyna,114000,2020,Manualna,1.5
JAC,JAC T9,159777,PLN,Diesel,1,2026,Automatyczna,NULL
JAC,JAC T8 PRO,122877,PLN,Diesel,1,2026,Manualna,NULL
Renault,Renault Megane 1.6 SCe Life,37900,PLN,Benzyna+LPG,119260,2018,Manualna,1.6
JAC,JAC JS8,111900,PLN,Benzyna,1,2025,Automatyczna,NULL
JAC,JAC T9,159777,PLN,Diesel,2,2026,Automatyczna,NULL
BMW,BMW X7 xDrive40d mHEV sport,309000,PLN,Diesel,91641,2023,Automatyczna,NULL
MINI,MINI Countryman Cooper ALL4,117900,PLN,Benzyna,31581,2023,Automatyczna,NULL
Peugeot,Peugeot 3008,27500,PLN,Hybryda,183000,2014,Automatyczna,NULL
Peugeot,Peugeot 308 1.5 BlueHDi Allure Pack S&S EAT8,78890,PLN,Diesel,97420,2024,Automatyczna,1.5
BMW,BMW X3 xDrive30e,137890,PLN,Hybryda Plug-in,162215,2022,Automatyczna,NULL
Ford,Ford Edge 2.0 TDCi Twin-Turbo 4WD ST-Line,89890,PLN,Diesel,115429,2018,Automatyczna,2.0
Volvo,Volvo XC 60 B4 B Momentum Pro,136890,PLN,Benzyna,78588,2022,Automatyczna,NULL
Ford,Ford Focus 1.0 EcoBoost mHEV Titanium X,68890,PLN,Benzyna,112103,2022,Automatyczna,1.0
BMW,BMW Seria 3 318i,96890,PLN,Benzyna,85733,2021,Automatyczna,NULL
Audi,Audi Q3,89900,PLN,Benzyna,75000,2019,Automatyczna,NULL
Ford,Ford Kuga,74890,PLN,Benzyna,81126,2021,Manualna,NULL
Audi,Audi A3 Sportback 1.5 TFSI cylinder on demand sport,63500,PLN,Benzyna,151000,2018,Manualna,1.5
Toyota,Toyota Avensis,16900,PLN,Benzyna+LPG,258000,2016,Manualna,NULL
Nissan,Nissan Qashqai,7000,PLN,Benzyna,296,2007,Manualna,NULL
Opel,Opel Astra 1.4 Active,31000,PLN,Benzyna,83000,2014,Manualna,1.4
Volkswagen,Volkswagen Golf 1.0 TSI (BlueMotion Technology) Trendline,42500,PLN,Benzyna,106000,2018,Manualna,1.0
Peugeot,Peugeot 208 68 VTI Active,21900,PLN,Benzyna,57600,2016,Manualna,NULL
Audi,Audi A1 Sportback,38500,PLN,Benzyna,104000,2016,Automatyczna,NULL
Opel,Opel Astra 1.4 Turbo Start/Stop Business,38500,PLN,Benzyna,131000,2018,Manualna,1.4
Opel,Opel Astra,27900,PLN,Benzyna,186000,2020,Manualna,NULL
Peugeot,Peugeot 5008,7990,PLN,Benzyna,249000,2011,Manualna,NULL
Ford,Ford Kuga 1.5 EcoBoost FWD Titanium ASS MMT6,66000,PLN,Benzyna,77200,2019,Manualna,1.5
Peugeot,Peugeot 208,12900,PLN,Benzyna,58258,2018,Manualna,NULL
Toyota,Toyota Yaris 1.3 Luna A/C,20900,PLN,Benzyna,79300,2008,Manualna,1.3
Kia,Kia Niro 1.6 GDI Hybrid L Business Line,58700,PLN,Hybryda,46000,2023,Automatyczna,1.6
BMW,BMW Seria 3 330e M Sport,98900,PLN,Hybryda Plug-in,140855,2021,Automatyczna,NULL
Renault,Renault Trafic,25000,PLN,Diesel,281000,2010,Manualna,NULL
Skoda,Skoda Fabia,66700,PLN,Benzyna,5,2026,Manualna,NULL
Skoda,Skoda Kamiq,83200,PLN,Benzyna,5,2026,Manualna,NULL
Skoda,Skoda Scala,81100,PLN,Benzyna,5,2026,Manualna,NULL
Honda,Honda CR-V 2.2i DTEC DPF Executive,32900,PLN,Diesel,237594,2010,Manualna,2.2
Audi,Audi Q3,58900,PLN,Benzyna,159000,2017,Automatyczna,NULL
Ford,Ford Mustang,154000,PLN,Benzyna,32000,2024,Automatyczna,NULL
Seat,Seat Leon 2.0 TDI FR S&S DSG EU6,41999,PLN,Diesel,180000,2015,Automatyczna,2.0
Microcar,Microcar M.GO,32500,PLN,Diesel,49900,2016,Automatyczna,NULL
Ford,Ford Grand C-MAX 1.6 TDCi Start-Stop-System Titanium,16900,PLN,Diesel,241000,2010,Manualna,1.6
BMW,BMW Seria 5 520d Luxury Line sport,77091,PLN,Diesel,238000,2018,Automatyczna,NULL
Volkswagen,Volkswagen Polo,11000,PLN,Diesel,273000,2011,Manualna,NULL
Renault,Renault Clio 1.0 TCe Zen,42000,PLN,Benzyna+LPG,99244,2020,Manualna,1.0
Audi,Audi SQ8,189900,PLN,Diesel,230000,2019,Automatyczna,NULL
Volvo,Volvo V60 T4 Drive-E Kinetic,42900,PLN,Benzyna,201000,2016,Automatyczna,NULL
Porsche,Porsche Panamera,85000,PLN,Benzyna,80000,2012,Automatyczna,NULL
Toyota,Toyota Land Cruiser,48900,PLN,Diesel,358000,2006,Automatyczna,NULL
Renault,Renault Captur 1.3 Energy TCe Initiale Paris,51000,PLN,Benzyna,91349,2019,Manualna,1.3
Seat,Seat Ateca 1.5 TSI Style S&S DSG,95900,PLN,Benzyna,31779,2023,Automatyczna,1.5
Lamborghini,Lamborghini Huracan LP610-4,885000,PLN,Benzyna,16807,2015,Automatyczna,NULL
Suzuki,Suzuki Jimny,298000,PLN,Benzyna,150,2024,Automatyczna,NULL
Volvo,Volvo XC 60,53997,PLN,Benzyna+LPG,235275,2013,Automatyczna,NULL
Honda,Honda CR-V 2.0 i-MMD Elegance (2WD / Connect+),97496,PLN,Hybryda,131000,2019,Automatyczna,2.0
Renault,Renault Scenic dCi 110 Xmod Paris,22900,PLN,Diesel,191331,2014,Manualna,NULL
Mercedes-Benz,Mercedes-Benz CLS 350 CDI BlueEff,69900,PLN,Diesel,217785,2011,Automatyczna,NULL
Alfa Romeo,Alfa Romeo 156,4800,PLN,Diesel,265000,2000,Manualna,NULL
Seat,Seat Ibiza,14999,PLN,Diesel,230000,2012,Manualna,NULL
Honda,Honda Civic 1.0 T Executive (Pakiet Premium),54999,PLN,Benzyna,93000,2017,Automatyczna,1.0
Opel,Opel Corsa 1.2 Edition S&S,42999,PLN,Benzyna,46035,2023,Manualna,1.2
Ford,Ford Kuga 2.0 TDCi Titanium,35000,PLN,Diesel,217818,2013,Manualna,2.0
Volvo,Volvo V60 D3 Edition,19900,PLN,Diesel,443000,2013,Manualna,NULL
Hyundai,Hyundai Santa Fe,186900,PLN,Benzyna,19326,2024,Automatyczna,NULL
Porsche,Porsche Macan,183900,PLN,Benzyna,56650,2022,Automatyczna,NULL
Skoda,Skoda Octavia 1.5 TSI GPF ACT Ambition,47900,PLN,Benzyna,182000,2019,Manualna,1.5
Peugeot,Peugeot 208 1.6 BlueHDi Active S&S,22500,PLN,Diesel,200000,2016,Manualna,1.6
Renault,Renault Captur 0.9 Energy TCe Limited,39800,PLN,Benzyna,25000,2015,Manualna,0.9
Mercedes-Benz,Mercedes-Benz CL,32800,PLN,Benzyna,314900,2003,Automatyczna,NULL
Audi,Audi RS5 Coupé TFSI quattro tiptronic,139000,PLN,Benzyna,138000,2018,Automatyczna,NULL
Opel,Opel Astra 1.6 Start,10700,PLN,Benzyna+LPG,192000,2007,Manualna,1.6
Mercedes-Benz,Mercedes-Benz Klasa C 180 CGI BlueEff Elegance,17999,PLN,Benzyna,206000,2010,Manualna,NULL
Toyota,Toyota Yaris 1.5 Active,49900,PLN,Benzyna,33000,2020,Manualna,1.5
Mazda,Mazda CX-7 2.3T Energy,11999,PLN,Benzyna,260318,2008,Manualna,2.3
Volvo,Volvo XC 40 T4 AWD Geartronic,37700,PLN,Benzyna,80000,2019,Automatyczna,NULL
Toyota,Toyota Auris,44500,PLN,Hybryda,169651,2015,Automatyczna,NULL
Kia,Kia Ceed 1.0 T-GDI S,53500,PLN,Benzyna,49226,2023,Manualna,1.0
Volvo,Volvo XC 60 T8 Plug-In Hybrid AWD Polestar Engineered,159285,PLN,Hybryda Plug-in,169000,2020,Automatyczna,NULL
Land Rover,Land Rover Range Rover Evoque eD4 Pure Technik,19600,PLN,Diesel,108000,2015,Manualna,NULL
Dacia,Dacia Duster 1.6 SCe Ambiance S&S,34800,PLN,Benzyna,82000,2016,Manualna,1.6
MINI,MINI Cooper S John Works Trim,49800,PLN,Benzyna,6800,2024,Automatyczna,NULL
BMW,BMW Seria 5 520d xDrive,82000,PLN,Diesel,252000,2018,Automatyczna,NULL
Opel,Opel Astra,9900,PLN,Benzyna,203000,2008,Manualna,NULL
Volvo,Volvo S60 D3,20900,PLN,Diesel,266235,2011,Manualna,NULL
Dacia,Dacia Duster dCi 110 4WD Prestige,22900,PLN,Diesel,140000,2017,Manualna,NULL
Opel,Opel Grandland X,60000,PLN,Diesel,89000,2018,Automatyczna,NULL
Audi,Audi A4 Avant 2.0 TDI,27500,PLN,Diesel,301000,2013,Manualna,2.0
Toyota,Toyota Prius,23500,PLN,Hybryda,241000,2009,Automatyczna,NULL
Audi,Audi A6 Avant,67900,PLN,Diesel,152600,2016,Automatyczna,NULL
Skoda,Skoda Fabia 1.0 Active,18800,PLN,Benzyna,212000,2021,Manualna,1.0
Renault,Renault Megane 1.3 TCe FAP GT Line EDC,55200,PLN,Benzyna,86000,2019,Automatyczna,1.3
Audi,Audi A4 Limousine,32000,PLN,Diesel,312600,2008,Manualna,NULL
Aixam,Aixam Crossover,18400,PLN,Diesel,70000,2012,Automatyczna,NULL
Citroën,Citroën C3 1.4 Attraction,9000,PLN,Benzyna,128000,2010,Manualna,1.4
Audi,Audi A6 Avant 3.0 TDI DPF quattro S tronic sport selection,19800,PLN,Diesel,315000,2013,Automatyczna,3.0
DS Automobiles,DS Automobiles DS 7 Crossback 2.0 BlueHDi Performance Line +,85000,PLN,Diesel,153320,2019,Automatyczna,2.0
BMW,BMW X3 xDrive30i xLine sport,112900,PLN,Benzyna,120000,2018,Automatyczna,NULL
Fiat,Fiat Seicento Fresh,3300,PLN,Benzyna,107649,2004,Manualna,NULL
Ford,Ford Mondeo 1.5 EcoBoost Trend,47500,PLN,Benzyna,104000,2019,Manualna,1.5
Toyota,Toyota RAV4 2.0 Style 4x4 MS,69900,PLN,Benzyna+LPG,195716,2015,Automatyczna,2.0
Honda,Honda Accord 2.4 Executive,31900,PLN,Benzyna,261467,2009,Automatyczna,2.4
Dacia,Dacia Logan 1.5 dCi Prestige,13500,PLN,Diesel,175500,2014,Manualna,1.5
Alfa Romeo,Alfa Romeo Stelvio 2.0 Turbo First Edition Q4,83900,PLN,Benzyna,195000,2017,Automatyczna,2.0
Nissan,Nissan Juke 1.5 dCi N-Vision,14600,PLN,Diesel,300000,2015,Manualna,1.5
Ford,Ford Focus 1.0 EcoBoost Titanium,18900,PLN,Benzyna,170000,2014,Manualna,1.0
Chrysler,Chrysler 200,49800,PLN,Benzyna+LPG,128000,2015,Automatyczna,NULL
BMW,BMW i3 (120 Ah),46700,PLN,Elektryczny,7000,2021,Automatyczna,NULL
Nissan,Nissan Qashqai,61700,PLN,Benzyna,143152,2018,Manualna,NULL
Opel,Opel Astra,21999,PLN,Benzyna,172780,2012,Manualna,NULL
Hyundai,Hyundai Tucson 1.6 T-GDi Executive N Line 2WD,119000,PLN,Benzyna,32336,2021,Manualna,1.6
Fiat,Fiat Panda 1.2 Active Eco,5500,PLN,Benzyna,221950,2010,Manualna,1.2
Dodge,Dodge Journey,39900,PLN,Benzyna+LPG,268400,2015,Automatyczna,NULL
Hyundai,Hyundai Tucson 1.7 CRDI BlueDrive Style 2WD DCT,58000,PLN,Diesel,79820,2017,Automatyczna,1.7
Ford,Ford Focus,10500,PLN,Benzyna,210000,2008,Manualna,NULL
Opel,Opel Zafira Tourer 1.4 Turbo Business Innovation,33500,PLN,Benzyna,169677,2015,Manualna,1.4
Nissan,Nissan Navara 2.5 D LE,30500,PLN,Diesel,373312,2008,Manualna,2.5
Peugeot,Peugeot 3008 HDi FAP 115 Family,16400,PLN,Diesel,129000,2014,Manualna,NULL
Volkswagen,Volkswagen Passat 1.4 TSI ACT (BlueMotion Technology) Comfortline,36000,PLN,Benzyna,236900,2014,Manualna,1.4
Audi,Audi A4 Avant,20000,PLN,Diesel,410000,2013,Manualna,NULL
Seat,Seat Altea XL,9900,PLN,Diesel,39,2008,Manualna,NULL
Ford,Ford Focus 1.6 TDCi Econetic,6900,PLN,Diesel,214102,2010,Manualna,1.6
Abarth,Abarth 500,49500,PLN,Benzyna,180000,2017,Manualna,NULL
Toyota,Toyota RAV4 Hybrid Prestige 4x4,78000,PLN,Hybryda,168000,2016,Automatyczna,NULL
Opel,Opel Astra 1.4 T Sport,25400,PLN,Benzyna,196888,2013,Manualna,1.4
Skoda,Skoda Octavia,9800,PLN,Diesel,344500,2009,Manualna,NULL
Renault,Renault Clio SCe 75 EXPERIENCE,24900,PLN,Benzyna,85500,2019,Manualna,NULL
Renault,Renault Koleos ENERGY dCi 175 X-tronic 4WD INITIALE PARIS,36400,PLN,Diesel,164000,2019,Automatyczna,NULL
Fiat,Fiat Doblo 1.6 16V Multijet Easy,18400,PLN,Diesel,368400,2015,Manualna,1.6
Nissan,Nissan Qashqai 1.2 DIG-T Visia Xtronic,41900,PLN,Benzyna,84000,2014,Automatyczna,1.2
Toyota,Toyota GT86 2.0 Limited Edition,89999,PLN,Benzyna,65000,2014,Manualna,2.0
BMW,BMW Seria 7,44000,PLN,Benzyna+LPG,395796,1996,Automatyczna,NULL
Nissan,Nissan Qashqai,47900,PLN,Benzyna,160000,2018,Manualna,NULL
Mercedes-Benz,Mercedes-Benz Klasa E,235000,PLN,Diesel,12000,2023,Automatyczna,NULL
BMW,BMW Seria 5,27900,PLN,Diesel,198514,2011,Manualna,NULL
Suzuki,Suzuki SX4 S-Cross 1.4 Boosterjet Allgrip Comfort+,53900,PLN,Benzyna,170000,2017,Manualna,1.4
Mazda,Mazda 2 1.3 MZR Center-Line,11900,PLN,Benzyna+LPG,209000,2012,Manualna,1.3
Volkswagen,Volkswagen Golf,6600,PLN,Diesel,350000,2002,Manualna,NULL
Kia,Kia Soul 1.6 GDI Dream Team Edition,39000,PLN,Benzyna,122995,2016,Manualna,1.6
Volkswagen,Volkswagen Golf 1.0 TSI BlueMotion Comfortline,35900,PLN,Benzyna,189000,2019,Manualna,1.0
Opel,Opel Vivaro,15800,PLN,Diesel,358500,2009,Manualna,NULL
Mercedes-Benz,Mercedes-Benz GLE 400 d 4-Matic,355000,PLN,Diesel,27474,2023,Automatyczna,NULL
Kia,Kia XCeed 1.6 T-GDI XL DCT,79900,PLN,Benzyna,124900,2020,Automatyczna,1.6
Renault,Renault Megane 1.5 dCi Intens EDC,29900,PLN,Diesel,154000,2017,Automatyczna,1.5
Skoda,Skoda Kodiaq 2.0 TSI 4x4 Ambition DSG 7os,87000,PLN,Benzyna,79500,2017,Automatyczna,2.0
Mazda,Mazda 3 1.6 Comfort,19000,PLN,Benzyna,194054,2010,Manualna,1.6
Nissan,Nissan Qashqai+2 2.0 dCi Tekna EU5,25000,PLN,Diesel,246000,2011,Manualna,2.0
Suzuki,Suzuki Swift,17999,PLN,Benzyna,148000,2013,Manualna,NULL
Opel,Opel Corsa 1.7 CDTI Cosmo,4000,PLN,Diesel,373432,2005,Manualna,1.7
MINI,MINI ONE salt,6000,PLN,Benzyna,208317,2003,Manualna,NULL
Opel,Opel Astra,92000,PLN,Hybryda Plug-in,27000,2024,Automatyczna,NULL
Volkswagen,Volkswagen Golf 2.0 TDI,52900,PLN,Diesel,183000,2020,Manualna,2.0
Mazda,Mazda CX-5 2.0 Skypassion,54000,PLN,Benzyna,220000,2015,Automatyczna,2.0
Opel,Opel Mokka 1.4 T Cosmo,38000,PLN,Benzyna+LPG,180989,2016,Manualna,1.4
Honda,Honda Civic,13999,PLN,Benzyna,200450,2005,Manualna,NULL
Citroën,Citroën C3 1.6 HDi Exclusive Euro5,15900,PLN,Diesel,192800,2011,Manualna,1.6
Fiat,Fiat Doblo 1.4 16V Active,45000,PLN,Benzyna,62700,2020,Manualna,1.4
Volvo,Volvo XC 60 T5 AWD Momentum,62900,PLN,Benzyna,186300,2015,Automatyczna,NULL
Audi,Audi A4 Limousine,23000,PLN,Benzyna,285000,2006,Manualna,NULL
Volkswagen,Volkswagen Polo Cross,7900,PLN,Diesel,190000,2008,Manualna,NULL
Peugeot,Peugeot 207 1.4 16V Trendy,2800,PLN,Benzyna,87282,2007,Manualna,1.4
Seat,Seat Arona 1.5 TSI FR S&S,61565,PLN,Benzyna,149460,2018,Manualna,1.5
Alfa Romeo,Alfa Romeo Giulietta,38800,PLN,Diesel,166000,2017,Manualna,NULL
Opel,Opel Astra 1.4 T Energy EU6,36800,PLN,Benzyna,84040,2016,Manualna,1.4
Lexus,Lexus UX 250h GPF Omotenashi AWD,110900,PLN,Hybryda,92000,2019,Automatyczna,NULL
Skoda,Skoda Superb,39900,PLN,Benzyna,227100,2020,Manualna,NULL
Jeep,Jeep Renegade 1.4 MultiAir Limited 4WD S&S,43000,PLN,Benzyna,200000,2015,Automatyczna,1.4
Skoda,Skoda Superb 2.0 TDI SCR 4x4 Style DSG,72570,PLN,Diesel,190000,2019,Automatyczna,2.0
Skoda,Skoda RAPID 1.2 TSI Ambition,29500,PLN,Benzyna,124424,2016,Manualna,1.2
Volvo,Volvo XC 60 B4 D Plus Dark,148900,PLN,Diesel,110121,2022,Automatyczna,NULL
Alfa Romeo,Alfa Romeo Stelvio 2.0 Turbo Intensa Q4,227900,PLN,Benzyna,7000,2025,Automatyczna,2.0
Audi,Audi Q5 45 TFSI mHEV Quattro Advanced S tronic,148900,PLN,Benzyna,92500,2022,Automatyczna,NULL
Fiat,Fiat 500X,48400,PLN,Benzyna,149000,2018,Automatyczna,NULL
Honda,Honda Civic,18500,PLN,Benzyna,59000,2000,Manualna,NULL
Ford,Ford Escape,53000,PLN,Benzyna,63000,2019,Automatyczna,NULL
Volkswagen,Volkswagen Passat,62500,PLN,Benzyna,191000,2018,Automatyczna,NULL
Hyundai,Hyundai H-1 Starex,38000,PLN,Diesel,237752,2006,Manualna,NULL
Mazda,Mazda 3 1.6 Exclusive,6765,PLN,Benzyna+LPG,257500,2008,Manualna,1.6
Fiat,Fiat Doblo 1.6 Multijet 16V Active,13500,PLN,Diesel,185724,2010,Manualna,1.6
Opel,Opel Crossland,60500,PLN,Benzyna,30500,2024,Manualna,NULL
Ford,Ford Kuga 1.6 EcoBoost FWD Titanium ASS,28900,PLN,Benzyna,179000,2013,Manualna,1.6
Fiat,Fiat Tipo 1.4 16V Lounge,32900,PLN,Benzyna,79095,2016,Manualna,1.4
Opel,Opel Mokka 1.2 T GS Line S&S,70900,PLN,Benzyna,65474,2022,Automatyczna,1.2
Ford,Ford Focus 2.0 TDCi Titanium ASS PowerShift,40999,PLN,Diesel,216000,2017,Automatyczna,2.0
Opel,Opel Vectra 1.8 Comfort,6000,PLN,Benzyna,335147,2005,Manualna,1.8
Suzuki,Suzuki Vitara 1.4 Boosterjet Premium 2WD,53900,PLN,Benzyna,166122,2018,Manualna,1.4
Peugeot,Peugeot 5008,56900,PLN,Diesel,130682,2019,Automatyczna,NULL
Volkswagen,Volkswagen Passat,6666,PLN,Benzyna,220000,1997,Manualna,NULL
Lexus,Lexus UX,109900,PLN,Hybryda,90280,2019,Automatyczna,NULL
Suzuki,Suzuki Swift 1.2 Dualjet Hybrid Club,41900,PLN,Benzyna,110106,2020,Manualna,1.2
Seat,Seat Ateca 2.0 TDI FR S&S 4Drive DSG,79900,PLN,Diesel,99900,2018,Automatyczna,2.0
Peugeot,Peugeot 5008,16000,PLN,Diesel,173435,2010,Manualna,NULL
Opel,Opel Corsa,50999,PLN,Benzyna,41211,2022,Automatyczna,NULL
Hyundai,Hyundai i30,51000,PLN,Benzyna,72012,2021,Automatyczna,NULL
Seat,Seat Ibiza,5500,PLN,Diesel,200354,2008,Manualna,NULL
Citroën,Citroën C5X,68499,PLN,Benzyna,95203,2023,Automatyczna,NULL
Fiat,Fiat Grande Punto,9300,PLN,Benzyna,159400,2008,Manualna,NULL
Renault,Renault Laguna,32500,PLN,Diesel,186769,2013,Manualna,NULL
MG,MG HS,81998,PLN,Benzyna,21010,2023,Automatyczna,NULL
Jeep,Jeep Cherokee 2.8 CRD Limited,28900,PLN,Diesel,201300,2007,Automatyczna,2.8
BMW,BMW Seria 3 318d DPF,11900,PLN,Diesel,350000,2010,Manualna,NULL
Audi,Audi Q7 45 TDI mHEV Quattro S Line Tiptr,420783,PLN,Diesel,2100,2025,Automatyczna,NULL
Jeep,Jeep Compass 2.2 CRD 4x4 Limited,9900,PLN,Diesel,210000,2011,Manualna,2.2
MINI,MINI 1300,38500,PLN,Benzyna,91000,1997,Manualna,NULL
Mercedes-Benz,Mercedes-Benz GLC,78500,PLN,Benzyna,185053,2015,Automatyczna,NULL
Porsche,Porsche 911 Turbo S,1099000,PLN,Benzyna,20000,2023,Automatyczna,NULL
Alfa Romeo,Alfa Romeo Stelvio 2.0 Turbo Veloce Q4,229900,PLN,Benzyna,1,2025,Automatyczna,2.0
Mitsubishi,Mitsubishi Outlander,12900,PLN,Diesel,291972,2007,Manualna,NULL
BMW,BMW Seria 1,12000,PLN,Benzyna,267000,2008,Manualna,NULL
Ford,Ford Kuga,25500,PLN,Diesel,237743,2011,Manualna,NULL
BMW,BMW Seria 5 M550i xDrive,229000,PLN,Benzyna,46500,2023,Automatyczna,NULL
Renault,Renault Megane 1.6 16V Exception,11900,PLN,Benzyna+LPG,297051,2009,Manualna,1.6
Opel,Opel Mokka 1.4 T Cosmo,27900,PLN,Benzyna,238000,2015,Manualna,1.4
Lexus,Lexus RX 450h+ Prestige,319900,PLN,Hybryda Plug-in,16090,2025,Automatyczna,NULL
Fiat,Fiat Tipo 1.4 16v Pop,29900,PLN,Benzyna,129240,2016,Manualna,1.4
Mercedes-Benz,Mercedes-Benz W124 (1984-1993),45000,PLN,Benzyna,232000,1991,Manualna,NULL
Fiat,Fiat 500 1.2 8V Lounge,20900,PLN,Benzyna,103340,2011,Manualna,1.2
Land Rover,Land Rover Range Rover Sport,479000,PLN,Diesel,5,2025,Automatyczna,NULL
Hyundai,Hyundai Matrix,3500,PLN,Benzyna,260000,2009,Manualna,NULL
Audi,Audi A6 Avant 2.0 TFSI,13900,PLN,Benzyna,251000,2006,Manualna,2.0
Volkswagen,Volkswagen Golf 1.6 Comfortline,5900,PLN,Benzyna,244923,2001,Manualna,1.6
Nissan,Nissan Qashqai 2.0 dCi 4 x 4 DPF acenta,16000,PLN,Diesel,292933,2011,Manualna,2.0
BMW,BMW X3,129000,PLN,Benzyna,80000,2018,Automatyczna,NULL
Suzuki,Suzuki Jimny,48900,PLN,Benzyna,136000,2011,Manualna,NULL
Suzuki,Suzuki Jimny,56700,PLN,Benzyna,139000,2010,Manualna,NULL
Nissan,Nissan X-Trail 2.0 dCi Tekna 4WD Xtronic,72900,PLN,Diesel,42238,2018,Automatyczna,2.0
Opel,Opel Zafira 1.8 Elegance,4650,PLN,Benzyna+LPG,311000,2006,Manualna,1.8
Skoda,Skoda Octavia 1.9 TDI Ambiente,9900,PLN,Diesel,223000,2008,Manualna,1.9
Chevrolet,Chevrolet Aveo 1.4 16V LT,11499,PLN,Benzyna,151000,2011,Manualna,1.4
Kia,Kia ProCeed,32000,PLN,Benzyna,175363,2013,Manualna,NULL
Skoda,Skoda Kamiq 1.0 TSI Drive DSG,110500,PLN,Benzyna,5,2026,Automatyczna,1.0
Audi,Audi A3 Limousine,141900,PLN,Benzyna,8672,2026,Automatyczna,NULL
Skoda,Skoda Kamiq 1.5 TSI Drive DSG,116500,PLN,Benzyna,5,2026,Automatyczna,1.5
Skoda,Skoda Octavia 1.9 TDI Ambiente,12500,PLN,Diesel,234000,2007,Manualna,1.9
Volkswagen,Volkswagen Passat 1.5 TSI EVO Highline DSG,71900,PLN,Benzyna,71790,2018,Automatyczna,1.5
Volkswagen,Volkswagen Polo 1.4 TDI Trendline,5000,PLN,Diesel,226864,2005,Manualna,1.4
BMW,BMW X4,135000,PLN,Diesel,205000,2020,Automatyczna,NULL
Volkswagen,Volkswagen Golf 1.5 TSI ACT OPF BlueMotion Join,52500,PLN,Benzyna,150000,2018,Manualna,1.5
Mercedes-Benz,Mercedes-Benz CLA 200 7G-DCT,48950,PLN,Benzyna,227578,2015,Automatyczna,NULL
Audi,Audi Q3 Sportback 35 TFSI mHEV S tronic,187900,PLN,Benzyna,10,2026,Automatyczna,NULL
BMW,BMW M4 Competition sport,210000,PLN,Benzyna,121800,2021,Automatyczna,NULL
BYD,BYD Seal U,142500,PLN,Hybryda Plug-in,11150,2026,Automatyczna,NULL
Audi,Audi A4 Avant,56900,PLN,Diesel,219000,2022,Automatyczna,NULL
BMW,BMW Seria 3 320d DPF Edition Sport,24900,PLN,Diesel,224000,2012,Automatyczna,NULL
Lexus,Lexus IS 200,24900,PLN,Benzyna,254269,2001,Manualna,NULL
Opel,Opel Astra 2.0 CDTI Sport,19500,PLN,Diesel,228567,2013,Manualna,2.0
Kia,Kia Sorento 2.0 CRDI Business Line,68000,PLN,Diesel,148400,2015,Automatyczna,2.0
Toyota,Toyota Auris 1.4 D-4D Terra,10500,PLN,Diesel,275000,2011,Manualna,1.4
MINI,MINI ONE,109400,PLN,Benzyna,10,2026,Automatyczna,NULL
Toyota,Toyota Supra 3.0 Turbo,299000,PLN,Benzyna,25000,2024,Automatyczna,3.0
Mercedes-Benz,Mercedes-Benz Klasa V 220 (BlueTEC) d Avantgarde 7G-Tronic,130000,PLN,Diesel,332656,2018,Automatyczna,NULL
Volkswagen,Volkswagen Passat 2.0 TDI 4Mot Highline DSG,29000,PLN,Diesel,369000,2012,Automatyczna,2.0
BYD,BYD Sealion 7,247900,PLN,Elektryczny,10,2026,Automatyczna,NULL
Volkswagen,Volkswagen Passat CC 2.0 TDI DPF,28500,PLN,Diesel,188000,2010,Manualna,2.0
Audi,Audi A6 Avant 2.0T FSI,6900,PLN,Benzyna,474000,2007,Manualna,2.0
Renault,Renault Trafic,30000,PLN,Diesel,109078,2020,Manualna,NULL
BMW,BMW X3 xDrive30i xLine,112000,PLN,Benzyna,94953,2020,Automatyczna,NULL
Mitsubishi,Mitsubishi Space Star 1.0 Inform,13500,PLN,Benzyna,122354,2014,Manualna,1.0
Volvo,Volvo S60,6500,PLN,Diesel,380353,2005,Manualna,NULL
Skoda,Skoda Fabia 1.4 Comfort,3200,PLN,Benzyna,51898,2002,Manualna,1.4
Land Rover,Land Rover Discovery,15800,PLN,Diesel,220000,2002,Automatyczna,NULL
Porsche,Porsche Boxster S Tiptronic S,134700,PLN,Benzyna,74282,2007,Automatyczna,NULL
Maserati,Maserati Levante Q4,103900,PLN,Benzyna,74000,2017,Automatyczna,NULL
BYD,BYD Atto 3,183206,PLN,Elektryczny,10,2026,Automatyczna,NULL
Opel,Opel Crossland X,41000,PLN,Benzyna,56000,2020,Manualna,NULL
BMW,BMW Seria 1 116i M Sport,43000,PLN,Benzyna,224547,2019,Manualna,NULL
Skoda,Skoda Superb 3.6 FSI 4x4 Elegance DSG,32000,PLN,Benzyna,170212,2010,Automatyczna,3.6
Opel,Opel Astra 1.4 T Cosmo,21950,PLN,Benzyna+LPG,218000,2014,Manualna,1.4
Porsche,Porsche Macan T,299900,PLN,Benzyna,7000,2024,Automatyczna,NULL
Lexus,Lexus RX,355300,PLN,Hybryda Plug-in,5,2025,Automatyczna,NULL
Volkswagen,Volkswagen Caddy Standard,47000,PLN,Benzyna,48209,2021,Manualna,NULL
Audi,Audi A6 Limousine,37900,PLN,Benzyna,298000,2013,Automatyczna,NULL
Suzuki,Suzuki Grand Vitara 2.0,21500,PLN,Benzyna+LPG,217701,2006,Manualna,2.0
BYD,BYD Seal,244900,PLN,Elektryczny,10,2026,Automatyczna,NULL
Kia,Kia Sportage 1.6 T-GDI AWD DCT GT LINE,69900,PLN,Benzyna,150000,2017,Automatyczna,1.6
Mercedes-Benz,Mercedes-Benz Citan Tourer 415.703,20910,PLN,Diesel,299533,2016,Manualna,5.7
Porsche,Porsche Macan PDK,97000,PLN,Benzyna,159000,2018,Automatyczna,NULL
Mitsubishi,Mitsubishi Eclipse Cross 1.5 T-MIVEC ClearTec 2WD Diamant Edition,74999,PLN,Benzyna,29079,2020,Manualna,1.5
BMW,BMW X6 xDrive30d,199700,PLN,Diesel,149735,2020,Automatyczna,NULL
Toyota,Toyota C-HR 1.8 Hybrid Comfort,99900,PLN,Hybryda,49150,2023,Automatyczna,1.8
Skoda,Skoda Octavia 1.4 TSI Active,29900,PLN,Benzyna,289700,2015,Manualna,1.4
Renault,Renault Scenic,12000,PLN,Diesel,220000,2009,Manualna,NULL
Ford,Ford Focus 1.8 TDCi Ghia,3600,PLN,Diesel,261877,2007,Manualna,1.8
Nissan,Nissan Qashqai,18999,PLN,Benzyna+LPG,270646,2013,Manualna,NULL
Fiat,Fiat Panda,4500,PLN,Benzyna,150000,2003,Manualna,NULL
Ford,Ford Kuga 2.0 TDCi Trend FWD,12900,PLN,Diesel,260000,2009,Manualna,2.0
Audi,Audi A6 Limousine,86900,PLN,Benzyna,136257,2017,Automatyczna,NULL
Jeep,Jeep Cherokee 2.0 MJD Active Drive II Limited,44900,PLN,Diesel,210000,2015,Automatyczna,2.0
Citroën,Citroën C4 Cactus,11900,PLN,Benzyna,117000,2015,Manualna,NULL
Peugeot,Peugeot 208,19000,PLN,Benzyna,138080,2015,Manualna,NULL
Mazda,Mazda CX-30,78499,PLN,Benzyna,96566,2019,Automatyczna,NULL
Audi,Audi A4 Avant,45000,PLN,Diesel,188788,2015,Automatyczna,NULL
Skoda,Skoda Karoq,135999,PLN,Benzyna,28679,2025,Automatyczna,NULL
BMW,BMW X1 xDrive20i xLine,70000,PLN,Benzyna,170000,2016,Automatyczna,NULL
Audi,Audi A6 Limousine 2.0 TFSI S tronic,47000,PLN,Benzyna,255033,2014,Automatyczna,2.0
Land Rover,Land Rover Range Rover 5.0 V8 S/C AB,228000,PLN,Benzyna,175488,2019,Automatyczna,5.0
BMW,BMW Seria 3 320d xDrive mHEV M Sport,154700,PLN,Diesel,82764,2023,Automatyczna,NULL
Peugeot,Peugeot 207,9400,PLN,Benzyna+LPG,145000,2010,Manualna,NULL
Hyundai,Hyundai Tucson 1.7 CRDI BlueDrive Comfort 2WD,51900,PLN,Diesel,198000,2015,Manualna,1.7
Opel,Opel Vivaro,55350,PLN,Diesel,315925,2015,Manualna,NULL
Honda,Honda Civic 1.8 Executive,15500,PLN,Benzyna,222996,2008,Manualna,1.8
Fiat,Fiat Punto Evo 1.2 8V Easy Start&Stopp,10900,PLN,Benzyna,129900,2013,Manualna,1.2
Kia,Kia Sportage,85998,PLN,Benzyna,82316,2023,Manualna,NULL
Opel,Opel Corsa 1.2 Elegance S&S,29900,PLN,Benzyna,169000,2022,Manualna,1.2
Audi,Audi A4 Avant 1.8 T,12000,PLN,Benzyna+LPG,357000,2005,Manualna,1.8
Toyota,Toyota Corolla 1.8 Hybrid Style,104900,PLN,Hybryda,86012,2023,Automatyczna,1.8
Toyota,Toyota Yaris Hybrid 1.5 Style,85900,PLN,Hybryda,49007,2024,Automatyczna,1.5
BMW,BMW X4,146000,PLN,Diesel,145000,2019,Automatyczna,NULL
Renault,Renault Clio,1900,PLN,Benzyna,202529,2002,Manualna,NULL
Volkswagen,Volkswagen up! Standard,19500,PLN,Benzyna,94444,2013,Manualna,NULL
Mitsubishi,Mitsubishi ASX 1.6 DID Intense Plus 4WD,48900,PLN,Diesel,87794,2018,Manualna,1.6
Porsche,Porsche Cayenne Black Edition,539367,PLN,Benzyna,10,2026,Automatyczna,NULL
BYD,BYD Seal 6,166167,PLN,Hybryda Plug-in,10,2026,Automatyczna,NULL
Mercedes-Benz,Mercedes-Benz GLE 350 de PHEV 4-Matic AMG Line,249700,PLN,Hybryda Plug-in,111298,2022,Automatyczna,NULL
Mitsubishi,Mitsubishi Pajero 3.5 V6 GDI Elegance,9800,PLN,Benzyna,210000,2002,Automatyczna,3.5
Renault,Renault Clio 1.5 dCi Authentique,14000,PLN,Diesel,261000,2013,Manualna,1.5
Ford,Ford Focus 1.6 TDCi Silver X,7900,PLN,Diesel,243000,2009,Manualna,1.6
Volkswagen,Volkswagen Tiguan,61500,PLN,Diesel,282000,2018,Automatyczna,NULL
Peugeot,Peugeot 3008 1.2 PureTech Style,33900,PLN,Benzyna,67552,2016,Manualna,1.2
Ford,Ford Fiesta 1.25 Ambiente,24700,PLN,Benzyna,89390,2014,Manualna,1.2
Skoda,Skoda Octavia 1.9 TDI Elegance,15500,PLN,Diesel,275500,2007,Manualna,1.9
BMW-ALPINA,BMW-ALPINA D3 Standard,39999,PLN,Diesel,271272,2007,Manualna,NULL
BMW,BMW Seria 3,29000,PLN,Benzyna,274000,2002,Manualna,NULL
Hyundai,Hyundai ix35,28500,PLN,Diesel,187051,2012,Manualna,NULL
Honda,Honda Civic,119000,PLN,Hybryda,15620,2024,Automatyczna,NULL
Suzuki,Suzuki Vitara 1.5 Strong Hybrid Premium 4WD AGS,77367,PLN,Hybryda,43000,2022,Automatyczna,1.5
Skoda,Skoda Octavia,26500,PLN,Diesel,279000,2016,Automatyczna,NULL
Skoda,Skoda Octavia 1.5 TSI ACT Style DSG,64900,PLN,Benzyna,128000,2019,Automatyczna,1.5
Suzuki,Suzuki Grand Vitara 1.9 DDiS De Luxe,18000,PLN,Diesel,231342,2010,Manualna,1.9
Peugeot,Peugeot 407 2.0 HDi Premium,5500,PLN,Diesel,186700,2008,Manualna,2.0
BYD,BYD Seal U,192336,PLN,Hybryda Plug-in,10,2026,Automatyczna,NULL
BMW,BMW X5 xDrive40d mHEV,342078,PLN,Diesel,31200,2024,Automatyczna,NULL
Honda,Honda Civic,16900,PLN,Benzyna,203000,2006,Manualna,NULL
Toyota,Toyota RAV4 2.0 Style 4x4 MS,85000,PLN,Benzyna,128554,2017,Automatyczna,2.0
Nissan,Nissan Qashqai 2.0 dCi Acenta Pack,19900,PLN,Diesel,225000,2011,Manualna,2.0
Fiat,Fiat 500L Urban 1.3 Multijet Start&Stopp Lounge,19900,PLN,Diesel,142710,2013,Manualna,1.3
Mercedes-Benz,Mercedes-Benz GLA 220 4-Matic AMG Line,99500,PLN,Benzyna,43800,2018,Automatyczna,NULL
Toyota,Toyota RAV4 2.5 Plug-In Hybrid Selection 4x4,162900,PLN,Hybryda Plug-in,99333,2021,Automatyczna,2.5
Ford,Ford Mondeo,9000,PLN,Benzyna,258000,2008,Manualna,NULL
Dacia,Dacia Lodgy,16900,PLN,Diesel,230000,2015,Manualna,NULL
Porsche,Porsche Cayenne Standard,214900,PLN,Benzyna,108000,2021,Automatyczna,NULL
Dacia,Dacia Duster 1.6 Laureate Euro5,24000,PLN,Benzyna,168000,2014,Manualna,1.6
Alfa Romeo,Alfa Romeo Tonale 1.5 T4 GSE mHEV Sport Speciale DCT,186500,PLN,Hybryda,1,2026,Automatyczna,1.5
Renault,Renault Megane 1.9 dCi Business Line,7500,PLN,Diesel,323936,2010,Manualna,1.9
BMW,BMW X3,44800,PLN,Diesel,227057,2013,Automatyczna,NULL
Renault,Renault Scenic 2.0 16V Privilege X-Tronic CVT,17900,PLN,Benzyna,180000,2012,Automatyczna,2.0
Skoda,Skoda Fabia,4300,PLN,Diesel,324373,2006,Manualna,NULL
Nissan,Nissan Primera,4390,PLN,Benzyna,290000,2004,Manualna,NULL
BMW,BMW Seria 3 318d Sport Line,43000,PLN,Diesel,199000,2017,Automatyczna,NULL
Volkswagen,Volkswagen Golf,8000,PLN,Benzyna,275000,2004,Manualna,NULL
Opel,Opel Mokka 1.4 T Cosmo S&S 4x4,39800,PLN,Benzyna,109655,2014,Manualna,1.4
Porsche,Porsche Macan,119900,PLN,Benzyna,90500,2018,Automatyczna,NULL
Audi,Audi A6 Avant 2.0 TDI Ultra,60000,PLN,Diesel,208900,2015,Manualna,2.0
Opel,Opel Astra 1.4,8000,PLN,Benzyna,192129,2009,Manualna,1.4
BMW,BMW M8,349999,PLN,Benzyna,63524,2020,Automatyczna,NULL
Opel,Opel Zafira 1.6 CDTI Cosmo,27600,PLN,Diesel,192484,2015,Manualna,1.6
BMW,BMW X3 M Competition,265000,PLN,Benzyna,54124,2022,Automatyczna,NULL
Ford,Ford Focus C-Max,5600,PLN,Benzyna,193200,2007,Manualna,NULL
Volkswagen,Volkswagen Passat 1.8 TSI BMT Highline DSG,62000,PLN,Benzyna,224000,2017,Automatyczna,1.8
Denza,Denza N9,317700,PLN,Hybryda Plug-in,7300,2025,Automatyczna,NULL
Opel,Opel Insignia,12500,PLN,Benzyna,452000,2015,Manualna,NULL
Audi,Audi A5 Sportback,39444,PLN,Diesel,354000,2011,Manualna,NULL
Ford,Ford F150,149700,PLN,Benzyna,123656,2019,Automatyczna,NULL
Volkswagen,Volkswagen Passat 1.4 TSI BMT ACT Highline,45500,PLN,Benzyna,196200,2016,Manualna,1.4
Toyota,Toyota Yaris Hybrid 1.5 Comfort,65500,PLN,Hybryda,107000,2022,Automatyczna,1.5
Ford,Ford Mondeo 2.0 TDCi STart-Stopp PowerShift-Aut Titanium,28900,PLN,Diesel,288770,2015,Automatyczna,2.0
Lexus,Lexus NX 350h Omotenashi AWD,229900,PLN,Hybryda,38930,2023,Automatyczna,NULL
Alfa Romeo,Alfa Romeo Giulia 2.2 D Turbo Veloce Q4,235900,PLN,Diesel,1,2026,Automatyczna,2.2
BYD,BYD Seal U,168489,PLN,Hybryda Plug-in,10,2026,Automatyczna,NULL
Toyota,Toyota Corolla 1.8 Hybrid Style,104900,PLN,Hybryda,75311,2023,Automatyczna,1.8
Audi,Audi RS3 Sportback 2.5 TFSI GPF Quattro S tronic,139999,PLN,Benzyna,125000,2019,Automatyczna,2.5
Volvo,Volvo XC 90,185000,PLN,Benzyna,3520,2026,Automatyczna,NULL
Seat,Seat Leon 2.0 TDI DPF Start&Stop FR,39500,PLN,Diesel,238208,2015,Manualna,2.0
Honda,Honda CR-V 2.0 Executive,38400,PLN,Benzyna,218982,2011,Manualna,2.0
Renault,Renault Megane,6900,PLN,Diesel,212900,2004,Manualna,NULL
Toyota,Toyota Yaris Cross Hybrid 1.5 Style,108700,PLN,Hybryda,10133,2025,Automatyczna,1.5
Toyota,Toyota C-HR 1.8 Hybrid GPF Comfort,87800,PLN,Hybryda,111400,2022,Automatyczna,1.8
Infiniti,Infiniti FX,27900,PLN,Benzyna,232000,2008,Automatyczna,NULL
Porsche,Porsche Macan PDK,96000,PLN,Benzyna,140000,2017,Automatyczna,NULL
Toyota,Toyota Sienna 3.5 V6 SE,64500,PLN,Benzyna+LPG,187000,2014,Automatyczna,3.5
Renault,Renault Kangoo 1.6 8V Helios,14500,PLN,Benzyna,192000,2010,Manualna,1.6
BMW,BMW Seria 3 328i xDrive Luxury Line,55000,PLN,Benzyna,177000,2014,Automatyczna,NULL
Hyundai,Hyundai i10 1.0 BlueDrive Comfort,23900,PLN,Benzyna,140527,2018,Manualna,1.0
Volkswagen,Volkswagen Golf Plus 1.4 TSI Comfortline DSG,18600,PLN,Benzyna,211000,2011,Automatyczna,1.4
Chevrolet,Chevrolet Corvette,114000,PLN,Benzyna,73278,2005,Automatyczna,NULL
Volvo,Volvo XC 60 D4 AWD Summum,69900,PLN,Diesel,272684,2017,Automatyczna,NULL
Toyota,Toyota Proace Verso 2.0 D4-D Long Business,151850,PLN,Diesel,58983,2024,Manualna,2.0
Toyota,Toyota C-HR 2.0 Hybrid Selection,99850,PLN,Hybryda,61478,2019,Automatyczna,2.0
Volkswagen,Volkswagen Transporter,89600,PLN,Diesel,147488,2019,Manualna,NULL
Toyota,Toyota Corolla 1.8 Hybrid Comfort,89800,PLN,Hybryda,100274,2022,Automatyczna,1.8
MINI,MINI Countryman C mHEV Blackyard,178100,PLN,Hybryda,10,2025,Automatyczna,NULL
MINI,MINI Cooper C Linia Classic,140700,PLN,Benzyna,17,2025,Automatyczna,NULL
Audi,Audi A6 Limousine 40 TDI mHEV Quattro Sport S tronic,106000,PLN,Diesel,173000,2020,Automatyczna,NULL
Alfa Romeo,Alfa Romeo Spider 2.0 TSpark,19900,PLN,Benzyna,186775,2001,Manualna,2.0
Alfa Romeo,Alfa Romeo Giulietta 2.0 JTDM Progression,12999,PLN,Diesel,292300,2011,Manualna,2.0
Audi,Audi Q5 2.0 TFSI Quattro Sport S tronic,74500,PLN,Benzyna,199982,2018,Automatyczna,2.0
Opel,Opel Astra 1.8 Sport,13900,PLN,Benzyna+LPG,176000,2006,Manualna,1.8
MINI,MINI Cooper,41900,PLN,Benzyna,139144,2018,Automatyczna,NULL
Skoda,Skoda Kodiaq 2.0 TSI 4x4 Drive DSG,192116,PLN,Benzyna,7,2026,Automatyczna,2.0
Jaguar,Jaguar XJ,39900,PLN,Benzyna,142935,2004,Automatyczna,NULL
Honda,Honda Civic,7900,PLN,Benzyna,188000,2004,Manualna,NULL
Opel,Opel Mokka 1.6 CDTI ecoFLEX Start/Stop 4x4 Edition,39900,PLN,Diesel,136000,2015,Manualna,1.6
Skoda,Skoda Fabia 1.0 TSI Drive,81800,PLN,Benzyna,1,2026,Manualna,1.0
Citroën,Citroën C5 Aircross 1.2 mHEV Max eDCT6,129900,PLN,Benzyna,8100,2025,Automatyczna,1.2
MINI,MINI Aceman SE 54.2kWh Linia Favoured,179600,PLN,Elektryczny,19,2025,Automatyczna,4.2
Renault,Renault Captur,32900,PLN,Benzyna,120000,2014,Automatyczna,NULL
Kia,Kia Sportage 1.6 T-GDI HEV Business Line 2WD,99900,PLN,Hybryda,135000,2022,Automatyczna,1.6
Citroën,Citroën Jumper L2H2 S&S Live,89900,PLN,Diesel,245359,2019,Manualna,NULL
Mercedes-Benz,Mercedes-Benz Klasa G,229000,PLN,Diesel,142500,2009,Automatyczna,NULL
Volvo,Volvo XC 60,129900,PLN,Benzyna,125950,2021,Automatyczna,NULL
Porsche,Porsche 911 Carrera 4 GTS,807577,PLN,Benzyna,18225,2023,Automatyczna,NULL
BMW,BMW Seria 3 320d xDrive,59900,PLN,Diesel,154550,2014,Automatyczna,NULL
Volkswagen,Volkswagen T-Roc,64900,PLN,Diesel,194000,2018,Automatyczna,NULL
Skoda,Skoda Octavia 1.4 TSI Ambition,45000,PLN,Benzyna,121000,2016,Manualna,1.4
Porsche,Porsche Macan GTS,399000,PLN,Benzyna,4300,2022,Automatyczna,NULL
MINI,MINI Clubman,43800,PLN,Benzyna,124790,2017,Automatyczna,NULL
Ford,Ford Fiesta 1.25 Celebration,23900,PLN,Benzyna,161000,2014,Manualna,1.2
BMW,BMW Seria 3 318d Edition M Sport Shadow,99900,PLN,Diesel,228000,2023,Automatyczna,NULL
Fiat,Fiat Panda 1.2 Mylife Eco,7777,PLN,Benzyna,163554,2011,Manualna,1.2
BMW,BMW Seria 5 530i M Sport Edition,122900,PLN,Benzyna,81900,2018,Automatyczna,NULL
Kia,Kia Ceed,45000,PLN,Benzyna,113000,2017,Manualna,NULL
Jeep,Jeep Compass 2.0 MultiJet Active Drive Longitude,57900,PLN,Diesel,125000,2018,Manualna,2.0
Skoda,Skoda Octavia 1.6 Ambition,9500,PLN,Benzyna+LPG,346245,2012,Manualna,1.6
Ford,Ford Ranger 2.5 TDCi DC XL,26900,PLN,Diesel,184695,2006,Manualna,2.5
Volvo,Volvo S60 T5 Drive-E Summum,64000,PLN,Benzyna,112000,2016,Automatyczna,NULL
Kia,Kia Ceed 1.6 CRDi (48V Mild-Hybrid) DCT7 Platinum,47900,PLN,Diesel,156000,2021,Automatyczna,1.6
Audi,Audi SQ5,147000,PLN,Benzyna,135000,2018,Automatyczna,NULL
Mercedes-Benz,Mercedes-Benz W123,56700,PLN,Diesel,363692,1980,Manualna,NULL
Citroën,Citroën DS3,15200,PLN,Benzyna,120000,2011,Manualna,NULL
Ford,Ford Kuga 2.5 Duratec FHEV ST-LINE,85700,PLN,Hybryda,22000,2025,Automatyczna,2.5
Dacia,Dacia Sandero TCe 100 Comfort,31700,PLN,Benzyna,62000,2023,Manualna,NULL
Suzuki,Suzuki Swace 1.8 Hybrid Premium Plus CVT,86700,PLN,Hybryda,6000,2024,Automatyczna,1.8
Citroën,Citroën C4 e-HDi 115 Selection,9900,PLN,Diesel,275255,2014,Manualna,NULL
BMW,BMW Seria 3 318d Sport Line Shadow,58700,PLN,Diesel,148000,2019,Automatyczna,NULL
Porsche,Porsche Cayenne S Platinum Edition,73700,PLN,Diesel,240000,2015,Automatyczna,NULL
Renault,Renault Master L2 Pack Clim,59000,PLN,Diesel,190700,2017,Manualna,NULL
Citroën,Citroën DS3 PureTech 110 Start & Stop SoChic,19999,PLN,Benzyna,120500,2016,Manualna,NULL
Opel,Opel Insignia,29900,PLN,Diesel,171838,2014,Automatyczna,NULL
Opel,Opel Insignia 2.0 T Sport 4x4,12900,PLN,Benzyna,291000,2009,Automatyczna,2.0
Porsche,Porsche Panamera Turbo S E-Hybrid PHEV,1160978,PLN,Hybryda Plug-in,10,2026,Automatyczna,NULL
Hyundai,Hyundai ix20 1.4 Classic +,18500,PLN,Benzyna,140000,2011,Manualna,1.4
Peugeot,Peugeot 208,21900,PLN,Diesel,140863,2012,Automatyczna,NULL
Audi,Audi A3 Limousine,147900,PLN,Benzyna,8079,2026,Automatyczna,NULL
Opel,Opel Mokka 1.2 T mHEV Ultimate S&S eDTC6,116500,PLN,Benzyna,2,2026,Automatyczna,1.2
Ford,Ford Escape 1.6 EcoBoost FWD SEL,31900,PLN,Benzyna+LPG,217585,2014,Automatyczna,1.6
Land Rover,Land Rover Range Rover 3.0 P460e PHEV LWB Autobiography,719000,PLN,Hybryda Plug-in,11900,2025,Automatyczna,3.0
Seat,Seat Ibiza 1.2 12V Entry,8800,PLN,Benzyna,135560,2009,Manualna,1.2
Nissan,Nissan Pulsar 1.2 DIG-T Xtronic Tekna,28700,PLN,Benzyna,64420,2015,Automatyczna,1.2
Peugeot,Peugeot 206 1.1 Color-Line,3900,PLN,Benzyna,209500,2004,Manualna,1.1
Opel,Opel Combo,54900,PLN,Diesel,119000,2021,Manualna,NULL
Kia,Kia Sportage 1.6 GDI Business Line L 2WD,39400,PLN,Benzyna,169000,2013,Manualna,1.6
Lexus,Lexus NX 300h F Sport Edition AWD,115000,PLN,Hybryda,49000,2019,Automatyczna,NULL
Chatenet,Chatenet Inny,9999,PLN,Diesel,55000,2005,Automatyczna,NULL
Renault,Renault Captur 1.8 E-TECH Full Hybrid 160 Techno,89000,PLN,Hybryda,19000,2024,Automatyczna,1.8
Citroën,Citroën C3 1.2 PureTech Shine S&S,27900,PLN,Benzyna,95300,2016,Manualna,1.2
Fiat,Fiat 500,59900,PLN,Benzyna,120000,2019,Manualna,NULL
Polonez,Polonez Inny,14900,PLN,Benzyna,50000,1990,Manualna,NULL
Subaru,Subaru Uncharted,212000,PLN,Elektryczny,5,2026,Automatyczna,NULL
Ford,Ford EcoSport,51000,PLN,Benzyna,46000,2022,Automatyczna,NULL
Citroën,Citroën C5 Aircross 180 e-EAT8 MAX,67500,PLN,Hybryda Plug-in,21000,2024,Automatyczna,NULL
BAIC,BAIC 3 1.5T Luxury,57850,PLN,Benzyna,11626,2024,Manualna,1.5
Peugeot,Peugeot 308 1.6 THP Access,24900,PLN,Benzyna,80200,2014,Manualna,1.6
Nissan,Nissan Qashqai,151130,PLN,Hybryda,5,2026,Automatyczna,NULL
Daewoo,Daewoo Tico 800 SX,6000,PLN,Benzyna,57500,1996,Manualna,NULL
Hyundai,Hyundai i30,108900,PLN,Benzyna,11,2026,Automatyczna,NULL
Porsche,Porsche Macan,407105,PLN,Elektryczny,10,2026,Automatyczna,NULL
Volkswagen,Volkswagen Golf,78500,PLN,Hybryda Plug-in,94733,2022,Automatyczna,NULL
Audi,Audi SQ5 3.0 TDI Quattro Tiptronic competition,70000,PLN,Diesel,136000,2016,Automatyczna,3.0
Mercedes-Benz,Mercedes-Benz Klasa S,465000,PLN,Benzyna,64500,2014,Automatyczna,NULL
Jeep,Jeep Renegade 1.4 MultiAir Limited FWD S&S,54900,PLN,Benzyna,89800,2017,Automatyczna,1.4
Hyundai,Hyundai Tucson,141900,PLN,Benzyna,11,2026,Automatyczna,NULL
Hyundai,Hyundai i30,112900,PLN,Benzyna,11,2026,Automatyczna,NULL
Hyundai,Hyundai i30,112500,PLN,Benzyna,10,2026,Automatyczna,NULL
Mazda,Mazda CX-3 SKYACTIV-G 121 FWD Drive KANGEI,64400,PLN,Benzyna,86000,2019,Automatyczna,NULL
Toyota,Toyota Corolla 1.5 Comfort,54990,PLN,Benzyna,90000,2022,Manualna,1.5
Ford,Ford Kuga,110899,PLN,Hybryda,38502,2023,Automatyczna,NULL
Citroën,Citroën Ami,29990,PLN,Elektryczny,6000,2025,Automatyczna,NULL
Opel,Opel Corsa 1.2 Edition S&S,63900,PLN,Benzyna,2,2026,Manualna,1.2
RAM,RAM 1500 TRX,329000,PLN,Benzyna,24000,2021,Automatyczna,NULL
Ford,Ford Tourneo Connect,46700,PLN,Diesel,68000,2023,Manualna,NULL
Toyota,Toyota Sienna,252000,PLN,Benzyna,10200,2023,Automatyczna,NULL
Ford,Ford Kuga,173500,PLN,Hybryda,10,2026,Automatyczna,NULL
Subaru,Subaru Solterra,225000,PLN,Elektryczny,1,2026,Automatyczna,NULL
Seat,Seat Ateca 1.5 TSI ACT DSG OPF Xperience,72900,PLN,Benzyna,99000,2021,Automatyczna,1.5
Jaecoo,Jaecoo 5,133400,PLN,Hybryda,10,2026,Automatyczna,NULL
Omoda,Omoda 5,133400,PLN,Hybryda,10,2026,Automatyczna,NULL
Opel,Opel Corsa 1.4 Automatik Edition,31800,PLN,Benzyna,88642,2018,Automatyczna,1.4
Audi,Audi A7 Sportback,109000,PLN,Diesel,101000,2016,Automatyczna,NULL
Mercedes-Benz,Mercedes-Benz Klasa A,27000,PLN,Diesel,110000,2021,Automatyczna,NULL
Audi,Audi Q5 2.0 TFSI Quattro S tronic design,87200,PLN,Benzyna,128000,2019,Automatyczna,2.0
Audi,Audi RS5 Sportback 2.9 TFSI Quattro Tiptronic,277900,PLN,Benzyna,31270,2023,Automatyczna,2.9
Mercedes-Benz,Mercedes-Benz Klasa G,1360000,PLN,Benzyna,57324,2021,Automatyczna,NULL
Ford,Ford Mondeo,65900,PLN,Hybryda,130200,2019,Automatyczna,NULL
Kia,Kia Stonic 1.2 L,49900,PLN,Benzyna,146050,2018,Manualna,1.2
Seat,Seat Ibiza,29900,PLN,Benzyna,70000,2017,Manualna,NULL
Opel,Opel Grandland 1.6 T PHEV Business Elegance,73900,PLN,Hybryda Plug-in,140000,2022,Automatyczna,1.6
Audi,Audi A5 Sportback 2.0 TDI DPF multitronic,49900,PLN,Diesel,135220,2013,Automatyczna,2.0
Honda,Honda Civic 2.0 i-MMD Sport BSI CVT,152400,PLN,Hybryda,5,2026,Automatyczna,2.0
Hyundai,Hyundai i30,121900,PLN,Benzyna,11,2026,Automatyczna,NULL
Opel,Opel Mokka X 1.4 T Enjoy S&S,57900,PLN,Benzyna,68430,2018,Manualna,1.4
Smart,Smart Fortwo perfect,32900,PLN,Elektryczny,46000,2019,Automatyczna,NULL
Toyota,Toyota Corolla,65890,PLN,Benzyna,84532,2021,Automatyczna,NULL
BMW,BMW X4 M M40i,99900,PLN,Benzyna,164600,2016,Automatyczna,NULL
Audi,Audi Q3 45 TFSI Quattro S tronic S line,99900,PLN,Benzyna,104152,2020,Automatyczna,NULL
Toyota,Toyota Camry 2.5 Hybrid Dynamic Force Executive e-CVT,234500,PLN,Hybryda,15000,2025,Automatyczna,2.5
Fiat,Fiat 500 1.2 Lounge,29999,PLN,Benzyna,58367,2018,Manualna,1.2
Toyota,Toyota Aygo x-play,41500,PLN,Benzyna,83700,2019,Manualna,NULL
Land Rover,Land Rover Discovery Sport TD4 Dynamic,42999,PLN,Diesel,141000,2017,Automatyczna,NULL
Dacia,Dacia Spring,31300,PLN,Elektryczny,14200,2021,Manualna,NULL
Seat,Seat Tarraco 2.0 TSI 4Drive DSG OPF Xcellence,93000,PLN,Benzyna,125000,2020,Automatyczna,2.0
Volkswagen,Volkswagen Golf Sportsvan SV 2.0 TDI BMT Highline,54800,PLN,Diesel,147000,2017,Manualna,2.0
Audi,Audi Q5,124000,PLN,Benzyna,35000,2023,Automatyczna,NULL
Aston Martin,Aston Martin Vanquish,795000,PLN,Benzyna,17000,2017,Automatyczna,NULL
Audi,Audi A4 Limousine 40 TFSI mHEV Quattro S tronic,104000,PLN,Benzyna,104343,2021,Automatyczna,NULL
Nissan,Nissan Qashqai,72900,PLN,Benzyna,143100,2022,Automatyczna,NULL
Mercedes-Benz,Mercedes-Benz GLC AMG 43 4Matic 9G-TRONIC,119000,PLN,Benzyna,124000,2019,Automatyczna,NULL
Ford,Ford Fiesta 1.4 Trend,23000,PLN,Benzyna,92679,2014,Manualna,1.4
Abarth,Abarth 595,69900,PLN,Benzyna,60000,2019,Manualna,NULL
Omoda,Omoda 7,174800,PLN,Hybryda Plug-in,10,2026,Automatyczna,NULL
Fiat,Fiat Tipo 1.4 Classic,19700,PLN,Benzyna,164000,2021,Manualna,1.4
Opel,Opel Grandland X 1.2 T GPF Edition Business Pack S&S,47800,PLN,Benzyna,126900,2018,Automatyczna,1.2
Audi,Audi A6 Limousine 55 TFSI mHEV Quattro S Line S tronic,235000,PLN,Benzyna,51000,2022,Automatyczna,NULL
Citroën,Citroën Visa,16900,PLN,Benzyna,87769,1983,Manualna,NULL
Fiat,Fiat 500X 1.4 MultiAir 4x2 S&S Lounge,48900,PLN,Benzyna,84000,2018,Manualna,1.4
Toyota,Toyota Yaris 1.5 Comfort,58900,PLN,Benzyna+LPG,93122,2023,Manualna,1.5
Suzuki,Suzuki Swift 1.2 Club,24900,PLN,Benzyna,156600,2015,Manualna,1.2
Opel,Opel Cascada,34900,PLN,Benzyna,100800,2013,Manualna,NULL
Renault,Renault Trafic,91000,PLN,Diesel,89000,2024,Manualna,NULL
Toyota,Toyota Yaris Hybrid 100 Dynamic EU6,49900,PLN,Hybryda,99730,2017,Automatyczna,NULL
Opel,Opel Corsa,43900,PLN,Benzyna,67400,2020,Manualna,NULL
Mazda,Mazda CX-3 2.0 Skyenergy,58900,PLN,Benzyna,130730,2017,Manualna,2.0
Volkswagen,Volkswagen Passat Variant,24900,PLN,Hybryda Plug-in,80000,2020,Automatyczna,NULL
Renault,Renault Espace,112545,PLN,Hybryda,39000,2025,Automatyczna,NULL
Opel,Opel Zafira,199900,PLN,Diesel,2,2026,Automatyczna,NULL
Hyundai,Hyundai i30 1.4 Comfort,27900,PLN,Benzyna+LPG,138062,2013,Manualna,1.4
MINI,MINI Countryman,49900,PLN,Diesel,123520,2015,Automatyczna,NULL
Fiat,Fiat 500L 1.4 16V Pop-Star,31900,PLN,Benzyna,132000,2016,Manualna,1.4
Mazda,Mazda 3 SKYACTIV-G 120 Automatik Exclusive-Line,69900,PLN,Benzyna,82310,2019,Automatyczna,NULL
Mercedes-Benz,Mercedes-Benz Klasa E AMG 63 S 4-Matic+,279900,PLN,Benzyna,62700,2019,Automatyczna,NULL
Volkswagen,Volkswagen Golf 1.5 TSI BMT Comfortline,51900,PLN,Benzyna,101200,2019,Manualna,1.5
Peugeot,Peugeot 208 PureTech 75 Allure,39900,PLN,Benzyna,76100,2021,Manualna,NULL
Hyundai,Hyundai Veloster,24990,PLN,Benzyna,150000,2011,Manualna,NULL
Suzuki,Suzuki SX4,39900,PLN,Benzyna,63970,2014,Manualna,NULL
Mercedes-Benz,Mercedes-Benz GLA 200 (CDI) d 7G-DCT Style,65900,PLN,Diesel,113680,2015,Automatyczna,NULL
Suzuki,Suzuki Swift,74900,PLN,Benzyna,1,2026,Manualna,NULL
Volkswagen,Volkswagen Golf Sportsvan 1.2 TSI (BlueMotion Technology) Comfortline,49900,PLN,Benzyna,114800,2017,Manualna,1.2
Honda,Honda ZR-V 2.0 i-MMD HEV Advance BSI/CTM 2WD CVT,174900,PLN,Hybryda,5,2026,Automatyczna,2.0
Skoda,Skoda Octavia 1.5 TSI e-Tec Style DSG,81900,PLN,Benzyna,58200,2022,Automatyczna,1.5
Subaru,Subaru E-Outback,255440,PLN,Elektryczny,1,2026,Automatyczna,NULL
Jeep,Jeep Grand Cherokee 3.6 V6 Limited,166500,PLN,Benzyna,97900,2022,Automatyczna,3.6
Porsche,Porsche 718 Cayman GTS 4.0 PDK,469000,PLN,Benzyna,46999,2023,Automatyczna,4.0
Kia,Kia Sportage 1.6 T-GDI HEV GT Line 2WD,31800,PLN,Hybryda,160000,2023,Automatyczna,1.6
Volkswagen,Volkswagen Caddy 2.0 TDI Alltrack 4Motion,79890,PLN,Diesel,181523,2019,Manualna,2.0
Renault,Renault Clio 1.2 16V Limited,34900,PLN,Benzyna,59270,2017,Manualna,1.2
BMW,BMW Seria 3 320d,44500,PLN,Diesel,212039,2015,Automatyczna,NULL
Ford,Ford B-MAX 1.0 EcoBoost Ambiente,18900,PLN,Benzyna,63000,2013,Manualna,1.0
Ford,Ford Transit,174200,PLN,Diesel,10,2026,Automatyczna,NULL
Citroën,Citroën C4 Hybrid 136 ë-DSC6 YOU,22900,PLN,Benzyna,7000,2024,Automatyczna,NULL
Mercedes-Benz,Mercedes-Benz Klasa S 450 d mHEV 4-Matic L 9G-TRONIC,450000,PLN,Diesel,55000,2023,Automatyczna,NULL
Skoda,Skoda Octavia 1.5 TSI ACT Style,82990,PLN,Benzyna,57725,2022,Manualna,1.5
BMW,BMW M5,367900,PLN,Benzyna,55214,2023,Automatyczna,NULL
BMW,BMW X1 xDrive18d,26000,PLN,Diesel,150000,2010,Manualna,NULL
Audi,Audi A6 Avant,24990,PLN,Diesel,353000,2009,Automatyczna,NULL
Opel,Opel Grandland X 1.2 Start/Stop Dynamic,36900,PLN,Benzyna,129000,2017,Manualna,1.2
BMW,BMW X4,84000,PLN,Benzyna,130000,2018,Automatyczna,NULL
Fiat,Fiat 500 1.2 Pop,24999,PLN,Benzyna,178000,2017,Manualna,1.2
Volkswagen,Volkswagen Jetta 1.2 TSI Comfortline Perfectline,19900,PLN,Benzyna,180000,2011,Manualna,1.2
Peugeot,Peugeot 208,39900,PLN,Benzyna,58500,2023,Manualna,NULL
Audi,Audi A3 3-drzwiowe,11000,PLN,Diesel,336250,2010,Manualna,NULL
Suzuki,Suzuki Jimny,59999,PLN,Benzyna,110000,2012,Automatyczna,NULL
Renault,Renault Megane 1.6 16V Dynamique,13200,PLN,Benzyna+LPG,272000,2008,Manualna,1.6
Peugeot,Peugeot 308 BlueHDi FAP 180 EAT8 Stop & Start GT,59999,PLN,Diesel,132000,2018,Automatyczna,NULL
Suzuki,Suzuki Ignis,57999,PLN,Benzyna,30000,2019,Automatyczna,NULL
Suzuki,Suzuki Jimny,67999,PLN,Benzyna,100000,2013,Manualna,NULL
Volkswagen,Volkswagen Golf Plus 2.0 TDI Highline,17900,PLN,Diesel,292000,2012,Manualna,2.0
Skoda,Skoda Octavia Scout 2.0 TDI 4x4 DSG,45900,PLN,Diesel,235000,2016,Automatyczna,2.0
Suzuki,Suzuki Grand Vitara,44999,PLN,Benzyna,89000,2007,Manualna,NULL
Ford,Ford Fiesta ST2 EU6,37900,PLN,Benzyna,189000,2015,Manualna,NULL
Toyota,Toyota C-HR,156850,PLN,Hybryda,13390,2024,Automatyczna,NULL
MG,MG HS 1.5 T-GDI Excite DCT,29900,PLN,Benzyna+LPG,78900,2023,Automatyczna,1.5
Peugeot,Peugeot 208 1.2 PureTech Access,21900,PLN,Benzyna,74000,2017,Manualna,1.2
Opel,Opel Meriva 1.7 CDTI Edition 150,12900,PLN,Diesel,209000,2011,Manualna,1.7
Citroën,Citroën C4 Picasso e-HDi 115 Intensive,19500,PLN,Diesel,253000,2014,Manualna,NULL
Seat,Seat Leon 2.0 TDI FR S&S DSG,74700,PLN,Diesel,122500,2021,Automatyczna,2.0
Audi,Audi A3 Sportback 1.6 TDI DPF Attraction S tronic,18900,PLN,Diesel,248000,2010,Automatyczna,1.6
Audi,Audi Q5,41900,PLN,Benzyna,255250,2009,Automatyczna,NULL
Citroën,Citroën C4 Picasso,6500,PLN,Diesel,241000,2007,Automatyczna,NULL
Skoda,Skoda Octavia,54000,PLN,Diesel,91000,2019,Manualna,NULL
Volkswagen,Volkswagen Tiguan 2.0 TDI Perfectline,29900,PLN,Diesel,228000,2012,Manualna,2.0
Toyota,Toyota Yaris 1.0 Premium EU6,31900,PLN,Benzyna,56000,2016,Manualna,1.0
Opel,Opel Zafira 1.7 CDTI Sport,12800,PLN,Diesel,258000,2010,Manualna,1.7
Volvo,Volvo XC 60 T8 AWD Polestar Engineered,218940,PLN,Hybryda Plug-in,70000,2022,Automatyczna,NULL
Porsche,Porsche Panamera GTS,349935,PLN,Benzyna,135000,2019,Automatyczna,NULL
Suzuki,Suzuki Grand Vitara,52700,PLN,Benzyna+LPG,139000,2011,Manualna,NULL
Suzuki,Suzuki Grand Vitara 2.0 De luxe,43700,PLN,Benzyna,138000,2008,Manualna,2.0
Skoda,Skoda RAPID,16500,PLN,Benzyna,350000,2016,Manualna,NULL
Ford,Ford Kuga 2.5P PHEV FWD ST-Line X,83640,PLN,Hybryda Plug-in,154000,2020,Automatyczna,2.5
Opel,Opel Movano,25000,PLN,Diesel,804000,2018,Manualna,NULL
Peugeot,Peugeot 2008 1.2 Pure Tech Access EU6,18900,PLN,Benzyna,179000,2014,Manualna,1.2
Volvo,Volvo V60 D4 SCR Inscription,68999,PLN,Diesel,240000,2019,Manualna,NULL
Audi,Audi Q3 45 TFSI Quattro S Line S tronic,89700,PLN,Benzyna,141141,2021,Automatyczna,NULL
Citroën,Citroën Berlingo,1600,PLN,Diesel,359000,2006,Manualna,NULL
Ford,Ford Transit Connect,38000,PLN,Benzyna,78000,2023,Manualna,NULL
Hyundai,Hyundai Tucson,94998,PLN,Benzyna,90714,2023,Automatyczna,NULL
Toyota,Toyota Yaris,38000,PLN,Benzyna,100744,2014,Manualna,NULL
Skoda,Skoda Octavia,71999,PLN,Benzyna,122404,2022,Automatyczna,NULL
Toyota,Toyota Avensis,27000,PLN,Diesel,183037,2014,Manualna,NULL
Hyundai,Hyundai Santa Fe,50999,PLN,Diesel,192027,2015,Automatyczna,NULL
Kia,Kia Sportage,69999,PLN,Benzyna,67548,2018,Automatyczna,NULL
Audi,Audi A6 Limousine,130000,PLN,Hybryda,102587,2021,Automatyczna,NULL
Citroën,Citroën C3,58999,PLN,Benzyna,19758,2024,Automatyczna,NULL
Opel,Opel Astra,36999,PLN,Benzyna,95989,2020,Manualna,NULL
Fiat,Fiat 500,32000,PLN,Benzyna,23828,2015,Automatyczna,NULL
BMW,BMW Seria 3,46000,PLN,Benzyna,168840,2013,Automatyczna,NULL
BMW,BMW i3 94 Ah,69000,PLN,Elektryczny,63000,2018,Automatyczna,NULL
Volkswagen,Volkswagen Golf 1.6 TDI BMT Comfortline,29999,PLN,Diesel,268500,2015,Manualna,1.6
Kia,Kia Sportage 1.6 GDI M 2WD,42900,PLN,Benzyna,156000,2012,Manualna,1.6
BMW,BMW X3 xDrive30i mHEV M Sport sport,170900,PLN,Benzyna,36000,2023,Automatyczna,NULL
Opel,Opel Grandland X 2.0 D Start/Stop Automatik Dynamic,59999,PLN,Diesel,194000,2019,Automatyczna,2.0
Mercedes-Benz,Mercedes-Benz Klasa B 180 (CDI) d Urban,49999,PLN,Diesel,169000,2017,Manualna,NULL
Dacia,Dacia Duster 1.2 TCe Prestige,28299,PLN,Benzyna,133000,2014,Manualna,1.2
Seat,Seat Ibiza 1.2 12V Copa,17999,PLN,Benzyna,119000,2012,Manualna,1.2
Porsche,Porsche Cayenne Standard,484000,PLN,Benzyna,10400,2024,Automatyczna,NULL
Toyota,Toyota Yaris Hybrid 1.5 Executive,84900,PLN,Hybryda,39000,2023,Automatyczna,1.5
Ford,Ford Mondeo,24999,PLN,Benzyna,211800,2000,Manualna,NULL
MINI,MINI Cooper S Linia John Works,156600,PLN,Benzyna,1,2026,Automatyczna,NULL
Peugeot,Peugeot 2008 1.2 Pure Tech Allure S&S,29900,PLN,Benzyna,94000,2016,Manualna,1.2
Skoda,Skoda Karoq,63800,PLN,Diesel,119894,2020,Manualna,NULL
BMW,BMW X5 xDrive25d,144900,PLN,Diesel,190000,2019,Automatyczna,NULL
Land Rover,Land Rover Defender 3.0 D250 mHEV S,429900,PLN,Diesel,50,2026,Automatyczna,3.0
Mitsubishi,Mitsubishi Outlander,10900,PLN,Benzyna+LPG,278000,2004,Manualna,NULL
Dodge,Dodge Challenger 3.6 SXT Plus,111999,PLN,Benzyna,46000,2020,Automatyczna,3.6
Volkswagen,Volkswagen Tiguan 1.4 TSI 4Motion Sport & Style,22900,PLN,Benzyna,212438,2008,Manualna,1.4
Opel,Opel Grandland 1.2 T Business Elegance S&S,55900,PLN,Benzyna,200000,2022,Automatyczna,1.2
Opel,Opel Corsa 1.2 16V EcoFLEX Satellite,12700,PLN,Benzyna,212102,2011,Manualna,1.2
Ford,Ford S-Max,22900,PLN,Benzyna,214000,2014,Manualna,NULL
Honda,Honda CR-V 2.0i-VTEC 4WD Automatik Lifestyle,53900,PLN,Benzyna,207600,2013,Automatyczna,2.0
Mercedes-Benz,Mercedes-Benz CLA 200 AMG Line,55500,PLN,Benzyna,254000,2017,Manualna,NULL
Seat,Seat Cordoba,2300,PLN,Benzyna+LPG,316000,1996,Manualna,NULL
Honda,Honda Civic 1.5 i-VTEC Turbo Elegance,77900,PLN,Benzyna,58000,2019,Manualna,1.5
Toyota,Toyota RAV4,118000,PLN,Benzyna,55998,2023,Automatyczna,NULL
Hyundai,Hyundai ix20,39000,PLN,Benzyna,48041,2017,Manualna,NULL
Honda,Honda Jazz 1.3 i-VTEC Elegance,47900,PLN,Benzyna,87364,2018,Manualna,1.3
Toyota,Toyota Corolla 1.8D L,7900,PLN,Diesel,226650,1988,Manualna,1.8
Honda,Honda Jazz 1.3 i-VTEC Comfort (ADAS) CVT,76900,PLN,Benzyna,7900,2021,Automatyczna,1.3
Honda,Honda Civic,30000,PLN,Benzyna+LPG,181901,2013,Manualna,NULL
Kia,Kia Picanto 1.2 L,40900,PLN,Benzyna,72000,2019,Automatyczna,1.2
Opel,Opel Corsa 1.4 Enjoy,26900,PLN,Benzyna,147917,2018,Manualna,1.4
Peugeot,Peugeot 308,69999,PLN,Diesel,58691,2022,Manualna,NULL
Renault,Renault Clio 1.5 dCi Energy Intens+ EU6,32900,PLN,Diesel,84000,2018,Manualna,1.5
Kia,Kia Ceed,56999,PLN,Benzyna,136689,2022,Manualna,NULL
Renault,Renault Scenic 1.9 dCi FAP Conquest,4300,PLN,Diesel,343000,2007,Manualna,1.9
Renault,Renault Megane,30000,PLN,Benzyna,105874,2016,Automatyczna,NULL
Honda,Honda Civic 1.8 Sport,38900,PLN,Benzyna,151000,2013,Manualna,1.8
Seat,Seat Leon,11500,PLN,Diesel,280000,2005,Manualna,NULL
Kia,Kia Sorento 2.0 CRDI XL 7os,42000,PLN,Diesel,200000,2014,Manualna,2.0
Opel,Opel Astra 1.4 Turbo ecoFLEX Start/Stop Sport,19990,PLN,Benzyna,173927,2011,Manualna,1.4
Audi,Audi A3 Limousine 40 TFSI quattro S tronic S line,92900,PLN,Benzyna,9400,2022,Automatyczna,NULL
Ford,Ford Mustang,57900,PLN,Benzyna+LPG,213000,2008,Automatyczna,NULL
Seat,Seat Leon,63900,PLN,Benzyna,78200,2020,Manualna,NULL
Ford,Ford Focus ver-1-0-ecoboost-mhev-active-x,52900,PLN,Hybryda,104000,2021,Manualna,NULL
Audi,Audi A6 Avant 3.0 TDI DPF quattro S tronic,52500,PLN,Diesel,240000,2013,Automatyczna,3.0
Mercedes-Benz,Mercedes-Benz Klasa C 200 7G-TRONIC,77500,PLN,Benzyna,207521,2016,Automatyczna,NULL
Volkswagen,Volkswagen Golf 1.5 TSI EVO Life,63900,PLN,Benzyna,59198,2020,Manualna,1.5
Porsche,Porsche Macan T PDK,219000,PLN,Benzyna,15000,2023,Automatyczna,NULL
Peugeot,Peugeot 2008 BlueHDi FAP 120 STOP & START GT-Line Edition,38900,PLN,Diesel,97000,2017,Manualna,NULL
Hyundai,Hyundai Tucson,83900,PLN,Benzyna,63752,2023,Manualna,NULL
Suzuki,Suzuki Splash,16900,PLN,Benzyna,81828,2012,Manualna,NULL
Skoda,Skoda Octavia,7999,PLN,Benzyna,343570,2011,Manualna,NULL
Mazda,Mazda MX-3,52000,PLN,Elektryczny,57181,2020,Automatyczna,NULL
Hyundai,Hyundai Kona 1.6 T-GDI Premium N Line 4WD DCT,129000,PLN,Benzyna,8200,2024,Automatyczna,1.6
Opel,Opel Insignia 1.5 T Enjoy S&S,46900,PLN,Benzyna,118500,2017,Manualna,1.5
Mazda,Mazda 5,19900,PLN,Benzyna,220000,2015,Manualna,NULL
Peugeot,Peugeot 208 1.6 e-HDi Active STT,15000,PLN,Diesel,144673,2012,Manualna,1.6
Toyota,Toyota C-HR,91800,PLN,Hybryda,73400,2019,Automatyczna,NULL
Hyundai,Hyundai ix35,35800,PLN,Diesel,117400,2013,Automatyczna,NULL
Volvo,Volvo S90 D5 SCR AWD R-Design,98000,PLN,Diesel,168000,2019,Automatyczna,NULL
Peugeot,Peugeot 3008,59900,PLN,Benzyna,138900,2017,Automatyczna,NULL
Opel,Opel Astra,3300,PLN,Diesel,287000,2006,Manualna,NULL
Renault,Renault Talisman,29600,PLN,Diesel,200000,2019,Automatyczna,NULL
BMW,BMW Seria 5,27500,PLN,Diesel,354862,2005,Automatyczna,NULL
Seat,Seat Leon 1.5 EcoTSI Evo Xcellence S&S,59900,PLN,Benzyna,67843,2019,Manualna,1.5
Opel,Opel Vivaro L2H1 2.9t Edition Elegance,44900,PLN,Diesel,305100,2015,Manualna,2.9
Volkswagen,Volkswagen Golf Variant 1.5 TSI EVO Life,17700,PLN,Benzyna,48000,2024,Manualna,1.5
Jeep,Jeep Renegade 1.4 MultiAir Limited FWD S&S,36500,PLN,Benzyna,140000,2015,Manualna,1.4
Jaguar,Jaguar XE 2.0 T Pure,53900,PLN,Benzyna,156700,2017,Automatyczna,2.0
Citroën,Citroën Berlingo Multispace HDi 115 FAP Exclusive,21900,PLN,Diesel,212000,2014,Manualna,NULL
Opel,Opel Insignia 1.5 GS Line,54900,PLN,Diesel,100962,2021,Manualna,1.5
BMW,BMW Seria 1 135i,45000,PLN,Benzyna,125000,2010,Manualna,NULL
Mercedes-Benz,Mercedes-Benz Klasa E 320 CDI Avantgarde,25000,PLN,Diesel,295163,2008,Automatyczna,NULL
Citroën,Citroën SpaceTourer 2.0 BlueHDi M Shine,71900,PLN,Diesel,119900,2020,Manualna,2.0
Audi,Audi A5 Sportback 40 TFSI mHEV S Line S tronic,88560,PLN,Benzyna,198000,2019,Automatyczna,NULL
Citroën,Citroën DS3,12999,PLN,Benzyna,169000,2010,Manualna,NULL
Opel,Opel Combo,11999,PLN,Benzyna,157000,2003,Manualna,NULL
Audi,Audi A6 Limousine,14500,PLN,Diesel,265000,2007,Manualna,NULL
Peugeot,Peugeot 207,9500,PLN,Benzyna,169000,2009,Manualna,NULL
Mercedes-Benz,Mercedes-Benz CLA,130000,PLN,Diesel,46000,2022,Automatyczna,NULL
BMW,BMW Seria 1 118i,13500,PLN,Benzyna,244478,2005,Manualna,NULL
Opel,Opel Insignia,54900,PLN,Benzyna,107000,2019,Manualna,NULL
Mazda,Mazda 3,17000,PLN,Benzyna,191391,2012,Manualna,NULL
Audi,Audi A3 Sportback 35 TFSI Sport S tronic,99500,PLN,Benzyna,86000,2020,Automatyczna,NULL
Opel,Opel Insignia 1.6 CDTI ecoFLEX Start/Stop Sport,25700,PLN,Diesel,225000,2017,Manualna,1.6
Kia,Kia Venga 1.4 CVVT Business Line,42900,PLN,Benzyna,27000,2018,Manualna,1.4
Volkswagen,Volkswagen Touareg 3.0 V6 TDI DPF Perfect Tiptr,25999,PLN,Diesel,370000,2008,Automatyczna,3.0
Ford,Ford Galaxy 2.0 TDCi Titanium MPS6,27000,PLN,Diesel,273268,2012,Automatyczna,2.0
Volkswagen,Volkswagen CC 2.0 TDI DPF BMT,36999,PLN,Diesel,259000,2013,Manualna,2.0
Ford,Ford Transit Custom L2H1 VA Trend,39500,PLN,Diesel,291000,2014,Manualna,NULL
Citroën,Citroën C5 II 2.0i 16V Exclusive,17999,PLN,Benzyna,234524,2009,Manualna,2.0
Volkswagen,Volkswagen Tiguan 2.0 TDI DPF 4Motion BlueMotion Technology DSG Life,48000,PLN,Diesel,175500,2013,Automatyczna,2.0
Renault,Renault Megane,32500,PLN,Benzyna,148091,2012,Manualna,NULL
Alfa Romeo,Alfa Romeo Stelvio 2.0 Turbo TI Q4,119000,PLN,Benzyna,63000,2021,Automatyczna,2.0
Suzuki,Suzuki Grand Vitara 2.0 HDi,10850,PLN,Diesel,450000,2004,Manualna,2.0
Opel,Opel Astra 2.0 CDTI DPF ecoFLEX Start/Stop Edition Sport,22500,PLN,Diesel,203500,2015,Manualna,2.0
Seat,Seat Leon 1.6 TDI DPF Style,23900,PLN,Diesel,254108,2014,Manualna,1.6
Volkswagen,Volkswagen Garbus,104000,PLN,Benzyna,400,1962,Manualna,NULL
Peugeot,Peugeot 3008 1.2 PureTech Crossway S&S,32900,PLN,Benzyna,114982,2016,Manualna,1.2
Seat,Seat Ibiza 1.2 12V Style Salsa,21000,PLN,Benzyna,151000,2015,Manualna,1.2
Seat,Seat Leon 1.2 TSI Start&Stop I-Tech,18900,PLN,Benzyna,269139,2013,Manualna,1.2
Volkswagen,Volkswagen Passat 3.6 V6 4Mot Highline DSG,22900,PLN,Benzyna,401062,2012,Automatyczna,3.6
Mercedes-Benz,Mercedes-Benz AMG GT,359000,PLN,Benzyna,9000,2018,Automatyczna,NULL
Toyota,Toyota Yaris,65500,PLN,Benzyna+LPG,51000,2022,Manualna,NULL
Ford,Ford Mustang,99900,PLN,Benzyna,56100,2018,Automatyczna,NULL
Citroën,Citroën C3 Pure Tech 83 S&S SHINE PACK,38500,PLN,Benzyna,53600,2021,Manualna,NULL
Volvo,Volvo V60 B4 D Momentum Pro,75000,PLN,Diesel,176800,2022,Automatyczna,NULL
BMW,BMW X6,275000,PLN,Diesel,110000,2022,Automatyczna,NULL
Mazda,Mazda MX-5 ver-1-8,37999,PLN,Benzyna,246000,1996,Manualna,NULL
Kia,Kia Sorento 2.0 CRDI XL,70000,PLN,Diesel,184000,2016,Automatyczna,2.0
BMW,BMW Seria 3 330i Sport Line,99000,PLN,Benzyna,147000,2019,Automatyczna,NULL
Toyota,Toyota Auris 1.4 D-4D Life,19900,PLN,Diesel,305331,2013,Manualna,1.4
Honda,Honda Accord 2.0 Comfort,12000,PLN,Benzyna,236800,2005,Manualna,2.0
Audi,Audi A3 Sportback 1.6 TDI 102g DPF,39900,PLN,Diesel,237450,2014,Manualna,1.6
Opel,Opel Astra 1.4 T Active,28000,PLN,Benzyna+LPG,272104,2018,Manualna,1.4
Renault,Renault Megane ENERGY TCe 130 Start & Stop LIMITED,35900,PLN,Benzyna,127000,2018,Manualna,NULL
Lexus,Lexus NX 300h Elegance AWD,94000,PLN,Hybryda,125797,2017,Automatyczna,NULL
Toyota,Toyota Corolla 1.8 Hybrid Comfort,67000,PLN,Hybryda,182000,2021,Automatyczna,1.8
Porsche,Porsche Macan,132000,PLN,Benzyna,136020,2017,Automatyczna,NULL
Opel,Opel Corsa 1.4 16V EcoFLEX Start-Stop 150 Jahre,15900,PLN,Benzyna,79000,2014,Manualna,1.4
Mercedes-Benz,Mercedes-Benz Klasa E 250 CDI 4-Matic Avantgarde,36000,PLN,Diesel,380000,2014,Automatyczna,NULL
Dacia,Dacia Duster,26900,PLN,Benzyna,89000,2021,Manualna,NULL
Ford,Ford C-MAX,26800,PLN,Hybryda,212400,2013,Automatyczna,NULL
Toyota,Toyota Avensis,18900,PLN,Diesel,314000,2012,Manualna,NULL
Mitsubishi,Mitsubishi Outlander 2.0 Intense + Navi 4WD CVT,49900,PLN,Benzyna,164000,2020,Automatyczna,2.0
MINI,MINI Clubman,143437,PLN,Benzyna,57500,2023,Automatyczna,NULL
Dodge,Dodge Durango,149000,PLN,Benzyna,130000,2022,Automatyczna,NULL
Peugeot,Peugeot 308 1.4 Presence,12900,PLN,Benzyna,160000,2011,Manualna,1.4
Mercedes-Benz,Mercedes-Benz Klasa S 560 9G-TRONIC Exclusive Edition,419900,PLN,Benzyna,74062,2019,Automatyczna,NULL
Audi,Audi RS Q8 TFSI quattro tiptronic,365000,PLN,Benzyna,85026,2021,Automatyczna,NULL
BMW,BMW Seria 7 M760Li xDrive,319000,PLN,Benzyna,72000,2017,Automatyczna,NULL
BMW,BMW M5 DKG,229000,PLN,Benzyna,52730,2014,Automatyczna,NULL
Ferrari,Ferrari F430 F1,465000,PLN,Benzyna,55000,2007,Automatyczna,NULL
Fiat,Fiat 500L,63000,PLN,Benzyna,98708,1970,Manualna,NULL
Volkswagen,Volkswagen Scirocco,56000,PLN,Benzyna,223000,2010,Automatyczna,NULL
Seat,Seat Leon 1.4 TSI Start&Stop I-Tech,37800,PLN,Benzyna,140000,2014,Manualna,1.4
Audi,Audi A3 Sportback 2.0 TDI DPF Ambition,8900,PLN,Diesel,397000,2005,Manualna,2.0
Volkswagen,Volkswagen Touran 1.2 TSI BlueMot CityLine,26800,PLN,Benzyna,186479,2013,Manualna,1.2
BMW,BMW Seria 5,72600,PLN,Diesel,141200,2015,Automatyczna,NULL
DS Automobiles,DS Automobiles DS 7 Crossback,69900,PLN,Diesel,197000,2022,Automatyczna,NULL
Opel,Opel Astra,52000,PLN,Benzyna,140000,2018,Manualna,NULL
Renault,Renault Clio,25900,PLN,Benzyna,80000,2019,Manualna,NULL
BMW,BMW Seria 2 220d Sport Line,52000,PLN,Diesel,219000,2014,Manualna,NULL
Nissan,Nissan Qashqai 1.2 DIG-T Tekna+,56700,PLN,Benzyna,90856,2018,Manualna,1.2
Hyundai,Hyundai i30,7500,PLN,Benzyna,261000,2008,Manualna,NULL
Peugeot,Peugeot 3008 1.6 PureTech HYbrid4 GT S&S EAT8,89700,PLN,Hybryda Plug-in,134000,2021,Automatyczna,1.6
Land Rover,Land Rover Range Rover Evoque,94500,PLN,Diesel,86865,2021,Automatyczna,NULL
Subaru,Subaru Impreza 1.6i Lineartronic Exclusive,61500,PLN,Benzyna,50000,2021,Automatyczna,1.6
Opel,Opel Insignia 2.0 CDTI ecoFLEXStart/Stop Business Innovation,36500,PLN,Diesel,208109,2015,Manualna,2.0
Honda,Honda Civic,52900,PLN,Benzyna,137000,2015,Manualna,NULL
Volvo,Volvo V60 D3 Geartronic Momentum,29900,PLN,Diesel,177000,2013,Automatyczna,NULL
Nissan,Nissan Qashqai,102000,PLN,Hybryda,61000,2023,Automatyczna,NULL
Honda,Honda Civic 1.4 Comfort,15500,PLN,Benzyna,250000,2010,Manualna,1.4
Renault,Renault Megane,3800,PLN,Diesel,219188,2007,Manualna,NULL
Suzuki,Suzuki SX4,15900,PLN,Diesel,188001,2008,Manualna,NULL
Jeep,Jeep Grand Cherokee 2.7 CRD Overland,29900,PLN,Diesel,212000,2004,Automatyczna,2.7
Toyota,Toyota Yaris,29950,PLN,Benzyna,87000,2012,Manualna,NULL
Kia,Kia Ceed 1.5 T-GDI M,52900,PLN,Benzyna,156400,2022,Manualna,1.5
Kia,Kia Venga 1.6 CVVT Automatik Vision,19900,PLN,Benzyna,183000,2010,Automatyczna,1.6
Hyundai,Hyundai Tucson 1.6 Turbo 4WD DCT Premium,61900,PLN,Benzyna,119000,2016,Automatyczna,1.6
Nissan,Nissan Qashqai 1.5 dCi Acenta,34900,PLN,Diesel,199800,2014,Manualna,1.5
BMW,BMW Seria 7 730d xDrive,43900,PLN,Diesel,280799,2013,Automatyczna,NULL
Fiat,Fiat Panda,2900,PLN,Benzyna,182200,2005,Manualna,NULL
Nissan,Nissan Terrano 3.0 Di Luxury,23500,PLN,Diesel,325143,2005,Manualna,3.0
Mercedes-Benz,Mercedes-Benz Viano 3.0 CDI Trend (d³ugi),79000,PLN,Diesel,298248,2011,Automatyczna,3.0
Seat,Seat Leon 1.4 TSI FR S&S,41999,PLN,Benzyna,178000,2015,Manualna,1.4
Renault,Renault Kangoo,25900,PLN,Elektryczny,140500,2020,Automatyczna,NULL
Honda,Honda Civic,14000,PLN,Benzyna,230500,2006,Manualna,NULL
BMW,BMW Seria 3,7500,PLN,Benzyna,1,2000,Manualna,NULL
Opel,Opel Combo 1.5 CDTI Edition S&S,122508,PLN,Diesel,7,2026,Manualna,1.5
BMW,BMW Seria 3 318d,35999,PLN,Diesel,227000,2014,Manualna,NULL
Citroën,Citroën C4 Picasso,22500,PLN,Diesel,218000,2013,Manualna,NULL
Skoda,Skoda Superb 1.5 TSI Style DSG,79000,PLN,Benzyna,114000,2019,Automatyczna,1.5
BMW,BMW X1 xDrive18d,166900,PLN,Diesel,43000,2024,Automatyczna,NULL
MINI,MINI Countryman,36500,PLN,Benzyna,170000,2012,Automatyczna,NULL
Mercedes-Benz,Mercedes-Benz CLA 200 AMG Line 7G-DCT,129900,PLN,Benzyna,67029,2022,Automatyczna,NULL
BMW,BMW X7,279000,PLN,Benzyna,81000,2023,Automatyczna,NULL
Opel,Opel Vectra 2.0 T Design,12000,PLN,Benzyna,193500,2004,Manualna,2.0
Opel,Opel Astra 1.6 Enjoy,8000,PLN,Benzyna,235000,2007,Manualna,1.6
Audi,Audi S7 Sportback Standard,175000,PLN,Benzyna,29000,2015,Automatyczna,NULL
Audi,Audi A5 Sportback,51999,PLN,Diesel,177509,2013,Manualna,NULL
Mercedes-Benz,Mercedes-Benz ML 63 AMG 4-Matic,67900,PLN,Benzyna,223000,2008,Automatyczna,NULL
Volkswagen,Volkswagen Passat 2.0 TDI DSG BlueMotion Technology R-Line,33900,PLN,Diesel,242000,2014,Automatyczna,2.0
Renault,Renault Megane 1.4 16V TCE Dynamique,11900,PLN,Benzyna,230000,2011,Manualna,1.4
Fiat,Fiat 500 1.2 Star,40000,PLN,Benzyna,58000,2019,Manualna,1.2
Citroën,Citroën C3 1.4 HDi SX Plus,6900,PLN,Diesel,173000,2009,Manualna,1.4
Mercedes-Benz,Mercedes-Benz GLA 220 d 4-Matic,132500,PLN,Diesel,192000,2021,Automatyczna,NULL
Volkswagen,Volkswagen Polo 1.2 TSI Highline,17900,PLN,Benzyna,164000,2011,Manualna,1.2
Citroën,Citroën C5,11999,PLN,Diesel,267000,2008,Automatyczna,NULL
Volvo,Volvo XC 60 D4 R-Design,103999,PLN,Diesel,162000,2018,Automatyczna,NULL
Opel,Opel Zafira Tourer 1.4 Turbo Active,29900,PLN,Benzyna,153412,2014,Manualna,1.4
Seat,Seat Leon 1.4,12400,PLN,Benzyna,236000,2008,Manualna,1.4
Audi,Audi A7 Sportback 3.0 TDI Quattro Competition Tiptr,69900,PLN,Diesel,263100,2015,Automatyczna,3.0
Peugeot,Peugeot 308 1.6 BlueHDi Allure S&S,17900,PLN,Diesel,239000,2016,Manualna,1.6
Toyota,Toyota Corolla 1.8 Hybrid Comfort,72000,PLN,Hybryda,153000,2022,Automatyczna,1.8
Ford,Ford Fiesta 1.25 SYNC Edition,14990,PLN,Benzyna,189000,2011,Manualna,1.2
Peugeot,Peugeot 207 1.4 16V Presence,8990,PLN,Benzyna,157000,2007,Manualna,1.4
BMW,BMW Seria 3,16900,PLN,Diesel,250,2008,Manualna,NULL
Kia,Kia Sportage 1.7 CRDI M 2WD,28500,PLN,Diesel,216600,2013,Manualna,1.7
Seat,Seat Ibiza 1.6 16V Sport Edition,13900,PLN,Benzyna,160000,2009,Manualna,1.6
Audi,Audi A6 Allroad,199800,PLN,Diesel,60500,2023,Automatyczna,NULL
BMW,BMW M2,299999,PLN,Benzyna,7620,2024,Automatyczna,NULL
Audi,Audi RS3 Limousine 2.5 TFSI GPF Quattro S tronic,160000,PLN,Benzyna,99802,2019,Automatyczna,2.5
Skoda,Skoda Fabia 1.0 Ambition,51500,PLN,Benzyna,27316,2021,Manualna,1.0
Fiat,Fiat 500 1.4 16V Sport,9900,PLN,Benzyna,249112,2009,Manualna,1.4
Kia,Kia XCeed 1.5 T-GDI M,91500,PLN,Benzyna,19500,2023,Manualna,1.5
Renault,Renault Laguna 2.0 Dynamique,11900,PLN,Benzyna,236800,2010,Manualna,2.0
Toyota,Toyota C-HR 2.0 Hybrid Style,95000,PLN,Hybryda,75000,2023,Automatyczna,2.0
Volvo,Volvo S90 D5 AWD Geartronic R Design,83333,PLN,Diesel,191000,2018,Automatyczna,NULL
Opel,Opel Astra 1.6 CDTI DPF ecoFLEX Start/Stop Edition,17900,PLN,Diesel,224000,2015,Manualna,1.6
Citroën,Citroën C5,9000,PLN,Diesel,137168,2004,Automatyczna,NULL
Hyundai,Hyundai ix35 1.7 CRDi Classic 2WD,32500,PLN,Diesel,159700,2014,Manualna,1.7
Renault,Renault Trafic,94899,PLN,Diesel,91200,2023,Manualna,NULL
Ford,Ford Grand C-MAX 1.6 TDCi Titanium,26000,PLN,Diesel,202628,2013,Manualna,1.6
Ford,Ford Kuga,21000,PLN,Diesel,305000,2008,Manualna,NULL
Mercedes-Benz,Mercedes-Benz Klasa E,87500,PLN,Benzyna,125000,2017,Automatyczna,NULL
Citroën,Citroën C-Elysée 1.2 VTi Seduction,11500,PLN,Benzyna,127797,2013,Manualna,1.2
Mercedes-Benz,Mercedes-Benz Klasa C 180,52700,PLN,Benzyna,161100,2016,Manualna,NULL
Peugeot,Peugeot 2008 PureTech 110 Stop&Start EAT6 Crossway,36900,PLN,Benzyna,106000,2016,Automatyczna,NULL
Mercedes-Benz,Mercedes-Benz CLS 350 BlueEFFICIENCY,64000,PLN,Benzyna,220000,2011,Automatyczna,NULL
Alfa Romeo,Alfa Romeo Stelvio 2.0 Turbo Veloce Q4,139000,PLN,Benzyna,59900,2021,Automatyczna,2.0
Opel,Opel Vivaro,14900,PLN,Diesel,432000,2004,Manualna,NULL
Volvo,Volvo C30 1.8F Summum,16500,PLN,Benzyna+LPG,236511,2008,Manualna,1.8
Opel,Opel Astra,22100,PLN,Diesel,210928,2012,Automatyczna,NULL
Opel,Opel Astra,7000,PLN,Benzyna+LPG,193746,2005,Manualna,NULL
MINI,MINI Cooper 50 Mayfair,24900,PLN,Benzyna,139554,2010,Automatyczna,NULL
Volkswagen,Volkswagen CC,20900,PLN,Diesel,30000,2008,Automatyczna,NULL
Skoda,Skoda Kamiq 1.5 TSI Drive DSG,111202,PLN,Benzyna,7,2026,Automatyczna,1.5
Peugeot,Peugeot 3008 1.2 PureTech GPF Allure S&S EAT8,66900,PLN,Benzyna,158500,2019,Automatyczna,1.2
Volkswagen,Volkswagen Passat 2.0 TDI SCR DSG 4Motion Business,80500,PLN,Diesel,122000,2019,Automatyczna,2.0
Dacia,Dacia Sandero Stepway,18900,PLN,Benzyna,114000,2012,Manualna,NULL
Kia,Kia Ceed 1.4 CVVT Dream Team Edition,35800,PLN,Benzyna,144000,2015,Manualna,1.4
Alfa Romeo,Alfa Romeo Junior 1.2 mHEV Ti Q4 eDCT,143500,PLN,Hybryda,1,2026,Automatyczna,1.2
Alfa Romeo,Alfa Romeo Junior 1.2 mHEV Ti eDCT,135900,PLN,Hybryda,1,2026,Automatyczna,1.2
Mercedes-Benz,Mercedes-Benz Klasa C 43 AMG 4MATIC,251550,PLN,Benzyna,4650,2021,Automatyczna,NULL
Peugeot,Peugeot 206 plus 1.1 Presence,9100,PLN,Benzyna,83500,2009,Manualna,1.1
Opel,Opel Mokka 1.4 T Cosmo S&S 4x4 EU6,36900,PLN,Benzyna,110247,2013,Manualna,1.4
Toyota,Toyota Prius 1.8 HSD Prestige,19900,PLN,Benzyna+LPG,428000,2010,Automatyczna,1.8
Kia,Kia Ceed 1.6 GDI M,27000,PLN,Benzyna,180830,2012,Manualna,1.6
Volvo,Volvo V70 D4 Drive-E Momentum,39900,PLN,Diesel,234000,2015,Automatyczna,NULL
Toyota,Toyota Prius,18900,PLN,Benzyna+LPG,335000,2011,Automatyczna,NULL
Ford,Ford Focus,115000,PLN,Benzyna,70000,2016,Manualna,NULL
BMW,BMW Seria 3 330i GPF xDrive Sport Line Sport,75800,PLN,Benzyna,98900,2018,Automatyczna,NULL
Kia,Kia Venga 1.4 M,14900,PLN,Benzyna+LPG,230000,2010,Manualna,1.4
Opel,Opel Insignia,12500,PLN,Benzyna,261000,2010,Manualna,NULL
Toyota,Toyota Aygo 1.0 VVT-i Color Edition,37000,PLN,Benzyna,56000,2018,Manualna,1.0
Volkswagen,Volkswagen Golf 1.4 Q,5000,PLN,Benzyna,228509,2001,Manualna,1.4
Audi,Audi A3 Sportback 40 e-tron S tronic design,46900,PLN,Hybryda Plug-in,161079,2015,Automatyczna,NULL
Jeep,Jeep Wrangler 3.6 Unlim Sahara,75000,PLN,Benzyna,136096,2012,Automatyczna,3.6
Nissan,Nissan Juke 1.6 N-Tec CVT,32900,PLN,Benzyna,134000,2013,Automatyczna,1.6
Citroën,Citroën C8 2.2 HDi Exclusive,6800,PLN,Diesel,339200,2009,Manualna,2.2
Skoda,Skoda Octavia 1.5 TSI mHEV Drive Selection DSG,135072,PLN,Benzyna,7,2026,Automatyczna,1.5
Volkswagen,Volkswagen Transporter,15700,PLN,Diesel,420000,2008,Manualna,NULL
Hyundai,Hyundai Santa Fe,13900,PLN,Benzyna,177000,2013,Automatyczna,NULL
Opel,Opel Mokka 1.6 ecoFLEX Start/Stop Selection,33900,PLN,Benzyna,198000,2013,Manualna,1.6
Peugeot,Peugeot 3008,88300,PLN,Benzyna,60900,2022,Automatyczna,NULL
Saab,Saab 9-5,15500,PLN,Benzyna,315000,2007,Automatyczna,NULL
Toyota,Toyota Corolla 1.6 Comfort,45900,PLN,Benzyna+LPG,176422,2017,Manualna,1.6
Nissan,Nissan Qashqai 1.2 DIG-T Acenta EU6,34900,PLN,Benzyna,188500,2015,Manualna,1.2
Mitsubishi,Mitsubishi Lancer 1.8 Invite,16000,PLN,Benzyna+LPG,348909,2008,Manualna,1.8
Mercedes-Benz,Mercedes-Benz CLK,5500,PLN,Benzyna+LPG,247272,1998,Automatyczna,NULL
Renault,Renault Clio,10999,PLN,Benzyna,204000,2009,Manualna,NULL
Citroën,Citroën C4 PureTech 130 Stop & Start Exclusive,11800,PLN,Benzyna,165000,2014,Manualna,NULL
Audi,Audi Q8,389900,PLN,Hybryda Plug-in,1539,2026,Automatyczna,NULL
Ford,Ford Focus,26999,PLN,Benzyna,138000,2014,Manualna,NULL
Opel,Opel Vectra,3500,PLN,Benzyna,235000,2004,Manualna,NULL
Mazda,Mazda 6 1.8 Exclusive,14000,PLN,Benzyna,280000,2008,Manualna,1.8
Jeep,Jeep Grand Cherokee 4.7 Limited,65000,PLN,Benzyna,349870,2000,Automatyczna,4.7
Toyota,Toyota Corolla Verso 1.6 Terra,5500,PLN,Benzyna,327000,2003,Manualna,1.6
Toyota,Toyota Avensis 1.6 Luna,15900,PLN,Benzyna,283000,2009,Manualna,1.6
Mercedes-Benz,Mercedes-Benz CLS 450 4-Matic AMG,244900,PLN,Benzyna,61300,2021,Automatyczna,NULL
Ford,Ford Tourneo Custom 2.0 EcoBlue Hybrid L2 Titanium,124900,PLN,Diesel,120705,2022,Manualna,2.0
Fiat,Fiat Punto 1.2 Fresh,17200,PLN,Benzyna,100500,2013,Manualna,1.2
Skoda,Skoda Kamiq 1.0 TSI Ambition,67900,PLN,Benzyna,86256,2023,Manualna,1.0
Chrysler,Chrysler Sebring,12500,PLN,Benzyna,139145,2008,Automatyczna,NULL
Mercedes-Benz,Mercedes-Benz Klasa A 180 AMG Line 7G-DCT,99900,PLN,Benzyna,58446,2020,Automatyczna,NULL
Peugeot,Peugeot 508 1.6 T Business Line,18200,PLN,Benzyna,217000,2011,Manualna,1.6
Volkswagen,Volkswagen Scirocco,17900,PLN,Benzyna,299000,2010,Manualna,NULL
Ford,Ford Fiesta 1.25 Titanium X,24900,PLN,Benzyna,159806,2013,Manualna,1.2
Hyundai,Hyundai Tucson 1.6 GDi 2WD Style,62900,PLN,Benzyna,127074,2017,Manualna,1.6
Renault,Renault Captur,65900,PLN,Benzyna,100000,2020,Automatyczna,NULL
BMW,BMW X3,13700,PLN,Diesel,356421,2004,Automatyczna,NULL
Mercedes-Benz,Mercedes-Benz Klasa B 200 BlueEFFICIENCY Edition 1,32990,PLN,Benzyna,194000,2014,Manualna,NULL
Mazda,Mazda 6 2.0 SKYEnergy,58000,PLN,Benzyna,139000,2017,Automatyczna,2.0
Audi,Audi Q7 50 TDI mHEV Quattro Tiptr,109900,PLN,Diesel,208400,2018,Automatyczna,NULL
Ford,Ford Fiesta 1.4 Viva X,13990,PLN,Benzyna,151000,2009,Manualna,1.4
Ford,Ford Puma 1.0 EcoBoost Hybrid ST-LINE X DESIGN,59900,PLN,Benzyna,100000,2022,Manualna,1.0
Opel,Opel Astra,12000,PLN,Benzyna,136655,2011,Manualna,NULL
Mercedes-Benz,Mercedes-Benz Klasa A,42500,PLN,Diesel,208000,2012,Manualna,NULL
Ford,Ford Kuga 2.0 TDCi AWD Titanium,69900,PLN,Diesel,95291,2018,Automatyczna,2.0
Peugeot,Peugeot Partner 120 VTi Tendance,19990,PLN,Benzyna,200000,2012,Manualna,NULL
BMW,BMW X3 M,237900,PLN,Diesel,74000,2022,Automatyczna,NULL
Mazda,Mazda MX-5 1.6,39900,PLN,Benzyna,252779,1991,Manualna,1.6
Audi,Audi A8 50 TDI mHEV Quattro Tiptr,149900,PLN,Diesel,200000,2019,Automatyczna,NULL
Jeep,Jeep Avenger,87900,PLN,Benzyna,21300,2024,Automatyczna,NULL
Ford,Ford Mondeo 1.8 TDCi Titanium,11050,PLN,Diesel,197803,2008,Manualna,1.8
Ford,Ford Kuga 2.5 Titanium,22000,PLN,Benzyna,230401,2009,Automatyczna,2.5
Volvo,Volvo V40 Cross Country D3 Summum,45900,PLN,Diesel,180000,2016,Manualna,NULL
Toyota,Toyota Avensis,40500,PLN,Diesel,139136,2018,Manualna,NULL
Kia,Kia Ceed 1.5 T-GDI M DCT,89900,PLN,Benzyna,22915,2024,Automatyczna,1.5
Opel,Opel Zafira 1.6 (ECOTEC) DIT Automatik Business Edition,55900,PLN,Benzyna,109000,2017,Automatyczna,1.6
DS Automobiles,DS Automobiles DS 7 Crossback 1.6 E-Tense 4x4 Louvre,94000,PLN,Hybryda Plug-in,170137,2022,Automatyczna,1.6
Skoda,Skoda Octavia 1.5 TSI ACT Ambition,92000,PLN,Benzyna,76917,2020,Manualna,1.5
Opel,Opel Combo 1.5 CDTI Essentia S&S,118900,PLN,Diesel,1,2026,Manualna,1.5
Toyota,Toyota Proace City Verso Long 1.5 D-4D Business,116900,PLN,Diesel,5,2026,Manualna,1.5
Opel,Opel Astra 1.6 Turbo Cosmo,20900,PLN,Benzyna,220000,2010,Manualna,1.6
BMW,BMW Seria 5 530i xDrive,93000,PLN,Benzyna,175000,2018,Automatyczna,NULL
Seat,Seat Leon 1.4 TSI Xcellence S&S,55900,PLN,Benzyna,120000,2017,Manualna,1.4
Honda,Honda HR-V 1.5 i-VTEC CVT Executive,77900,PLN,Benzyna,48000,2018,Automatyczna,1.5
Seat,Seat Ibiza SC 1.6 TDI CR Copa,15500,PLN,Diesel,144971,2012,Manualna,1.6
Hongqi,Hongqi HS3,114100,PLN,Benzyna,10,2025,Automatyczna,NULL
Audi,Audi A3 Limousine 2.0 TFSI quattro S tronic design,75600,PLN,Benzyna,160000,2017,Automatyczna,2.0
Hongqi,Hongqi H5 2.0T Comfort,138500,PLN,Benzyna,10,2025,Automatyczna,2.0
Skoda,Skoda Octavia 1.2 TSI Active,25000,PLN,Benzyna,331000,2015,Manualna,1.2
Fiat,Fiat 600 HYBRID 125 Jahre Edition,75000,PLN,Benzyna,2500,2025,Automatyczna,NULL
Hyundai,Hyundai Tucson 1.6 T-GDi HEV 2WD Prime,79900,PLN,Hybryda,159000,2021,Automatyczna,1.6
Hyundai,Hyundai i30,21500,PLN,Benzyna,171675,2012,Manualna,NULL
Renault,Renault Kadjar,64900,PLN,Benzyna,106664,2020,Automatyczna,NULL
Renault,Renault Scenic ENERGY TCe 115 Bose Edition,21999,PLN,Benzyna,119000,2013,Manualna,NULL
Renault,Renault Grand Espace 2.0 Initiale,18500,PLN,Benzyna+LPG,193000,2005,Manualna,2.0
Kia,Kia Rio 1.4 M,35500,PLN,Benzyna,121000,2017,Manualna,1.4
Audi,Audi Q5 40 TFSI mHEV Quattro Advanced S tronic,140890,PLN,Benzyna,51800,2023,Automatyczna,NULL
Kia,Kia Ceed 1.6 CRDi M,16900,PLN,Diesel,259000,2014,Manualna,1.6
BMW,BMW Seria 3,258000,PLN,Benzyna,19000,2024,Automatyczna,NULL
Audi,Audi Q7,375900,PLN,Diesel,1583,2026,Automatyczna,NULL
Volvo,Volvo XC 40 T3 Geartronic RDesign,89900,PLN,Benzyna,149000,2021,Automatyczna,NULL
Skoda,Skoda Kodiaq 2.0 TDI 4x4 Style DSG,104900,PLN,Diesel,165252,2022,Automatyczna,2.0
Alfa Romeo,Alfa Romeo Tonale 1.6 JTD Sprint DCT,145900,PLN,Diesel,1,2026,Automatyczna,1.6
Opel,Opel Insignia 2.0 CDTI 4x4 Automatik Business Edition,26900,PLN,Diesel,217000,2015,Automatyczna,2.0
Seat,Seat Leon 1.9 TDI Reference,8900,PLN,Diesel,300768,2007,Manualna,1.9
Hyundai,Hyundai ix35,26900,PLN,Diesel,199000,2011,Manualna,NULL
Toyota,Toyota RAV4 2.2 D-CAT 4x4 Sol,17900,PLN,Diesel,172920,2008,Manualna,2.2
Opel,Opel Meriva 1.4 Active,16900,PLN,Benzyna,255000,2012,Manualna,1.4
Kia,Kia Venga 1.4 CRDi 90 Spirit,17900,PLN,Diesel,138912,2014,Manualna,1.4
Opel,Opel Meriva 1.4 Active,16900,PLN,Benzyna,209872,2012,Manualna,1.4
Skoda,Skoda Yeti 2.0 TDI Elegance,31900,PLN,Diesel,223489,2016,Manualna,2.0
Volkswagen,Volkswagen Tiguan 2.0 TSI 4Motion Sport & Style,29900,PLN,Benzyna,162605,2009,Manualna,2.0
Volkswagen,Volkswagen Tiguan 1.4 TSI Trend&Fun,34900,PLN,Benzyna,190542,2014,Manualna,1.4
Toyota,Toyota RAV4 2.0 Premium 4x4 MS,50000,PLN,Benzyna+LPG,248961,2015,Automatyczna,2.0
Nissan,Nissan Micra 1.2 Style Edition CVT,23900,PLN,Benzyna,189864,2011,Automatyczna,1.2
BMW,BMW X1 xDrive25i GPF Sport Line sport,32000,PLN,Benzyna,78912,2021,Automatyczna,NULL
MINI,MINI Cooper S,29900,PLN,Benzyna,164000,2012,Manualna,NULL
Volvo,Volvo V50,6500,PLN,Diesel,263000,2008,Manualna,NULL
Volkswagen,Volkswagen Golf,36000,PLN,Diesel,200000,2017,Manualna,NULL
Volvo,Volvo XC 60 T6 AWD Inscription,34500,PLN,Benzyna,68962,2018,Automatyczna,NULL
Skoda,Skoda Fabia,23000,PLN,Benzyna,250000,2010,Manualna,NULL
Hyundai,Hyundai Tucson 1.6 GDi 4WD DCT Premium,23500,PLN,Benzyna,80282,2017,Automatyczna,1.6
Mazda,Mazda 6,27900,PLN,Diesel,229000,2013,Automatyczna,NULL
Citroën,Citroën C5,26900,PLN,Diesel,249000,2015,Automatyczna,NULL
Audi,Audi A4 Avant 2.0 TDI,18900,PLN,Diesel,292000,2008,Manualna,2.0
Hyundai,Hyundai Kona 2.0 T-GDI N Performance DCT,94990,PLN,Benzyna,43975,2023,Automatyczna,2.0
Land Rover,Land Rover Discovery Sport 2.0 D200 mHEV Dynamic SE,214900,PLN,Diesel,13000,2025,Automatyczna,2.0
Audi,Audi A4 Avant,66900,PLN,Benzyna,125000,2018,Automatyczna,NULL
BMW,BMW Seria 8,248000,PLN,Benzyna,109801,2020,Automatyczna,NULL
BMW,BMW Seria 3 330i xDrive M Sport,164900,PLN,Benzyna,45000,2023,Automatyczna,NULL
Mercedes-Benz,Mercedes-Benz Klasa A 35 AMG 4-Matic 7G-DCT,139900,PLN,Benzyna,56770,2021,Automatyczna,NULL
Suzuki,Suzuki Vitara 1.4 Boosterjet Hybrid Allgrip Comfort,73900,PLN,Benzyna,52000,2021,Manualna,1.4
Hyundai,Hyundai i20 1.25 Classic +,5800,PLN,Benzyna+LPG,289739,2014,Manualna,1.2
Fiat,Fiat Punto 1.2 Fresh,12900,PLN,Benzyna,171150,2013,Manualna,1.2
Porsche,Porsche Macan Standard,273000,PLN,Benzyna,32000,2023,Automatyczna,NULL
Volvo,Volvo V60,174900,PLN,Hybryda Plug-in,13650,2024,Automatyczna,NULL
Volkswagen,Volkswagen Golf,70000,PLN,Benzyna,57207,2022,Manualna,NULL
Kia,Kia Ceed 1.4 CVVT Edition 7,33900,PLN,Benzyna,199000,2016,Manualna,1.4
Toyota,Toyota Aygo x-play touch,29800,PLN,Benzyna,73000,2015,Manualna,NULL
Hyundai,Hyundai i30,30900,PLN,Benzyna,83000,2016,Automatyczna,NULL
Audi,Audi A3 Sportback 2.0 TDI Quattro Ambition,8000,PLN,Diesel,279490,2007,Manualna,2.0
Mercedes-Benz,Mercedes-Benz Klasa C 250 (BlueTEC) d 7G-TRONIC,29999,PLN,Diesel,365000,2012,Automatyczna,NULL
Volkswagen,Volkswagen Touran,27200,PLN,Benzyna,245678,2011,Manualna,NULL
Volvo,Volvo V40 Cross Country D2 Geartronic,44900,PLN,Diesel,169000,2017,Automatyczna,NULL
Audi,Audi A6 Avant 55 TFSI e quattro S tronic S line,119000,PLN,Hybryda Plug-in,124900,2020,Automatyczna,NULL
Volkswagen,Volkswagen Golf Plus,10900,PLN,Benzyna,221000,2006,Manualna,NULL
Renault,Renault Clio 0.9 Energy TCe Alize,25500,PLN,Benzyna,144800,2019,Manualna,0.9
Cupra,Cupra Formentor 2.0 TSI 4Drive DSG VZ Extreme,158900,PLN,Benzyna,13000,2025,Automatyczna,2.0
Opel,Opel Mokka X 1.6 (ecoFLEX) Start/Stop Selection,49999,PLN,Benzyna,98000,2017,Manualna,1.6
Ford,Ford Focus 1.0 EcoBoost Titanium,17900,PLN,Benzyna,136997,2012,Manualna,1.0
Fiat,Fiat Punto,8700,PLN,Diesel,238567,2008,Manualna,NULL
Renault,Renault Captur,51500,PLN,Benzyna+LPG,152548,2020,Manualna,NULL
Hyundai,Hyundai Tucson,110000,PLN,Hybryda,178855,2022,Automatyczna,NULL
Peugeot,Peugeot 308 1.2 PureTech GPF GT Pack S&S,21900,PLN,Benzyna,129000,2016,Manualna,1.2
Volkswagen,Volkswagen T-Roc,106999,PLN,Benzyna,42335,2023,Automatyczna,NULL
Mitsubishi,Mitsubishi ASX,19500,PLN,Diesel,241000,2010,Manualna,NULL
Kia,Kia Ceed,22900,PLN,Diesel,285500,2019,Manualna,NULL
Suzuki,Suzuki Swift 1.2 Dualjet Hybrid Comfort,49900,PLN,Benzyna,20839,2023,Manualna,1.2
Citroën,Citroën DS3,19999,PLN,Benzyna,116900,2012,Manualna,NULL
Peugeot,Peugeot 2008 PureTech 130 GPF Stop&Start Allure,49900,PLN,Benzyna,138673,2019,Manualna,NULL
Dacia,Dacia Sandero TCe 90 Laureate,26500,PLN,Benzyna,93300,2016,Manualna,NULL
Volkswagen,Volkswagen Golf 1.6 TDI Highline,12980,PLN,Diesel,289000,2011,Manualna,1.6
Nissan,Nissan Qashqai 1.2 DIG-T Acenta EU6,33700,PLN,Benzyna,168000,2017,Manualna,1.2
Citroën,Citroën SpaceTourer 2.0 BlueHDi XL Shine,140900,PLN,Diesel,40000,2024,Automatyczna,2.0
Fiat,Fiat Punto 1.4 Estiva S&S,12500,PLN,Benzyna,138112,2011,Manualna,1.4
Audi,Audi S5 Sportback 3.0 TFSI Quattro S tronic,59500,PLN,Benzyna,220000,2012,Automatyczna,3.0
Cupra,Cupra Leon 1.5 eTSI mHEV DSG,104900,PLN,Benzyna,39500,2023,Automatyczna,1.5
BMW,BMW Seria 2,29900,PLN,Diesel,201000,2014,Manualna,NULL
Renault,Renault Espace,6500,PLN,Diesel,370000,2006,Manualna,NULL
Skoda,Skoda Kodiaq,104999,PLN,Diesel,115624,2022,Automatyczna,NULL
Toyota,Toyota Proace City,95850,PLN,Diesel,9653,2024,Manualna,NULL
Kia,Kia Carens,12900,PLN,Benzyna+LPG,197114,2008,Manualna,NULL
Audi,Audi Q2 1.4 TFSI Cylinder on demand S tronic sport,69900,PLN,Benzyna,106000,2016,Automatyczna,1.4
BMW,BMW Seria 3 318i M Sport,119000,PLN,Benzyna,54000,2020,Automatyczna,NULL
Suzuki,Suzuki SX4 S-Cross 1.0 Boosterjet Club,31500,PLN,Benzyna,189000,2017,Manualna,1.0
Honda,Honda CR-V 2.0i-VTEC Comfort,29900,PLN,Benzyna,199000,2009,Manualna,2.0
Skoda,Skoda Octavia 2.0 TDI DPF Ambiente,8700,PLN,Diesel,266000,2006,Manualna,2.0
BMW,BMW X3 xDrive20d xLine sport,124800,PLN,Diesel,103000,2020,Automatyczna,NULL
Lexus,Lexus NX 450h+ Prestige AWD,199900,PLN,Hybryda Plug-in,52766,2022,Automatyczna,NULL
Audi,Audi Inny,44500,PLN,Benzyna,250000,1989,Manualna,NULL
Volvo,Volvo S60 T5 R-Design,54500,PLN,Benzyna,112000,2019,Automatyczna,NULL
Citroën,Citroën C3 Aircross 1.2 Turbo Plus S&S,72900,PLN,Benzyna,13000,2025,Manualna,1.2
Audi,Audi A4 Avant,20500,PLN,Benzyna,256000,2007,Automatyczna,NULL
Volkswagen,Volkswagen Arteon 2.0 TSI DSG R-Line Edition,92500,PLN,Benzyna,160620,2018,Automatyczna,2.0
Peugeot,Peugeot 508 1.6 e-THP Allure S&S,39900,PLN,Benzyna,75900,2015,Manualna,1.6
Skoda,Skoda Kamiq 1.0 TSI Ambition,55900,PLN,Benzyna,127000,2020,Manualna,1.0
Audi,Audi SQ7,150000,PLN,Diesel,215000,2016,Automatyczna,NULL
BMW,BMW Seria 4,165000,PLN,Benzyna,62000,2022,Automatyczna,NULL
Ford,Ford Tourneo Custom 2.0 EcoBlue L1 Active SelectShift,319000,PLN,Diesel,200,2026,Automatyczna,2.0
Kia,Kia Stonic,52900,PLN,Benzyna,12000,2024,Manualna,NULL
Audi,Audi A3 3-drzwiowe,9999,PLN,Diesel,238000,2008,Manualna,NULL
Mercedes-Benz,Mercedes-Benz Klasa E,39999,PLN,Benzyna,169000,1994,Automatyczna,NULL
Audi,Audi S4 Limousine,46000,PLN,Benzyna,209000,2009,Automatyczna,NULL
Seat,Seat Exeo 2.0 TDI CR Style,2999,PLN,Diesel,248000,2009,Manualna,2.0
Opel,Opel Meriva 1.4 Ecoflex Innovation,21900,PLN,Benzyna,150000,2011,Manualna,1.4
Kia,Kia XCeed 1.5 T-GDI Business Line,78700,PLN,Benzyna,67000,2021,Manualna,1.5
Toyota,Toyota Corolla 1.8 Hybrid GPF Comfort,55999,PLN,Hybryda,195837,2019,Automatyczna,1.8
Kia,Kia ProCeed 1.6 GDI L,31900,PLN,Benzyna,108000,2014,Manualna,1.6
Toyota,Toyota Avensis Touring Sports 1.8 Edition S+,54900,PLN,Benzyna,174000,2015,Manualna,1.8
Audi,Audi A6 Avant,7500,PLN,Diesel,380000,2006,Automatyczna,NULL
Dacia,Dacia Duster 1.5 Blue dCi Prestige,31900,PLN,Diesel,107000,2020,Manualna,1.5
Audi,Audi S6 Limousine,85900,PLN,Benzyna,179830,2013,Automatyczna,NULL
Skoda,Skoda Octavia,17900,PLN,Benzyna,185200,2011,Manualna,NULL
Audi,Audi Q3 2.0 TFSI Quattro,48800,PLN,Benzyna,153000,2013,Manualna,2.0
BMW,BMW Seria 3 318d Sport Line Shadow,43900,PLN,Diesel,235000,2018,Manualna,NULL
Mercedes-Benz,Mercedes-Benz Klasa E 200 9G-TRONIC,117000,PLN,Benzyna,78000,2017,Automatyczna,NULL
Opel,Opel Corsa 1.4 T Cosmo S&S,32900,PLN,Benzyna,158000,2017,Manualna,1.4
Audi,Audi S5 Coupé 3.0 TFSI Quattro Tiptronic,122500,PLN,Benzyna,116500,2019,Automatyczna,3.0
Skoda,Skoda Kamiq 1.5 TSI Drive DSG,121900,PLN,Benzyna,5,2026,Automatyczna,1.5
Skoda,Skoda Kamiq 1.5 TSI Drive DSG,123000,PLN,Benzyna,5,2026,Automatyczna,1.5
Kia,Kia Ceed 1.4 CVVT Spirit,21500,PLN,Benzyna+LPG,215000,2012,Manualna,1.4
Volvo,Volvo XC 40 B3 Plus Dark,143999,PLN,Benzyna,36500,2023,Automatyczna,NULL
Subaru,Subaru Legacy ver-2-0-d-comfort-at,21000,PLN,Diesel,168000,2013,Automatyczna,NULL
Mercedes-Benz,Mercedes-Benz Klasa C 180 CGI BlueEff Classic,59999,PLN,Benzyna,40383,2015,Manualna,NULL
Nissan,Nissan Juke 1.6 DIG-T ALL-MODE 4x4i Xtronic Acenta,29900,PLN,Benzyna,124000,2011,Automatyczna,1.6
Ford,Ford EcoSport,29900,PLN,Benzyna,140076,2014,Manualna,NULL
Volkswagen,Volkswagen Transporter,36800,PLN,Diesel,345000,2011,Manualna,NULL
Volvo,Volvo V90 D4 Momentum Pro,96000,PLN,Diesel,135000,2019,Automatyczna,NULL
Nissan,Nissan Juke 1.6 Visia,23500,PLN,Benzyna,91000,2011,Manualna,1.6
Ford,Ford Transit Custom,169900,PLN,Diesel,10,2026,Manualna,NULL
Fiat,Fiat Tipo 1.6 MultiJet,69900,PLN,Diesel,22000,2024,Manualna,1.6
Kia,Kia Venga 1.4 CRDi S,32000,PLN,Diesel,173668,2017,Manualna,1.4
Audi,Audi A3 Sportback 2.0 TFSI Quattro Ambition S tronic,25900,PLN,Benzyna,150000,2008,Automatyczna,2.0
Dacia,Dacia Duster SCe 115 2WD Comfort,41000,PLN,Benzyna+LPG,204000,2019,Manualna,NULL
Mercedes-Benz,Mercedes-Benz Klasa A 180 d,18900,PLN,Diesel,332974,2013,Manualna,NULL
Hyundai,Hyundai i30 1.6 CRDI 48V-Hybrid DCT Prime,52900,PLN,Diesel,135000,2022,Automatyczna,1.6
Peugeot,Peugeot 308,8000,PLN,Diesel,278515,2008,Manualna,NULL
Citroën,Citroën Berlingo 1.6 HDi Multispace,8900,PLN,Diesel,354049,2010,Manualna,1.6
Tesla,Tesla Model 3 Standard Hinterradantrieb,79000,PLN,Elektryczny,66000,2020,Automatyczna,NULL
Peugeot,Peugeot 208 1.2 PureTech Active S&S,53999,PLN,Benzyna,22304,2023,Manualna,1.2
Dacia,Dacia Dokker 1.5 dCi Laureate,25900,PLN,Diesel,150000,2016,Manualna,1.5
Opel,Opel Astra 1.6 Color Edition,35900,PLN,Benzyna,99000,2015,Manualna,1.6
Opel,Opel Corsa 1.2 Direct Injection Turbo Automatik,37900,PLN,Benzyna,60000,2023,Automatyczna,1.2
Volvo,Volvo V60 Cross Country,174900,PLN,Diesel,39060,2023,Automatyczna,NULL
Lexus,Lexus LX,499000,PLN,Benzyna,15200,2019,Automatyczna,NULL
Volkswagen,Volkswagen Golf,1500,PLN,Diesel,420000,2002,Manualna,NULL
Nissan,Nissan Qashqai,24000,PLN,Benzyna,224517,2010,Manualna,NULL
Opel,Opel Meriva,17500,PLN,Benzyna,147106,2011,Manualna,NULL
Skoda,Skoda Octavia,61999,PLN,Benzyna,184519,2023,Manualna,NULL
Citroën,Citroën Berlingo,22000,PLN,Benzyna,176433,2009,Manualna,NULL
Hyundai,Hyundai Tucson,66999,PLN,Benzyna,150271,2016,Automatyczna,NULL
BMW,BMW X6,52500,PLN,Diesel,211038,2010,Automatyczna,NULL
Kia,Kia Sportage,21000,PLN,Benzyna,110228,2008,Manualna,NULL
Volvo,Volvo S60,102000,PLN,Benzyna,95037,2019,Automatyczna,NULL
Volvo,Volvo XC 60,69000,PLN,Diesel,173235,2017,Automatyczna,NULL
Mercedes-Benz,Mercedes-Benz Klasa E,39500,PLN,Benzyna,220077,2010,Automatyczna,NULL
BMW,BMW 3GT,42000,PLN,Diesel,348144,2018,Automatyczna,NULL
Kia,Kia Ceed,8000,PLN,Benzyna+LPG,298474,2008,Manualna,NULL
Opel,Opel Zafira 1.6,8570,PLN,Benzyna,243000,2005,Manualna,1.6
Hyundai,Hyundai i40 1.6 GDI Comfort,34900,PLN,Benzyna,180000,2016,Manualna,1.6
Peugeot,Peugeot 308 1.2 PureTech Active S&S,27600,PLN,Benzyna,124906,2015,Manualna,1.2
Hyundai,Hyundai Santa Fe 2.0 CRDI Premium,46999,PLN,Diesel,255000,2015,Manualna,2.0
BMW,BMW Seria 5 530e PHEV M Sport,312100,PLN,Hybryda Plug-in,4000,2026,Automatyczna,NULL
Volkswagen,Volkswagen Jetta 1.4 TSI DSG Comfortline,24900,PLN,Benzyna,248500,2011,Automatyczna,1.4
Renault,Renault Trafic L1H1 Passenger Lux,49900,PLN,Diesel,240000,2010,Manualna,NULL
Opel,Opel Astra 1.4 Turbo Innovation,35000,PLN,Benzyna,103800,2017,Manualna,1.4
Nissan,Nissan Qashqai 1.5 dCi Tekna,21500,PLN,Diesel,150000,2012,Manualna,1.5
Renault,Renault Clio TCe 90 Luxe,22000,PLN,Benzyna,148000,2014,Manualna,NULL
Opel,Opel Astra 1.6 CDTI Executive,18800,PLN,Diesel,250000,2015,Manualna,1.6
Peugeot,Peugeot 308,14300,PLN,Diesel,201900,2015,Manualna,NULL
Opel,Opel Insignia,23500,PLN,Diesel,309000,2015,Manualna,NULL
Ford,Ford Fiesta,23900,PLN,Benzyna,84000,2013,Manualna,NULL
Volkswagen,Volkswagen Tiguan 1.4 TSI Perfectline,27000,PLN,Benzyna,224802,2013,Manualna,1.4
Volkswagen,Volkswagen Touran ver-1-4-tsi-bluemotion-technology-dsg-comfortline,56999,PLN,Benzyna,150000,2018,Automatyczna,NULL
Subaru,Subaru Impreza SW 2.5 WRX,29900,PLN,Benzyna,322000,2007,Manualna,2.5
Lexus,Lexus UX 250h GPF Business Edition AWD,102500,PLN,Hybryda,96500,2020,Automatyczna,NULL
Volkswagen,Volkswagen Beetle 1.4 TSI,28000,PLN,Benzyna,149000,2013,Manualna,1.4
Peugeot,Peugeot 108,28999,PLN,Benzyna,114861,2020,Manualna,NULL
Opel,Opel Crossland 1.2 T Edition Business Pack,52000,PLN,Benzyna,59352,2021,Manualna,1.2
Volkswagen,Volkswagen Arteon 2.0 TSI 4Motion Elegance DSG,85900,PLN,Benzyna,154000,2017,Automatyczna,2.0
Nissan,Nissan X-Trail 2.0 dCi N-Connecta 4WD Xtronic,66000,PLN,Diesel,112000,2017,Automatyczna,2.0
BMW,BMW Seria 3,20000,PLN,Diesel,241863,2010,Automatyczna,NULL
Mercedes-Benz,Mercedes-Benz GLC,94900,PLN,Benzyna,87136,2018,Automatyczna,NULL
BMW,BMW Seria 1 M135i xDrive,99999,PLN,Benzyna,159000,2021,Automatyczna,NULL
BMW,BMW Seria 2 216d,24200,PLN,Diesel,249500,2016,Manualna,NULL
Mercedes-Benz,Mercedes-Benz Klasa C,88000,PLN,Benzyna,94933,2017,Automatyczna,NULL
Audi,Audi Q5 2.0 TFSI Quattro S tronic,89000,PLN,Benzyna,124636,2019,Automatyczna,2.0
Nissan,Nissan Patrol 2.8 TD SG,35000,PLN,Diesel,233950,1996,Manualna,2.8
Kia,Kia Venga,23000,PLN,Benzyna,109954,2011,Manualna,NULL
Toyota,Toyota Camry,104999,PLN,Hybryda,75776,2021,Automatyczna,NULL
Opel,Opel Vivaro,59900,PLN,Diesel,190000,2018,Manualna,NULL
Toyota,Toyota Land Cruiser LC 2.8 D-4D mHEV Executive,402800,PLN,Diesel,6,2025,Automatyczna,2.8
Toyota,Toyota RAV4,114999,PLN,Hybryda,87152,2021,Automatyczna,NULL
Lexus,Lexus RX,160000,PLN,Benzyna,30175,2020,Automatyczna,NULL
Audi,Audi A3 Sportback,60000,PLN,Benzyna,110090,2018,Automatyczna,NULL
Mercedes-Benz,Mercedes-Benz GLC,149999,PLN,Hybryda,81314,2022,Automatyczna,NULL
Kia,Kia Carens,29500,PLN,Benzyna,124533,2013,Manualna,NULL
Volkswagen,Volkswagen Golf 1.4 Comfortline,25900,PLN,Benzyna,122000,2012,Manualna,1.4
Volkswagen,Volkswagen up!,32000,PLN,Benzyna,71873,2017,Manualna,NULL
MG,MG ZS,88500,PLN,Hybryda,18235,2024,Automatyczna,NULL
Nissan,Nissan Qashqai 1.3 DIG-T Tekna,56900,PLN,Benzyna,160000,2019,Manualna,1.3
Volkswagen,Volkswagen Golf 2.0 TDI BMT Comfortline,56000,PLN,Diesel,94000,2019,Manualna,2.0
Renault,Renault Megane 1.2 Energy TCe Life,29900,PLN,Benzyna,81500,2017,Manualna,1.2
BMW,BMW X5 3.0d xDrive,39999,PLN,Diesel,323566,2007,Automatyczna,3.0
Opel,Opel Astra 1.6 T Plug-in Hybrid GS Line,69900,PLN,Hybryda Plug-in,159000,2023,Automatyczna,1.6
Fiat,Fiat Punto 1.3 Multijet 16V Start,6900,PLN,Diesel,207400,2009,Manualna,1.3
Renault,Renault Grand Espace Gr 2.0 dCi 25th,16900,PLN,Diesel,189911,2010,Automatyczna,2.0
Opel,Opel Corsa 1.4 T Color Edition S&S,25500,PLN,Benzyna,113000,2016,Manualna,1.4
Audi,Audi A4 Limousine,7999,PLN,Diesel,377000,2005,Manualna,NULL
Toyota,Toyota Yaris Cross Hybrid 1.5 Comfort,112400,PLN,Hybryda,6,2026,Automatyczna,1.5
Fiat,Fiat Grande Punto 1.4 8V,4999,PLN,Benzyna,216442,2009,Manualna,1.4
Kia,Kia Sportage 1.6 GDI Business Line L 2WD,41800,PLN,Benzyna,167432,2015,Manualna,1.6
Volvo,Volvo S90,159900,PLN,Benzyna,49313,2023,Automatyczna,NULL
Seat,Seat Leon 1.0 TSI ECOMOTIVE DSG Style,26900,PLN,Benzyna,43200,2022,Automatyczna,1.0
Volvo,Volvo V60 Cross Country D4 Geartronic Pro,62900,PLN,Diesel,173300,2019,Automatyczna,NULL
Renault,Renault Koleos 2.0 dCi FAP 4x4 Bose Edition,18999,PLN,Diesel,223366,2011,Manualna,2.0
BMW,BMW Seria 5 530e sport,116600,PLN,Hybryda Plug-in,164000,2022,Automatyczna,NULL
Ford,Ford Focus 1.0 EcoBoost Gold X (Edition),18000,PLN,Benzyna,125218,2013,Manualna,1.0
Ford,Ford Fiesta 1.25 Champions Edition,16700,PLN,Benzyna,175000,2012,Manualna,1.2
Volvo,Volvo XC 60 T6 AWD Inscription,89900,PLN,Benzyna,99000,2019,Automatyczna,NULL
Toyota,Toyota Yaris 1.0 Comfort,42500,PLN,Benzyna,52000,2020,Manualna,1.0
Audi,Audi A3 Sportback,25000,PLN,Diesel,265000,2012,Manualna,NULL
BMW,BMW Seria 5 520d,39500,PLN,Diesel,190000,2011,Automatyczna,NULL
Opel,Opel Astra 1.4 Turbo Start/Stop Dynamic,42900,PLN,Benzyna,159702,2019,Manualna,1.4
Toyota,Toyota Auris Hybrid 135 Selection,48900,PLN,Hybryda,218000,2017,Automatyczna,NULL
Alfa Romeo,Alfa Romeo Tonale 1.5 T4 GSE mHEV Intensa DCT,172900,PLN,Hybryda,1,2025,Automatyczna,1.5
Nissan,Nissan Primastar,21900,PLN,Diesel,420373,2007,Manualna,NULL
Toyota,Toyota Yaris 1.33 Life,35900,PLN,Benzyna,108155,2015,Manualna,1.3
Hyundai,Hyundai Tucson,43000,PLN,Diesel,76953,2019,Automatyczna,NULL
Mazda,Mazda CX-3,25000,PLN,Benzyna,124650,2018,Manualna,NULL
Alfa Romeo,Alfa Romeo 159 1.9JTDM Progression,13500,PLN,Diesel,308496,2008,Manualna,1.9
Volkswagen,Volkswagen Caravelle L2 Comfortline,29500,PLN,Diesel,344000,2007,Manualna,NULL
Skoda,Skoda Octavia 1.4 TSI Style DSG,44000,PLN,Benzyna,199999,2017,Automatyczna,1.4
Toyota,Toyota Corolla Cross,129850,PLN,Hybryda,13505,2023,Automatyczna,NULL
Volkswagen,Volkswagen Golf Plus 1.2 TSI Team,19900,PLN,Benzyna,140805,2010,Manualna,1.2
Audi,Audi Q8 50 TDI mHEV Quattro Tiptronic,176900,PLN,Diesel,166500,2018,Automatyczna,NULL
Ford,Ford Fiesta 1.25 Silver X Plus,13500,PLN,Benzyna,149000,2009,Manualna,1.2
Renault,Renault Laguna 2.0 Expression,13700,PLN,Benzyna+LPG,300000,2008,Manualna,2.0
Skoda,Skoda RAPID 1.0 TSI Ambition,35000,PLN,Benzyna,158092,2018,Manualna,1.0
Nissan,Nissan Note 1.5 dci more,3900,PLN,Diesel,222222,2006,Manualna,1.5
BMW,BMW Seria 5,127000,PLN,Benzyna,134233,2019,Automatyczna,NULL
Kia,Kia Sportage 2.0 CVVT 4WD Automatik Vision,30900,PLN,Benzyna,215000,2012,Automatyczna,2.0
Ford,Ford Mustang 5.0 Ti-VCT V8 GT,99000,PLN,Benzyna,117613,2018,Automatyczna,5.0
BMW,BMW Seria 3,44900,PLN,Diesel,243000,2014,Automatyczna,NULL
Seat,Seat Leon,26000,PLN,Benzyna,202764,2010,Automatyczna,NULL
Volkswagen,Volkswagen Golf 2.0 TDI Highline,23000,PLN,Diesel,284000,2011,Manualna,2.0
Citroën,Citroën C3 1.2 PureTech Shine,45500,PLN,Benzyna,69900,2022,Manualna,1.2
Citroën,Citroën C3,23300,PLN,Diesel,180000,2019,Manualna,NULL
Citroën,Citroën C4 Cactus,19900,PLN,Benzyna,165000,2015,Manualna,NULL
Peugeot,Peugeot 308 1.6 HDi Active,3333,PLN,Diesel,302000,2010,Manualna,1.6
Peugeot,Peugeot 208 1.2 PureTech Style,21900,PLN,Benzyna,185809,2018,Manualna,1.2
SsangYong/KGM,SsangYong/KGM Tivoli,35550,PLN,Benzyna,76000,2015,Manualna,NULL
Mercedes-Benz,Mercedes-Benz GLE,280000,PLN,Benzyna,61000,2022,Automatyczna,NULL
Land Rover,Land Rover Range Rover,79900,PLN,Diesel,290000,2014,Automatyczna,NULL
Volkswagen,Volkswagen T-Roc 1.5 TSI R-Line DSG,109900,PLN,Benzyna,14200,2024,Automatyczna,1.5
Alfa Romeo,Alfa Romeo Giulietta,26500,PLN,Benzyna,160000,2013,Manualna,NULL
