Marka,Model,Cena,Waluta,Paliwo,Przebieg,Rocznik,Skrzynia biegów
Alfa Romeo,Alfa Romeo 147,3000,PLN,Benzyna,159000,2008,Manualna
Volvo,Volvo XC 60,129999,PLN,Benzyna,127000,2018,Automatyczna
Ford,Ford B-MAX,22900,PLN,Benzyna,161000,2016,Manualna
Jaguar,Jaguar I-Pace EV400 AWD SE,69900,PLN,Elektryczny,135125,2019,Automatyczna
Cupra,Cupra Formentor VZ 2.0 TSI 4Drive DSG,119999,PLN,Benzyna,81800,2020,Automatyczna
Hyundai,Hyundai Kona 1.0 T-GDI Advantage+,44900,PLN,Benzyna,112000,2018,Manualna
Denza,Denza Z9 GT,269000,PLN,Benzyna,18500,2024,Automatyczna
Fiat,Fiat Tipo 1.4 16V More,29900,PLN,Benzyna,108000,2017,Manualna
Toyota,Toyota RAV4 2.0 D-4D 4x4,13900,PLN,Diesel,223759,2004,Manualna
Renault,Renault Megane 1.9 dCi Dynamique,16900,PLN,Diesel,208000,2010,Manualna
Jeep,Jeep Compass 2.0 MJD Limited 4WD S&S,57000,PLN,Diesel,159000,2017,Manualna
Opel,Opel Insignia,13200,PLN,Diesel,195500,2010,Automatyczna
Renault,Renault Trafic,26900,PLN,Diesel,270000,2011,Manualna
Volkswagen,Volkswagen CC,30000,PLN,Benzyna,215000,2014,Automatyczna
Ford,Ford Focus 1.0 EcoBoost ST-Line,28700,PLN,Benzyna,150000,2018,Manualna
Seat,Seat Ateca,90500,PLN,Benzyna,53590,2019,Automatyczna
Mitsubishi,Mitsubishi Outlander 2.2 DID Instyle Navi 4WD,34900,PLN,Diesel,341500,2014,Automatyczna
Mercedes-Benz,Mercedes-Benz Klasa V 250 d 4-Matic Avantgarde 9G-Tronic (d³ugi),182000,PLN,Diesel,130300,2019,Automatyczna
Mitsubishi,Mitsubishi Lancer,20900,PLN,Benzyna,167800,2009,Manualna
Alfa Romeo,Alfa Romeo Giulia,67900,PLN,Diesel,127300,2017,Automatyczna
Nissan,Nissan Juke 1.6 Acenta,27900,PLN,Benzyna,141058,2013,Manualna
Hyundai,Hyundai Veloster,23900,PLN,Benzyna,213100,2012,Automatyczna
Mercedes-Benz,Mercedes-Benz Klasa C AMG 43 4Matic 9G-TRONIC,129900,PLN,Benzyna,76214,2017,Automatyczna
Chevrolet,Chevrolet Cruze,3800,PLN,Diesel,333080,2009,Manualna
Peugeot,Peugeot 208,24000,PLN,Benzyna,101000,2017,Manualna
Volvo,Volvo XC 90 B5 B AWD Ultra Bright 7os,35670,PLN,Benzyna,14600,2025,Automatyczna
Fiat,Fiat Panda,11800,PLN,Benzyna,82000,2011,Manualna
Audi,Audi Q5 Sportback 50 TFSI e Quattro S Line S tronic,209000,PLN,Hybryda Plug-in,24200,2024,Automatyczna
Nissan,Nissan Micra 1.0 N-Way,35900,PLN,Benzyna,98000,2019,Manualna
Chevrolet,Chevrolet Orlando,19900,PLN,Benzyna,252000,2012,Manualna
Volkswagen,Volkswagen Passat 2.0 TDI DPF Sportline,29999,PLN,Diesel,189953,2011,Manualna
Renault,Renault Scenic 1.6 16V TomTom Edition,24500,PLN,Benzyna,89598,2012,Manualna
Aixam,Aixam Inny,9900,PLN,Diesel,21000,1997,Automatyczna
Lexus,Lexus CT 200h Comfort,46200,PLN,Benzyna+LPG,187000,2012,Automatyczna
Nissan,Nissan Qashqai ver-1-5-dci-tekna,26999,PLN,Diesel,167669,2011,Manualna
Renault,Renault Grand Scenic,71000,PLN,Benzyna,131941,2018,Automatyczna
Volvo,Volvo V60 T6 AWD Plug-In Hybrid Inscription,139999,PLN,Hybryda Plug-in,23000,2021,Automatyczna
Skoda,Skoda Octavia 1.9 TDI Ambiente,6000,PLN,Diesel,211372,2005,Manualna
Kia,Kia Rio 1.2 Spirit,23500,PLN,Benzyna,168963,2013,Manualna
Volkswagen,Volkswagen Fox 1.2 Style,6999,PLN,Benzyna,182685,2009,Manualna
Opel,Opel Corsa 1.2 16V Enjoy,3000,PLN,Benzyna,231500,2007,Manualna
Audi,Audi Q3 Sportback 35 TFSI mHEV S tronic,104900,PLN,Benzyna,104000,2021,Automatyczna
Renault,Renault Espace 2.0 dCi Celsium ESM,33500,PLN,Diesel,148056,2014,Manualna
Volkswagen,Volkswagen Golf Plus 2.0 TDI DPF MATCH,25900,PLN,Diesel,184000,2012,Manualna
Opel,Opel Meriva 1.4 Ecoflex Design Edition,23999,PLN,Benzyna,149825,2015,Manualna
BMW,BMW Seria 4 420d xDrive M Sport sport,139000,PLN,Diesel,24000,2025,Automatyczna
Renault,Renault Clio 1.2 TCE Extreme,13900,PLN,Benzyna,225000,2010,Manualna
Renault,Renault Espace 2.0 dCi Initiale ESM,33500,PLN,Diesel,139259,2013,Automatyczna
Peugeot,Peugeot 107 70 Black&Silver,10800,PLN,Benzyna,142852,2012,Manualna
Nissan,Nissan Juke 1.0 DIG-T Tekna DCT,64900,PLN,Benzyna,43100,2020,Automatyczna
Audi,Audi A3 Limousine,49000,PLN,Diesel,161732,2016,Manualna
Seat,Seat Leon 2.0 TDI DPF Start&Stop DSG FR,44000,PLN,Diesel,238000,2016,Automatyczna
Opel,Opel Zafira 2.0 CDTI Cosmo,19999,PLN,Diesel,225007,2012,Manualna
Ford,Ford Kuga,14900,PLN,Diesel,320000,2010,Manualna
Citroën,Citroën Berlingo M 1.5 BlueHDI Live,45000,PLN,Diesel,181350,2018,Manualna
Volkswagen,Volkswagen Passat 2.0 TDI (BlueMotion Technology) DSG Comfortline,64000,PLN,Diesel,181000,2022,Automatyczna
Citroën,Citroën Berlingo 1.4i Advance,8500,PLN,Benzyna,224085,2007,Manualna
Audi,Audi A3 3-drzwiowe 1.4 TFSI S line Sportpaket,19900,PLN,Benzyna,176000,2013,Manualna
Fiat,Fiat Freemont 2.0 Multijet,22800,PLN,Diesel,231000,2012,Manualna
Chevrolet,Chevrolet Aveo 1.2 16V LS Design+,6500,PLN,Benzyna,160407,2008,Manualna
BMW,BMW Seria 1,14900,PLN,Benzyna,285000,2005,Manualna
Mercedes-Benz,Mercedes-Benz Klasa B 200 d 7G-DCT Edition,27700,PLN,Diesel,56000,2018,Automatyczna
Mercedes-Benz,Mercedes-Benz GLC,169000,PLN,Hybryda Plug-in,101582,2021,Automatyczna
Ford,Ford S-Max 2.0 TDCi DPF Titanium,23900,PLN,Diesel,292600,2012,Manualna
Ford,Ford Focus 2.0 EcoBoost ST mit Leder-Sport-Paket,43500,PLN,Benzyna,147000,2013,Manualna
Skoda,Skoda Superb,104900,PLN,Diesel,118100,2022,Automatyczna
Toyota,Toyota Hilux 3.0 D-4D Invincible,69000,PLN,Diesel,222000,2011,Automatyczna
Seat,Seat Ibiza,77900,PLN,Benzyna,14500,2025,Manualna
Renault,Renault Laguna,28900,PLN,Benzyna,167150,2014,Manualna
Volkswagen,Volkswagen Caravelle,157900,PLN,Diesel,62500,2022,Manualna
Seat,Seat Alhambra,49900,PLN,Diesel,222900,2014,Automatyczna
Kia,Kia Sportage,106500,PLN,Benzyna,75300,2023,Automatyczna
Fiat,Fiat Freemont,28900,PLN,Diesel,226950,2013,Automatyczna
Toyota,Toyota Yaris,74900,PLN,Hybryda,55500,2023,Automatyczna
Skoda,Skoda Fabia,68900,PLN,Benzyna,70485,2023,Manualna
Skoda,Skoda Kamiq,81900,PLN,Benzyna,42500,2022,Automatyczna
Ford,Ford Kuga,82900,PLN,Benzyna,76300,2022,Manualna
Ford,Ford Kuga,51900,PLN,Diesel,155500,2017,Automatyczna
Seat,Seat Tarraco,89500,PLN,Benzyna,77860,2022,Manualna
Kia,Kia Ceed,96500,PLN,Benzyna,96500,2022,Manualna
Seat,Seat Ibiza,53900,PLN,Benzyna,83500,2022,Manualna
Alfa Romeo,Alfa Romeo Giulietta,10500,PLN,Diesel,224722,2012,Manualna
Mercedes-Benz,Mercedes-Benz GLK 220 CDI DPF 4Matic BlueEFFICIENCY 7G-TRONIC,16600,PLN,Diesel,99000,2009,Automatyczna
BMW,BMW Seria 3 318i Advantage,54900,PLN,Benzyna,131000,2018,Automatyczna
Citroën,Citroën C5,7500,PLN,Diesel,412330,2006,Manualna
Audi,Audi A4 Avant 40 TDI S tronic design,73700,PLN,Diesel,99500,2017,Automatyczna
Kia,Kia Sportage,71900,PLN,Benzyna,47000,2021,Automatyczna
Skoda,Skoda Octavia,17000,PLN,Diesel,345000,2011,Manualna
Ford,Ford Fiesta 1.6 Ti-VCT Ghia,12900,PLN,Benzyna,154000,2010,Manualna
Mercedes-Benz,Mercedes-Benz Klasa C,129900,PLN,Benzyna,81200,2021,Automatyczna
Toyota,Toyota Auris 1.6 VVT-i Executive,17400,PLN,Benzyna,180000,2008,Manualna
Audi,Audi A4 Avant,108900,PLN,Benzyna,89300,2023,Automatyczna
Ford,Ford Mondeo 1.8 TDCi Ambiente,2900,PLN,Diesel,220000,2010,Manualna
Renault,Renault Captur ENERGY TCe 90 Start&Stop Experience,21800,PLN,Benzyna,105000,2018,Manualna
Ford,Ford Puma 1.0 EcoBoost Hybrid ST-LINE,65900,PLN,Benzyna,67000,2022,Manualna
Ford,Ford Focus 2.0 EcoBoost ST mit Leder-Sport-Paket,46500,PLN,Benzyna,154020,2014,Manualna
Mercedes-Benz,Mercedes-Benz GLA 250 AMG Line,112500,PLN,Benzyna,92508,2022,Automatyczna
Ford,Ford Kuga 2.0 TDCi 2x4 Trend,19400,PLN,Diesel,228000,2014,Manualna
Mercedes-Benz,Mercedes-Benz CL 63 AMG 7G-TRONIC,79900,PLN,Benzyna,164000,2008,Automatyczna
Volvo,Volvo XC 90 T8 AWD Plug-In Hybrid Ultimate Bright 7os,234900,PLN,Hybryda Plug-in,98000,2022,Automatyczna
Audi,Audi A3 Sportback,29999,PLN,Diesel,264000,2011,Automatyczna
Ford,Ford Focus 2.0 EcoBoost ST mit Leder-Exclusiv-Paket,60800,PLN,Benzyna,147091,2015,Manualna
Audi,Audi A5 Sportback 2.0 TDI DPF quattro,44500,PLN,Diesel,197090,2010,Manualna
Dacia,Dacia Duster TCe 130 2WD GPF Prestige,49900,PLN,Benzyna,118000,2019,Manualna
Dacia,Dacia Duster TCe 125 2WD Prestige,29900,PLN,Benzyna,69000,2016,Manualna
Volvo,Volvo 340,8500,PLN,Benzyna,146634,1983,Manualna
Audi,Audi A1 3-drzwiowe 1.6 TDI admired,18600,PLN,Diesel,197000,2011,Manualna
Mercedes-Benz,Mercedes-Benz Klasa E AMG 53 4Matic+ AMG Speedshift TCT-9G,109000,PLN,Benzyna,165000,2019,Automatyczna
Ford,Ford Fiesta 1.25 Champions Edition,19900,PLN,Benzyna,166000,2014,Manualna
Ford,Ford Kuga 1.5 EcoBoost FWD Edition ASS GPF,65000,PLN,Benzyna+LPG,102000,2018,Manualna
Volvo,Volvo XC 60 B4 D AWD Ultimate Dark,199900,PLN,Diesel,66000,2023,Automatyczna
Ford,Ford Focus 2.0 EcoBoost ST mit Leder-Sport-Paket,66800,PLN,Benzyna,151657,2017,Manualna
Skoda,Skoda Fabia 1.2 TSI Comfort,12900,PLN,Benzyna,139000,2010,Manualna
Ford,Ford Fiesta,26900,PLN,Benzyna,165000,2014,Manualna
BMW,BMW Seria 7,249000,PLN,Benzyna,150000,2017,Automatyczna
BMW,BMW Seria 5 520d xDrive,46900,PLN,Diesel,237188,2016,Automatyczna
Skoda,Skoda Roomster 1.9 TDI,2000,PLN,Diesel,450000,2008,Manualna
Kia,Kia Sportage,69900,PLN,Diesel,158000,2022,Manualna
MINI,MINI ONE,55000,PLN,Benzyna,133000,2019,Manualna
Peugeot,Peugeot 308,38500,PLN,Diesel,150000,2018,Manualna
Ford,Ford S-Max 2.0 TDCi Ambiente,12500,PLN,Diesel,273000,2008,Manualna
Ford,Ford Focus,58500,PLN,Benzyna,165714,2018,Manualna
Ford,Ford Focus,57800,PLN,Benzyna,180600,2017,Manualna
Kia,Kia Soul,14444,PLN,Benzyna,168000,2009,Manualna
Volvo,Volvo XC 40 B4 B AWD Momentum,103000,PLN,Benzyna,69362,2021,Automatyczna
Ford,Ford Fiesta 1.5 TDCi S&S ST-LINE,46000,PLN,Diesel,110000,2018,Manualna
Mazda,Mazda CX-3 SKYACTIV-D 105 FWD Exclusive-Line,43500,PLN,Diesel,163000,2015,Manualna
Alfa Romeo,Alfa Romeo Giulia 2.2 AT8 Executive,56000,PLN,Diesel,110000,2017,Automatyczna
Mercedes-Benz,Mercedes-Benz GLC 200 mHEV 4-Matic AMG Line,249600,PLN,Benzyna,12480,2024,Automatyczna
Volvo,Volvo C30 D4 RDesign,41700,PLN,Diesel,179000,2011,Manualna
Opel,Opel Astra 1.6 Cosmo EU6,28500,PLN,Benzyna,84000,2015,Manualna
Mercedes-Benz,Mercedes-Benz GLB 200 d 4-Matic AMG Line 8G-DCT,122000,PLN,Diesel,123000,2020,Automatyczna
Peugeot,Peugeot 307 1.6 HDi,3550,PLN,Diesel,330743,2006,Manualna
Renault,Renault Clio 1.2 16V Alize Euro5,11400,PLN,Benzyna,185000,2012,Manualna
Porsche,Porsche 911,199900,PLN,Benzyna,82618,2005,Automatyczna
Peugeot,Peugeot 308 BlueHDi 130 Stop & Start Active,64900,PLN,Diesel,78000,2022,Manualna
Cupra,Cupra Ateca 2.0 TSI 4Drive DSG Limited Edition,57900,PLN,Benzyna,67000,2020,Automatyczna
BMW,BMW Seria 4,78900,PLN,Diesel,154000,2019,Automatyczna
Honda,Honda HR-V 1.5 Elegance (ADAS) CVT,59999,PLN,Benzyna,100270,2017,Automatyczna
Opel,Opel Astra 1.4 T Essentia,29950,PLN,Benzyna,159000,2015,Manualna
Ford,Ford Mondeo 2.0 TDCi Titanium,15900,PLN,Diesel,249000,2010,Manualna
Ford,Ford S-Max 2.0 TDCi DPF Titanium,26900,PLN,Diesel,279950,2014,Manualna
Volvo,Volvo XC 60 B4 D AWD Momentum,83700,PLN,Diesel,135000,2021,Automatyczna
Chevrolet,Chevrolet Cruze 1.4 T LT,9500,PLN,Benzyna,178819,2012,Manualna
Opel,Opel Astra 1.6 Catch me,8900,PLN,Benzyna+LPG,237000,2006,Manualna
Audi,Audi A4 Avant,6900,PLN,Benzyna,319000,2005,Automatyczna
Opel,Opel Meriva 1.4 T Cosmo,35900,PLN,Benzyna,106788,2016,Automatyczna
Mitsubishi,Mitsubishi Eclipse Cross 1.5 T Intense CVT,58900,PLN,Benzyna,157000,2018,Automatyczna
Renault,Renault Laguna dCi 175 FAP GT,21900,PLN,Diesel,238622,2012,Automatyczna
Ford,Ford Focus 1.0 EcoBoost Start-Stopp-System COOL&CONNECT,22500,PLN,Benzyna,165000,2017,Manualna
Renault,Renault Grand Scenic,29999,PLN,Benzyna,159000,2014,Manualna
Opel,Opel Mokka 1.6 Cosmo S&S,34900,PLN,Benzyna,149000,2016,Manualna
Ford,Ford Focus 1.6 EcoBoost Titanium,17900,PLN,Benzyna,160800,2012,Manualna
BMW,BMW Seria 4 435d xDrive Sport-Aut M Sport,69990,PLN,Diesel,187500,2014,Automatyczna
Renault,Renault Megane TCe 115 GPF ZEN,44900,PLN,Benzyna,137912,2022,Manualna
Ford,Ford Fiesta 1.25 Ambiente,13500,PLN,Benzyna,182000,2010,Manualna
Ford,Ford Focus 1.0 EcoBoost Titanium ASS,12000,PLN,Benzyna,164544,2013,Manualna
Ford,Ford B-MAX 1.0 EcoBoost Individual,19000,PLN,Benzyna,140000,2013,Manualna
Renault,Renault Captur,31500,PLN,Benzyna,153000,2017,Automatyczna
BMW,BMW Seria 2 220i Sport-Aut Sport Line,21900,PLN,Benzyna,103511,2019,Automatyczna
Volkswagen,Volkswagen Golf 1.2 TSI Trendline,13000,PLN,Benzyna,210000,2010,Manualna
Volkswagen,Volkswagen Touran,8800,PLN,Benzyna,303000,2003,Manualna
MINI,MINI Clubman Cooper,44900,PLN,Benzyna,169601,2017,Automatyczna
Volkswagen,Volkswagen Caddy,25900,PLN,Diesel,318236,2014,Manualna
BMW,BMW Seria 3 320d xDrive M Sport Shadow,189800,PLN,Diesel,45000,2024,Automatyczna
Kia,Kia Rio 1.0 T-GDI MHEV GT Line,45990,PLN,Benzyna,75953,2021,Manualna
BMW,BMW Seria 5 520d xDrive,222800,PLN,Diesel,72000,2024,Automatyczna
Renault,Renault Megane 1.2 16V TCe Energy Limited,15700,PLN,Benzyna,180000,2013,Manualna
Suzuki,Suzuki Vitara 1.4 Boosterjet XLED Sun 4WD,69900,PLN,Benzyna,104000,2020,Manualna
Skoda,Skoda Octavia 2.0 TDI Ambition DSG,70970,PLN,Diesel,148836,2022,Automatyczna
Opel,Opel Astra,8400,PLN,Benzyna,195000,2009,Manualna
Renault,Renault Grand Scenic Energy dCi 130 Start & Stop Bose Edition,19900,PLN,Diesel,280001,2012,Manualna
Opel,Opel Astra 1.7 CDTI DPF Sport,14000,PLN,Diesel,180000,2012,Manualna
Skoda,Skoda Fabia,26500,PLN,Benzyna,155025,2017,Manualna
Toyota,Toyota Proace Verso,153840,PLN,Diesel,63088,2024,Manualna
Kia,Kia Ceed 1.6 GDI Fifa World Cup Edition,36900,PLN,Benzyna,156000,2016,Manualna
Honda,Honda Civic 1.8 Comfort,16000,PLN,Benzyna,260000,2009,Manualna
BMW,BMW Seria 4 420d xDrive M Sport sport,239800,PLN,Diesel,14700,2025,Automatyczna
Hyundai,Hyundai i30 1.6 Premium,31900,PLN,Benzyna,145730,2015,Manualna
Citroën,Citroën C5 Aircross 1.6 PHEV 225 Shine Pack EAT8,74700,PLN,Hybryda Plug-in,148400,2022,Automatyczna
Renault,Renault Megane,4000,PLN,Diesel,246000,2005,Manualna
Opel,Opel Meriva,14000,PLN,Benzyna,181000,2011,Manualna
Jeep,Jeep Grand Cherokee,95400,PLN,Benzyna,174841,2017,Automatyczna
Renault,Renault Clio Energy TCe 90 Start & Stop 99g Eco-Drive,20900,PLN,Benzyna,156032,2013,Manualna
Hyundai,Hyundai ix35 2.0 CRDi 4WD Premium,38900,PLN,Diesel,150000,2014,Manualna
Kia,Kia Ceed 1.6 GDI Dream Team Edition,31900,PLN,Benzyna,170000,2015,Manualna
BMW,BMW X2,96900,PLN,Diesel,85000,2022,Automatyczna
Opel,Opel Insignia 2.0 CDTI Edition,31000,PLN,Diesel,179797,2016,Automatyczna
Opel,Opel Mokka 1.4 Turbo ecoFLEX Start/Stop Color Innovation,42900,PLN,Benzyna,80617,2015,Manualna
Toyota,Toyota Avensis 2.0 Prestige MS,44500,PLN,Benzyna+LPG,204764,2016,Automatyczna
Volvo,Volvo V60 B4 D Inscription,68000,PLN,Diesel,209000,2020,Automatyczna
Lancia,Lancia Ypsilon,6999,PLN,Benzyna,115000,2007,Manualna
Mitsubishi,Mitsubishi Outlander,17999,PLN,Diesel,178000,2009,Manualna
Abarth,Abarth 500 ver-1-4-16v-t--jet-abarth,34000,PLN,Benzyna,154735,2016,Manualna
Citroën,Citroën DS3,21500,PLN,Benzyna,98000,2013,Manualna
Land Rover,Land Rover Range Rover Velar 2.0 Si4 GPF R-Dynamic SE,137700,PLN,Benzyna,95000,2018,Automatyczna
Renault,Renault Modus 1.2 16V Alize,4500,PLN,Benzyna,188755,2005,Manualna
Ford,Ford Fiesta 1.5 EcoBoost ST2 ASS,56666,PLN,Benzyna,110000,2019,Manualna
Ford,Ford EcoSport 1.0 EcoBoost Titanium ASS,56600,PLN,Benzyna,79200,2020,Manualna
Ford,Ford EcoSport,28800,PLN,Benzyna,69600,2016,Manualna
BMW,BMW X1 xDrive20i M Sport,97500,PLN,Benzyna,72000,2019,Automatyczna
BMW,BMW Seria 3 318 Ci Edition Exclusive,24900,PLN,Benzyna,232555,2004,Manualna
Ford,Ford Focus 1.5 EcoBlue Start-Stopp-System ACTIVE X,52999,PLN,Diesel,161000,2021,Automatyczna
Skoda,Skoda Fabia 1.4 TDI DSG Ambition,29700,PLN,Diesel,169000,2016,Automatyczna
Peugeot,Peugeot 208 PureTech 100 Allure,46999,PLN,Benzyna,56000,2023,Manualna
Ford,Ford EcoSport 1.0 EcoBoost ST-Line Black ASS,49900,PLN,Benzyna,58200,2020,Manualna
Mazda,Mazda 6 Sport 2.0 Dynamic,14900,PLN,Benzyna,239500,2008,Manualna
Opel,Opel Grandland X 1.2 Start/Stop Automatik INNOVATION,52999,PLN,Benzyna,134000,2020,Automatyczna
Ford,Ford C-MAX 1.6 Ti-VCT Ambiente,14999,PLN,Benzyna,239000,2011,Manualna
Nissan,Nissan Qashqai 1.3 DIG-T N-Connecta,59999,PLN,Benzyna,81000,2019,Manualna
Audi,Audi A4 Avant 1.8 TFSI Prime Line,24700,PLN,Benzyna,162000,2010,Manualna
Peugeot,Peugeot 208 BlueHDi 100 Active,26700,PLN,Diesel,87026,2018,Manualna
Ford,Ford B-MAX 1.0 EcoBoost Titanium EU6,22900,PLN,Benzyna,140000,2015,Manualna
Fiat,Fiat Panda 1.0 GSE Hybrid GARMIN,49700,PLN,Benzyna,20000,2023,Manualna
Citroën,Citroën C3 Pure Tech 83 S&S SHINE PACK,41999,PLN,Benzyna,50000,2023,Manualna
Renault,Renault Megane ENERGY TCe 115 Start & Stop Bose Edition,20999,PLN,Benzyna,121000,2013,Manualna
Peugeot,Peugeot 308 1.5 BlueHDi Active Pack S&S,52999,PLN,Diesel,147000,2022,Manualna
Opel,Opel Mokka,32999,PLN,Diesel,220000,2018,Manualna
Renault,Renault Scenic,46999,PLN,Diesel,198000,2021,Automatyczna
Skoda,Skoda Fabia 1.0 MPI Active,33999,PLN,Benzyna,69000,2019,Manualna
Opel,Opel Grandland X 1.2 Start/Stop Business INNOVATION,61999,PLN,Benzyna,130000,2022,Manualna
Hyundai,Hyundai ix35 1.7 CRDi Premium 2WD,33999,PLN,Diesel,194000,2015,Manualna
Renault,Renault Megane 1.4 16V TCE Bose Edition,19999,PLN,Benzyna,199000,2013,Manualna
Suzuki,Suzuki Ignis 1.3 Comfort,9999,PLN,Benzyna,154000,2005,Manualna
Renault,Renault Megane ENERGY dCi 130 BOSE EDITION,34999,PLN,Diesel,188000,2017,Manualna
Renault,Renault Scenic ENERGY dCi 110 EDC LIMITED,41999,PLN,Diesel,198000,2018,Automatyczna
Renault,Renault Megane 1.2 16V TCe Limited EDC EU6,25999,PLN,Benzyna,123000,2015,Automatyczna
Ford,Ford B-MAX 1.0 EcoBoost Trend,16999,PLN,Benzyna,165000,2014,Manualna
Peugeot,Peugeot 3008 225 e-EAT8 GT Pack,77600,PLN,Hybryda Plug-in,164000,2021,Automatyczna
Ford,Ford B-MAX,22900,PLN,Benzyna,161702,2015,Manualna
Renault,Renault Kadjar 1.5 dCi Energy Limited,40999,PLN,Diesel,136000,2016,Manualna
BMW,BMW Seria 4 418d Luxury Line,55999,PLN,Diesel,198000,2017,Automatyczna
Renault,Renault Arkana E-TECH 145 R.S.LINE,87999,PLN,Hybryda,25000,2023,Automatyczna
DS Automobiles,DS Automobiles DS 3 Crossback 1.2 PureTech Bastille,41999,PLN,Benzyna,121000,2019,Manualna
DS Automobiles,DS Automobiles DS 7 Crossback 1.6 PureTech Rivoli,77999,PLN,Benzyna,146000,2021,Automatyczna
Ford,Ford Fiesta 1.0 EcoBoost S&S TITANIUM,39999,PLN,Benzyna,125000,2022,Manualna
Ford,Ford Puma 1.0 EcoBoost TITANIUM,59999,PLN,Benzyna,44000,2024,Manualna
Alfa Romeo,Alfa Romeo Giulietta 2.0 JTDM 16V Turismo,19999,PLN,Diesel,199000,2011,Manualna
DS Automobiles,DS Automobiles DS 5,39999,PLN,Diesel,202000,2016,Manualna
Peugeot,Peugeot 208 PureTech 100 EAT8 GT,56999,PLN,Benzyna,55000,2021,Automatyczna
MINI,MINI Countryman Cooper S All4,29900,PLN,Benzyna,145000,2011,Manualna
Peugeot,Peugeot 508 BlueHDi 130 EAT8 Allure,57999,PLN,Diesel,150000,2020,Automatyczna
Ford,Ford Fiesta 1.1 COOL&CONNECT,31900,PLN,Benzyna,104798,2019,Manualna
Kia,"Kia Sportage 2,0 CRDI AWD Vision",40999,PLN,Diesel,173000,2015,Manualna
BMW,BMW Seria 5 520d xDrive,239777,PLN,Diesel,29000,2025,Automatyczna
Ford,Ford Fiesta 1.25 Trend,21000,PLN,Benzyna,176000,2015,Manualna
Lexus,Lexus NX 200t,78700,PLN,Benzyna,183017,2015,Automatyczna
Opel,Opel Mokka X,48000,PLN,Benzyna,85165,2016,Manualna
Renault,Renault Clio TCe 90 TECHNO,52500,PLN,Benzyna,42700,2022,Manualna
Skoda,Skoda Fabia 1.0 TSI Cool Plus,26900,PLN,Benzyna,142350,2017,Manualna
Opel,Opel Mokka 1.4 T Cosmo EU6,38900,PLN,Benzyna+LPG,127000,2016,Manualna
Ford,Ford C-MAX 1.8 Trend,12900,PLN,Benzyna,229222,2010,Manualna
Opel,Opel Astra 1.4 T Enjoy,33500,PLN,Benzyna,129232,2016,Manualna
Hyundai,Hyundai ix35 2.0 CRDi 4WD Premium,32900,PLN,Diesel,176300,2012,Manualna
Toyota,Toyota Corolla 2.0 Hybrid Comfort,89900,PLN,Hybryda,85000,2021,Automatyczna
Opel,Opel Mokka X 1.4 (ecoFLEX) ECOTEC Start/Stop Edition,47900,PLN,Benzyna,121000,2017,Manualna
Kia,Kia Sportage 1.6 GDI 2WD DREAM-TEAM EDITION,69900,PLN,Benzyna,101000,2020,Manualna
Audi,Audi A4 Avant 2.0 TDI DPF quattro S line Sportpaket,44900,PLN,Diesel,258000,2015,Manualna
Audi,Audi A3 Sportback 1.6 TDI DPF Ambiente,19999,PLN,Diesel,251515,2009,Manualna
BMW,BMW X1,65000,PLN,Diesel,175013,2015,Automatyczna
Ford,Ford Kuga 2.0 TDCi 4x4 ST-Line,64900,PLN,Diesel,167000,2017,Manualna
Jeep,Jeep Compass 2.0 MultiJet Active Drive Automatik Limited,57800,PLN,Diesel,179000,2020,Automatyczna
Toyota,Toyota Corolla,73999,PLN,Hybryda,60259,2019,Automatyczna
Suzuki,Suzuki Jimny,2500,PLN,Benzyna,185000,2002,Manualna
Mazda,Mazda CX-5 e-SKYACTIV-G 141 AWD Centre-Line,172200,PLN,Benzyna,2,2026,Automatyczna
Opel,Opel Zafira Tourer 1.4 Turbo Active,23000,PLN,Benzyna+LPG,227000,2012,Manualna
Kia,Kia Ceed 1.4 CVVT Spirit,34990,PLN,Benzyna,150000,2013,Manualna
Audi,Audi Q7 3.0 TDI DPF clean diesel Quattro Tiptronic,39900,PLN,Diesel,230000,2009,Automatyczna
BMW,BMW Seria 5 520d Luxury Line,95000,PLN,Diesel,177687,2021,Automatyczna
BMW,BMW Z4,28500,PLN,Benzyna,234789,2008,Manualna
Peugeot,Peugeot 3008 BlueHDi 130 Stop & Start EAT8 Allure Pack,69999,PLN,Diesel,139993,2022,Automatyczna
Peugeot,Peugeot 5008 BlueHDi 130 Active Pack,69900,PLN,Diesel,149998,2021,Manualna
Skoda,Skoda Superb 1.5 TSI ACT DSG Style,31500,PLN,Benzyna,111800,2018,Automatyczna
Mazda,Mazda CX-30 SKYACTIV-X 2.0 M-Hybrid 100th Anniversary,64999,PLN,Benzyna,159996,2021,Manualna
Skoda,Skoda Octavia 1.6 TDI Ambition,16950,PLN,Diesel,364320,2014,Manualna
Lexus,Lexus UX 250h GPF F Sport AWD,126900,PLN,Hybryda,68149,2021,Automatyczna
Audi,Audi A7 Sportback 55 TFSI mHEV Quattro S tronic,89000,PLN,Benzyna,47000,2020,Automatyczna
Mercedes-Benz,Mercedes-Benz CLA 45 AMG 4Matic 7G-DCT,37500,PLN,Benzyna,70266,2016,Automatyczna
Mercedes-Benz,Mercedes-Benz CLS 300 d 9G-TRONIC AMG Line,57900,PLN,Diesel,85343,2020,Automatyczna
Mercedes-Benz,Mercedes-Benz Klasa S 560 4Matic 9G-TRONIC,49000,PLN,Benzyna,117000,2019,Automatyczna
Toyota,Toyota GR86 2.4 Dynamic,49199,PLN,Benzyna,17185,2023,Automatyczna
Citroën,Citroën C4 Picasso 1.6 HDi X,19700,PLN,Diesel,153000,2012,Manualna
Fiat,Fiat Croma 1.9 JTD Dynamic,10500,PLN,Diesel,256988,2012,Manualna
Ford,Ford Mondeo,13900,PLN,Benzyna,216000,2008,Manualna
Mazda,Mazda CX-5 e-SKYACTIV-G 141 AWD Exclusive-Line,180200,PLN,Benzyna,2,2026,Automatyczna
Volkswagen,Volkswagen Arteon Shooting Brake 2.0 TDI SCR 4Motion DSG Elegance,99876,PLN,Diesel,173214,2022,Automatyczna
Ford,Ford Mondeo 2.2 TDCi Black Magic,13999,PLN,Diesel,256900,2010,Manualna
Skoda,Skoda Kamiq 1.0 TSI Selection DSG,39800,PLN,Benzyna,82500,2024,Automatyczna
Kia,Kia XCeed 1.6 CRDi EDITION 7,64999,PLN,Diesel,74384,2020,Manualna
Opel,Opel Astra 1.5 D Start/Stop Automatik Design&Tech,47999,PLN,Diesel,99874,2022,Automatyczna
Volkswagen,Volkswagen Multivan 2.0 BiTDI L1 Highline,93777,PLN,Diesel,177000,2015,Manualna
Volkswagen,Volkswagen up!,35500,PLN,Benzyna,56964,2019,Manualna
Mercedes-Benz,Mercedes-Benz CLS,44000,PLN,Benzyna,266754,2006,Automatyczna
Opel,Opel Vectra,4000,PLN,Diesel,380000,2005,Manualna
Peugeot,Peugeot 2008 BlueHDi 110 Active,52999,PLN,Diesel,152474,2021,Manualna
Toyota,Toyota Corolla 1.8 Hybrid Comfort,52900,PLN,Hybryda,278000,2020,Automatyczna
Renault,Renault Kadjar Energy TCe 130 Life,33999,PLN,Benzyna,99874,2016,Manualna
Audi,Audi A4 Avant 40 TFSI mHEV Quattro Advanced S tronic,107899,PLN,Benzyna,89000,2023,Automatyczna
Ford,Ford Kuga 1.5 EcoBoost FWD Titanium ASS,38900,PLN,Benzyna,185747,2016,Manualna
Toyota,Toyota Avensis,4300,PLN,Benzyna,313000,2004,Manualna
Fiat,Fiat Tipo,36900,PLN,Diesel,190000,2019,Manualna
BMW,BMW X4 xDrive20d mHEV sport,174900,PLN,Diesel,78300,2023,Automatyczna
BMW,BMW X1 xDrive20d mHEV M Sport sport,174800,PLN,Diesel,47000,2024,Automatyczna
Peugeot,Peugeot 308 1.5 BlueHDi Allure S&S EAT8,69990,PLN,Diesel,124000,2022,Automatyczna
Volvo,Volvo XC 60,249900,PLN,Benzyna,20676,2025,Automatyczna
Ford,Ford Focus 1.6 TDCi Ambiente DPF,3300,PLN,Diesel,395000,2007,Manualna
Ford,Ford Focus 1.6 Trend,6500,PLN,Benzyna,235000,2007,Manualna
Renault,Renault Grand Espace Gr 2.0T Privilege,44900,PLN,Benzyna,333250,2013,Manualna
Land Rover,Land Rover Range Rover Evoque 2.0TD4 SE Dynamic,59999,PLN,Diesel,166000,2017,Automatyczna
Volkswagen,Volkswagen Passat Variant 2.0 TDI EVO Elegance DSG,142900,PLN,Diesel,56179,2024,Automatyczna
Volkswagen,Volkswagen Tiguan 2.0 TSI 4Mot R-Line DSG,188900,PLN,Benzyna,7739,2025,Automatyczna
Suzuki,Suzuki Jimny 1.5 Premium,124000,PLN,Benzyna,25600,2024,Manualna
Suzuki,Suzuki Grand Vitara 1.9 DDiS De Luxe,15800,PLN,Diesel,220000,2007,Manualna
Hyundai,Hyundai Tucson 1.6 Turbo 4WD DCT Premium,74900,PLN,Benzyna,100980,2020,Automatyczna
Nissan,Nissan Qashqai 1.2 DIG-T Xtronic TEKNA+,39800,PLN,Benzyna,160777,2016,Automatyczna
Opel,Opel Astra 1.0 Turbo Start/Stop Active,28900,PLN,Benzyna,157190,2017,Manualna
Suzuki,Suzuki Vitara,72000,PLN,Benzyna,30771,2023,Manualna
Dacia,Dacia Sandero 1.2 16V 75 Live,6600,PLN,Benzyna,200000,2010,Manualna
Skoda,Skoda Octavia,64900,PLN,Benzyna,128000,2019,Automatyczna
BMW,BMW Seria 3,202950,PLN,Hybryda Plug-in,59000,2024,Automatyczna
Volvo,Volvo V40 T3 Drive-E Ocean Race,15000,PLN,Benzyna,157000,2016,Manualna
Ford,Ford KA 1.2 Start-Stopp-System Champions Edition,12500,PLN,Benzyna,169800,2011,Manualna
Audi,Audi A3 3-drzwiowe 2.0 TDI Ambiente,12000,PLN,Diesel,280000,2008,Manualna
Renault,Renault Captur 1.2 Energy TCe Intens EDC EU6,29900,PLN,Benzyna,160000,2016,Automatyczna
BMW,BMW X5 xDrive40i mHEV sport,345900,PLN,Benzyna,28235,2023,Automatyczna
Opel,Opel Mokka X,42900,PLN,Benzyna,140000,2019,Manualna
Mazda,Mazda 6 SKYACTIV-G 165 Exclusive-Line,37500,PLN,Benzyna,246251,2014,Manualna
Skoda,Skoda Octavia 1.5 TSI mHEV Drive Selection DSG,134900,PLN,Benzyna,5,2026,Automatyczna
Jaguar,Jaguar XE D180 R-Dynamic S,39900,PLN,Diesel,263100,2016,Automatyczna
Toyota,Toyota Corolla 1.8 Hybrid GPF Comfort,34900,PLN,Hybryda,89600,2020,Automatyczna
Audi,Audi Q4 e-tron,248247,PLN,Elektryczny,1,2026,Automatyczna
Opel,Opel Astra,6000,PLN,Diesel,299980,2008,Manualna
Alfa Romeo,Alfa Romeo Giulietta 1.6 JTDM 16V Impression,20900,PLN,Diesel,205000,2015,Manualna
Lexus,Lexus RX,311900,PLN,Hybryda,15652,2025,Automatyczna
Renault,Renault Modus 1.2 16V Yahoo,9500,PLN,Benzyna,181906,2011,Manualna
Fiat,Fiat Doblo,14000,PLN,Diesel,180000,2012,Manualna
Renault,Renault Espace 1.2 E-Tech Full Hybrid 200 Iconic MMT 7os,159900,PLN,Hybryda,23500,2025,Automatyczna
Renault,Renault Austral 1.2 E-Tech Full Hybrid 200 Esprit Alpine MMT,149900,PLN,Hybryda,20200,2025,Automatyczna
Renault,Renault Symbioz 1.6 E-Tech Full Hybrid 145 Iconic,114900,PLN,Hybryda,16600,2025,Automatyczna
Audi,Audi A4 Avant 2.0 TDI,7300,PLN,Diesel,279056,2007,Manualna
Dacia,Dacia Jogger 1.6 Full Hybrid 140 Expression MMT,78900,PLN,Hybryda,2690,2025,Automatyczna
Lexus,Lexus UX,193850,PLN,Hybryda,8326,2024,Automatyczna
Renault,Renault Espace 1.2 E-Tech Full Hybrid 200 esprit Alpine MMT 5os,124900,PLN,Hybryda,43100,2023,Automatyczna
Opel,Opel Astra 1.6 Cosmo,23900,PLN,Benzyna,130000,2013,Manualna
Lexus,Lexus RX,349900,PLN,Hybryda,21585,2025,Automatyczna
Renault,Renault Clio 1.2 16V TCE Dwudziestka,17500,PLN,Benzyna,83000,2011,Manualna
BMW,BMW X5 xDrive30d mHEV sport,339900,PLN,Diesel,73226,2024,Automatyczna
Toyota,Toyota Corolla,58500,PLN,Benzyna+CNG,286000,2022,Automatyczna
Citroën,Citroën C4 Picasso 1.6 VTi Seduction,7900,PLN,Benzyna,193099,2009,Manualna
Toyota,Toyota Verso 1.6 5-Sitzer Life,18700,PLN,Benzyna,170100,2009,Manualna
Toyota,Toyota Yaris 1.0 Entry,12500,PLN,Benzyna,72028,2009,Manualna
Hyundai,Hyundai ix20 1.4 Classic,29999,PLN,Benzyna,154062,2014,Manualna
Kia,Kia Stonic 1.0 T-GDI L,58900,PLN,Benzyna,48971,2020,Manualna
Volvo,Volvo V60 D3 Geartronic Inscription,67990,PLN,Diesel,180000,2020,Automatyczna
Suzuki,Suzuki Vitara 1.6 DDiS (4x4) Allgrip Comfort+,37400,PLN,Diesel,235000,2017,Manualna
Opel,Opel Insignia 1.6 CDTI S&S,53900,PLN,Diesel,141401,2018,Manualna
Suzuki,Suzuki Swift 1.2 4x4 Club,21900,PLN,Benzyna,123000,2013,Manualna
Ford,Ford Fiesta,17900,PLN,Benzyna,178508,2014,Manualna
Opel,Opel Astra,17900,PLN,Benzyna,129000,2011,Manualna
Ford,Ford Kuga 2.0 TDCi 4WD Trend,35900,PLN,Diesel,224000,2013,Manualna
BMW,BMW Seria 4 420d xDrive mHEV M Sport,186500,PLN,Diesel,66969,2024,Automatyczna
Land Rover,Land Rover Range Rover Sport,389000,PLN,Benzyna,30430,2021,Automatyczna
Toyota,Toyota Auris 1.6 VVT-i Sol,15500,PLN,Benzyna,180289,2007,Manualna
BMW,BMW Seria 3 318i,10400,PLN,Benzyna,194000,2007,Manualna
Fiat,Fiat Panda 1.2 Classic,22900,PLN,Benzyna,90100,2014,Manualna
Dacia,Dacia Sandero Stepway,52900,PLN,Benzyna,15000,2023,Manualna
Citroën,Citroën C3,43900,PLN,Benzyna,19000,2023,Manualna
Peugeot,Peugeot 2008 PureTech 155 EAT8 GT Pack,60900,PLN,Benzyna,57000,2020,Automatyczna
Renault,Renault Scenic,43900,PLN,Diesel,151000,2016,Manualna
Ligier,Ligier JS50L,42500,PLN,Diesel,26000,2018,Automatyczna
Volkswagen,Volkswagen Golf 2.0 TSI 4Motion R DSG,205000,PLN,Benzyna,27273,2024,Automatyczna
Renault,Renault Captur 0.9 Energy TCe Limited,44500,PLN,Benzyna,43000,2017,Manualna
Toyota,Toyota RAV4,16600,PLN,Diesel,220000,2012,Manualna
Toyota,Toyota Supra GR 3.0,189999,PLN,Benzyna,20000,2022,Automatyczna
Kia,Kia Sportage 1.6 T-GDI L 2WD DCT,127900,PLN,Benzyna,11648,2025,Automatyczna
Audi,Audi RS6 Avant TFSI mHEV Quattro Tiptronic,389000,PLN,Benzyna,19999,2021,Automatyczna
Porsche,Porsche Taycan,316842,PLN,Elektryczny,49400,2022,Automatyczna
Toyota,Toyota C-HR 1.2 T GPF Premium,62850,PLN,Benzyna,87708,2018,Manualna
BMW,BMW X3,259900,PLN,Diesel,5000,2026,Automatyczna
Volkswagen,Volkswagen Golf Sportsvan SV 1.6 TDI BMT Comfortline DSG,35900,PLN,Diesel,211000,2015,Automatyczna
BMW,BMW X5 xDrive30d mHEV sport,319900,PLN,Diesel,29500,2025,Automatyczna
Ford,Ford Mondeo 2.0 TDCi Titanium,7500,PLN,Diesel,302562,2007,Manualna
DS Automobiles,DS Automobiles DS 4 1.6 E-Tense Performance Line +,87700,PLN,Hybryda Plug-in,129680,2022,Automatyczna
Mazda,Mazda CX-30 e-SKYACTIVE X 186 AWD CENTRE-LINE,165500,PLN,Benzyna,2,2026,Automatyczna
Kia,Kia Carens,8900,PLN,Benzyna,270000,2008,Manualna
Toyota,Toyota Corolla 1.6 Classic Plus,34950,PLN,Benzyna,266444,2017,Manualna
Mercedes-Benz,Mercedes-Benz GLA 200 7G-DCT AMG Line,85000,PLN,Benzyna,73000,2018,Automatyczna
Hyundai,Hyundai i30 1.6 CRDi Comfort,8000,PLN,Diesel,317500,2010,Manualna
Mitsubishi,Mitsubishi Colt 1.3 Inform,4000,PLN,Benzyna,195247,2005,Manualna
Peugeot,Peugeot 3008 225 e-EAT8 Allure Pack,73700,PLN,Hybryda Plug-in,152200,2022,Automatyczna
Subaru,Subaru Impreza 2.0i Exclusive (EyeSight) Lineartronic,34950,PLN,Benzyna,256169,2017,Automatyczna
Nissan,Nissan Micra 1.2 N-Tec EU6,21900,PLN,Benzyna,102000,2016,Manualna
Audi,Audi A3 Sportback 2.0 TDI DPF Ambition,27700,PLN,Diesel,240000,2012,Manualna
Mazda,Mazda CX-30 e-SKYACTIVE G 140 EXCLUSIVE-LINE,157200,PLN,Benzyna,2,2026,Automatyczna
Fiat,Fiat Tipo 1.4 16v Pop,32000,PLN,Benzyna,124000,2018,Manualna
Opel,"Opel Vivaro L1H1 2,7t Elegance Business",62999,PLN,Diesel,187233,2016,Manualna
Jeep,Jeep Renegade 2.0 MultiJet Active Drive Limited,47000,PLN,Diesel,135374,2017,Manualna
Opel,Opel Astra 1.7 CDTI DPF Active,10900,PLN,Diesel,300000,2012,Manualna
Peugeot,Peugeot 508 1.6 T Allure,19900,PLN,Benzyna,93100,2014,Manualna
Nissan,Nissan Micra 1.2 30th Anniversary,10900,PLN,Benzyna,88656,2013,Manualna
Volkswagen,Volkswagen up! 1.0 move,14500,PLN,Benzyna,156000,2014,Manualna
Opel,Opel Grandland X 1.2 Start/Stop Design Line,46900,PLN,Benzyna,111000,2018,Manualna
Suzuki,Suzuki Swift 1.3 Comfort XL,11950,PLN,Benzyna,184000,2008,Manualna
Kia,Kia Sportage,68500,PLN,Benzyna,97123,2017,Automatyczna
Peugeot,Peugeot 207,6000,PLN,Diesel,259445,2011,Manualna
Hyundai,Hyundai i20,59000,PLN,Benzyna,15745,2023,Manualna
Kia,Kia Sportage,68500,PLN,Benzyna,89084,2018,Manualna
Opel,Opel Meriva,25000,PLN,Benzyna,155270,2013,Manualna
Toyota,Toyota Corolla,61499,PLN,Benzyna,91547,2022,Manualna
Citroën,Citroën DS4,16500,PLN,Diesel,175865,2013,Manualna
Audi,Audi A4 Limousine,66000,PLN,Diesel,182056,2018,Automatyczna
Jeep,Jeep Renegade,50000,PLN,Benzyna,97528,2019,Manualna
Volkswagen,Volkswagen Passat,11500,PLN,Benzyna,177743,2005,Manualna
Renault,Renault Captur (ENERGY) TCe 90 LIMITED,41800,PLN,Benzyna,125900,2018,Manualna
Mercedes-Benz,Mercedes-Benz GLE,185000,PLN,Diesel,85000,2018,Automatyczna
Mazda,Mazda 3,5000,PLN,Benzyna,280000,2005,Manualna
Toyota,Toyota Corolla 1.8 Hybrid Comfort,99800,PLN,Benzyna+LPG,80146,2023,Automatyczna
Seat,Seat Arona 1.0 TSI GPF FR S&S,57850,PLN,Benzyna,78675,2019,Manualna
Mazda,Mazda CX-30 2.0 mHEV Kanjo 2WD,101850,PLN,Benzyna,25084,2021,Manualna
Opel,Opel Corsa 1.2 T Yes S&S,74900,PLN,Benzyna,2,2026,Manualna
BMW,BMW X3,37000,PLN,Diesel,192297,2013,Manualna
Toyota,Toyota Avensis,25500,PLN,Benzyna,174400,2009,Manualna
Opel,Opel Astra 1.4 Turbo Active,28600,PLN,Benzyna,157000,2015,Manualna
BYD,BYD Seal 6,156219,PLN,Hybryda Plug-in,10,2026,Automatyczna
Toyota,Toyota C-HR 1.8 Hybrid Executive,129900,PLN,Hybryda,22300,2024,Automatyczna
Renault,Renault Twingo SCe 70 Expression,25500,PLN,Benzyna,97000,2017,Manualna
BMW,BMW Seria 3,24900,PLN,Diesel,580000,2007,Manualna
Skoda,Skoda Fabia 1.2 TSI Active,32500,PLN,Benzyna,95500,2017,Manualna
Suzuki,Suzuki Jimny 1.3 Jeans,8900,PLN,Benzyna,180000,1999,Manualna
Peugeot,Peugeot 508 BlueHDi 130 EAT8 Active Pack,63000,PLN,Diesel,137922,2020,Automatyczna
Toyota,Toyota Avensis 2.0 D-4D Sol,13900,PLN,Diesel,241000,2012,Manualna
Volkswagen,Volkswagen Polo 1.2 Trendline,19900,PLN,Benzyna,154066,2013,Manualna
Kia,Kia Rio 1.0 T-GDI 120 Mild-Hybrid DCT7 Platinum,22900,PLN,Benzyna,52000,2023,Automatyczna
Opel,Opel Insignia 2.0 CDTI,16800,PLN,Diesel,298765,2013,Manualna
Peugeot,Peugeot 207 1.4 16V Trendy,7900,PLN,Benzyna,160500,2009,Manualna
MINI,MINI Countryman One D EU6,21999,PLN,Diesel,176111,2011,Manualna
Kia,Kia Soul 1.6 CRDI Automatik Dream-Team Edition,29999,PLN,Diesel,165000,2014,Automatyczna
Kia,Kia Sportage 1.6 CRDI 2WD EDITION 7,27900,PLN,Diesel,124000,2018,Manualna
Volkswagen,Volkswagen Transporter,29900,PLN,Diesel,236000,2007,Automatyczna
Opel,Opel Crossland 1.2 T Edition,48900,PLN,Benzyna,85000,2022,Manualna
Dodge,Dodge Charger 6.4 Scat Pack,139000,PLN,Benzyna,48000,2020,Automatyczna
Mercedes-Benz,Mercedes-Benz Klasa A,29000,PLN,Diesel,204000,2016,Manualna
Volkswagen,Volkswagen Golf,37500,PLN,Diesel,165000,2017,Manualna
Jeep,Jeep Wrangler 2.8 CRD Unlim Rubicon,87500,PLN,Diesel,126016,2011,Automatyczna
Volkswagen,Volkswagen Polo 1.4 TDI (Blue Motion Technology) Comfortline,17900,PLN,Diesel,192000,2016,Manualna
Audi,Audi A3 Sportback,10900,PLN,Diesel,203794,2005,Manualna
Audi,Audi A4 Avant 3.0 TDI Quattro Tiptr,15900,PLN,Diesel,265938,2005,Automatyczna
Volkswagen,Volkswagen Passat,14900,PLN,Diesel,166746,2007,Manualna
Fiat,Fiat Freemont 2.0 Multijet 16V DPF Automatik Allrad Black Code,19900,PLN,Diesel,203000,2012,Automatyczna
Citroën,Citroën C5 2.2 HDi Exclusive,12900,PLN,Diesel,262673,2009,Manualna
Chevrolet,Chevrolet Aveo,13900,PLN,Diesel,107929,2013,Manualna
Ford,Ford Tourneo Courier,34500,PLN,Diesel,200429,2019,Manualna
Fiat,Fiat 500,16900,PLN,Diesel,150464,2011,Manualna
Volvo,Volvo XC 90,18900,PLN,Diesel,330229,2005,Automatyczna
BMW,BMW Seria 3,14900,PLN,Benzyna+LPG,227339,2007,Automatyczna
Audi,Audi A3 3-drzwiowe,9900,PLN,Diesel,240370,2004,Automatyczna
Opel,Opel Adam 1.2 Open Air,26500,PLN,Benzyna,52845,2015,Manualna
Renault,Renault Koleos 2.0 dCi FAP 4x4 Expression,9900,PLN,Diesel,198000,2008,Manualna
Toyota,Toyota Auris,21900,PLN,Benzyna,180000,2011,Manualna
Volkswagen,Volkswagen Golf,37500,PLN,Benzyna,135171,2013,Automatyczna
Ford,Ford Fiesta,13900,PLN,Benzyna,109000,2011,Manualna
Renault,Renault Megane,43900,PLN,Benzyna,126676,2020,Manualna
Fiat,Fiat Panda 1.3 Multijet Easy S&S,34900,PLN,Diesel,67603,2016,Manualna
Skoda,Skoda Roomster,8900,PLN,Benzyna,212000,2008,Manualna
Lexus,Lexus RX 350h Prestige,235000,PLN,Hybryda,24800,2024,Automatyczna
Volkswagen,Volkswagen Polo 1.2 12V Basis,5043,PLN,Benzyna,159682,2002,Manualna
Mercedes-Benz,Mercedes-Benz CLA AMG 45 S 4-Matic+ 8G-DCT,149000,PLN,Benzyna,43450,2023,Automatyczna
BMW,BMW Seria 5 520d xDrive MHEV Sport,129500,PLN,Diesel,151800,2023,Automatyczna
Audi,Audi A3 Sportback,12500,PLN,Diesel,266000,2006,Manualna
Mercedes-Benz,Mercedes-Benz EQE 350 89kWh 4-Matic AMG Line,259900,PLN,Elektryczny,50566,2023,Automatyczna
Bestune,Bestune T77 1.5T Elegance DCT,99000,PLN,Benzyna,2152,2025,Automatyczna
Bestune,Bestune B70,109000,PLN,Benzyna,2800,2025,Automatyczna
Toyota,Toyota Prius+ Hybrid 135 Prestige,52000,PLN,Benzyna+LPG,440000,2018,Automatyczna
Volkswagen,Volkswagen Passat,8800,PLN,Benzyna,134000,2001,Manualna
Skoda,Skoda Superb 1.5 TSI Ambition DSG,59900,PLN,Benzyna,171201,2019,Automatyczna
Bestune,Bestune T90,119000,PLN,Benzyna,2033,2025,Automatyczna
Mazda,Mazda 3 1.6 Active +,7900,PLN,Benzyna,224262,2006,Manualna
Mercedes-Benz,Mercedes-Benz GLA,53000,PLN,Diesel,152000,2015,Manualna
BMW,BMW Seria 1,8200,PLN,Benzyna,288902,2005,Manualna
Mazda,Mazda 3 2.0 mHEV Kai,77850,PLN,Benzyna,87243,2022,Manualna
Citroën,Citroën C5X,69800,PLN,Benzyna,46000,2023,Automatyczna
Citroën,Citroën C4 1.5 BlueHDi Feel Pack S&S,63800,PLN,Diesel,83000,2023,Manualna
Mazda,Mazda CX-30 e-SKYACTIVE X 186 AWD EXCLUSIVE-LINE,158500,PLN,Benzyna,2,2025,Automatyczna
Mitsubishi,Mitsubishi Colt,9500,PLN,Benzyna+LPG,265382,2006,Manualna
Citroën,Citroën C4X,77800,PLN,Benzyna,21000,2024,Automatyczna
Opel,Opel Corsa 1.2 16V Enjoy,13700,PLN,Benzyna,222022,2014,Manualna
Citroën,Citroën C5X,68800,PLN,Benzyna,42000,2023,Automatyczna
Renault,Renault Scenic ENERGY dCi 110 EXPERIENCE,42800,PLN,Diesel,142000,2018,Manualna
Volvo,Volvo V40,34900,PLN,Diesel,169900,2013,Manualna
Kia,Kia Sportage 1.6 GDI L 2WD,44800,PLN,Benzyna,107000,2014,Manualna
Suzuki,Suzuki SX4,45700,PLN,Diesel,203024,2017,Manualna
Mercedes-Benz,Mercedes-Benz Klasa A 250 4Matic 7G-DCT,55900,PLN,Benzyna,193710,2015,Automatyczna
Toyota,Toyota Corolla,65000,PLN,Hybryda,65750,2019,Automatyczna
Dacia,Dacia Jogger,59850,PLN,Benzyna+LPG,71599,2023,Manualna
Opel,Opel Grandland X,64900,PLN,Benzyna,94000,2022,Manualna
BMW,BMW Seria 3,24900,PLN,Diesel,277500,2007,Manualna
Mazda,Mazda CX-7,8000,PLN,Benzyna,180000,2009,Automatyczna
Opel,Opel Zafira Tourer 1.4 Turbo Innovation,27900,PLN,Benzyna,152000,2013,Manualna
Peugeot,Peugeot 208 Blue-HDi 100 Stop&Start Style,23900,PLN,Diesel,158000,2017,Manualna
Ford,Ford Kuga 2.5 Duratec FHEV ST-LINE X,97850,PLN,Hybryda,68965,2023,Automatyczna
BMW,BMW Seria 3 318i Sport Line,52900,PLN,Benzyna,193158,2016,Automatyczna
Renault,Renault Twingo,10900,PLN,Benzyna,138000,2012,Manualna
Renault,Renault Arkana 1.3 TCe mHEV Evolution EDC,89850,PLN,Benzyna,18672,2024,Automatyczna
Ford,Ford Mustang,80000,PLN,Benzyna,136728,2017,Automatyczna
Audi,Audi A6 Avant 45 TFSI mHEV Quattro Sport S tronic,194899,PLN,Benzyna,20000,2025,Automatyczna
Chevrolet,Chevrolet Aveo,12800,PLN,Benzyna,166000,2013,Manualna
Hyundai,Hyundai Tucson,65900,PLN,Diesel,97750,2019,Manualna
Hyundai,Hyundai Tucson,54900,PLN,Benzyna,132503,2016,Manualna
Volvo,Volvo V60 D3 Inscription,64900,PLN,Diesel,295000,2018,Automatyczna
Audi,Audi Q7 3.0 TDI DPF clean diesel Quattro Tiptronic,74500,PLN,Diesel,187000,2012,Automatyczna
Audi,Audi A5 Sportback,40900,PLN,Benzyna,146000,2013,Automatyczna
Ford,Ford Mondeo,73900,PLN,Diesel,132000,2020,Automatyczna
Volvo,Volvo V60 D3 Momentum Pro,75850,PLN,Diesel,135663,2019,Manualna
Alfa Romeo,Alfa Romeo Junior 54kWh,133900,PLN,Elektryczny,1,2026,Automatyczna
Opel,Opel Astra 1.4 Turbo Innovation,44999,PLN,Benzyna,179000,2018,Manualna
BMW,BMW Seria 5 520d,16500,PLN,Diesel,248000,2007,Manualna
Seat,Seat Leon 2.0 TDI DPF DSG Stylance,8999,PLN,Diesel,360820,2006,Automatyczna
Kia,Kia XCeed 1.6 T-GDI XL DCT,68000,PLN,Benzyna,115200,2019,Automatyczna
Skoda,Skoda Octavia 1.4 TSI Ambition,38500,PLN,Benzyna,217000,2018,Manualna
Suzuki,Suzuki SX4 1.9 DDiS 4WD GS / Premium,8000,PLN,Diesel,204991,2006,Manualna
Volvo,Volvo XC 60 D4 Momentum Pro,109900,PLN,Diesel,139365,2020,Automatyczna
DS Automobiles,DS Automobiles N°8 97.2kWh Long Range AWD Pallas,275000,PLN,Elektryczny,3,2025,Automatyczna
Seat,Seat Ibiza 1.4 16V Reference,9500,PLN,Benzyna,182203,2008,Manualna
Volvo,Volvo XC 40,149900,PLN,Benzyna,25390,2025,Automatyczna
Toyota,Toyota C-HR,149900,PLN,Hybryda,33728,2024,Automatyczna
Fiat,Fiat Tipo,26900,PLN,Benzyna,124000,2017,Manualna
Porsche,Porsche Panamera 4S,225000,PLN,Benzyna,95000,2017,Automatyczna
Volkswagen,Volkswagen Golf 1.0 TSI (BlueMotion Technology) DSG Comfortline,67980,PLN,Benzyna,97000,2023,Automatyczna
Volvo,Volvo V60 D4 Momentum,26900,PLN,Diesel,296203,2013,Manualna
Ford,Ford Focus,23900,PLN,Benzyna,108000,2015,Manualna
Audi,Audi A4 Avant 1.6,14000,PLN,Benzyna,260000,2008,Manualna
Saab,Saab 9-5 2.0T Vector,32000,PLN,Benzyna,153000,2010,Manualna
Toyota,Toyota RAV4,83900,PLN,Hybryda,140000,2018,Automatyczna
Nissan,Nissan Leaf 40 kWh Acenta,49500,PLN,Elektryczny,27800,2021,Automatyczna
Ford,Ford Ranger,95900,PLN,Diesel,90000,2021,Automatyczna
Kia,Kia Sportage,59900,PLN,Benzyna,56570,2017,Manualna
Volkswagen,Volkswagen Golf Variant 1.5 TSI BMT Comfortline,43900,PLN,Benzyna,44369,2018,Manualna
Opel,Opel Meriva 1.4 Style,18900,PLN,Benzyna+LPG,212346,2015,Manualna
Fiat,Fiat Panda 1.2 MyLife,30999,PLN,Benzyna,113580,2018,Manualna
BMW,BMW Seria 1 116i Sport Line,24900,PLN,Benzyna,192248,2013,Manualna
Audi,Audi A3 Sportback 1.6 TDI Ambition,23800,PLN,Diesel,230052,2011,Manualna
MINI,MINI Cooper Standard,52900,PLN,Benzyna,83500,2017,Automatyczna
Opel,Opel Insignia,25000,PLN,Diesel,317000,2012,Manualna
Opel,Opel Insignia 2.0 CDTI GS Line + S&S,37999,PLN,Diesel,199851,2020,Automatyczna
Mercedes-Benz,Mercedes-Benz Klasa C 220 d mHEV 4-Matic Avantgarde,155000,PLN,Diesel,68854,2023,Automatyczna
Dodge,Dodge Caliber 2.0 CRD SXT,6900,PLN,Diesel,282826,2007,Manualna
Peugeot,Peugeot 2008,17500,PLN,Benzyna,174000,2016,Manualna
Ford,Ford Thunderbird,160000,PLN,Benzyna,62446,1960,Automatyczna
Toyota,Toyota Proace Verso,98900,PLN,Diesel,128500,2022,Automatyczna
Land Rover,Land Rover Range Rover Sport,159900,PLN,Benzyna,177471,2016,Automatyczna
BMW,BMW X5 xDrive25d sport,160000,PLN,Diesel,133003,2019,Automatyczna
Omoda,Omoda 5,89000,PLN,Benzyna,1,2025,Automatyczna
Kia,Kia Ceed 1.4 T-GDI M DCT,58499,PLN,Benzyna,136491,2020,Automatyczna
Mercedes-Benz,Mercedes-Benz Klasa E 200 7G-TRONIC Avantgarde,57900,PLN,Benzyna,195000,2013,Automatyczna
Opel,Opel Crossland X 1.2 Start/Stop Design Line,41114,PLN,Benzyna,68169,2020,Manualna
Toyota,Toyota Prius,25500,PLN,Hybryda,230000,2009,Automatyczna
Renault,Renault Kadjar 1.3 TCe FAP Intens EDC,79600,PLN,Benzyna,9800,2022,Automatyczna
BMW,BMW Seria 1 118i,22500,PLN,Benzyna,208096,2011,Manualna
Dodge,Dodge RAM,239900,PLN,Benzyna,19680,2023,Automatyczna
BMW,BMW Seria 5 528i,37500,PLN,Benzyna,245000,2012,Manualna
Jeep,Jeep Renegade 1.3 T-GDI 4xe Automatik S,85900,PLN,Hybryda Plug-in,76969,2022,Automatyczna
Mitsubishi,Mitsubishi Lancer 1.6 ClearTec Plus,31900,PLN,Benzyna,115000,2015,Manualna
Nissan,Nissan Juke,21000,PLN,Diesel,131000,2012,Manualna
Mazda,Mazda CX-30 e-SKYACTIVE G 140 CENTRE-LINE,150200,PLN,Benzyna,2,2026,Automatyczna
Opel,Opel Astra 1.6 Exklusiv,26999,PLN,Benzyna,166000,2015,Manualna
Audi,Audi Q7 3.0 TDI DPF Quattro Tiptronic,10000,PLN,Diesel,370000,2009,Automatyczna
BMW,BMW Seria 1 118i,94900,PLN,Benzyna,37384,2024,Automatyczna
Opel,Opel Astra 1.2 Turbo Start/Stop 120 Jahre,39999,PLN,Benzyna,136152,2020,Manualna
Chevrolet,Chevrolet Corvette,380000,PLN,Benzyna,42219,1961,Manualna
Mazda,Mazda 5 2.0 Navi +,19900,PLN,Benzyna,204000,2012,Manualna
Peugeot,Peugeot 2008,22900,PLN,Diesel,232479,2014,Manualna
Peugeot,Peugeot 5008 PureTech 130 Allure,44900,PLN,Benzyna,185100,2017,Manualna
Opel,Opel Insignia 2.0 CDTI Innovation S&S,55850,PLN,Diesel,98041,2017,Manualna
Honda,Honda Civic 1.8 Sport (ADAS),41700,PLN,Benzyna,199000,2015,Manualna
Toyota,Toyota Urban Cruiser,20000,PLN,Diesel,202000,2009,Manualna
Opel,Opel Astra 1.6 CDTI Enjoy S&S,35500,PLN,Diesel,114770,2020,Manualna
BMW,BMW X5 xDrive25d,169900,PLN,Diesel,123925,2021,Automatyczna
Nissan,Nissan Qashqai,52900,PLN,Benzyna,91000,2019,Manualna
Toyota,Toyota Yaris 1.0 Terra A/C,21400,PLN,Benzyna,121000,2012,Manualna
Audi,Audi A4 Avant 2.0 TDI ultra S tronic design,52900,PLN,Diesel,238100,2017,Automatyczna
Ford,Ford Focus,22800,PLN,Diesel,197000,2013,Manualna
Peugeot,Peugeot 207,8000,PLN,Benzyna,175000,2008,Manualna
Peugeot,Peugeot 407 2.0 HDI ST Komfort EU3,7000,PLN,Diesel,272447,2005,Manualna
Audi,Audi A4 Limousine,7900,PLN,Benzyna+LPG,291000,2002,Automatyczna
Citroën,Citroën DS4,26500,PLN,Benzyna,111584,2011,Automatyczna
Renault,Renault Scenic ENERGY dCi 110 LIMITED,32900,PLN,Diesel,193100,2017,Manualna
Hyundai,Hyundai ix20 1.6 Comfort,31700,PLN,Benzyna,98000,2014,Manualna
Ford,Ford Mondeo 2.0 TDCi Titanium,17500,PLN,Diesel,306020,2014,Manualna
Skoda,Skoda Superb 1.6 TDI Style DSG,42900,PLN,Diesel,492000,2018,Automatyczna
Volkswagen,Volkswagen Passat,79900,PLN,Diesel,126407,2019,Automatyczna
Volkswagen,Volkswagen Passat Variant 1.6 TDI SCR DSG,39900,PLN,Diesel,252100,2015,Automatyczna
Kia,Kia Ceed 1.6 GDI Dream-Team Edition,9900,PLN,Benzyna,201000,2012,Manualna
Opel,Opel Mokka 1.4 T Cosmo S&S 4x4,31000,PLN,Benzyna,152946,2013,Manualna
Ford,Ford EcoSport 1.0 EcoBoost TITANIUM,33700,PLN,Benzyna,131000,2018,Manualna
Mercedes-Benz,Mercedes-Benz SL,125000,PLN,Benzyna,119500,2002,Automatyczna
Audi,Audi S3 Limousine TFSI Quattro S tronic,169900,PLN,Benzyna,5500,2024,Automatyczna
Toyota,Toyota Camry 2.5 Hybrid Comfort CVT,135899,PLN,Hybryda,21551,2024,Automatyczna
Toyota,Toyota Auris 1.4 D-4D Terra,15000,PLN,Diesel,227022,2009,Manualna
Mazda,Mazda CX-5 SKYACTIV-G 165 Exclusive-Line,48300,PLN,Benzyna,178000,2014,Manualna
Ford,Ford Mondeo 2.0 Trend,28500,PLN,Benzyna,140000,2012,Manualna
BMW,BMW X3,56800,PLN,Diesel,227702,2014,Manualna
Honda,Honda CR-V 2.2i-CTDi Executive,4900,PLN,Diesel,286160,2005,Manualna
Mazda,Mazda CX-3 SKYACTIV-G 120 FWD Exclusive-Line,55900,PLN,Benzyna,147000,2017,Manualna
Citroën,Citroën DS4 VTi 120 SoChic,23400,PLN,Benzyna,155000,2011,Manualna
Audi,Audi S5 Limousine TFSI S tronic,316100,PLN,Benzyna,12078,2024,Automatyczna
Volkswagen,Volkswagen Taigo 1.0 TSI OPF DSG R-Line,58900,PLN,Benzyna,16300,2024,Automatyczna
Ford,Ford Transit Custom Kombi 310 L1H1 Trend,63900,PLN,Diesel,197200,2018,Manualna
Fiat,Fiat Talento L1H1 Family,56900,PLN,Diesel,177000,2017,Manualna
Renault,Renault Laguna ENERGY dCi 175 FAP Start & Stop GT,34900,PLN,Diesel,175000,2015,Manualna
Peugeot,Peugeot Partner 1.6 HDi Active,7200,PLN,Diesel,333531,2013,Manualna
Citroën,Citroën C4 Picasso 1.6 e-HDi Intensive,32500,PLN,Diesel,86000,2013,Manualna
Toyota,Toyota RAV4 4x4 Sol,21500,PLN,Benzyna,190000,2000,Manualna
Kia,Kia Sportage 1.7 CRDI 2WD Vision,40900,PLN,Diesel,153000,2016,Manualna
Land Rover,Land Rover Defender,219000,PLN,Diesel,151000,2006,Manualna
Volkswagen,Volkswagen Touran 1.6 TDI DPF BlueMot Comfortline,22800,PLN,Diesel,270000,2014,Manualna
Kia,Kia Sportage 1.6 T-GDI Anniversary 2WD DCT,144500,PLN,Benzyna,7,2026,Automatyczna
Opel,Opel Mokka 1.6 ecoFLEX Start/Stop Selection,34500,PLN,Benzyna,152000,2016,Manualna
Ford,Ford Focus 2.0 EcoBoost ST mit Leder-Sport-Paket,52900,PLN,Benzyna,199999,2018,Manualna
Ford,Ford Fiesta 1.6 Ti-VCT Titanium,29900,PLN,Benzyna,112000,2013,Automatyczna
Nissan,Nissan Qashqai 1.2 DIG-T Acenta,38000,PLN,Benzyna,123000,2016,Manualna
Renault,Renault Megane 1.5 dCi Tech Run,9900,PLN,Diesel,249138,2011,Manualna
Volkswagen,Volkswagen Passat 1.4 TSI BlueMotion Technology Comfortline,27400,PLN,Benzyna,190000,2013,Manualna
Skoda,Skoda Octavia,114500,PLN,Benzyna,23204,2025,Automatyczna
Volkswagen,Volkswagen Golf 2.0 TDI DPF Style,14500,PLN,Diesel,435000,2008,Manualna
Skoda,Skoda Octavia 2.0 TDI DSG RS,39999,PLN,Diesel,275000,2014,Automatyczna
Suzuki,Suzuki Jimny 1.3 JLX,39900,PLN,Benzyna,161000,2002,Manualna
Peugeot,Peugeot 308 120 VTi Active,17999,PLN,Benzyna,104000,2011,Manualna
Mercedes-Benz,Mercedes-Benz Klasa A 200 (BlueEFFICIENCY),29900,PLN,Benzyna,127400,2017,Manualna
Ford,Ford Focus 1.6 TI-VCT Titanium,28999,PLN,Benzyna,139000,2013,Automatyczna
Toyota,Toyota ProAce,79900,PLN,Diesel,365000,2017,Automatyczna
Fiat,Fiat Bravo 1.4 16V Active,8990,PLN,Benzyna,153000,2007,Manualna
Volkswagen,Volkswagen Golf 1.6 TDI Comfortline,15000,PLN,Diesel,380179,2014,Manualna
Suzuki,Suzuki SX4 1.6 VVT 4x4 Limited,31000,PLN,Benzyna,192000,2014,Manualna
Opel,Opel Astra 1.4 Turbo Active,22700,PLN,Benzyna,177450,2013,Manualna
Skoda,Skoda Superb 2.0 TDI DSG Premium Edition,72900,PLN,Diesel,185000,2020,Automatyczna
Opel,Opel Combo 1.6 CDTI L1H1 Selection,29999,PLN,Diesel,131000,2014,Manualna
Ford,Ford Kuga 2.0 TDCi 2x4 Titanium,36800,PLN,Diesel,250000,2016,Manualna
Volkswagen,Volkswagen T-Roc 1.5 TSI ACT Advance DSG,83900,PLN,Benzyna,78523,2021,Automatyczna
Peugeot,Peugeot 508 1.6 PureTech HYbrid PHEV GT Pack S&S EAT8,76999,PLN,Hybryda Plug-in,115000,2021,Automatyczna
Opel,Opel Insignia,34900,PLN,Benzyna,152000,2014,Manualna
MINI,MINI Cooper S,39900,PLN,Benzyna,176000,2015,Manualna
Hyundai,Hyundai i40,30900,PLN,Benzyna,166000,2012,Manualna
MINI,MINI Cooper S Linia Favoured,177200,PLN,Benzyna,10,2026,Automatyczna
Volkswagen,Volkswagen Golf 1.2 TSI BlueMotion Technology Allstar,39900,PLN,Benzyna,78000,2016,Manualna
BYD,BYD Dolphin Surf,88888,PLN,Elektryczny,20,2025,Automatyczna
BYD,BYD Seal 6,135900,PLN,Hybryda Plug-in,15,2025,Automatyczna
Audi,Audi A8 4.0 TFSI cylinder on demand quattro tiptronic Lang,97900,PLN,Benzyna,166647,2014,Automatyczna
BYD,BYD Seal 6,123900,PLN,Hybryda Plug-in,7100,2025,Automatyczna
Skoda,Skoda Octavia 2.0 TDI Essence,57900,PLN,Diesel,189500,2023,Manualna
Opel,Opel Astra,20000,PLN,Benzyna,239782,2015,Manualna
Volkswagen,Volkswagen Golf Variant,50000,PLN,Diesel,146774,2018,Manualna
Toyota,Toyota Corolla,81500,PLN,Hybryda,59454,2019,Automatyczna
Citroën,Citroën C4 Picasso,8000,PLN,Diesel,189379,2008,Automatyczna
Volkswagen,Volkswagen Tiguan,60000,PLN,Diesel,179991,2018,Manualna
Kia,Kia Sportage,104999,PLN,Hybryda,120323,2022,Automatyczna
Citroën,Citroën C3,41999,PLN,Benzyna,92631,2023,Manualna
Kia,Kia Sportage,104999,PLN,Benzyna,148784,2023,Automatyczna
Dacia,Dacia Duster,49500,PLN,Benzyna+LPG,92975,2021,Manualna
Renault,Renault Clio,36498,PLN,Benzyna,133933,2020,Manualna
Volvo,Volvo V60 D3 Geartronic RDesign,33000,PLN,Diesel,218750,2012,Automatyczna
Citroën,Citroën DS3 1.6 THP SportChic,11000,PLN,Benzyna,170900,2011,Manualna
Opel,Opel Corsa,20000,PLN,Benzyna+LPG,249636,2017,Manualna
Hyundai,Hyundai i30,49999,PLN,Diesel,150875,2021,Manualna
Volkswagen,Volkswagen T-Roc,77998,PLN,Benzyna,90854,2021,Manualna
Kia,Kia Niro,102000,PLN,Hybryda,21201,2023,Automatyczna
Chery,Chery Tiggo 4,94998,PLN,Hybryda,10,2025,Automatyczna
Audi,Audi A5 Sportback,58000,PLN,Diesel,181092,2015,Automatyczna
Renault,Renault Kadjar,40000,PLN,Benzyna,68749,2015,Manualna
Ford,Ford Mustang,76800,PLN,Benzyna,127000,2014,Manualna
Suzuki,Suzuki SX4 S-Cross 1.4 Boosterjet Hybrid Allgrip Comfort,65900,PLN,Benzyna,71000,2020,Manualna
Audi,Audi Q5 TDI mHEV 150 kW Quattro S tronic,232400,PLN,Diesel,6052,2025,Automatyczna
Audi,Audi A3 Limousine 35 TFSI mHEV Advanced S tronic,123500,PLN,Benzyna,13955,2025,Automatyczna
Volkswagen,Volkswagen Touran 1.6 United,10690,PLN,Benzyna,266200,2007,Manualna
Ford,Ford Ranger 2.0 EcoBlue 4x4 DC Limited,139000,PLN,Diesel,63941,2022,Automatyczna
Renault,Renault Captur,51900,PLN,Benzyna,86100,2019,Manualna
Audi,Audi Q5,54500,PLN,Benzyna,182300,2016,Automatyczna
Skoda,Skoda RAPID 1.2 TSI Ambition,24999,PLN,Benzyna,188000,2017,Manualna
Audi,Audi A7 Sportback 40 TDI mHEV Quattro S tronic,264900,PLN,Diesel,14441,2025,Automatyczna
Audi,Audi A7 Sportback 45 TFSI mHEV Quattro S tronic,279900,PLN,Benzyna,11348,2025,Automatyczna
Audi,Audi A5 Limousine TFSI Quattro S tronic,179900,PLN,Benzyna,31335,2025,Automatyczna
Audi,Audi A4 Avant 35 TDI mHEV S tronic,72900,PLN,Diesel,193910,2022,Automatyczna
Toyota,Toyota Corolla 1.5 Comfort,60000,PLN,Benzyna,100449,2022,Manualna
Volkswagen,Volkswagen Passat 2.0 TDI BMT Comfortline,37999,PLN,Diesel,235000,2015,Manualna
Ford,Ford Focus,21500,PLN,Diesel,168000,2014,Manualna
Toyota,Toyota C-HR 1.8 Hybrid Style,87900,PLN,Hybryda,133475,2022,Automatyczna
Land Rover,Land Rover Range Rover Evoque 2.0 P249 mHEV R-Dynamic HSE,127000,PLN,Benzyna,51000,2021,Automatyczna
Kia,Kia Sportage 1.7 CRDI XL 2WD,39900,PLN,Diesel,141000,2014,Manualna
BMW,BMW X2,65900,PLN,Diesel,190000,2019,Automatyczna
Hyundai,Hyundai ix35 1.6 2WD Style,37900,PLN,Benzyna,120000,2012,Manualna
Jeep,Jeep Cherokee,15900,PLN,Diesel,273000,2003,Automatyczna
Toyota,Toyota Tacoma,129999,PLN,Benzyna,8300,2021,Automatyczna
Cupra,Cupra Ateca 2.0 TSI 4Drive VZ DSG,139900,PLN,Benzyna,39826,2024,Automatyczna
Volkswagen,Volkswagen Tiguan 1.4 TSI BMT ACT Comfortline DSG,63900,PLN,Benzyna,174000,2017,Automatyczna
Audi,Audi A4 Avant,10900,PLN,Benzyna+LPG,260921,2001,Manualna
Opel,Opel Mokka 1.6 ecoFLEX Start/Stop Edition,45500,PLN,Benzyna,81000,2016,Manualna
Mercedes-Benz,Mercedes-Benz GLA,69900,PLN,Benzyna,117500,2019,Automatyczna
Opel,Opel Insignia 1.5 T GPF Innovation S&S,53900,PLN,Benzyna,32000,2018,Manualna
Toyota,Toyota Avensis 2.0 D-4D Premium,25000,PLN,Diesel,222635,2017,Manualna
Bestune,Bestune T90,99000,PLN,Benzyna,2152,2025,Automatyczna
DS Automobiles,DS Automobiles DS 4,26500,PLN,Benzyna,110000,2017,Manualna
BMW,BMW Seria 3 320d,31500,PLN,Diesel,243500,2013,Manualna
Volkswagen,Volkswagen T-Roc 1.5 TSI Style DSG,97900,PLN,Benzyna,55654,2022,Automatyczna
Toyota,Toyota Proace Verso 2.0 D4-D Long Business,117501,PLN,Diesel,99000,2024,Manualna
Volkswagen,Volkswagen Touran 1.5 TSI EVO Comfortline DSG,90500,PLN,Benzyna,100000,2020,Automatyczna
Kia,Kia Ceed 1.5 T-GDI DCT7 OPF Platinum,77367,PLN,Benzyna,40000,2024,Automatyczna
Volvo,Volvo V60 T8 AWD Plug-In Hybrid R-Design,98700,PLN,Hybryda Plug-in,100000,2019,Automatyczna
Land Rover,Land Rover Defender 130 D250 X-Dynamic SE,458000,PLN,Diesel,3206,2026,Automatyczna
Land Rover,Land Rover Discovery Sport 2.0 D200 mHEV Dynamic SE,219000,PLN,Diesel,11600,2025,Automatyczna
Audi,Audi A4 Avant 2.0 TDI,18900,PLN,Diesel,278965,2009,Manualna
Renault,Renault Megane,26000,PLN,Benzyna,88509,2015,Manualna
Volvo,Volvo XC 90 D5 AWD Inscription 7os,105000,PLN,Diesel,225000,2017,Automatyczna
Land Rover,Land Rover Range Rover Velar P250,129500,PLN,Benzyna,59850,2019,Automatyczna
Audi,Audi Q7,64900,PLN,Diesel,155000,2007,Automatyczna
Seat,Seat Leon 1.0 eTSI Style DSG,58001,PLN,Benzyna,68000,2022,Automatyczna
Jeep,Jeep Wrangler,142999,PLN,Benzyna,56300,2021,Automatyczna
Porsche,Porsche Cayenne,295000,PLN,Benzyna,92000,2019,Automatyczna
Renault,Renault Austral 1.3 TCe mHEV Techno,132900,PLN,Benzyna,10,2026,Automatyczna
Nissan,Nissan Leaf 40kWh N-Connecta,49900,PLN,Elektryczny,106022,2019,Automatyczna
Peugeot,Peugeot 208 Elektromotor 136 Active,59900,PLN,Elektryczny,82639,2023,Automatyczna
BMW,BMW M3 M Competition xDrive sport,379999,PLN,Benzyna,2937,2025,Automatyczna
Hyundai,Hyundai ix20 1.4 Edition 20,26899,PLN,Benzyna,145800,2012,Manualna
Hyundai,Hyundai ix35,32500,PLN,Diesel,199000,2013,Manualna
Audi,Audi A4 Avant 40 TDI quattro S tronic,96000,PLN,Diesel,168980,2019,Automatyczna
Audi,Audi RS3 Sportback 2.5 TFSI Quattro S tronic,123999,PLN,Benzyna,53392,2020,Automatyczna
Volvo,Volvo V90 Cross Country,99999,PLN,Diesel,207000,2018,Automatyczna
Toyota,Toyota Celica S,14500,PLN,Benzyna+LPG,242000,2001,Manualna
Toyota,Toyota Auris 1.6 Active,44900,PLN,Benzyna,210000,2018,Manualna
Land Rover,Land Rover Range Rover Evoque 2.0 D165 mHEV Dynamic SE,249000,PLN,Diesel,1400,2026,Automatyczna
Hyundai,Hyundai i20 1.2 Select,18999,PLN,Benzyna,157000,2013,Manualna
BMW,BMW Seria 3 318i,11500,PLN,Benzyna,275000,2006,Manualna
Mercedes-Benz,Mercedes-Benz Klasa S,389000,PLN,Benzyna,100000,2017,Automatyczna
Ford,Ford Transit Connect Kombi 230 L2 Trend,82287,PLN,Diesel,56000,2024,Manualna
Changan,Changan CS55 Plus,122600,PLN,Benzyna,1,2026,Automatyczna
Ford,Ford Focus 1.6 TDCi Titanium,11500,PLN,Diesel,318425,2012,Manualna
Fiat,Fiat Doblo,45000,PLN,Benzyna+LPG,88053,2020,Manualna
Seat,Seat Leon 1.4 TSI Start&Stop FR,37990,PLN,Benzyna,154000,2013,Manualna
Hyundai,Hyundai Tucson 1.6 CRDi 48V-Hybrid 4WD DCT Select,84700,PLN,Diesel,184058,2022,Automatyczna
Peugeot,Peugeot 308 1.5 BlueHDi Allure Pack S&S EAT8,82890,PLN,Diesel,44038,2024,Automatyczna
Peugeot,Peugeot 2008 1.2 Pure Tech GPF Allure S&S EAT6,34000,PLN,Benzyna,117500,2018,Automatyczna
Nissan,Nissan Qashqai 1.6 DCi Xtronic TEKNA,39500,PLN,Diesel,230000,2018,Automatyczna
Peugeot,Peugeot 3008 1.6 BlueHDi Allure S&S EAT6,53000,PLN,Diesel,199700,2017,Automatyczna
Jeep,Jeep Grand Cherokee 3.7 V6,17000,PLN,Benzyna+LPG,185926,2005,Automatyczna
Opel,Opel Mokka 1.4 T Enjoy EU6,29500,PLN,Benzyna,129000,2015,Manualna
Fiat,Fiat Tipo,5700,PLN,Benzyna,75000,1992,Manualna
Opel,Opel Insignia CT 2.0 T 4x4 EU6,47000,PLN,Benzyna,169042,2016,Automatyczna
Toyota,Toyota Aygo X Air Team D,34500,PLN,Benzyna,7126,2025,Manualna
Volkswagen,Volkswagen Tiguan 2.0 TDI SCR 4MOTION DSG Highline,69999,PLN,Diesel,186000,2016,Automatyczna
Ford,Ford Focus SW 1.5 EcoBlue Titanium,37900,PLN,Diesel,174032,2019,Automatyczna
Ford,Ford Kuga 2.0 TDCi AWD Titanium,49900,PLN,Diesel,269000,2018,Automatyczna
Fiat,Fiat Doblo Maxi Active,32900,PLN,Diesel,263112,2017,Manualna
Toyota,Toyota Aygo x-final,29900,PLN,Benzyna,198000,2021,Manualna
Opel,Opel Mokka 1.4 T Cosmo S&S EU6,34300,PLN,Benzyna,198000,2014,Manualna
Hyundai,Hyundai i30 N,61500,PLN,Benzyna,198000,2021,Automatyczna
Renault,Renault Grand Scenic ENERGY TCe 115 LIMITED,46500,PLN,Benzyna+LPG,229000,2021,Manualna
Opel,Opel Astra 1.4 T Cosmo EU6,17500,PLN,Benzyna,239000,2011,Manualna
Opel,Opel Astra 1.4 Turbo Exklusiv,18700,PLN,Benzyna,199999,2013,Manualna
Renault,Renault Scenic dCi 110 EDC Bose Edition,44900,PLN,Diesel,127697,2016,Automatyczna
Peugeot,Peugeot 308,14900,PLN,Benzyna,180000,2011,Manualna
Citroën,Citroën C4 Picasso 1.6 VTi Vitamin,14300,PLN,Benzyna,213000,2011,Manualna
Ford,Ford Mondeo,23000,PLN,Benzyna,198000,2008,Manualna
Volvo,Volvo S80 2.0T Summum,28700,PLN,Benzyna,212000,2011,Automatyczna
Mazda,Mazda 6 2.0 SkyEnergy,86000,PLN,Benzyna,55000,2019,Manualna
Nissan,Nissan Note 1.4 I-Way EU5,14400,PLN,Benzyna,229000,2010,Manualna
Opel,Opel Crossland X 1.2 Start/Stop Design Line,42999,PLN,Benzyna,43300,2017,Manualna
Renault,Renault Megane 1.6 16V Tech Run,18700,PLN,Benzyna,212000,2010,Manualna
Kia,Kia Optima,37600,PLN,Hybryda,191000,2013,Automatyczna
Seat,Seat Ibiza 1.0 TSI Full LED S&S,19900,PLN,Benzyna,261000,2016,Manualna
Lincoln,Lincoln Town Car,33900,PLN,Benzyna,180400,1983,Automatyczna
Seat,Seat Leon 1.0 TSI Style,73900,PLN,Benzyna,13800,2024,Manualna
Mercedes-Benz,Mercedes-Benz CLK,18500,PLN,Benzyna,340000,2003,Automatyczna
Citroën,Citroën DS4 HDi 165 SportChic,18900,PLN,Diesel,313000,2011,Manualna
Mercedes-Benz,Mercedes-Benz GLE,269000,PLN,Hybryda,40448,2022,Automatyczna
Ford,Ford Tourneo Custom 2.0 EcoBlue 320 AWD L2 Active,329000,PLN,Diesel,100,2026,Automatyczna
Ford,Ford Tourneo Custom 2.0 EcoBlue 320 L2 Active,329900,PLN,Diesel,100,2026,Automatyczna
Skoda,Skoda Fabia,10900,PLN,Benzyna,182000,2009,Manualna
Hyundai,Hyundai ix20 1.4 blue Style,21900,PLN,Benzyna+LPG,189000,2014,Manualna
Toyota,Toyota C-HR 2.0 Hybrid Selection,99850,PLN,Hybryda,87120,2020,Automatyczna
Toyota,Toyota Corolla 1.8 Hybrid GR Sport Dynamic,104850,PLN,Hybryda,104531,2023,Automatyczna
Toyota,Toyota Yaris Hybrid 1.5 Comfort,76800,PLN,Hybryda,92065,2022,Automatyczna
Kia,"Kia Sportage 2,0 CRDI AWD Spirit",34900,PLN,Diesel,174000,2012,Manualna
Renault,Renault Megane 1.5 dCi Energy Bose EU6,9980,PLN,Diesel,229000,2013,Manualna
Citroën,Citroën C1 1.0 VTi JCC+,32900,PLN,Benzyna,45655,2020,Manualna
Hyundai,Hyundai i40,24500,PLN,Benzyna,265260,2011,Manualna
Volkswagen,Volkswagen Golf Sportsvan 1.6 TDI BlueMotion Technology Comfortline,39900,PLN,Diesel,68800,2015,Manualna
Jeep,Jeep Grand Cherokee 3.0 CRD Automatik Overland,35000,PLN,Diesel,239271,2007,Automatyczna
Mitsubishi,Mitsubishi Eclipse Cross 1.5 T-MIVEC ClearTec 2WD Diamant Edition Plus,62900,PLN,Benzyna,77000,2018,Manualna
Kia,Kia Sportage 1.6 T-GDI GT Line 4WD,72900,PLN,Benzyna,93000,2018,Manualna
Fiat,Fiat Bravo 1.4 T-JET 16V Sport Plus,17900,PLN,Benzyna,118000,2009,Manualna
Volvo,Volvo XC 40,81000,PLN,Diesel,166600,2019,Automatyczna
Mercedes-Benz,Mercedes-Benz Klasa A 200 (BlueEFFICIENCY) Urban,62900,PLN,Benzyna,119000,2018,Manualna
Fiat,Fiat Freemont,14900,PLN,Diesel,274000,2013,Automatyczna
Dacia,Dacia Spring 27.4kWh Comfort Plus,37000,PLN,Elektryczny,10472,2021,Automatyczna
Volvo,Volvo XC 40 T3 R-Design,89999,PLN,Benzyna,141300,2021,Automatyczna
Jaguar,Jaguar F-Pace 2.0 i4P AWD Prestige,85000,PLN,Benzyna,149945,2019,Automatyczna
Peugeot,Peugeot 5008 BlueHDi 180 EAT8 GT Pack,77900,PLN,Diesel,146000,2018,Automatyczna
Land Rover,Land Rover Range Rover Evoque,16500,PLN,Diesel,210517,2015,Manualna
Hyundai,Hyundai i30,10500,PLN,Benzyna,153475,2016,Manualna
Citroën,Citroën DS4,14500,PLN,Benzyna,106458,2017,Manualna
Kia,Kia Rio,15800,PLN,Benzyna,103008,2019,Manualna
Ford,Ford Fiesta,10800,PLN,Benzyna,185711,2018,Manualna
Ford,Ford Kuga,15800,PLN,Diesel,202876,2013,Manualna
Dacia,Dacia Duster,12800,PLN,Diesel,193416,2012,Manualna
Citroën,Citroën DS3,8200,PLN,Benzyna,170693,2012,Manualna
Citroën,Citroën C4 Grand Picasso,12800,PLN,Diesel,170786,2015,Manualna
Citroën,Citroën C3,15200,PLN,Benzyna,130411,2017,Manualna
Citroën,Citroën DS3,5500,PLN,Diesel,249918,2011,Manualna
Citroën,Citroën C4,7500,PLN,Benzyna,129332,2015,Manualna
BMW,BMW Seria 1,13200,PLN,Diesel,217309,2014,Manualna
Citroën,Citroën C3,11200,PLN,Diesel,101438,2021,Manualna
Chevrolet,Chevrolet Trax,8500,PLN,Diesel,248628,2013,Automatyczna
Audi,Audi TT Coupé,9200,PLN,Benzyna,265794,1999,Manualna
BMW,BMW Seria 1,13200,PLN,Benzyna,173614,2013,Manualna
Audi,Audi Q3,14800,PLN,Benzyna,172953,2012,Automatyczna
Audi,Audi Q3,11800,PLN,Diesel,97000,2016,Automatyczna
Alfa Romeo,Alfa Romeo Giulietta,16800,PLN,Benzyna,201678,2010,Manualna
Citroën,Citroën C4 Cactus,12500,PLN,Benzyna,136036,2016,Manualna
Nissan,Nissan Juke 1.6 Acenta,23000,PLN,Benzyna,176528,2011,Manualna
Hyundai,Hyundai Elantra 1.6 Comfort,32000,PLN,Benzyna,182000,2016,Manualna
BMW,BMW M4,180000,PLN,Benzyna,123512,2015,Automatyczna
Ford,Ford Tourneo Custom 2.0 EcoBlue L2 Titanium X SelectShift,158000,PLN,Diesel,105222,2020,Automatyczna
Volvo,Volvo S60 B4 B Plus Dark,139000,PLN,Benzyna,36638,2023,Automatyczna
Citroën,Citroën C3,4600,PLN,Benzyna,176982,2007,Manualna
Hyundai,Hyundai i20,44900,PLN,Benzyna,35500,2019,Manualna
Ford,Ford C-MAX 1.0 EcoBoost Ambiente ASS,23800,PLN,Benzyna,146000,2016,Manualna
Volkswagen,Volkswagen Passat 2.0 TDI EVO Business DSG,89900,PLN,Diesel,133800,2023,Automatyczna
Hyundai,Hyundai i30 1.4 Comfort,27000,PLN,Benzyna,130000,2020,Manualna
Hyundai,Hyundai Genesis,87000,PLN,Benzyna,177000,2015,Automatyczna
BMW,BMW X4 xDrive20d Advantage,49800,PLN,Diesel,286000,2015,Automatyczna
Mazda,Mazda 3 1.6 Exclusive,22900,PLN,Benzyna,128700,2011,Manualna
Mercedes-Benz,Mercedes-Benz GLC AMG 63 S 4-Matic+,164900,PLN,Benzyna,160000,2019,Automatyczna
Lynk & Co,Lynk & Co 01,73700,PLN,Hybryda,69000,2022,Automatyczna
Opel,Opel Astra 1.5 D Automatik Enjoy,55700,PLN,Diesel,58000,2024,Automatyczna
Cupra,Cupra Formentor 1.5 TSI DSG,71700,PLN,Benzyna,40000,2023,Automatyczna
Opel,Opel Cascada 1.4 T Cosmo EU6,15700,PLN,Benzyna,78000,2013,Manualna
Citroën,Citroën Jumper L3H2 Snoeks Profi,77490,PLN,Diesel,96088,2020,Manualna
Peugeot,Peugeot 308,21999,PLN,Diesel,256000,2016,Manualna
Hyundai,Hyundai Tucson,62700,PLN,Diesel,39000,2019,Manualna
Hyundai,Hyundai i30 1.0 T-GDI Family,41700,PLN,Benzyna,74400,2017,Manualna
Volkswagen,Volkswagen Passat 2.0 TDI SCR (BlueMotion Technology) DSG Comfortline,41500,PLN,Diesel,206000,2015,Automatyczna
Lexus,Lexus NX 300 Elegance 2WD,105000,PLN,Benzyna,119398,2019,Automatyczna
Mazda,Mazda 3,71900,PLN,Benzyna,81502,2023,Manualna
Mercedes-Benz,Mercedes-Benz SL,59500,PLN,Benzyna,278000,1997,Automatyczna
Porsche,Porsche Cayenne S Tiptronic S,29500,PLN,Benzyna,204500,2011,Automatyczna
Lexus,Lexus RX,243000,PLN,Benzyna,25000,2024,Automatyczna
Ford,Ford Kuga,104900,PLN,Diesel,104288,2022,Automatyczna
Mercedes-Benz,Mercedes-Benz Klasa A,97900,PLN,Diesel,105198,2022,Automatyczna
Volkswagen,Volkswagen Golf Alltrack 2.0 TDI BMT 4Mot DSG,65500,PLN,Diesel,214000,2019,Automatyczna
Opel,Opel Adam 1.0 Start/Stop Jam,29990,PLN,Benzyna,35000,2017,Manualna
Volvo,Volvo V60 T4 Drive-E R-Design Kinetic,65900,PLN,Benzyna,152863,2017,Automatyczna
BMW,BMW Seria 5 530d xDrive Edition Exclusive,28200,PLN,Diesel,303277,2009,Automatyczna
BMW,BMW Seria 3 330i xDrive Sport Line,167500,PLN,Benzyna,15060,2023,Automatyczna
Nissan,Nissan Qashqai 2.0 360 CVT,29990,PLN,Benzyna,212000,2013,Automatyczna
BMW,BMW M3,450000,PLN,Benzyna,15200,2025,Automatyczna
Ford,Ford Ranger,57000,PLN,Diesel,33000,2024,Automatyczna
Skoda,Skoda Kodiaq,134900,PLN,Diesel,122392,2023,Automatyczna
Kia,Kia Carens 1.7 CRDi Business Line 7os,39900,PLN,Diesel,157000,2016,Manualna
Toyota,Toyota Prius+ (Hybrid) Executive,19600,PLN,Hybryda,670000,2014,Automatyczna
Skoda,Skoda Superb,162900,PLN,Hybryda Plug-in,57788,2024,Automatyczna
Mercedes-Benz,Mercedes-Benz GLA 200 CDI 7G-DCT Edition 1,33900,PLN,Diesel,75000,2019,Automatyczna
Nissan,Nissan Micra IG-T 100 Xtronic N-Connecta,24800,PLN,Benzyna,20000,2021,Automatyczna
Peugeot,Peugeot 208 1.4 HDi Active Pack,15000,PLN,Diesel,180060,2013,Manualna
Fiat,Fiat Freemont 2.0 Multijet Lounge,24900,PLN,Diesel,216100,2012,Manualna
Peugeot,Peugeot 107,3500,PLN,Benzyna,250460,2005,Manualna
Opel,Opel Meriva 1.4 Ecoflex Start/Stop Active,15999,PLN,Benzyna,190000,2013,Manualna
BMW,BMW Seria 5 530d xDrive,22900,PLN,Diesel,298000,2007,Automatyczna
Dacia,Dacia Duster TCe 125 2WD Comfort,28900,PLN,Benzyna,79500,2016,Manualna
BMW,BMW Seria 5,36500,PLN,Diesel,290000,2011,Automatyczna
Volvo,Volvo C30,6300,PLN,Diesel,299000,2007,Manualna
Ford,Ford Transit Connect 230 L2 Trend,32000,PLN,Diesel,255195,2019,Manualna
Ferrari,Ferrari 812 GTS,365000,EUR,Benzyna,3000,2022,Automatyczna
Peugeot,Peugeot 5008 1.6 PureTech GT S&S EAT8,89900,PLN,Benzyna,160000,2022,Automatyczna
Mercedes-Benz,Mercedes-Benz Klasa G AMG 63 AMG Speedshift 9G-TRONIC Edition 1,390000,PLN,Benzyna,120000,2016,Automatyczna
Mitsubishi,Mitsubishi L200,170000,PLN,Diesel,300,2026,Automatyczna
Fiat,Fiat Freemont 2.0 Multijet 16V DPF Lounge,9900,PLN,Diesel,197000,2012,Manualna
Opel,Opel Insignia 1.6 Automatik Business Innovation,58900,PLN,Diesel,186000,2019,Automatyczna
Toyota,Toyota Hilux,289000,PLN,Benzyna,300,2026,Automatyczna
Mercedes-Benz,Mercedes-Benz GLS 450 4Matic 9G-TRONIC Edition,299000,PLN,Benzyna,69000,2020,Automatyczna
Suzuki,Suzuki Swift 1.2 Comfort,29000,PLN,Benzyna,84700,2015,Manualna
Toyota,Toyota Land Cruiser,280000,PLN,Diesel,300,2026,Manualna
Mercedes-Benz,Mercedes-Benz Klasa G AMG 63 AMG SPEEDSHIFT 7G-TRONIC,319000,PLN,Benzyna,140000,2016,Automatyczna
Toyota,Toyota Land Cruiser,280000,PLN,Diesel,50,2026,Automatyczna
Mercedes-Benz,Mercedes-Benz Klasa V 300 lang 9G-TRONIC Special Edition Avantgarde,490000,PLN,Benzyna,200,2026,Automatyczna
Toyota,Toyota Land Cruiser,300000,PLN,Diesel,200,2026,Automatyczna
Audi,Audi Q5 45 TFSI quattro S tronic,135000,PLN,Benzyna,80000,2021,Automatyczna
Nissan,Nissan Qashqai+2 1.6 dCi DPF 4x4 Start/Stop I-Way,15900,PLN,Diesel,229000,2013,Manualna
Lexus,Lexus LX,170000,EUR,Diesel,1500,2026,Automatyczna
Toyota,Toyota Land Cruiser,520000,PLN,Diesel,500,2026,Automatyczna
Audi,Audi Q3 35 TFSI mHEV S-Line S tronic,107900,PLN,Benzyna,99000,2022,Automatyczna
Citroën,Citroën DS5 2.0 HDi Hybrid4 SportChic MCP,11900,PLN,Hybryda,160000,2012,Automatyczna
Nissan,Nissan Micra,19900,PLN,Benzyna,143545,2015,Manualna
Opel,Opel Astra,14500,PLN,Diesel,204200,2013,Manualna
Ford,Ford Kuga 2.0 TDCi 4x4 Titanium,34900,PLN,Diesel,176000,2011,Manualna
BMW,BMW Seria 2 218d GT Sport Line,39500,PLN,Diesel,192829,2016,Manualna
Audi,Audi Q3 2.0 TDI Quattro Prime Line S tronic,49900,PLN,Diesel,174000,2012,Automatyczna
Seat,Seat Leon 1.8 TSI Sport,14400,PLN,Benzyna,239000,2009,Manualna
Volkswagen,Volkswagen Tiguan 2.0 TSI 4Mot R-Style DSG,76900,PLN,Benzyna,218000,2017,Automatyczna
Ford,Ford Fusion 1.4 Ambiente,6900,PLN,Benzyna,192358,2006,Manualna
Suzuki,Suzuki Splash 1.0 Club,9999,PLN,Benzyna,145000,2009,Manualna
Mercedes-Benz,Mercedes-Benz Klasa S AMG 63 E Performance PHEV L 4-Matic Edition 1 9G-TRONIC,799000,PLN,Hybryda Plug-in,25000,2023,Automatyczna
Hyundai,Hyundai i20 1.0 T-GDi N Line,21400,PLN,Benzyna,7000,2021,Manualna
BMW,BMW Seria 3 330e iPerformance Advantage,62900,PLN,Hybryda Plug-in,141600,2018,Automatyczna
Honda,Honda Accord,83900,PLN,Benzyna+CNG,79000,2018,Automatyczna
Toyota,Toyota Aygo,5790,PLN,Benzyna,229000,2006,Manualna
Citroën,Citroën Berlingo XL 130 EAT8 MAX,54990,PLN,Diesel,173000,2020,Automatyczna
Ford,Ford Galaxy 2.0 TDCi Titanium,28000,PLN,Diesel,220000,2013,Manualna
Mercedes-Benz,Mercedes-Benz CLA AMG 45 4Matic AMG Speedshift 7G-DCT Yellow Night Edition,150000,PLN,Benzyna,140000,2017,Automatyczna
Honda,Honda HR-V,86900,PLN,Benzyna,38000,2022,Automatyczna
Ligier,Ligier JS50,36900,PLN,Elektryczny,1300,2023,Automatyczna
BMW,BMW Seria 3 325i,32900,PLN,Benzyna+LPG,274000,2006,Automatyczna
Kia,Kia Sportage 1.6 T-GDI GT Line 4WD,73800,PLN,Benzyna,129600,2019,Manualna
Peugeot,Peugeot 206 CC,6300,PLN,Diesel,240000,2005,Manualna
Hyundai,Hyundai i20 1.2 Classic,6900,PLN,Benzyna,189017,2010,Manualna
Hyundai,Hyundai Tucson 1.6 T-GDi Executive 2WD,115000,PLN,Benzyna,1700,2024,Manualna
Peugeot,Peugeot 3008,13900,PLN,Diesel,169500,2012,Automatyczna
Ford,Ford Kuga 2.0 TDCi 4WD Titanium,44500,PLN,Diesel,209717,2016,Manualna
Lexus,Lexus IS 200t Elegance,79000,PLN,Benzyna,142000,2016,Automatyczna
Mitsubishi,Mitsubishi ASX 1.8 DI-D 2WD Invite,24900,PLN,Diesel,164200,2011,Manualna
Nissan,Nissan X-Trail 1.6 DCi Xtronic Tekna,34000,PLN,Diesel,118000,2016,Automatyczna
Seat,Seat Leon 1.8 TSI Ecomotive FR,48900,PLN,Benzyna,189000,2018,Manualna
Mazda,Mazda CX-5 SKYACTIV-G 194 AWD Signature,125000,PLN,Benzyna,16000,2024,Automatyczna
Toyota,Toyota GR Yaris,155000,PLN,Benzyna,20418,2022,Manualna
Opel,Opel Mokka 1.4 Turbo ecoFLEX Start/Stop 4x4 Innovation,42900,PLN,Benzyna,130000,2015,Manualna
Volvo,Volvo V40,29950,PLN,Diesel,252000,2014,Manualna
Renault,Renault Kadjar 1.2 Energy TCe Business,39900,PLN,Benzyna,131000,2016,Manualna
Audi,Audi A5 Coupé,47700,PLN,Diesel,237000,2013,Automatyczna
Cupra,Cupra Formentor 2.0 TSI 4Drive DSG,139000,PLN,Benzyna,72000,2024,Automatyczna
Mazda,Mazda RX-8 Standard,54000,PLN,Benzyna,155533,2005,Manualna
Alfa Romeo,Alfa Romeo 147,8400,PLN,Benzyna,200000,2005,Manualna
Kia,Kia Sportage 1.6 GDI Business Line 2WD,59900,PLN,Benzyna,100000,2017,Manualna
Suzuki,Suzuki Swift 1.6 Sport,33000,PLN,Benzyna,154634,2012,Manualna
Dacia,Dacia Sandero SCe 75 Comfort,16900,PLN,Benzyna,81000,2017,Manualna
Fiat,Fiat Panda 1.2 4x4 Climbing,9300,PLN,Benzyna,126000,2006,Manualna
Hyundai,Hyundai ix20 1.4 UEFA EURO 2012 Edition,26800,PLN,Benzyna,88200,2012,Manualna
Peugeot,Peugeot 207 1.6 HDi 16V Speed,5900,PLN,Diesel,267500,2006,Manualna
Hyundai,Hyundai ix35 2.0 2WD Automatik Style,39900,PLN,Benzyna,114000,2012,Automatyczna
Nissan,Nissan Qashqai,29900,PLN,Benzyna+LPG,180000,2012,Manualna
Mercedes-Benz,Mercedes-Benz Klasa E 320 CDI Elegance,43500,PLN,Diesel,168830,2005,Automatyczna
Suzuki,Suzuki Splash 1.2 active+,8800,PLN,Benzyna,158000,2009,Manualna
Renault,Renault Twingo ENERGY TCe 90 LIMITED,26900,PLN,Benzyna,91800,2017,Manualna
Toyota,Toyota RAV4 Hybrid Prestige 4x4,78000,PLN,Hybryda,100775,2016,Automatyczna
Audi,Audi S3,79900,PLN,Benzyna,133000,2016,Automatyczna
Renault,Renault Clio,65000,PLN,Benzyna+LPG,24993,2023,Manualna
Fiat,Fiat Tipo 1.4 T-Jet Lounge,36900,PLN,Benzyna,138000,2019,Manualna
Mazda,Mazda 3,26300,PLN,Benzyna,135433,2014,Manualna
Ford,Ford Fusion,40900,PLN,Benzyna,82500,2017,Automatyczna
Volkswagen,Volkswagen Polo,5500,PLN,Diesel,155000,2007,Manualna
Volkswagen,Volkswagen Polo 1.2 Basis,3300,PLN,Benzyna,207000,2004,Manualna
Audi,Audi A3 3-drzwiowe 1.6 Ambition,14900,PLN,Benzyna,173492,2007,Manualna
Volkswagen,Volkswagen Polo 1.0 (Blue Motion Technology) Trendline,22500,PLN,Benzyna,189000,2015,Manualna
Toyota,Toyota Corolla 1.6 Prestige MS EU6,59900,PLN,Benzyna,46100,2016,Automatyczna
Mercedes-Benz,Mercedes-Benz Klasa C,34900,PLN,Diesel,206000,2011,Automatyczna
Citroën,Citroën C1 1.0i Vitamin,7900,PLN,Benzyna,135934,2011,Manualna
Opel,Opel Astra 1.5 CDTI Business Elegance S&S,29900,PLN,Diesel,193222,2021,Automatyczna
Chrysler,Chrysler Pacifica,99000,PLN,Benzyna,190000,2021,Automatyczna
Jaguar,Jaguar E-Pace 1.5 P160 mHEV S,89900,PLN,Benzyna,96825,2021,Automatyczna
Toyota,Toyota RAV4 2.5 Hybrid Selection 4x2,129050,PLN,Hybryda,96442,2020,Automatyczna
Lexus,Lexus UX 300e 54.3 kWh Prestige 2WD,109000,PLN,Elektryczny,88813,2021,Automatyczna
Porsche,Porsche Cayman,269000,PLN,Benzyna,40000,2018,Manualna
Mercedes-Benz,Mercedes-Benz CLK 220 CDI Avantgarde,23000,PLN,Diesel,231557,2005,Manualna
Toyota,Toyota Yaris 1.0 VVT-i,11900,PLN,Benzyna,196000,2008,Manualna
Ford,Ford Kuga,28000,PLN,Diesel,244624,2009,Manualna
Skoda,Skoda Fabia,77998,PLN,Benzyna,29517,2025,Manualna
Mercedes-Benz,Mercedes-Benz Klasa B,17000,PLN,Benzyna,169395,2009,Manualna
Nissan,Nissan X-Trail,44000,PLN,Benzyna,176782,2015,Manualna
Toyota,Toyota Camry,79000,PLN,Hybryda,152055,2020,Automatyczna
Audi,Audi A3 Sportback 1.6 TDI ultra Attraction,31500,PLN,Diesel,238730,2014,Manualna
Peugeot,Peugeot 3008 HDi FAP 150 Family,14900,PLN,Diesel,228285,2011,Manualna
Suzuki,Suzuki Swift 1.2 Premium,15000,PLN,Benzyna,267000,2011,Manualna
Volkswagen,Volkswagen Tiguan 1.4 TSI 4Mot Trend&Fun,25900,PLN,Benzyna,77000,2008,Manualna
Seat,Seat Ibiza,51900,PLN,Benzyna,96800,2022,Manualna
BMW,BMW Seria 3 318i Edition Lifestyle,23900,PLN,Benzyna,181000,2010,Manualna
Opel,Opel Insignia,61900,PLN,Benzyna,181200,2018,Automatyczna
Opel,Opel Crossland,58900,PLN,Benzyna,18800,2024,Manualna
Kia,Kia Sportage,96500,PLN,Benzyna,69000,2023,Manualna
BMW,BMW Seria 5,32900,PLN,Diesel,370000,2003,Automatyczna
Toyota,Toyota Sienna,150000,PLN,Benzyna,88902,2021,Automatyczna
Ford,Ford Focus,55300,PLN,Benzyna,112200,2023,Manualna
Skoda,Skoda Octavia,149900,PLN,Benzyna,39200,2023,Automatyczna
BMW,BMW X5,187900,PLN,Diesel,100100,2022,Automatyczna
Mercedes-Benz,Mercedes-Benz GLC 400 e PHEV 4-Matic AMG Line,245000,PLN,Hybryda Plug-in,79900,2023,Automatyczna
Hyundai,Hyundai i20 1.2 YES,29000,PLN,Benzyna,125000,2017,Manualna
Tesla,Tesla Model 3 RWD,140900,PLN,Elektryczny,21000,2023,Automatyczna
Renault,Renault Kadjar 1.2 Energy TCe Limited,38000,PLN,Benzyna,99124,2017,Manualna
Chrysler,Chrysler Town & Country,11900,PLN,Benzyna+LPG,309841,2010,Automatyczna
Kia,Kia Ceed 1.6 GDI Business Line,31999,PLN,Benzyna,188600,2013,Manualna
Renault,Renault Trafic L2H1,25555,PLN,Diesel,204203,2011,Manualna
Cupra,Cupra Formentor,126000,PLN,Benzyna,55532,2023,Automatyczna
Toyota,Toyota Yaris 1.5 Comfort,54900,PLN,Benzyna,102720,2021,Manualna
Hyundai,Hyundai i30,109900,PLN,Benzyna,2685,2026,Automatyczna
Audi,Audi A8 4.2 Quattro,14700,PLN,Benzyna+LPG,420000,2002,Automatyczna
Skoda,Skoda Octavia,56000,PLN,Benzyna,179754,2020,Manualna
Ford,Ford Fiesta 1.4 Champions Edition,21900,PLN,Benzyna,161763,2012,Manualna
Seat,Seat Ibiza,21900,PLN,Benzyna+LPG,164714,2017,Manualna
Volkswagen,Volkswagen Golf Variant,40000,PLN,Benzyna,116369,2019,Manualna
Hyundai,Hyundai i20,63000,PLN,Benzyna,44516,2022,Manualna
Opel,Opel Astra 1.7 CDTI DPF Color Edition,12999,PLN,Diesel,240000,2010,Manualna
Volkswagen,Volkswagen Polo 1.4 16V Basis,6800,PLN,Benzyna,163000,2004,Manualna
BMW,BMW Seria 1 116i,10500,PLN,Benzyna,209000,2007,Manualna
BMW,BMW M4 DKG,175000,PLN,Benzyna,102000,2017,Automatyczna
Ford,Ford Mondeo 2.0 TDCi Titanium PowerShift,48800,PLN,Diesel,21000,2015,Automatyczna
Citroën,Citroën C3 Pure Tech (VTi) 68 Selection,13999,PLN,Benzyna,144000,2016,Manualna
Audi,Audi Q3 2.0 TDI,41900,PLN,Diesel,209000,2013,Manualna
Opel,Opel Astra 1.4 Turbo Edition,17900,PLN,Benzyna,222000,2011,Manualna
BMW,BMW X5,69900,PLN,Diesel,359000,2014,Automatyczna
Renault,Renault Megane 1.6 16V Color Edition,15700,PLN,Benzyna,79000,2009,Manualna
Cupra,Cupra Formentor 2.0 TSI 4Drive VZ DSG,139990,PLN,Benzyna,28000,2024,Automatyczna
Renault,Renault Clio 1.2 16V 75 LIMITED,24900,PLN,Benzyna,175287,2015,Manualna
Opel,Opel Grandland X 2.0 CDTI Ultimate S&S,56900,PLN,Diesel,187000,2018,Automatyczna
Kia,Kia Rio 1.2 L,33900,PLN,Benzyna,87000,2018,Manualna
Skoda,Skoda Fabia,13000,PLN,Benzyna+LPG,182663,2017,Manualna
Volvo,Volvo S60 B5 B AWD R-Design,84700,PLN,Benzyna,232968,2020,Automatyczna
Skoda,Skoda Octavia 1.6 TDI Active,21500,PLN,Diesel,239282,2015,Manualna
Opel,Opel Astra,14900,PLN,Diesel,180800,2012,Manualna
Opel,Opel Astra,27900,PLN,Benzyna,182625,2016,Manualna
Jeep,Jeep Compass 1.4 MultiAir Limited,56666,PLN,Benzyna,179000,2018,Manualna
Audi,Audi A4 Avant,12900,PLN,Benzyna,279000,2006,Manualna
Skoda,Skoda Octavia 1.4 TSI Ambiente,16500,PLN,Benzyna,188000,2010,Manualna
Seat,Seat Ibiza,6999,PLN,Benzyna,124000,2014,Manualna
Nissan,Nissan Note 1.6 Acenta,5000,PLN,Benzyna,168651,2008,Manualna
Toyota,Toyota Yaris 1.0 Luna A/C,11700,PLN,Benzyna+LPG,135000,2006,Manualna
Renault,Renault Scenic 1.5 dCi Tech Run,10000,PLN,Diesel,186451,2011,Manualna
Hyundai,Hyundai Tucson 1.6 T-GDi HEV Executive 2WD,118900,PLN,Hybryda,33000,2022,Automatyczna
BMW,BMW Seria 5,45000,PLN,Diesel,339300,2011,Automatyczna
Seat,Seat Altea 1.2 TSI Reference,14000,PLN,Benzyna,211218,2012,Manualna
Alfa Romeo,Alfa Romeo Stelvio 2.2 16V AT8 Executive,67000,PLN,Diesel,63444,2017,Automatyczna
Opel,Opel Meriva 1.3 CDTI EcoFLEX 150 Jahre,9800,PLN,Diesel,259000,2011,Manualna
Seat,Seat Ibiza,1350,PLN,Benzyna,252647,2003,Manualna
Toyota,Toyota Highlander 2.5 Hybrid Executive Style,195000,PLN,Hybryda,54533,2022,Automatyczna
Opel,Opel Zafira 1.9 CDTI,7500,PLN,Diesel,292000,2006,Manualna
Volkswagen,Volkswagen T-Roc 1.5 TSI ACT Premium,74900,PLN,Benzyna,71855,2019,Manualna
Peugeot,Peugeot 308 BlueHDi 130 EAT8 Black Edition,39999,PLN,Diesel,161374,2020,Automatyczna
Audi,Audi A1 Sportback 1.4 TFSI S tronic Attraction,39500,PLN,Benzyna,112000,2013,Automatyczna
Renault,Renault Captur (ENERGY) dCi 90 LIMITED,31900,PLN,Diesel,112000,2015,Manualna
Citroën,Citroën C4 1.4 16V SX,7500,PLN,Benzyna,171600,2005,Manualna
Kia,Kia Ceed 1.6 CRDi M,37999,PLN,Diesel,174000,2017,Manualna
BMW,BMW Seria 4 420d xDrive M Sport sport,152900,PLN,Diesel,99000,2022,Automatyczna
Audi,Audi S5 Limousine TFSI S tronic,372900,PLN,Benzyna,1,2026,Automatyczna
Renault,Renault Clio (Energy) TCe 90 Bose Edition,38999,PLN,Benzyna,72000,2019,Manualna
Volvo,Volvo V60 B4 B Core,123899,PLN,Benzyna,19000,2023,Automatyczna
Skoda,Skoda Kodiaq 2.0 TSI 4x4 Sportline DSG,199518,PLN,Benzyna,7,2026,Automatyczna
Land Rover,Land Rover Range Rover Sport,529000,PLN,Benzyna,10,2026,Automatyczna
Volkswagen,Volkswagen Polo 1.6 TDI SCR IQ.DRIVE,34990,PLN,Diesel,151748,2018,Manualna
Renault,Renault Kadjar TCe 140 GPF LIMITED,54900,PLN,Benzyna,85961,2018,Manualna
Kia,Kia Ceed 1.6 CRDi SCR M DCT,43000,PLN,Diesel,189600,2020,Automatyczna
Citroën,Citroën C3 1.2 PureTech Shine EAT6,51900,PLN,Benzyna,50160,2024,Automatyczna
Peugeot,Peugeot 308 1.5 BlueHDi Allure S&S EAT8,94900,PLN,Diesel,31200,2025,Automatyczna
Peugeot,Peugeot 508 1.5 BlueHDi Allure S&S EAT8,119900,PLN,Diesel,44600,2024,Automatyczna
Kia,Kia Sportage 1.6 T-GDI MHEV Anniversary 2WD DCT,123900,PLN,Benzyna,58150,2023,Automatyczna
Peugeot,Peugeot 308 Hybrid 136e-DSC6 GT,98900,PLN,Benzyna,20350,2025,Automatyczna
Jeep,Jeep Compass 1.4 TMair Limited 4WD S&S,72900,PLN,Benzyna,86650,2018,Automatyczna
Audi,Audi Q5 40 TDI mHEV Quattro S Line S tronic,114900,PLN,Diesel,201027,2021,Automatyczna
Dacia,Dacia Sandero Stepway 1.0 TCe Comfort,49900,PLN,Benzyna,82752,2022,Manualna
Citroën,Citroën C3 1.2 PureTech Elle EAT6,52900,PLN,Benzyna,35343,2024,Automatyczna
Peugeot,Peugeot 408 1.2 PureTech mHEV GT Exclusive S&S e-DCS6,137900,PLN,Benzyna,3,2026,Automatyczna
BAIC,BAIC X7,95900,PLN,Benzyna,50,2023,Automatyczna
Citroën,Citroën Berlingo M 1.2 PureTech Feel S&S N1,74900,PLN,Benzyna,12500,2023,Manualna
Volkswagen,Volkswagen Arteon 2.0 TSI 4Motion Elegance DSG,117900,PLN,Benzyna,120714,2021,Automatyczna
Fiat,Fiat Tipo 1.4 16v Pop,29900,PLN,Benzyna,111000,2017,Manualna
Hyundai,Hyundai Sonata,4500,PLN,Diesel,370360,2007,Manualna
Audi,Audi Q7 50 TDI mHEV Quattro Tiptr,334909,PLN,Diesel,67000,2023,Automatyczna
Citroën,Citroën C4 Picasso 1.6 VTi Selection,31500,PLN,Benzyna,121000,2014,Manualna
Ford,Ford Scorpio,4300,PLN,Benzyna+LPG,202974,1997,Automatyczna
BMW,BMW X1 sDrive20d,27999,PLN,Diesel,227008,2009,Manualna
MINI,MINI John Cooper Works ALL4 Classic Trim sport,119900,PLN,Benzyna,53356,2022,Automatyczna
Volkswagen,Volkswagen Tiguan 1.5 eTSI Life Plus DSG,154910,PLN,Benzyna,10,2026,Automatyczna
Peugeot,Peugeot 2008,24800,PLN,Benzyna,95000,2016,Manualna
Volkswagen,Volkswagen Passat 2.0 FSI Highline,9900,PLN,Benzyna,311000,2006,Manualna
Audi,Audi A1 Sportback 1.0 TFSI ultra S tronic,36000,PLN,Benzyna,77000,2017,Automatyczna
Skoda,Skoda Superb 2.0 TSI L&K DSG,194700,PLN,Benzyna,7,2026,Automatyczna
BMW,BMW Seria 1 116i Sport Line,27990,PLN,Benzyna,163000,2012,Manualna
Cupra,Cupra Terramar,194900,PLN,Benzyna,4736,2025,Automatyczna
Cupra,Cupra Leon Sportstourer,163883,PLN,Benzyna,10,2026,Automatyczna
Cupra,Cupra Leon Sportstourer,155900,PLN,Benzyna,10,2026,Automatyczna
Cupra,Cupra Leon,139900,PLN,Benzyna,10,2026,Automatyczna
Cupra,Cupra Terramar,184900,PLN,Benzyna,10,2026,Automatyczna
Cupra,Cupra Formentor,173769,PLN,Benzyna,10,2026,Automatyczna
Cupra,Cupra Formentor,143900,PLN,Benzyna,10,2025,Automatyczna
Cupra,Cupra Formentor,146473,PLN,Benzyna,10,2026,Automatyczna
Cupra,Cupra Formentor,174500,PLN,Benzyna,10,2026,Automatyczna
Cupra,Cupra Formentor,159900,PLN,Benzyna,10,2026,Automatyczna
Opel,Opel Frontera 1.2 T mHEV GS eDTC6,104500,PLN,Benzyna,2,2026,Automatyczna
Ford,Ford Mondeo 1.5 EcoBoost Edition,36999,PLN,Benzyna,170841,2016,Manualna
Mazda,Mazda CX-3 SKYACTIV-G 121 FWD Selection,72999,PLN,Benzyna,56412,2021,Manualna
Ford,Ford S-Max 2.0 Trend,30000,PLN,Benzyna+LPG,217009,2010,Manualna
Opel,"Opel Vivaro L2H1 2,9t Edition Elegance",58000,PLN,Diesel,185000,2018,Manualna
Opel,Opel Mokka X 1.4 (ecoFLEX) ECOTEC Start/Stop Color Innovation,48999,PLN,Benzyna+LPG,112974,2017,Manualna
Mazda,Mazda CX-30 SKYACTIV-X 2.0 M-Hybrid SELECTION,83900,PLN,Benzyna,124990,2020,Automatyczna
Mazda,Mazda CX-30 SKYACTIV-G 2.0 M-Hybrid 150,67999,PLN,Benzyna,177220,2020,Automatyczna
Toyota,Toyota Land Cruiser KJ90 3.0 TD,45000,PLN,Diesel,466225,1997,Manualna
Fiat,Fiat 500X 1.3 FireFly Turbo DCT 4x2 S&S Cross,53700,PLN,Benzyna,119500,2019,Automatyczna
Opel,Opel Zafira 1.8 Cosmo,15000,PLN,Benzyna,200000,2011,Manualna
Volkswagen,Volkswagen Caravelle,29900,PLN,Diesel,315239,2003,Manualna
Ford,Ford S-Max 2.0 TDCi 4WD Titanium,48999,PLN,Diesel,250000,2016,Manualna
Audi,Audi Q5 2.0 TDI Quattro Sport S tronic,86600,PLN,Diesel,232500,2018,Automatyczna
Land Rover,Land Rover Range Rover Evoque 2.0 D200 mHEV Dynamic SE,199000,PLN,Diesel,13700,2025,Automatyczna
Peugeot,Peugeot 2008 PureTech 110 Stop&Start Crossway,37999,PLN,Benzyna,45024,2019,Manualna
BAIC,BAIC BJ30,178300,PLN,Hybryda,10,2026,Automatyczna
BAIC,BAIC 5,122200,PLN,Benzyna,10,2026,Automatyczna
BAIC,BAIC 3,74900,PLN,Benzyna,10,2026,Manualna
BAIC,BAIC 5,102800,PLN,Benzyna,10,2026,Automatyczna
Alfa Romeo,Alfa Romeo Giulia,75000,PLN,Benzyna,106900,2017,Automatyczna
BAIC,BAIC BJ60,276900,PLN,Benzyna,10,2025,Automatyczna
BAIC,BAIC 5,119300,PLN,Benzyna,10,2026,Automatyczna
BMW,BMW X1 xDrive18d Sport Line,62999,PLN,Diesel,192140,2017,Automatyczna
Ford,Ford Fiesta 1.0 EcoBoost STart-Stop Trend,19999,PLN,Benzyna,118052,2016,Manualna
Mercury,Mercury Marquis,19900,PLN,Benzyna+LPG,376500,2000,Automatyczna
Dodge,Dodge Charger,51499,PLN,Benzyna,196000,2015,Automatyczna
Nissan,Nissan Juke 1.6 Start/Stop Acenta,26500,PLN,Benzyna,206493,2014,Manualna
Porsche,Porsche Panamera 4S E-Hybrid PHEV,743800,PLN,Hybryda Plug-in,3000,2026,Automatyczna
Nissan,Nissan Qashqai 1.6 dCi Tekna S&S,39000,PLN,Diesel,196654,2015,Manualna
Audi,Audi Q3 45 TFSI Quattro S tronic,149000,PLN,Benzyna,43000,2022,Automatyczna
Toyota,Toyota Proace Verso,77899,PLN,Diesel,90353,2021,Manualna
Renault,Renault Captur ENERGY TCe 120 Experience,33900,PLN,Benzyna,146000,2016,Manualna
Opel,Opel Grandland X Plug-in-Hybrid4 1.6 DI Start/Stop Business Edition,73999,PLN,Hybryda Plug-in,64393,2020,Automatyczna
Hyundai,Hyundai Inster,114800,PLN,Elektryczny,13,2025,Automatyczna
Ford,Ford Kuga 2.0 TDCi 4x4 Titanium,24999,PLN,Diesel,216329,2009,Manualna
Opel,Opel Astra 2.0 DTI,2000,PLN,Diesel,258423,2002,Manualna
Skoda,Skoda Octavia 2.0 TDI Ambition DSG,69900,PLN,Diesel,142000,2022,Automatyczna
Volkswagen,Volkswagen Caddy,36900,PLN,Diesel,252000,2020,Manualna
Opel,Opel Astra 1.4 Turbo Dynamic,44900,PLN,Benzyna,139998,2019,Manualna
Citroën,Citroën C4 PureTech 130 Stop&Start MAX,59999,PLN,Benzyna,6148,2024,Manualna
Toyota,Toyota Corolla,102850,PLN,Hybryda,93456,2020,Automatyczna
Opel,Opel Astra 1.4 T EU6,42900,PLN,Benzyna,150000,2018,Manualna
Opel,Opel Astra,115500,PLN,Benzyna,1000,2026,Automatyczna
Citroën,Citroën C4 Aircross,9900,PLN,Diesel,292000,2012,Manualna
Seat,Seat Ateca 1.5 Eco TSI FR S&S,71900,PLN,Benzyna,106000,2021,Manualna
Volkswagen,Volkswagen Passat 2.0 TDI BMT Highline DSG7,66999,PLN,Diesel,179999,2019,Automatyczna
Land Rover,Land Rover Defender 4.4 P635 V8 mHEV Octa Black,979000,PLN,Benzyna,1000,2026,Automatyczna
Nissan,Nissan Pulsar 1.2 DIG-T Tekna,29900,PLN,Benzyna,62770,2015,Manualna
Forthing,Forthing S7 REEV,159900,PLN,Hybryda Plug-in,22,2026,Automatyczna
Citroën,Citroën C5 Aircross,48900,PLN,Benzyna,123500,2019,Manualna
Nissan,Nissan Qashqai 2.0 dCi 4x4 Tekna Premium,15900,PLN,Diesel,235000,2008,Manualna
Opel,Opel Insignia 2.0 CDTI 4x4 Elite S&S,46900,PLN,Diesel,185043,2019,Automatyczna
Chery,Chery Tiggo 8 1.5 T-GDI Super Hybrid Comfort DCT,136500,PLN,Hybryda Plug-in,7000,2025,Automatyczna
Peugeot,Peugeot Partner BlueHDi 120 Stop&Start Outdoor,36999,PLN,Diesel,194617,2017,Manualna
Mercedes-Benz,Mercedes-Benz Klasa C,51900,PLN,Diesel,215000,2015,Automatyczna
Audi,Audi A4 Avant 35 TFSI mHEV S tronic,99900,PLN,Benzyna,86000,2023,Automatyczna
Kia,Kia Niro 1.6 GDI Hybrid L,43665,PLN,Hybryda,316320,2019,Automatyczna
Volvo,Volvo V90 Cross Country D5 SCR AWD,87900,PLN,Diesel,258251,2016,Automatyczna
Hyundai,Hyundai i20 1.0 T-GDI Advantage+,35999,PLN,Benzyna,139985,2020,Manualna
BMW,BMW Seria 2 218d Sport Line,90000,PLN,Diesel,101000,2021,Automatyczna
Peugeot,Peugeot 508 1.6 PureTech GT S&S EAT8,81900,PLN,Benzyna,77500,2021,Automatyczna
Volkswagen,Volkswagen Arteon 1.5 TSI Elegance,91900,PLN,Benzyna,97000,2023,Manualna
Audi,Audi A6 Limousine,66000,PLN,Benzyna,176233,2015,Automatyczna
Opel,Opel Insignia 2.0 CDTI ecoFLEX Start/Stop,21500,PLN,Diesel,170859,2013,Manualna
Toyota,Toyota Camry,185850,PLN,Hybryda,9205,2024,Automatyczna
Citroën,Citroën C4 Picasso 1.6 THP Exclusive,32500,PLN,Benzyna,134558,2015,Manualna
Mercedes-Benz,Mercedes-Benz Klasa A 250 4-Matic AMG Line 7G-DCT,139900,PLN,Benzyna,57671,2023,Automatyczna
Mazda,Mazda 626,19500,PLN,Benzyna,161000,1988,Automatyczna
Mercedes-Benz,Mercedes-Benz GLC 200 mHEV 4-Matic Avantgarde,249900,PLN,Benzyna,4546,2025,Automatyczna
Audi,Audi A4 Limousine 2.0 TFSI Quattro Sport S tronic,25000,PLN,Benzyna,132000,2018,Automatyczna
BMW,BMW Seria 3 318i M Sport sport,119900,PLN,Benzyna,36641,2021,Automatyczna
Peugeot,Peugeot RCZ,30900,PLN,Benzyna,111000,2014,Manualna
Mercedes-Benz,Mercedes-Benz Klasa C 300 d mHEV Avantgarde,155000,PLN,Diesel,63024,2021,Automatyczna
Ford,Ford C-MAX 1.6 Titanium,11699,PLN,Benzyna,199000,2009,Manualna
Audi,Audi A3 Sportback,2900,PLN,Benzyna+LPG,280000,1997,Manualna
Chery,Chery Tiggo 9 1.5 T-GDI Super Hybrid Prestige 3DHT,185900,PLN,Hybryda Plug-in,5,2026,Automatyczna
Volkswagen,Volkswagen Tiguan 2.0 TSI OPF 4MOTION DSG R-Line,75900,PLN,Benzyna,6000,2025,Automatyczna
Audi,Audi S5 Sportback 3.0 TFSI Quattro Tiptronic,124000,PLN,Benzyna,62277,2018,Automatyczna
MG,MG HS 1.5T HEV+ Exclusive,129500,PLN,Hybryda,5,2026,Automatyczna
MG,MG MG3,92250,PLN,Hybryda,10,2026,Automatyczna
MG,MG HS PHEV 1.5T Excite,126900,PLN,Hybryda Plug-in,10,2024,Automatyczna
MG,MG S9,175055,PLN,Hybryda Plug-in,5,2026,Automatyczna
Mercedes-Benz,Mercedes-Benz W123,33900,PLN,Benzyna,287000,1981,Manualna
Opel,Opel Corsa 1.2 Edition S&S,38990,PLN,Benzyna,65000,2020,Manualna
Opel,Opel Mokka 1.7 CDTI ecoFLEX Start/Stop 4x4 Innovation,35900,PLN,Diesel,115000,2014,Manualna
Honda,Honda HR-V 1.5 i-VTEC CVT Elegance,49999,PLN,Benzyna,186000,2016,Automatyczna
Dacia,Dacia Duster 1.8 Full Hybrid 155 Journey MMT,106499,PLN,Hybryda,5,2026,Automatyczna
MG,MG HS 1.5 T-GDI Exclusive DCT,119900,PLN,Benzyna,8854,2025,Automatyczna
Fiat,Fiat Panda,13900,PLN,Benzyna,105000,2012,Manualna
Ford,Ford Tourneo Custom,224900,PLN,Diesel,11,2026,Automatyczna
Opel,Opel Insignia 1.8 Cosmo,19600,PLN,Benzyna,169000,2010,Manualna
Land Rover,Land Rover Range Rover Sport S 3.0 D HSE Dynamic Stealth,459000,PLN,Diesel,18500,2025,Automatyczna
Seat,Seat Leon 1.4 TSI Start&Stop FR,53900,PLN,Benzyna,137000,2018,Manualna
Nissan,Nissan Qashqai 2.0 dCi 4 x 4 DPF tekna,26970,PLN,Diesel,215000,2011,Automatyczna
Ford,Ford Mondeo,5700,PLN,Diesel,370120,2005,Manualna
BMW,BMW X1,227000,PLN,Diesel,5500,2024,Automatyczna
Opel,Opel Agila 1.2 Edition,11900,PLN,Benzyna,210591,2010,Manualna
Honda,Honda Civic 1.0 i-VTEC Turbo Comfort Sport Line,56900,PLN,Benzyna,85900,2019,Manualna
Audi,Audi A5 Sportback 2.0 TFSI S tronic,39900,PLN,Benzyna+LPG,170000,2020,Automatyczna
BMW,BMW Seria 1 118i M Sport,27500,PLN,Benzyna,150271,2013,Manualna
Volkswagen,Volkswagen Touran 1.5 TSI EVO Highline DSG,134000,PLN,Benzyna,45100,2023,Automatyczna
Cupra,Cupra Terramar 1.5 eTSI mHEV DSG,149900,PLN,Benzyna,26050,2025,Automatyczna
Fiat,Fiat Panda,2100,PLN,Benzyna,384500,2005,Manualna
Volkswagen,Volkswagen Passat 2.0 TDI BMT 4Mot Highline,38500,PLN,Diesel,369000,2015,Manualna
Dodge,"Dodge Durango 3,6 Citadel",159000,PLN,Benzyna,34889,2022,Automatyczna
Fiat,Fiat Scudo Panorama L2H1 Family,20800,PLN,Diesel,273000,2008,Manualna
Volvo,Volvo XC 40,108899,PLN,Benzyna,80851,2023,Automatyczna
Audi,Audi A3 Sportback 1.5 TFSI S tronic,96899,PLN,Benzyna,17395,2023,Automatyczna
Jeep,Jeep Cherokee 3.2 V6 Active Drive Lock Trailhawk,59500,PLN,Benzyna,158693,2015,Automatyczna
BMW,BMW Seria 1 125d,41500,PLN,Diesel,204000,2013,Automatyczna
Opel,Opel Grandland X 1.6 T PHEV 4x4 Elite,85700,PLN,Hybryda Plug-in,44000,2020,Automatyczna
Peugeot,Peugeot 508,31900,PLN,Diesel,235953,2016,Manualna
Kia,Kia Sportage 1.6 T-GDI L Business Line 2WD,70900,PLN,Benzyna+LPG,180000,2017,Manualna
Opel,Opel Astra 1.4 T Dynamic S&S,50000,PLN,Benzyna,116200,2019,Automatyczna
Hyundai,Hyundai Veloster,71900,PLN,Benzyna,51000,2019,Manualna
Citroën,Citroën C3 1.2 PureTech Feel,22800,PLN,Benzyna,119789,2017,Manualna
Dacia,Dacia Lodgy 1.6 SCe Stepway S&S,34000,PLN,Benzyna,87295,2018,Manualna
Citroën,Citroën C3 1.2 PureTech Feel,26500,PLN,Benzyna,68776,2017,Manualna
Skoda,Skoda Octavia 2.0 TDI Sportline DSG,44000,PLN,Diesel,170000,2022,Automatyczna
Audi,Audi S5 Coupé 3.0 TFSI Quattro S tronic,51000,PLN,Benzyna,242000,2013,Automatyczna
Audi,Audi S3 2.0 TFSI Quattro S tronic,59999,PLN,Benzyna,245000,2010,Automatyczna
Ford,Ford Fiesta 1.0 EcoBoost Hybrid S&S ACTIVE VIGNALE,42500,PLN,Benzyna,72912,2019,Manualna
Ford,Ford KA,9900,PLN,Benzyna,184620,2009,Manualna
Fiat,Fiat Tipo 1.0 T3 City Life,56900,PLN,Benzyna,56100,2022,Manualna
Opel,Opel Zafira 2.2 Diesel XL Business,177900,PLN,Diesel,5,2026,Automatyczna
Opel,Opel Mokka 1.4 T Enjoy S&S 4x4,32900,PLN,Benzyna,175353,2013,Manualna
Renault,Renault Scenic,19900,PLN,Benzyna,131361,2013,Manualna
Mazda,Mazda CX-7 2.2 CD Exclusive,11900,PLN,Diesel,324000,2010,Manualna
Toyota,Toyota Auris,35600,PLN,Benzyna,232405,2014,Automatyczna
Volkswagen,Volkswagen Polo 1.2 Team,15999,PLN,Benzyna,173000,2010,Manualna
Opel,Opel Astra 1.4 Turbo Cosmo,14800,PLN,Benzyna,240000,2010,Manualna
Renault,Renault Captur 1.3 TCe Intens EDC,60900,PLN,Benzyna,136000,2020,Automatyczna
Subaru,Subaru Forester,49500,PLN,Benzyna,225600,2014,Automatyczna
BMW,BMW X6,439500,PLN,Benzyna,2300,2024,Automatyczna
Mercedes-Benz,Mercedes-Benz GLE 400 d 4-Matic Executive,269000,PLN,Diesel,95000,2019,Automatyczna
Audi,Audi A5 Sportback 2.0 TFSI,19700,PLN,Benzyna,260000,2011,Manualna
Fiat,Fiat Bravo 1.4 T-JET 16V Dynamic Euro5,14500,PLN,Benzyna+LPG,139300,2010,Manualna
Ford,Ford Focus 2.0 TDCi Trend MPS6,8000,PLN,Diesel,450000,2013,Automatyczna
Seat,Seat Alhambra 2.0 TDI FR-Line DSG,79500,PLN,Diesel,194000,2020,Automatyczna
Audi,Audi A4 Avant,66999,PLN,Benzyna,237000,2016,Manualna
Volkswagen,Volkswagen Passat,52000,PLN,Diesel,228000,2017,Automatyczna
Ford,Ford Kuga 1.5 EcoBoost FWD Trend ASS GPF,51600,PLN,Benzyna,59500,2018,Manualna
Opel,Opel Zafira Tourer 1.4 Turbo ecoFLEX Start/Stop Selection,22900,PLN,Benzyna,189106,2013,Manualna
Toyota,Toyota Avensis 1.8 Sol plus NAVI MS,26800,PLN,Benzyna,236253,2011,Automatyczna
BMW,BMW X3,304900,PLN,Diesel,9315,2025,Automatyczna
Kia,Kia Ceed 1.6 GDI L Business Line,33900,PLN,Benzyna,151000,2014,Manualna
Mazda,Mazda CX-3 SKYACTIV-G 150 i-ELOOP AWD m Technik Packet KANGEI,57999,PLN,Benzyna,179000,2015,Manualna
Renault,Renault Clio,35900,PLN,Benzyna,71424,2019,Manualna
Seat,Seat Ateca,109900,PLN,Benzyna,17138,2022,Automatyczna
BMW,BMW Seria 3 320d Sport Line,68000,PLN,Diesel,171000,2016,Automatyczna
Audi,Audi A3 Cabrio 1.8 TFSI Attraction,17500,PLN,Benzyna,166000,2009,Manualna
Ford,Ford Focus 1.8 TDCi FX,5000,PLN,Diesel,196402,2002,Manualna
Kia,Kia Rio 1.1 crdi M,14500,PLN,Diesel,283000,2012,Manualna
Volkswagen,Volkswagen Passat 1.9 TDI Highline,2400,PLN,Diesel,263670,2003,Manualna
Renault,Renault Kadjar Energy TCe 165 Bose Edition,61900,PLN,Benzyna,105710,2017,Manualna
Opel,Opel Astra 1.5 CDTI Ultimate S&S,96900,PLN,Diesel,28762,2024,Automatyczna
Volkswagen,Volkswagen Touran,56000,PLN,Diesel,258920,2018,Automatyczna
Opel,Opel Astra 1.4 Turbo Cosmo,23800,PLN,Benzyna,215214,2014,Manualna
Renault,Renault Clio 1.5 dCi Energy Dynamique,13500,PLN,Diesel,285000,2013,Manualna
Nissan,Nissan 370 Z 3.7 V6,75000,PLN,Benzyna,315000,2009,Manualna
Toyota,Toyota Prius 1.8 HSD Active,40000,PLN,Benzyna+LPG,165000,2015,Automatyczna
Land Rover,Land Rover Range Rover 4.4SD V8 AB,99000,PLN,Diesel,211000,2014,Automatyczna
Kia,Kia XCeed,89998,PLN,Benzyna,29257,2025,Automatyczna
Toyota,Toyota Urban Cruiser,14000,PLN,Benzyna,264465,2009,Manualna
Renault,Renault Kadjar,62900,PLN,Benzyna,100024,2020,Automatyczna
Kia,Kia Picanto,57500,PLN,Benzyna,16435,2022,Manualna
Skoda,Skoda Kamiq 1.0 TSI Drive DSG,108500,PLN,Benzyna,5,2026,Automatyczna
Mercedes-Benz,Mercedes-Benz GLE 300 d 4-Matic,289900,PLN,Diesel,105500,2022,Automatyczna
BMW,BMW Inny,79999,PLN,Benzyna,118000,2018,Automatyczna
Ford,Ford Tourneo Connect,89900,PLN,Diesel,153267,2023,Automatyczna
BMW,BMW X1,63200,PLN,Diesel,230000,2016,Automatyczna
BMW,BMW 6GT,98999,PLN,Diesel,257279,2018,Automatyczna
BMW,BMW X1 sDrive18d xLine,199900,PLN,Diesel,7500,2025,Automatyczna
Opel,Opel Astra 1.4 T Active EU6,23900,PLN,Benzyna,166485,2013,Manualna
Opel,Opel Astra 1.4 Turbo Sport,15800,PLN,Benzyna,169000,2010,Manualna
Nissan,Nissan Qashqai 1.2 DIG-T Visia EU6,39999,PLN,Benzyna,177324,2018,Manualna
Renault,Renault Megane,10500,PLN,Benzyna,228000,2011,Manualna
Maserati,Maserati GranTurismo S,135300,PLN,Benzyna,167737,2010,Automatyczna
Skoda,Skoda Octavia Scout 2.0 TDI 4x4 DSG,31000,PLN,Diesel,284000,2015,Automatyczna
Citroën,Citroën C4 Picasso PureTech 130 Stop&Start SHINE,28900,PLN,Benzyna,197000,2017,Manualna
Renault,Renault Laguna 2.0 dCi Bose Edition,19499,PLN,Diesel,315000,2015,Manualna
Kia,Kia Sportage,71899,PLN,Benzyna,42017,2021,Automatyczna
Ford,Ford Mondeo 2.0 TDCi Bi-Turbo PowerShift-Aut Vignale,41777,PLN,Diesel,223000,2016,Automatyczna
BMW,BMW X5 xDrive40d Sport-Aut,79777,PLN,Diesel,198000,2016,Automatyczna
Seat,Seat Alhambra 2.0 TDI DPF Reference,13800,PLN,Diesel,280000,2010,Manualna
Mercedes-Benz,Mercedes-Benz Klasa E,289899,PLN,Hybryda,5873,2025,Automatyczna
Volkswagen,Volkswagen Passat Variant 2.0 TSI Business DSG,83899,PLN,Benzyna,67327,2021,Automatyczna
Volvo,Volvo XC 90,234899,PLN,Hybryda,67604,2023,Automatyczna
Kia,Kia Sportage 1.7 CRDI Business Line M 2WD,43900,PLN,Diesel,128100,2015,Manualna
Toyota,Toyota ProAce D-4D Long Active (bryg.),98900,PLN,Diesel,98683,2023,Manualna
Opel,Opel Corsa 1.2 S&S,59900,PLN,Benzyna,24287,2024,Manualna
Opel,Opel Meriva 1.4 Color Edition,20900,PLN,Benzyna,132000,2011,Manualna
Audi,Audi Q3 2.0 TFSI Quattro S tronic,54900,PLN,Benzyna,125380,2013,Automatyczna
Lexus,Lexus RX 450h Elegance MY19,139900,PLN,Hybryda,92303,2016,Automatyczna
Renault,Renault Wind,18950,PLN,Benzyna,130734,2011,Manualna
Volkswagen,Volkswagen Golf,47700,PLN,Diesel,63737,2017,Automatyczna
Nissan,Nissan Pulsar 1.2 DIG-T Acenta,34900,PLN,Benzyna,130420,2014,Manualna
Nissan,Nissan Leaf 30 kWh (mit Batterie) Tekna,33900,PLN,Elektryczny,86200,2017,Automatyczna
BMW,BMW Seria 3 320i Advantage,89900,PLN,Benzyna,131450,2019,Automatyczna
Hyundai,Hyundai ix35 1.6 2WD Fifa World Cup Edition,41900,PLN,Benzyna,156000,2014,Manualna
Mercedes-Benz,Mercedes-Benz CLA,75000,PLN,Benzyna,113000,2018,Automatyczna
Ford,Ford Focus,21700,PLN,Benzyna,134177,2014,Manualna
BMW,BMW Seria 5,114500,PLN,Diesel,168000,2018,Automatyczna
Renault,Renault Trafic,89999,PLN,Diesel,64000,2024,Manualna
Land Rover,Land Rover Range Rover Evoque,55800,PLN,Diesel,148000,2017,Manualna
Cupra,Cupra Formentor,67900,PLN,Hybryda Plug-in,62000,2022,Automatyczna
Peugeot,Peugeot 5008 2.0 BlueHDI GT S&S EAT6,69900,PLN,Diesel,177290,2017,Automatyczna
Porsche,Porsche Macan S,229900,PLN,Benzyna,41460,2021,Automatyczna
Renault,Renault Clio 1.0 TCe Techno,34500,PLN,Benzyna+LPG,67482,2022,Manualna
Renault,Renault Scenic 1.6 16V 110 Dynamique,26500,PLN,Benzyna,159900,2012,Manualna
Volkswagen,Volkswagen Polo,92900,PLN,Benzyna,81207,2022,Automatyczna
Volvo,Volvo XC 60 D4 Drive-E Summum,84900,PLN,Diesel,120500,2017,Automatyczna
Ford,Ford Tourneo Connect,69999,PLN,Diesel,18000,2025,Automatyczna
Mercedes-Benz,Mercedes-Benz 280,18000,PLN,Benzyna,78000,1969,Manualna
Renault,Renault Captur ENERGY dCi 90 EDC Experience,35900,PLN,Diesel,108470,2015,Automatyczna
Audi,Audi Q5 50 TFSIe quattro S tronic S line,124900,PLN,Hybryda Plug-in,147000,2023,Automatyczna
Peugeot,Peugeot 3008 2.0 BlueHDi GT S&S EAT8,74990,PLN,Diesel,140000,2018,Automatyczna
BMW,BMW Seria 5,90000,PLN,Diesel,220,2017,Automatyczna
Opel,Opel Corsa 1.2 T Yes S&S,79900,PLN,Benzyna,5,2026,Manualna
Mercedes-Benz,Mercedes-Benz GLA 200 Style,134900,PLN,Benzyna,8980,2023,Automatyczna
Jeep,Jeep Avenger 54kWh Altitude,114900,PLN,Elektryczny,17950,2024,Automatyczna
Fiat,Fiat Tipo 1.4 T-Jet Lounge,35900,PLN,Benzyna,152300,2017,Manualna
Renault,Renault Captur (ENERGY) TCe 90 INTENS,29900,PLN,Benzyna,133927,2016,Manualna
Volkswagen,Volkswagen Passat Variant,89899,PLN,Diesel,72974,2023,Automatyczna
Volkswagen,Volkswagen Tiguan 2.0 TSI 4Motion Automatik Track & Field,24500,PLN,Benzyna,156000,2012,Automatyczna
Gaz,Gaz Inny ver-1500-2107-,25900,PLN,Benzyna,26895,1989,Manualna
Suzuki,Suzuki SX4 1.6 VVT 4x4 Comfort,19900,PLN,Benzyna,174640,2007,Manualna
Volkswagen,Volkswagen Arteon 2.0 TSI 4Motion R DSG,159900,PLN,Benzyna,79531,2022,Automatyczna
BMW,BMW X3,58600,PLN,Benzyna,149000,2017,Automatyczna
Honda,Honda HR-V 1.5 i-MMD Advance Style BSI CVT,144900,PLN,Hybryda,10,2026,Automatyczna
Skoda,Skoda Kodiaq 2.0 TDI 4x4 L&K DSG,142900,PLN,Diesel,91462,2022,Automatyczna
Nissan,Nissan X-Trail,225000,PLN,Hybryda,1,2026,Automatyczna
Kia,Kia Ceed 1.0 T-GDI M,53890,PLN,Benzyna,119256,2022,Manualna
Honda,Honda CR-V 2.0 Lifestyle,62000,PLN,Benzyna,140000,2013,Manualna
Toyota,Toyota Corolla 1.8 Hybrid GPF GR Sport,119900,PLN,Hybryda,29320,2025,Automatyczna
Renault,Renault 5,45300,PLN,Diesel,45530,2023,Manualna
Opel,Opel Adam 1.0 T SIDI Jam S&S,29900,PLN,Benzyna,122220,2015,Manualna
Kia,Kia XCeed 1.5 T-GDI M,89900,PLN,Benzyna,11695,2024,Manualna
Renault,Renault Clio 1.2 16V Limited Plus,26000,PLN,Benzyna,160000,2017,Manualna
Opel,Opel Mokka,32900,PLN,Benzyna,85703,2016,Automatyczna
Honda,Honda Civic 1.0 i-VTEC Turbo Elegance,45900,PLN,Benzyna,166600,2017,Manualna
Renault,Renault Talisman BLUE dCi 160 EDC LIMITED,64900,PLN,Diesel,98830,2019,Automatyczna
Citroën,Citroën C4 Aircross 1.6 Stop & Start 2WD Selection,22500,PLN,Benzyna,118000,2012,Manualna
Toyota,Toyota Yaris 1.33 Trend,34700,PLN,Benzyna,93210,2017,Manualna
Seat,Seat Alhambra 2.0 TDI Start & Stop DSG Connect,78900,PLN,Diesel,195059,2016,Automatyczna
Volkswagen,Volkswagen Golf,52900,PLN,Benzyna,55000,2023,Manualna
Citroën,Citroën C3,28900,PLN,Benzyna,91468,2020,Manualna
Citroën,Citroën C4,53900,PLN,Benzyna,86160,2021,Manualna
Ford,Ford Kuga 2.0 TDCi 4x4 Titanium,49900,PLN,Diesel,139800,2015,Manualna
Volkswagen,Volkswagen Golf,196900,PLN,Benzyna,1,2026,Automatyczna
Renault,Renault Arkana TCe 140 EDC ZEN,29500,PLN,Benzyna,72000,2022,Automatyczna
BMW,BMW Seria 2,36900,PLN,Diesel,212000,2018,Manualna
Citroën,Citroën C5 Aircross 1.6 PHEV 180 Feel EAT8,79500,PLN,Hybryda Plug-in,55370,2022,Automatyczna
Volkswagen,Volkswagen Golf Alltrack 1.8 TSI 4Motion (BMT) DSG,47900,PLN,Benzyna,200267,2017,Automatyczna
Toyota,Toyota Avensis,42900,PLN,Diesel,150000,2017,Manualna
Mercedes-Benz,Mercedes-Benz Klasa G AMG 63,720000,PLN,Benzyna,105000,2018,Automatyczna
Honda,Honda ZR-V 2.0 i-MMD HEV Sport BSI/CTM 2WD CVT,163900,PLN,Hybryda,5,2026,Automatyczna
Opel,Opel Mokka 1.2 T Edition S&S,69900,PLN,Benzyna,54000,2023,Automatyczna
Audi,Audi A4 Limousine 35 TFSI mHEV S Line S tronic,119900,PLN,Benzyna,48806,2023,Automatyczna
Volkswagen,Volkswagen Golf,41900,PLN,Diesel,137709,2018,Automatyczna
Opel,Opel Mokka X 1.4 Automatik Edition,54900,PLN,Benzyna,95440,2016,Automatyczna
Volkswagen,Volkswagen Tiguan Allspace,81900,PLN,Diesel,116000,2021,Automatyczna
Renault,Renault Megane 1.6 16V 110 Paris,25500,PLN,Benzyna,151643,2015,Manualna
Peugeot,Peugeot 307 1.4 Trendy,7900,PLN,Benzyna,99000,2006,Manualna
Audi,Audi A5 Coupé 1.8 TFSI,38500,PLN,Benzyna,196000,2012,Manualna
Volkswagen,Volkswagen Tiguan Allspace 2.0 TDI 4Mot SCR Comfortline DSG,78000,PLN,Diesel,137000,2019,Automatyczna
Volvo,Volvo XC 90,391900,PLN,Hybryda Plug-in,7,2026,Automatyczna
Renault,Renault Symbioz,70000,PLN,Hybryda,46000,2025,Automatyczna
Toyota,Toyota Yaris Hybrid 100 Premium,35900,PLN,Hybryda,129290,2014,Automatyczna
Mercedes-Benz,Mercedes-Benz Klasa A 250 e PHEV Progressive 8G-DCT,109900,PLN,Hybryda Plug-in,25050,2021,Automatyczna
Daewoo,Daewoo Tico 800 SX,3000,PLN,Benzyna,85630,1999,Manualna
Audi,Audi A6 Avant 3.0 TDI Quattro S tronic,69900,PLN,Diesel,213860,2015,Automatyczna
Volvo,Volvo XC 60,221000,PLN,Benzyna,7,2026,Automatyczna
Volkswagen,Volkswagen Golf 1.0 eTSI OPF DSG Active,42900,PLN,Benzyna,138000,2023,Automatyczna
Volkswagen,Volkswagen Touran 2.0 TDI Highline,26500,PLN,Diesel,249000,2012,Manualna
Ford,Ford Kuga,53900,PLN,Diesel,190600,2020,Manualna
Audi,Audi Q8 TDI mHEV 210 kW Quattro Tiptronic,169900,PLN,Diesel,179300,2018,Automatyczna
Volvo,Volvo V40 D3 Geartronic RDesign,44900,PLN,Diesel,195000,2016,Automatyczna
Mercedes-Benz,Mercedes-Benz Klasa V 220 d 9G-Tronic (d³ugi),189900,PLN,Diesel,44500,2022,Automatyczna
Citroën,Citroën C5 Aircross 1.2 mHEV Max eDCT6,89900,PLN,Benzyna,34000,2024,Automatyczna
Fiat,Fiat Panda 1.2 Classic,11950,PLN,Benzyna,126900,2012,Manualna
Jeep,Jeep Avenger Longitude,108800,PLN,Elektryczny,26644,2024,Automatyczna
Fiat,Fiat Freemont,42900,PLN,Diesel,139312,2015,Automatyczna
Alfa Romeo,Alfa Romeo Mito 1.3 JTDM,23900,PLN,Diesel,198362,2018,Manualna
Hyundai,Hyundai IONIQ,199900,PLN,Elektryczny,5900,2025,Automatyczna
Audi,Audi A5 Avant,179900,PLN,Diesel,36127,2024,Automatyczna
Volvo,Volvo V60,89900,PLN,Diesel,146000,2021,Automatyczna
Lexus,Lexus RX 450h+ F Sport Design,316900,PLN,Hybryda Plug-in,6867,2024,Automatyczna
Peugeot,Peugeot 308 1.2 PureTech GPF Active Pack Business S&S,23900,PLN,Benzyna,138000,2016,Manualna
Volvo,Volvo XC 60 D3 Geartronic Ocean Race,57900,PLN,Diesel,162530,2015,Automatyczna
Suzuki,Suzuki SX4 S-Cross,105900,PLN,Benzyna,1,2026,Manualna
Audi,Audi Q3 Sportback 35 TFSI mHEV S tronic,184900,PLN,Benzyna,10,2026,Automatyczna
Opel,Opel Mokka 1.6 CDTI Enjoy S&S,29900,PLN,Diesel,142000,2015,Manualna
Mercedes-Benz,Mercedes-Benz CLS 350 (BlueTEC) d,114900,PLN,Diesel,122070,2017,Automatyczna
Hyundai,Hyundai i30,33900,PLN,Benzyna,160000,2016,Automatyczna
Fiat,Fiat 500 1.0 GSE Hybrid Dolcevita,28900,PLN,Benzyna,19609,2022,Manualna
Alfa Romeo,Alfa Romeo Stelvio,484500,PLN,Benzyna,1,2025,Automatyczna
Audi,Audi A3 Sportback 1.8 TFSI quattro S tronic S line Sportpaket,62900,PLN,Benzyna,63200,2015,Automatyczna
Opel,Opel Insignia 1.6 ECOTEC DI Turbo Innovation,34900,PLN,Benzyna,194460,2014,Automatyczna
Ford,Ford Mondeo 1.5 EcoBoost Gold Edition,36800,PLN,Benzyna,103000,2017,Manualna
Volkswagen,Volkswagen Fox 1.2 Style,11900,PLN,Benzyna,212844,2012,Manualna
Seat,Seat Arona,71500,PLN,Benzyna,77400,2022,Manualna
Audi,Audi Q7,123000,PLN,Hybryda Plug-in,163000,2018,Automatyczna
Dodge,Dodge Durango,279000,PLN,Benzyna+LPG,69000,2024,Automatyczna
Hyundai,Hyundai Tucson,41900,PLN,Benzyna,170200,2015,Manualna
Fiat,Fiat Tipo 1.4 T-Jet 16v Lounge,41900,PLN,Benzyna+LPG,137400,2019,Manualna
Land Rover,Land Rover Range Rover,344000,PLN,Diesel,43400,2020,Automatyczna
Ford,Ford C-MAX 1.6 TDCi Titanium,19500,PLN,Diesel,178000,2011,Manualna
Opel,Opel Mokka 1.6 Enjoy S&S,44500,PLN,Benzyna,88351,2017,Manualna
Opel,Opel Vivaro,9200,PLN,Diesel,1,2002,Manualna
Mercedes-Benz,Mercedes-Benz Klasa S 350 d mHEV L 4-Matic 9G-TRONIC,410000,PLN,Diesel,98000,2024,Automatyczna
Opel,Opel Astra 1.4 Turbo Exklusiv,29900,PLN,Benzyna,105624,2015,Manualna
Kia,Kia Ceed,27500,PLN,Diesel,285,2014,Manualna
Volkswagen,Volkswagen Beetle The 1.2 TSI Design,34900,PLN,Benzyna,184000,2012,Manualna
Seat,Seat Leon,45999,PLN,Benzyna,149000,2019,Manualna
Volvo,Volvo S60,161900,PLN,Benzyna,62664,2023,Automatyczna
Nissan,Nissan X-Trail 2.0 dCi 4x4 DPF XE,20300,PLN,Diesel,162000,2014,Manualna
Nissan,Nissan Micra 1.2 Visia AC/CD,9999,PLN,Benzyna,88000,2010,Manualna
Suzuki,Suzuki Ignis 1.2 SHVS Premium Plus CVT,58900,PLN,Benzyna,53000,2021,Automatyczna
Jeep,Jeep Cherokee,58900,PLN,Benzyna,145180,2017,Automatyczna
Toyota,Toyota Auris 1.6 Premium,47500,PLN,Benzyna+LPG,120300,2016,Manualna
Volkswagen,Volkswagen Golf,193520,PLN,Benzyna,10,2026,Automatyczna
Dacia,Dacia Sandero 0.9 TCe Laureate S&S EU6,5900,PLN,Benzyna,109000,2019,Manualna
Suzuki,Suzuki SX4 Classic 1.6 VVT 4x4 Comfort,25900,PLN,Benzyna,144000,2012,Manualna
Jeep,Jeep Renegade,36900,PLN,Benzyna,169992,2018,Manualna
Jeep,Jeep Renegade 1.6 E-TorQ Sport FWD,48700,PLN,Benzyna+LPG,155000,2017,Manualna
Mercedes-Benz,Mercedes-Benz SL 55 AMG Automatik,149900,PLN,Benzyna,98704,2005,Automatyczna
Kia,Kia Picanto 1.0 L,11000,PLN,Benzyna,108530,2011,Manualna
Fiat,Fiat Freemont 2.0 Multijet Lounge AWD,20910,PLN,Diesel,231071,2013,Automatyczna
Toyota,Toyota Auris 1.4 D-4D Active,30000,PLN,Diesel,160924,2014,Manualna
Audi,Audi Q3 Sportback 35 TFSI mHEV S tronic,129900,PLN,Benzyna,66717,2024,Automatyczna
Citroën,Citroën C3 Pure Tech 110 S&S SHINE,12900,PLN,Benzyna,85772,2017,Manualna
Peugeot,Peugeot 2008,53000,PLN,Diesel,91000,2020,Manualna
Seat,Seat Ibiza 1.4 Style,18900,PLN,Benzyna,149000,2014,Manualna
Renault,Renault Captur 0.9 Energy TCe Intens,27900,PLN,Benzyna,170000,2014,Manualna
Opel,Opel Astra 1.4 Active,19500,PLN,Benzyna,158500,2013,Manualna
Volkswagen,Volkswagen Transporter L1H1 DSG,75000,PLN,Diesel,141000,2020,Automatyczna
Volkswagen,Volkswagen Golf 1.4 TSI (BlueMotion Technology) Highline,22900,PLN,Benzyna,172000,2017,Manualna
Lexus,Lexus NX 450h+ Prestige AWD,243900,PLN,Hybryda Plug-in,30654,2024,Automatyczna
Ford,Ford Mondeo 2.0 EcoBlue ST-Line,59900,PLN,Diesel,251130,2019,Automatyczna
BYD,BYD Seal 6,129900,PLN,Hybryda Plug-in,4273,2025,Automatyczna
Renault,Renault Clio TCe 90 Dynamique,24900,PLN,Benzyna,144700,2015,Manualna
Audi,Audi S5 Cabrio S tronic,55900,PLN,Benzyna,153400,2009,Automatyczna
Nissan,Nissan Leaf 62 kWh e+ Tekna,21500,PLN,Elektryczny,373000,2020,Automatyczna
Skoda,Skoda Citigo,20500,PLN,Benzyna,176817,2019,Manualna
Porsche,Porsche Cayenne Diesel Platinum Edition,112900,PLN,Diesel,237940,2015,Automatyczna
Opel,Opel Insignia 2.0 CDTI Elegance S&S,76900,PLN,Diesel,77000,2022,Automatyczna
Fiat,Fiat Grande Punto Actual 1.4 8V Estiva Blue&Me,7000,PLN,Benzyna,155000,2009,Manualna
Suzuki,Suzuki Vitara,94900,PLN,Benzyna,1,2026,Manualna
Volvo,Volvo V60 D3 Geartronic R-Design,84999,PLN,Diesel,123000,2020,Automatyczna
Suzuki,Suzuki SX4 S-Cross 1.4 Boosterjet Allgrip Comfort+,49899,PLN,Benzyna,150500,2017,Manualna
Mitsubishi,Mitsubishi Lancer 1.6 ClearTec,23900,PLN,Benzyna,195972,2012,Manualna
Opel,Opel Corsa 1.2 Edition S&S,35999,PLN,Benzyna,102000,2023,Manualna
Ford,Ford Focus 1.0 EcoBoost Hybrid ST-LINE X,43900,PLN,Benzyna,35601,2025,Manualna
Renault,Renault Megane 1.6 dCi GT EDC,55500,PLN,Diesel,116921,2017,Automatyczna
Volvo,Volvo XC 60 D4 AWD R-Design,109900,PLN,Diesel,191415,2019,Automatyczna
Volvo,Volvo XC 90,99901,PLN,Hybryda Plug-in,223980,2016,Automatyczna
Renault,Renault Austral 1.2 E-Tech Full Hybrid 200 Techno MMT,129900,PLN,Hybryda,20005,2025,Automatyczna
Mazda,Mazda 2 1.5 Skymotion,37999,PLN,Benzyna,82979,2018,Manualna
Seat,Seat Leon 2.0 TDI DPF Start&Stop DSG FR,40400,PLN,Diesel,158432,2014,Automatyczna
Cupra,Cupra Ateca 1.5 TSI DSG,121890,PLN,Benzyna,15595,2024,Automatyczna
Volkswagen,Volkswagen Golf 1.5 eTSI mHEV R-Line Plus DSG,146570,PLN,Benzyna,1,2026,Automatyczna
Peugeot,Peugeot 3008 1.6 PureTech HYbrid GT S&S EAT8,79900,PLN,Hybryda Plug-in,180997,2022,Automatyczna
Toyota,Toyota Corolla 1.5 Active,55900,PLN,Benzyna,117000,2022,Manualna
Mercedes-Benz,Mercedes-Benz Klasa B 250 AMG Line 7G-DCT,89900,PLN,Benzyna,94370,2019,Automatyczna
Ford,Ford Edge,79800,PLN,Benzyna,80200,2019,Automatyczna
Renault,Renault Captur,71800,PLN,Benzyna,83000,2023,Manualna
Opel,Opel Mokka X 1.4 ECOFLEX Start/Stop 4x4 Active,39900,PLN,Benzyna,170122,2016,Manualna
Lexus,Lexus NX 300h F Impression AWD,154900,PLN,Hybryda,38800,2021,Automatyczna
Skoda,Skoda Kodiaq,66990,PLN,Benzyna,250000,2017,Automatyczna
Suzuki,Suzuki Vitara,116900,PLN,Benzyna,1950,2026,Automatyczna
Audi,Audi A3 Sportback 1.5 TFSI cylinder on demand sport,50999,PLN,Benzyna,170000,2017,Manualna
Renault,Renault Megane ENERGY TCe 130 INTENS,42900,PLN,Benzyna,137550,2018,Manualna
Citroën,Citroën C3 Pure Tech 110 S&S EAT6 SHINE,39900,PLN,Benzyna,56000,2022,Automatyczna
Renault,Renault Clio,24900,PLN,Diesel,133047,2019,Manualna
Volvo,Volvo V40 T3 Kinetic,34900,PLN,Benzyna,159000,2013,Manualna
Suzuki,Suzuki SX4 S-Cross 1.6 DDiS TCSS 4x4 Comfort+,34500,PLN,Diesel,179000,2015,Automatyczna
Renault,Renault Captur 0.9 Energy TCe XMOD,34900,PLN,Benzyna,184000,2016,Manualna
Land Rover,Land Rover Defender 3.0 P400 mHEV First Edition,275000,PLN,Benzyna,162963,2020,Automatyczna
Ford,Ford Mondeo 2.0 TDCi STart-Stopp PowerShift-Aut Titanium,36900,PLN,Diesel,219940,2016,Automatyczna
Renault,Renault Espace BLUE dCi 160 EDC LIFE,89900,PLN,Diesel,157500,2021,Automatyczna
Skoda,Skoda Superb,65900,PLN,Diesel,209100,2020,Automatyczna
Nissan,Nissan Qashqai 1.2 DIG-T Acenta,46900,PLN,Benzyna,68820,2015,Manualna
Fiat,Fiat 500 1.2 8V Lounge,25900,PLN,Benzyna,170060,2014,Manualna
Hyundai,Hyundai i30 1.6 CRDi Classic,10500,PLN,Diesel,152594,2011,Manualna
Fiat,Fiat Panda 1.1 Active dla kobiet,4999,PLN,Benzyna,110000,2005,Manualna
Mazda,Mazda CX-5 2.5 e-SKYACTIV G Homura 4x4,185040,PLN,Benzyna,1,2026,Automatyczna
Mercedes-Benz,Mercedes-Benz Klasa A 180 AMG Line 7G-DCT,119900,PLN,Benzyna,27844,2023,Automatyczna
BMW,BMW X3 xDrive30e PHEV,254900,PLN,Hybryda Plug-in,17331,2025,Automatyczna
Suzuki,Suzuki Vitara 1.6 DDiS (4x4) Allgrip TCSS Comfort+,36499,PLN,Diesel,168050,2016,Automatyczna
BMW,BMW Seria 3,14900,PLN,Diesel,196677,2004,Automatyczna
Renault,Renault Megane 1.9 dCi Dynamique,3800,PLN,Diesel,213024,2007,Manualna
Renault,Renault Clio 1.5 dCi Limited,19900,PLN,Diesel,153300,2013,Manualna
Dodge,Dodge Charger 6.4 Scat Pack Widebody,220000,PLN,Benzyna,17364,2023,Automatyczna
Volkswagen,Volkswagen Caravelle 2.0 TDI L2 Comfortline,83500,PLN,Diesel,180000,2017,Manualna
Jaguar,Jaguar XE 2.0 T Prestige,57800,PLN,Benzyna,145276,2015,Automatyczna
Lancia,Lancia Thesis,24900,PLN,Benzyna+LPG,249000,2006,Automatyczna
Volvo,Volvo V60 B3 B DKG Core,76800,PLN,Benzyna,145000,2022,Automatyczna
Opel,Opel Corsa,29900,PLN,Benzyna,107100,2015,Manualna
Toyota,Toyota Yaris,80800,PLN,Hybryda,12581,2024,Automatyczna
Mercedes-Benz,Mercedes-Benz Klasa E,28900,PLN,Benzyna,156000,2004,Automatyczna
Ford,Ford Focus 1.5 TDCi Titanium PowerShift,38900,PLN,Diesel,112500,2017,Automatyczna
Ford,Ford S-Max 2.0 TDCi DPF Champions Edition,18900,PLN,Diesel,223000,2014,Automatyczna
Honda,Honda HR-V 1.5 i-VTEC Elegance,47500,PLN,Benzyna,119500,2016,Manualna
Mercedes-Benz,Mercedes-Benz Klasa A 200 AMG Line 7G-DCT,139900,PLN,Benzyna,20552,2025,Automatyczna
Nissan,Nissan Qashqai 1.2 DIG-T Acenta EU6,41000,PLN,Benzyna,75000,2017,Manualna
Nissan,Nissan Micra,28500,PLN,Benzyna,123850,2017,Manualna
Ford,Ford Fiesta 1.0 EcoBoost ST-Line ASS,39900,PLN,Benzyna,132000,2020,Manualna
Skoda,Skoda Yeti 1.2 TSI 4x2 Edition,18900,PLN,Benzyna,148000,2012,Manualna
Citroën,Citroën C1,10900,PLN,Benzyna,89000,2014,Manualna
Volvo,Volvo XC 60 D5 AWD R-Design,125000,PLN,Diesel,154000,2018,Automatyczna
Seat,Seat Ibiza 1.2 TSI FR,19999,PLN,Benzyna,139000,2013,Manualna
Opel,Opel Astra 1.6 Edition,13900,PLN,Benzyna,163000,2010,Manualna
Ford,Ford S-Max 2.5 Titanium,12900,PLN,Benzyna+LPG,233000,2007,Manualna
Skoda,Skoda Scala 1.0 TSI Ambition DSG,61900,PLN,Benzyna,74000,2023,Automatyczna
Ford,Ford C-MAX,37900,PLN,Benzyna+LPG,99800,2016,Manualna
Volkswagen,Volkswagen T-Cross,108000,PLN,Benzyna,1,2026,Automatyczna
Opel,Opel Insignia 2.0 CDTI Active,27900,PLN,Diesel,160000,2015,Automatyczna
Audi,Audi A3 Limousine,63000,PLN,Benzyna,93100,2016,Automatyczna
Audi,Audi Q5 Sportback 45 TFSI quattro S tronic S line,137000,PLN,Benzyna,119000,2021,Automatyczna
Citroën,Citroën C3 Picasso 1.6i Exclusive,17500,PLN,Benzyna+LPG,150500,2013,Manualna
Audi,Audi A1 Sportback 1.2 TFSI Ambition,34686,PLN,Benzyna,107845,2014,Manualna
Dacia,Dacia Sandero Stepway 0.9 TCe Outdoor S&S,9900,PLN,Benzyna,57000,2019,Manualna
Opel,Opel Vivaro L2H1 2.9t Edition,42000,PLN,Diesel,180329,2014,Manualna
BMW,BMW X5 xDrive25d,169900,PLN,Diesel,148290,2020,Automatyczna
BMW,BMW Seria 3 320d Efficient Dynamic Edition Luxury Line,77999,PLN,Diesel,82754,2018,Automatyczna
Citroën,Citroën C4 e-HDi 115 Selection,19700,PLN,Diesel,142200,2015,Manualna
Audi,Audi A8 4.2 TDI DPF (clean diesel) quattro tiptronic Lang,51900,PLN,Diesel,337000,2011,Automatyczna
Opel,Opel Astra 1.4 Enjoy,10000,PLN,Benzyna,147000,2009,Manualna
Suzuki,Suzuki SX4 S-Cross 1.6 DDiS Allgrip Comfort,33499,PLN,Diesel,159547,2013,Manualna
Audi,Audi A4 Limousine 1.8 TFSI,22500,PLN,Benzyna,147000,2008,Manualna
Toyota,Toyota Corolla Verso 1.6 Sol,18900,PLN,Benzyna+LPG,236452,2009,Manualna
Volvo,Volvo XC 90 D5 AWD Inscription,93333,PLN,Diesel,186000,2015,Automatyczna
Kia,Kia ProCeed,77900,PLN,Benzyna,102809,2019,Automatyczna
Mercedes-Benz,Mercedes-Benz SLK 200 Kompressor,25000,PLN,Benzyna,168672,2009,Manualna
Toyota,Toyota Avensis 2.0 D-4D Active Business,59900,PLN,Diesel,56000,2017,Manualna
DS Automobiles,DS Automobiles DS 7 Crossback 1.6 E-Tense 4x4 Performance Line +,98800,PLN,Hybryda Plug-in,108000,2022,Automatyczna
Toyota,Toyota Corolla 1.2 T Comfort,65000,PLN,Benzyna,57000,2021,Manualna
Nissan,Nissan Qashqai,22900,PLN,Diesel,110000,2008,Manualna
Volkswagen,Volkswagen Polo 1.2 TSI BMT Highline,29500,PLN,Benzyna,77792,2014,Manualna
Dacia,Dacia Sandero Stepway,18900,PLN,Benzyna,137000,2010,Manualna
Ford,Ford Kuga 1.5 EcoBoost 2x4 Cool & Connect,41900,PLN,Benzyna,164000,2017,Manualna
BMW,BMW X3,83900,PLN,Benzyna,110000,2017,Automatyczna
Opel,Opel Corsa 1.0 12V Innovation,11900,PLN,Benzyna,160000,2009,Manualna
Opel,Opel Astra 1.4 Turbo Start/Stop Active,36700,PLN,Benzyna,131210,2016,Manualna
Toyota,Toyota Yaris,32900,PLN,Benzyna,137000,2012,Automatyczna
Opel,Opel Mokka 1.4 T Cosmo S&S,31500,PLN,Benzyna,155000,2014,Manualna
Hyundai,Hyundai i30,82900,PLN,Benzyna,20367,2024,Automatyczna
Ford,Ford C-MAX,22900,PLN,Benzyna,120000,2013,Manualna
Toyota,Toyota Avensis 2.0 VVT-i Automatik Executive,12900,PLN,Benzyna,199000,2006,Automatyczna
Kia,Kia XCeed 1.6 T-GDI M DCT,99900,PLN,Benzyna,7990,2025,Automatyczna
Skoda,Skoda Kodiaq 2.0 TDI 4x4 Ambition DSG,72000,PLN,Diesel,134007,2017,Automatyczna
Nissan,Nissan Juke 1.2 DIG-T Edition,12900,PLN,Benzyna,79000,2016,Manualna
Mercedes-Benz,Mercedes-Benz Klasa C 180 BlueEFFICIENCY 7G-TRONIC,36900,PLN,Benzyna,142886,2012,Automatyczna
Audi,Audi A4 Limousine 2,10300,PLN,Benzyna,177312,2002,Manualna
Hyundai,Hyundai i20 1.2 Classic,27800,PLN,Benzyna,112964,2015,Manualna
Opel,Opel Astra,14000,PLN,Diesel,181898,2018,Manualna
Audi,Audi A7 Sportback 55 TFSI e Quattro S tronic,174900,PLN,Hybryda Plug-in,121000,2021,Automatyczna
Ford,Ford Fiesta 1.0 EcoBoost Titanium,19600,PLN,Benzyna,108000,2014,Manualna
Audi,Audi A6 Avant 3.0 TFSI Quattro S tronic,92000,PLN,Benzyna,246750,2015,Automatyczna
Ford,Ford S-Max 2.0 TDCi Titanium PowerShift,48900,PLN,Diesel,200000,2017,Automatyczna
Alfa Romeo,Alfa Romeo Stelvio 2.2 JTDM Veloce Q4,283500,PLN,Diesel,1,2026,Automatyczna
Renault,Renault Captur 1.0 TCe Intens,54999,PLN,Benzyna,72821,2021,Manualna
Kia,Kia XCeed 1.6 T-GDI Tribute DCT,119900,PLN,Benzyna,15681,2025,Automatyczna
Hyundai,Hyundai ix20 1.4 Classic,21900,PLN,Benzyna,136400,2012,Manualna
Skoda,Skoda Fabia 1.2 12V Ambition,8000,PLN,Benzyna,191000,2012,Manualna
Ford,Ford Fiesta,21900,PLN,Benzyna,77000,2018,Manualna
Suzuki,Suzuki Grand Vitara 1.6,23900,PLN,Benzyna,169000,2006,Manualna
Kia,Kia XCeed 1.0 T-GDI L,69800,PLN,Benzyna,14000,2021,Manualna
Opel,Opel Mokka,72499,PLN,Benzyna,43637,2022,Automatyczna
Peugeot,Peugeot 3008 PureTech 130 Stop & Start GPF Crossway,54700,PLN,Benzyna,65085,2019,Manualna
Volkswagen,Volkswagen Sharan 2.0 TDI DSG (BlueMotion Technology) Highline,79900,PLN,Diesel,198600,2019,Automatyczna
Citroën,Citroën C3 BlueHDi 100 S&S FEEL PACK,19200,PLN,Diesel,200000,2019,Manualna
Peugeot,Peugeot 408 1.2 PureTech Allure S&S EAT8,84900,PLN,Benzyna,65967,2023,Automatyczna
Toyota,Toyota Yaris,39900,PLN,Benzyna,173000,2020,Manualna
Audi,Audi Q2,59000,PLN,Benzyna,165400,2017,Automatyczna
Dacia,Dacia Duster 1.0 TCe Comfort,51000,PLN,Benzyna+LPG,60775,2021,Manualna
Opel,Opel Insignia,45200,PLN,Diesel,162500,2019,Manualna
Lexus,Lexus RX 450h L Prestige,164900,PLN,Hybryda,141852,2018,Automatyczna
Kia,Kia Sorento 1.6 T-GDI HEV Prestige Line 4WD,119900,PLN,Hybryda,102250,2020,Automatyczna
Mercedes-Benz,Mercedes-Benz GLA 200 AMG Line,169900,PLN,Benzyna,19345,2025,Automatyczna
Mazda,Mazda MX-5 1.8 16V,33000,PLN,Benzyna,174013,2003,Manualna
Renault,Renault Rafale 1.2 E-Tech Full Hybrid 200 esprit Alpine MMT,149000,PLN,Hybryda,20000,2025,Automatyczna
Jaguar,Jaguar XF 2.2 D Premium Luxury,15500,PLN,Diesel,193000,2014,Automatyczna
Hyundai,Hyundai Bayon,89900,PLN,Benzyna,561,2025,Automatyczna
Opel,Opel Insignia CT 2.0 CDTI 4x4 S&S,31900,PLN,Diesel,170000,2014,Manualna
Mazda,Mazda 3 2.0 Skyenergy,39900,PLN,Benzyna,180112,2015,Manualna
Fiat,Fiat 500,19700,PLN,Benzyna,122000,2013,Manualna
Dacia,Dacia Duster 1.0 TCe Prestige,45500,PLN,Benzyna+LPG,117434,2021,Manualna
Kia,Kia Stonic 1.0 T-GDI GT Line DCT,59900,PLN,Benzyna,65432,2021,Automatyczna
Opel,Opel Astra 1.4 Turbo Start/Stop Automatik Innovation,37900,PLN,Benzyna,194284,2016,Automatyczna
Subaru,Subaru Legacy,22500,PLN,Benzyna+LPG,286000,2013,Automatyczna
Volkswagen,Volkswagen Polo 1.2 TSI BMT Highline,38900,PLN,Benzyna,75413,2015,Manualna
BMW,BMW Seria 4 428i xDrive Luxury Line,65000,PLN,Benzyna,144000,2014,Automatyczna
Opel,Opel Astra 1.4 T GPF Dynamic S&S,45900,PLN,Benzyna,145000,2017,Manualna
Peugeot,Peugeot 307 1.6,10800,PLN,Benzyna,152527,2006,Manualna
Ford,Ford Focus 2.0 TDCi Titanium ASS,27300,PLN,Diesel,245216,2015,Manualna
Fiat,Fiat 500,15500,PLN,Benzyna,67705,2019,Manualna
Nissan,Nissan Qashqai 2.0 Acenta,23000,PLN,Benzyna+LPG,221000,2010,Manualna
Volkswagen,Volkswagen Jetta 1.4 TSI BMT Comfortline,42000,PLN,Benzyna,225500,2017,Manualna
Alfa Romeo,Alfa Romeo Mito 1.4 16V Turismo,12999,PLN,Benzyna,190000,2011,Manualna
Citroën,Citroën C3 1.1 Advance,6300,PLN,Benzyna,165000,2006,Manualna
Renault,Renault Megane 1.2 Energy TCe Life,31500,PLN,Benzyna,131000,2016,Manualna
Audi,Audi S3 S tronic,56999,PLN,Benzyna,143515,2016,Automatyczna
Renault,Renault Grand Scenic,9900,PLN,Diesel,218000,2011,Manualna
Peugeot,Peugeot 308,31000,PLN,Benzyna,116797,2017,Manualna
Hyundai,Hyundai Tucson blue 1.6 CRDi 4WD Style,69800,PLN,Diesel,91000,2019,Manualna
Ford,Ford C-MAX 1.5 TDCi Start-Stop-System Titanium,32800,PLN,Diesel,196800,2017,Manualna
MINI,MINI Inny ver-d,25000,PLN,Diesel,134655,2011,Manualna
Ford,Ford Focus 2.0 Gold X,9999,PLN,Benzyna,160000,2009,Manualna
Jeep,Jeep Wrangler Unlimited GME 2.0 Turbo Sahara,225900,PLN,Benzyna,20000,2024,Automatyczna
Jeep,Jeep Compass 1.2 T3 mHEV Summit FWD DCT,161900,PLN,Benzyna,1,2026,Automatyczna
Toyota,Toyota RAV4 Hybrid Premium 4x2,74800,PLN,Hybryda,89000,2018,Automatyczna
Seat,Seat Leon,54900,PLN,Benzyna,67000,2023,Manualna
Mazda,Mazda 3,3000,PLN,Benzyna,247740,2005,Manualna
Volkswagen,Volkswagen up!,19900,PLN,Benzyna,123000,2013,Manualna
Lancia,Lancia Ypsilon 1.2 8V Silver,15800,PLN,Benzyna,134331,2012,Manualna
Volvo,Volvo V40 D2,23900,PLN,Diesel,230853,2012,Manualna
Audi,Audi V8 3.6,65000,PLN,Benzyna,351107,1991,Automatyczna
Audi,Audi Q5,52000,PLN,Benzyna,220000,2013,Automatyczna
BMW,BMW Seria 2 218i Sport Line,80000,PLN,Benzyna,76850,2022,Automatyczna
Volkswagen,Volkswagen Tiguan 2.0 TDI SCR Life DSG,97899,PLN,Diesel,50303,2022,Automatyczna
Volvo,Volvo V60 D3 Momentum,67999,PLN,Diesel,160031,2019,Automatyczna
Volkswagen,Volkswagen Tiguan 2.0 TDI BMT SCR 4Mot Highline DSG,94900,PLN,Diesel,120610,2019,Automatyczna
Mercedes-Benz,Mercedes-Benz Klasa C,73000,PLN,Benzyna,164000,2017,Automatyczna
Mercedes-Benz,Mercedes-Benz GLC 220 d 4-Matic,145900,PLN,Diesel,98045,2020,Automatyczna
Peugeot,Peugeot 3008 BlueHDi 130 Stop & Start EAT8 Active Business-Paket,33500,PLN,Diesel,230000,2019,Automatyczna
Opel,Opel Insignia 1.6 CDTI ecoFLEXStart/Stop Edition,27900,PLN,Diesel,209270,2015,Manualna
Nissan,Nissan Qashqai 1.2 DIG-T Tekna,51900,PLN,Benzyna,73206,2018,Manualna
Kia,Kia Ceed 1.6 CRDi mHEV L DCT,47500,PLN,Diesel,204500,2021,Automatyczna
Peugeot,Peugeot 5008 1.2 PureTech Active Pack S&S EAT8,70000,PLN,Benzyna,82500,2020,Automatyczna
Fiat,Fiat 500 1.3 Multijet Diesel,11900,PLN,Diesel,169000,2009,Manualna
Peugeot,Peugeot 2008,29999,PLN,Benzyna,134314,2018,Manualna
Toyota,Toyota Corolla Verso 2.0 D-4D Sol,7900,PLN,Diesel,188000,2004,Manualna
Volkswagen,Volkswagen T-Cross,110740,PLN,Benzyna,10,2026,Automatyczna
Skoda,Skoda Superb 2.0 TDI 4x4 Style DSG,54908,PLN,Diesel,277440,2016,Automatyczna
Citroën,Citroën C1 1.0 Advance,9500,PLN,Benzyna,130000,2011,Manualna
Mitsubishi,Mitsubishi Colt 1.1 Inform,9500,PLN,Benzyna,191141,2009,Manualna
Audi,Audi A8 3.0 TDI clean diesel Quattro,69999,PLN,Diesel,258000,2014,Automatyczna
Volkswagen,Volkswagen Passat Alltrack,34900,PLN,Diesel,252000,2014,Manualna
Volvo,Volvo XC 60 B4 D AWD Plus Dark,157899,PLN,Diesel,70776,2022,Automatyczna
Volvo,Volvo XC 60 T4 Momentum Pro,109999,PLN,Benzyna,140000,2020,Automatyczna
Audi,Audi A5 Sportback 45 TFSI quattro S tronic S line,142900,PLN,Benzyna,25000,2024,Automatyczna
Peugeot,Peugeot 508,15999,PLN,Hybryda,221000,2014,Automatyczna
Audi,Audi Q3 35 TFSI mHEV Advanced S tronic,154900,PLN,Benzyna,33251,2024,Automatyczna
BMW,BMW X1 sDrive16d Sport Line,44900,PLN,Diesel,187000,2016,Manualna
Mercedes-Benz,Mercedes-Benz CLA 200 mHEV AMG Line 7G-DCT,189900,PLN,Benzyna,36000,2024,Automatyczna
BMW,BMW Z4,70900,PLN,Benzyna,166000,2011,Automatyczna
Audi,Audi S5 Coupé 3.0 TFSI Quattro Tiptronic,98000,PLN,Benzyna,114000,2018,Automatyczna
Citroën,Citroën C3,5500,PLN,Benzyna,122327,2010,Manualna
Peugeot,Peugeot 3008 2.0 BlueHDi GT S&S EAT6,51900,PLN,Diesel,230000,2016,Automatyczna
Opel,Opel Corsa 1.2 Innovation,24600,PLN,Benzyna,164000,2017,Manualna
Suzuki,Suzuki SX4 S-Cross 1.6 DDiS Premium Plus,36900,PLN,Diesel,187760,2013,Manualna
Mercedes-Benz,Mercedes-Benz Klasa A,47000,PLN,Benzyna,137231,2014,Automatyczna
BMW,BMW X1,48000,PLN,Diesel,221427,2019,Manualna
Peugeot,Peugeot Partner L2 Pro (bryg.),26000,PLN,Diesel,190000,2018,Manualna
Fiat,Fiat 500,24900,PLN,Benzyna,126000,2021,Manualna
Seat,Seat Ibiza 1.0 TSI FR S&S,35900,PLN,Benzyna,165444,2018,Manualna
Mercedes-Benz,Mercedes-Benz Klasa C 300 7G-TRONIC,64000,PLN,Benzyna,180000,2015,Automatyczna
DS Automobiles,DS Automobiles DS 3,14500,PLN,Benzyna,67000,2019,Automatyczna
Infiniti,Infiniti QX55,141900,PLN,Benzyna,55000,2023,Automatyczna
BMW,BMW Seria 5 545i,29900,PLN,Benzyna+LPG,274000,2004,Automatyczna
Citroën,Citroën C5 2.0 HDi Exclusive,11800,PLN,Diesel,316000,2011,Automatyczna
Renault,Renault Clio 1.2 16V Night&Day,12500,PLN,Benzyna,193973,2010,Manualna
Renault,"Renault Trafic Passenger 2,8t Business",48900,PLN,Diesel,236000,2016,Manualna
Toyota,Toyota Avensis 2.0 Prestige MS,34000,PLN,Benzyna+LPG,318000,2016,Automatyczna
Audi,Audi A6 Limousine 3.0 TDI tiptronic quattro,21300,PLN,Diesel,223000,2005,Automatyczna
Skoda,Skoda Octavia,71999,PLN,Benzyna,71368,2022,Manualna
Jaguar,Jaguar F-Pace 30t AWD Prestige,97000,PLN,Benzyna,95000,2019,Automatyczna
Ford,Ford S-Max 2.0 Viva Trend,16500,PLN,Benzyna+LPG,301000,2009,Manualna
Peugeot,Peugeot Expert Tepee L2H1 (5-Si.) Vagabond,7700,PLN,Diesel,228000,2009,Manualna
Dodge,Dodge Durango,67999,PLN,Benzyna+LPG,220000,2016,Automatyczna
Lexus,Lexus RX 300 Business Edition +,149999,PLN,Benzyna,90150,2022,Automatyczna
Renault,Renault Clio TCe 90 Limited,19500,PLN,Benzyna,138000,2016,Manualna
Mercedes-Benz,Mercedes-Benz GLS,264700,PLN,Diesel,109000,2021,Automatyczna
Audi,Audi A3 Sportback 1.2 TFSI Ambiente,24900,PLN,Benzyna,197850,2010,Manualna
Volkswagen,Volkswagen Touran 1.5 TSI EVO Highline DSG,159900,PLN,Benzyna,3868,2025,Automatyczna
Kia,Kia Rio 1.0 T-GDI M,41900,PLN,Benzyna,140000,2022,Manualna
Mazda,Mazda 6 2.2 D Skypassion I-ELoop,42500,PLN,Diesel,166000,2017,Automatyczna
Mercedes-Benz,Mercedes-Benz GLA 220 4-Matic AMG Line,103900,PLN,Benzyna,66000,2018,Automatyczna
Honda,Honda CR-V 1.6i-DTEC Lifestyle (2WD),35000,PLN,Diesel,203000,2014,Manualna
Subaru,Subaru XV 1.6i Exclusive Plus (EyeSight) Lineartronic,75900,PLN,Benzyna,67079,2019,Automatyczna
Audi,Audi A5 Sportback 2.0 TDI ultra DPF,59000,PLN,Diesel,171093,2016,Manualna
Dacia,Dacia Sandero Stepway TCe 90 (S&S) Prestige,22999,PLN,Benzyna,173000,2013,Manualna
Volvo,Volvo XC 90,284900,PLN,Benzyna,30926,2025,Automatyczna
Volvo,Volvo XC 60,84900,PLN,Diesel,222000,2019,Automatyczna
Renault,Renault Clio 1.2 TCe GT 120 EDC,30500,PLN,Benzyna,142500,2014,Automatyczna
Suzuki,Suzuki Swift 1.3 GS / Premium 4WD,14900,PLN,Benzyna,196020,2008,Manualna
Fiat,Fiat Doblo Kombi Maxi Active,37000,PLN,Diesel,244000,2020,Manualna
Opel,Opel Astra 1.3 CDTI Enjoy,7500,PLN,Diesel,161586,2010,Manualna
BMW,BMW X3,13900,PLN,Diesel,208211,2008,Manualna
Lexus,Lexus UX 300h Business,149900,PLN,Hybryda,17110,2025,Automatyczna
Honda,Honda Accord 2.0 i Automatik Comfort,9900,PLN,Benzyna+LPG,316666,2004,Automatyczna
Chrysler,Chrysler Town & Country,39900,PLN,Benzyna+LPG,242000,2014,Automatyczna
Kia,Kia Ceed 1.6 Crdi Optimum,8200,PLN,Diesel,196000,2011,Manualna
Volvo,Volvo V70 D5 AWD Summum,12900,PLN,Diesel,340000,2008,Automatyczna
Skoda,Skoda Karoq 1.5 TSI ACT Sportline DSG,151900,PLN,Benzyna,5,2026,Automatyczna
Skoda,Skoda Superb,67900,PLN,Diesel,142700,2018,Automatyczna
Renault,Renault Scenic 2.0 16V Bose Edition CVT,22000,PLN,Benzyna+LPG,275000,2012,Automatyczna
Hyundai,Hyundai i30,114900,PLN,Benzyna,6481,2025,Automatyczna
Volkswagen,Volkswagen Polo 1.2 12V Basis,3000,PLN,Benzyna,215523,2003,Manualna
Volvo,Volvo V60 Cross Country T5 AWD Momentum,66900,PLN,Benzyna,161437,2017,Automatyczna
Volkswagen,Volkswagen Golf 1.4 TSI BlueMotion Technology Comfortline,31500,PLN,Benzyna,196900,2013,Manualna
Honda,Honda Civic,37400,PLN,Benzyna+LPG,269520,2016,Manualna
Mercedes-Benz,Mercedes-Benz GLC 300 mHEV 4-Matic AMG Line,292000,PLN,Benzyna,36400,2024,Automatyczna
Mercedes-Benz,Mercedes-Benz CLA 220 d AMG Line 8G-DCT,104900,PLN,Diesel,181000,2020,Automatyczna
Suzuki,Suzuki SX4 1.6 VVT 4x4 Style,24989,PLN,Benzyna,190000,2011,Manualna
Mercedes-Benz,Mercedes-Benz W201 (190),17900,PLN,Benzyna+LPG,266000,1991,Manualna
Renault,Renault Captur ENERGY TCe 120 EDC Experience,37900,PLN,Benzyna,123000,2016,Automatyczna
Hyundai,Hyundai i30,87500,PLN,Benzyna,37900,2024,Manualna
Ford,Ford Ranger 2.0 EcoBlue 4x4 DC Wildtrak,95000,PLN,Diesel,195600,2021,Automatyczna
Seat,Seat Ibiza,3800,PLN,Benzyna,144434,2004,Manualna
Skoda,Skoda Kamiq 1.0 TSI Selection DSG,15700,PLN,Benzyna,39000,2024,Automatyczna
Toyota,Toyota Corolla,62800,PLN,Benzyna,102543,2022,Manualna
Opel,Opel Astra 1.5 CDTI Elegance S&S,65990,PLN,Diesel,147000,2023,Manualna
Kia,Kia Venga 1.4 CRDi L,13000,PLN,Diesel,176782,2010,Manualna
Seat,Seat Leon 1.6 TDI Entry,19900,PLN,Diesel,270000,2017,Manualna
Audi,Audi A4 Avant 2.0 TDI DPF multitronic Ambiente,25900,PLN,Diesel,260000,2011,Automatyczna
Audi,Audi A4 Limousine,24990,PLN,Benzyna,160000,2008,Manualna
Audi,Audi A6 Limousine,18900,PLN,Benzyna,228000,2014,Automatyczna
Dacia,Dacia Logan,14900,PLN,Benzyna,110000,2017,Manualna
Skoda,"Skoda Superb 1,9 TDI Comfort",10900,PLN,Diesel,230500,2010,Manualna
BMW,BMW X1 sDrive18d xLine sport,46000,PLN,Diesel,252000,2018,Automatyczna
Ford,Ford Focus C-Max 1.6 TDCi FX Silver,5500,PLN,Diesel,289500,2006,Manualna
BMW,BMW Seria 3 320 Ci,24900,PLN,Benzyna,240000,2002,Automatyczna
Toyota,Toyota Corolla,94900,PLN,Hybryda,55700,2022,Automatyczna
Volkswagen,Volkswagen Caddy 2.0 TDI,39900,PLN,Diesel,118796,2023,Manualna
DS Automobiles,DS Automobiles DS 7 Crossback,76900,PLN,Diesel,176500,2021,Automatyczna
Peugeot,Peugeot 207 CC 120 VTi Roland Garros,8900,PLN,Benzyna,204300,2009,Manualna
Ford,Ford Mondeo 2.0 Trend / Trend+,4500,PLN,Benzyna,227925,2008,Manualna
DS Automobiles,DS Automobiles DS 4,32000,PLN,Benzyna,97231,2016,Manualna
Seat,Seat Leon 1.6 TDI Reference,29900,PLN,Diesel,163852,2018,Manualna
Audi,Audi Q5,136000,PLN,Benzyna,142000,2023,Automatyczna
Opel,Opel Astra,25000,PLN,Benzyna,198052,2016,Manualna
Mercedes-Benz,Mercedes-Benz Klasa A 200 AMG Line 7G-DCT,75500,PLN,Benzyna,139000,2018,Automatyczna
Seat,Seat Ibiza,12999,PLN,Benzyna,148000,2008,Manualna
Seat,Seat Leon 2.0 TDI FR S&S,37900,PLN,Diesel,234903,2013,Manualna
Peugeot,Peugeot 2008 1.6 VTi Allure,23900,PLN,Benzyna,198200,2015,Manualna
Suzuki,Suzuki Grand Vitara,19900,PLN,Diesel,130000,2012,Manualna
Toyota,Toyota Corolla,119900,PLN,Hybryda,14423,2025,Automatyczna
Audi,Audi A4 Limousine,114900,PLN,Benzyna,104227,2022,Automatyczna
Fiat,Fiat Sedici 2.0 Multijet 16V 4x4 Dynamic,13400,PLN,Diesel,201596,2010,Manualna
Opel,Opel Mokka X,29600,PLN,Diesel,152300,2014,Manualna
Volkswagen,Volkswagen Golf 2.0 TDI DPF GT,9300,PLN,Diesel,278796,2007,Manualna
Alfa Romeo,Alfa Romeo Mito,5200,PLN,Diesel,176908,2012,Manualna
Opel,Opel Corsa 1.2 16V Elegance,4500,PLN,Benzyna,192956,2002,Manualna
BMW,BMW X3,24500,PLN,Benzyna,221000,2006,Automatyczna
Mercedes-Benz,Mercedes-Benz GLC,59000,PLN,Diesel,253000,2018,Automatyczna
Hyundai,Hyundai i30 i30cw 1.6 CRDi Edition Plus,12900,PLN,Diesel,227000,2011,Manualna
Skoda,Skoda Octavia 1.6 TDI Style,39999,PLN,Diesel,185423,2019,Manualna
Volvo,Volvo V60 Cross Country D3 Drive-E Momentum,31000,PLN,Diesel,285000,2016,Manualna
Ford,Ford S-Max 1.6 T Titanium,14500,PLN,Benzyna,319726,2012,Manualna
Opel,Opel Astra 1.6 CDTI DPF ecoFLEX Start/Stop Exklusiv,26990,PLN,Diesel,202200,2016,Manualna
Skoda,Skoda Roomster 1.6 TDI DPF Ambition,15800,PLN,Diesel,214000,2014,Manualna
Renault,Renault Laguna 2.0 Turbo Dynamique,8200,PLN,Benzyna+LPG,266480,2005,Manualna
Renault,Renault Scenic,13499,PLN,Diesel,230000,2010,Manualna
Renault,Renault Modus 1.2 Pack Dynamique,10700,PLN,Benzyna,180734,2010,Manualna
Ford,Ford C-MAX,7999,PLN,Diesel,192000,2008,Automatyczna
BMW,BMW Seria 3 318i M Sport,173700,PLN,Benzyna,29000,2024,Automatyczna
Ford,Ford Focus 1.0 EcoBoost Edition,15900,PLN,Benzyna,178945,2013,Manualna
Dacia,Dacia Dokker 1.6 SCe Techroad,18900,PLN,Benzyna,270000,2016,Manualna
Ford,Ford Focus,9200,PLN,Benzyna,273000,2010,Manualna
Skoda,Skoda Octavia 1.2 TSI Active,25600,PLN,Benzyna,235182,2014,Manualna
Jeep,Jeep Cherokee,38000,PLN,Benzyna,113000,1998,Automatyczna
Skoda,Skoda Octavia,13000,PLN,Diesel,267000,2009,Manualna
Opel,Opel Astra 1.4 Turbo Start/Stop Business,32500,PLN,Benzyna,178432,2016,Manualna
Volkswagen,Volkswagen Tayron 2.0 TDI SCR Elegance DSG,228000,PLN,Diesel,10,2026,Automatyczna
Volvo,Volvo XC 90,354900,PLN,Hybryda Plug-in,10000,2026,Automatyczna
Volkswagen,Volkswagen Passat 1.9 TDI Comfortline,8500,PLN,Diesel,470000,2002,Manualna
Volkswagen,Volkswagen Tiguan 2.0 TDI BMT SCR 4Mot Highline DSG,90000,PLN,Diesel,150000,2018,Automatyczna
Dodge,Dodge Durango 5.7 R/T,39900,PLN,Benzyna,36044,2023,Automatyczna
Ford,Ford Crown,33000,PLN,Benzyna,85573,1988,Automatyczna
Dodge,Dodge Charger 5.7 R/T,33900,PLN,Benzyna,16325,2019,Automatyczna
BMW,BMW i7 105.7kWh xDrive60 M Sport,445000,PLN,Elektryczny,11000,2024,Automatyczna
Honda,Honda CR-V,32500,PLN,Benzyna,56066,2022,Automatyczna
Skoda,Skoda Kodiaq,44900,PLN,Diesel,80540,2017,Automatyczna
Land Rover,Land Rover Range Rover Velar 3.0 D300 mHEV Dynamic SE,379000,PLN,Hybryda,11,2025,Automatyczna
Cupra,Cupra Formentor,199900,PLN,Benzyna,6123,2026,Automatyczna
Renault,Renault Kadjar 1.3 TCe FAP Intens EDC,81900,PLN,Benzyna,35204,2022,Automatyczna
Kia,Kia Optima 2.0 M,61700,PLN,Benzyna,137800,2019,Manualna
Dodge,Dodge Charger 3.6 GT,115000,PLN,Benzyna,51000,2023,Automatyczna
Fiat,Fiat Tipo 1.4 16v Mirror,38900,PLN,Benzyna,130000,2021,Manualna
Ford,Ford Tourneo Connect 2.0 EcoBlue Titanium,49900,PLN,Diesel,137900,2023,Automatyczna
Ford,Ford Mustang 2.3 EcoBoost,72900,PLN,Benzyna,140000,2016,Automatyczna
Skoda,Skoda Octavia 1.5 TSI ACT Style DSG,67000,PLN,Benzyna,101000,2019,Automatyczna
BMW,BMW X7 xDrive40d mHEV M Sport sport,300000,PLN,Diesel,15500,2025,Automatyczna
Renault,Renault Kadjar Energy TCe 130 EDC Bose Edition,41900,PLN,Benzyna,101000,2017,Automatyczna
Fiat,Fiat 500X,45900,PLN,Benzyna,104000,2017,Automatyczna
Ford,Ford Kuga 2.5 4x4 Titanium,38900,PLN,Benzyna+LPG,196295,2012,Manualna
Ford,Ford Focus 2.0 TDCi ST-Line Black ASS PowerShift,55000,PLN,Diesel,144780,2018,Automatyczna
Ford,Ford Transit Custom Kombi 320 L2H1 Trend M1,178350,PLN,Diesel,10,2025,Manualna
BMW,BMW 3GT 330i xDrive M Sport,79500,PLN,Benzyna,154000,2020,Automatyczna
Land Rover,Land Rover Defender,365000,PLN,Diesel,1000,2026,Automatyczna
Mercedes-Benz,Mercedes-Benz GLA 200 7G-DCT AMG Line,102000,PLN,Benzyna,130600,2022,Automatyczna
Suzuki,Suzuki Swift 1.3 GC (klm),14800,PLN,Benzyna,134235,2007,Manualna
Ford,Ford Transit Custom L1H1 VA MH Trend,49500,PLN,Diesel,178800,2020,Manualna
Kia,Kia Rio 1.2 L,32900,PLN,Benzyna,52000,2015,Manualna
Citroën,Citroën C4 1.5 BlueHDi Feel Pack S&S,47900,PLN,Diesel,177500,2021,Manualna
Cupra,Cupra Formentor VZ 2.0 TSI 4Drive DSG Tribe Edition,149900,PLN,Benzyna,26000,2024,Automatyczna
Porsche,Porsche Panamera Turbo,299800,PLN,Benzyna,111000,2017,Automatyczna
Subaru,Subaru B9 Tribeca,26900,PLN,Benzyna,169100,2009,Automatyczna
Jeep,Jeep Wrangler,358790,PLN,Benzyna,12500,2022,Automatyczna
Mitsubishi,Mitsubishi ASX 1.6 Invite,59500,PLN,Benzyna,51500,2018,Manualna
Porsche,Porsche Macan,179999,PLN,Benzyna,141900,2020,Automatyczna
Renault,Renault Captur 1.3 TCe Intens EDC,57900,PLN,Benzyna,146000,2020,Automatyczna
Renault,Renault Megane 1.6 SCe Business,42800,PLN,Benzyna,96000,2017,Manualna
Land Rover,Land Rover Defender 3.0 D300 mHEV S,380000,PLN,Diesel,20000,2024,Automatyczna
Cupra,Cupra Leon,128057,PLN,Benzyna,10,2026,Manualna
Opel,Opel Crossland X 1.2 Start/Stop Edition,37900,PLN,Benzyna,119000,2021,Manualna
Land Rover,Land Rover Defender,395000,PLN,Diesel,10,2026,Automatyczna
Opel,Opel Mokka 1.7 CDTI ecoFLEX Start/Stop Innovation,26900,PLN,Diesel,139100,2013,Manualna
Audi,Audi Q5 40 TDI mHEV Quattro S Line S tronic,129900,PLN,Diesel,90000,2021,Automatyczna
Kia,Kia Sportage 1.7 CRDI Business Line 2WD DCT,54000,PLN,Diesel,71000,2016,Automatyczna
Alfa Romeo,Alfa Romeo Giulia,429900,PLN,Benzyna,1,2026,Automatyczna
Alfa Romeo,Alfa Romeo Tonale 1.6 JTD DCT,145900,PLN,Diesel,1,2026,Automatyczna
Opel,Opel Insignia 2.0 Bi Turbo CDTI Tour ecoFLEXSt/St Business Edition,28000,PLN,Diesel,213500,2015,Manualna
Dodge,Dodge RAM 5.7 4x4,159900,PLN,Benzyna,138000,2019,Automatyczna
Opel,Opel Astra 1.4 T Dynamic,43900,PLN,Benzyna,122000,2017,Manualna
Audi,Audi A5 Sportback 35 TFSI mHEV Advanced S tronic,118899,PLN,Benzyna,27000,2022,Automatyczna
Volkswagen,Volkswagen Amarok Double Cab 2.0 BiTDi 4MOTION Highline,69900,PLN,Diesel,218100,2012,Automatyczna
Jeep,Jeep Avenger 1.2 T3 mHEV 85th Anniversary eDCT6,119900,PLN,Benzyna,7,2026,Automatyczna
Ford,Ford Tourneo Connect,47900,PLN,Diesel,198000,2018,Automatyczna
Kia,Kia Sportage 1.6 T-GDI Black Edition 4WD,74900,PLN,Benzyna,49800,2021,Manualna
Land Rover,Land Rover Defender 3.0 D250 mHEV S,399000,PLN,Diesel,10,2026,Automatyczna
Skoda,Skoda Octavia 2.0 TSI Sportline Tech 4x4 DSG,175064,PLN,Benzyna,7,2026,Automatyczna
Citroën,Citroën C4 Cactus PureTech 82 Stop&Start ETG Shine Edition,26900,PLN,Benzyna,168100,2014,Automatyczna
Jeep,Jeep Compass 1.2 T3 mHEV First Edition FWD DCT,159900,PLN,Benzyna,1,2026,Automatyczna
Opel,Opel Adam 1.2 Start/Stop Glam,21900,PLN,Benzyna,79000,2013,Manualna
Cupra,Cupra Ateca,131900,PLN,Benzyna,52800,2023,Automatyczna
Opel,Opel Astra 1.4 Enjoy EU6,14000,PLN,Benzyna+LPG,152866,2015,Manualna
Mercedes-Benz,Mercedes-Benz AMG GT 53 4Matic+ Speedshift TCT 9G Sonderedition,279000,PLN,Benzyna,39000,2020,Automatyczna
Peugeot,Peugeot 2008,22500,PLN,Benzyna,133126,2016,Manualna
Opel,Opel Crossland X 1.2 T Edition S&S,57500,PLN,Benzyna,32500,2021,Manualna
Cupra,Cupra Formentor,141900,PLN,Benzyna,30200,2024,Automatyczna
Audi,Audi A3 Sportback 1.6 Attraction,11900,PLN,Benzyna,246220,2005,Manualna
Volvo,Volvo XC 60 T6 AWD Recharge Geartronic RDesign,144894,PLN,Hybryda Plug-in,99000,2021,Automatyczna
Volkswagen,Volkswagen Multivan,359000,PLN,Diesel,57330,2022,Automatyczna
Opel,Opel Insignia 2.0 CDTI ecoFLEXStart/Stop,20500,PLN,Diesel,224256,2014,Manualna
BMW,BMW Seria 5 Active Hybrid,59900,PLN,Hybryda,225000,2013,Automatyczna
Hyundai,Hyundai Kona 1.6 GDI Hybrid Platinum DCT,106900,PLN,Hybryda,31777,2023,Automatyczna
Skoda,Skoda Kodiaq,154900,PLN,Diesel,14700,2024,Automatyczna
Cupra,Cupra Leon Sportstourer,210422,PLN,Benzyna,10,2026,Automatyczna
Lexus,Lexus NX 350h Omotenashi AWD,255900,PLN,Hybryda,28208,2024,Automatyczna
Skoda,Skoda Fabia 1.2 TSI Style,19900,PLN,Benzyna,295000,2017,Manualna
Renault,Renault Trafic Grand Passenger Black Edition,33000,PLN,Diesel,487771,2014,Manualna
Citroën,Citroën C5 2.0 HDi Dynamique,17900,PLN,Diesel,180516,2012,Manualna
Cupra,Cupra Terramar 2.0 TSI 4Drive DSG VZ,209900,PLN,Benzyna,9782,2026,Automatyczna
Lexus,Lexus NX 350h Prestige AWD,230900,PLN,Hybryda,22803,2024,Automatyczna
Lexus,Lexus NX 350h Omotenashi AWD,230900,PLN,Hybryda,58343,2023,Automatyczna
Lexus,Lexus UX 250h GPF Prestige 2WD,101900,PLN,Hybryda,79602,2019,Automatyczna
Opel,Opel Insignia 2.0 CDTI 4x4 Ultimate S&S,89700,PLN,Diesel,118279,2022,Automatyczna
Volvo,Volvo S40 2.0D Summum,10500,PLN,Diesel,234000,2009,Manualna
BMW,BMW Seria 3 320i xDrive,54500,PLN,Benzyna,80238,2015,Automatyczna
Kia,Kia Ceed 1.4 CRDi M,26500,PLN,Diesel,167004,2018,Manualna
Mercedes-Benz,Mercedes-Benz ML,34900,PLN,Diesel,337100,2010,Automatyczna
Lexus,Lexus ES 300h Business Edition +,156000,PLN,Hybryda,66500,2022,Automatyczna
Seat,Seat Tarraco 1.5 Eco TSI EVO Xperience S&S DSG,130900,PLN,Benzyna,35000,2023,Automatyczna
Cupra,Cupra Terramar 2.0 TSI 4Drive DSG Americas Cup Limited Edition,224500,PLN,Benzyna,17086,2025,Automatyczna
Land Rover,Land Rover Range Rover 4.4SD V8 AB Black,109000,PLN,Diesel,216000,2015,Automatyczna
Cupra,Cupra Formentor,132900,PLN,Benzyna,36900,2025,Automatyczna
Hyundai,Hyundai ix35 1.6 GDI Classic 2WD,25900,PLN,Benzyna,210776,2012,Manualna
Jeep,Jeep Grand Cherokee,29900,PLN,Benzyna+LPG,169000,2002,Automatyczna
Volkswagen,Volkswagen Golf Variant 2.0 TSI 4Motion R,236000,PLN,Benzyna,1,2026,Automatyczna
Skoda,Skoda Octavia 2.0 TDI DSG 4x4 Scout First Edition,97800,PLN,Diesel,143000,2021,Automatyczna
Mercedes-Benz,Mercedes-Benz CLA 220 AMG Line 7G-DCT,179900,PLN,Benzyna,14286,2024,Automatyczna
Volkswagen,Volkswagen Tiguan 1.5 eHybrid PHEV 150kW Elegance DSG,165900,PLN,Hybryda Plug-in,19260,2025,Automatyczna
Cupra,Cupra Formentor,141800,PLN,Benzyna,26800,2025,Automatyczna
Opel,Opel Vivaro Tour,23800,PLN,Diesel,354000,2006,Manualna
Mercedes-Benz,Mercedes-Benz Klasa C,39900,PLN,Diesel,240000,2012,Manualna
BMW,BMW Seria 5 520d Sport-Aut,29999,PLN,Diesel,365377,2012,Automatyczna
Mercedes-Benz,Mercedes-Benz Klasa C 250 CDI BlueEff 4-Matic Classic,28000,PLN,Diesel,484836,2012,Automatyczna
Volkswagen,Volkswagen Golf 1.4 TSI Highline Optimum DSG,16900,PLN,Benzyna,222177,2009,Automatyczna
Porsche,Porsche Panamera 4S,225000,PLN,Benzyna,85000,2018,Automatyczna
Mercedes-Benz,Mercedes-Benz Klasa E 220 d 4-Matic AMG,144700,PLN,Diesel,58209,2021,Automatyczna
Lexus,Lexus LS Prestige,39900,PLN,Benzyna+LPG,296000,2003,Automatyczna
Volkswagen,Volkswagen Passat 2.0 TDI BMT Comfortline,34900,PLN,Diesel,218000,2015,Manualna
Volkswagen,Volkswagen Polo 1.2 CityLine,13000,PLN,Benzyna+LPG,277739,2012,Manualna
Skoda,Skoda Octavia 2.0 TDI DPF Elegance,18000,PLN,Diesel,304826,2012,Manualna
Audi,Audi A4 Limousine,3999,PLN,Diesel,289362,1997,Manualna
BMW,BMW X3 xDrive30i mHEV M Sport sport,209900,PLN,Benzyna,76982,2022,Automatyczna
BMW,BMW Seria 5,135000,PLN,Hybryda Plug-in,53975,2021,Automatyczna
Chrysler,Chrysler 300,65000,PLN,Benzyna,235120,2016,Automatyczna
Audi,Audi A5 Avant,249900,PLN,Benzyna,1,2026,Automatyczna
Renault,Renault Scenic,10300,PLN,Diesel,306500,2010,Manualna
MINI,MINI Countryman Cooper D,19000,PLN,Diesel,190811,2011,Manualna
Mitsubishi,Mitsubishi Outlander,89900,PLN,Hybryda Plug-in,72686,2020,Automatyczna
Volkswagen,Volkswagen Golf,54900,PLN,Diesel,268000,2017,Automatyczna
Toyota,Toyota Camry 2.5 Hybrid Prestige CVT,134900,PLN,Hybryda,64805,2024,Automatyczna
Toyota,Toyota Corolla 1.8 Hybrid Comfort,84900,PLN,Hybryda,71465,2023,Automatyczna
Volvo,Volvo V50 1.6D,13300,PLN,Diesel,420741,2007,Manualna
Toyota,Toyota Yaris 1.5 VVT-i GR SPORT,95000,PLN,Hybryda,24315,2022,Automatyczna
Volkswagen,Volkswagen Golf 1.6 TDI Highline,24500,PLN,Diesel,277000,2013,Manualna
Land Rover,Land Rover Discovery Sport 2.0 D200 mHEV Dynamic S,189990,PLN,Diesel,16100,2025,Automatyczna
Toyota,Toyota RAV4 2.0 Comfort 4x4 MS,122900,PLN,Benzyna,103800,2022,Automatyczna
Audi,Audi Q3,110500,PLN,Benzyna,104200,2021,Automatyczna
Toyota,Toyota RAV4,166900,PLN,Hybryda,86615,2023,Automatyczna
Lexus,Lexus RX 300 Prestige,161900,PLN,Benzyna,70551,2022,Automatyczna
Toyota,Toyota RAV4,158900,PLN,Hybryda,59700,2022,Automatyczna
Toyota,Toyota Proace City Verso Long 1.5 D-4D Business,84900,PLN,Diesel,89840,2022,Automatyczna
Toyota,Toyota Corolla 1.8 Hybrid Style,99900,PLN,Hybryda,84235,2023,Automatyczna
Toyota,Toyota Camry 2.5 Hybrid Prestige CVT,129900,PLN,Hybryda,57744,2024,Automatyczna
Toyota,Toyota Camry 2.5 Hybrid Prestige CVT,134900,PLN,Hybryda,63090,2024,Automatyczna
Toyota,Toyota Proace Verso 2.0 D4-D Long Business,134900,PLN,Diesel,78242,2023,Manualna
Toyota,Toyota Corolla 1.8 Hybrid Style,99900,PLN,Hybryda,86099,2023,Automatyczna
Toyota,Toyota C-HR 1.8 Hybrid Premium,79900,PLN,Hybryda,88412,2019,Automatyczna
Mercedes-Benz,Mercedes-Benz GLC 300 4Matic 9G-TRONIC Edition Avantgarde,59000,PLN,Benzyna,57000,2021,Automatyczna
Audi,Audi S3 S tronic,35000,PLN,Benzyna,89700,2017,Automatyczna
Audi,Audi Q4 e-tron 45 77kWh Quattro Advanced,24600,PLN,Elektryczny,46325,2022,Automatyczna
BMW,BMW Seria 3 330i xDrive Edition M Sport Shadow,19900,PLN,Benzyna,96518,2018,Automatyczna
Aston Martin,Aston Martin DBX Standard,595000,PLN,Benzyna,67943,2020,Automatyczna
BMW,BMW X5 xDrive40i,65000,PLN,Benzyna,89961,2019,Automatyczna
Audi,Audi A4 Limousine,36000,PLN,Benzyna,64000,2018,Automatyczna
Kia,Kia K5,44000,PLN,Benzyna,42301,2021,Automatyczna
Mercedes-Benz,Mercedes-Benz Klasa E 220 d 9G-TRONIC AMG Line,59000,PLN,Diesel,67432,2019,Automatyczna
Audi,Audi A3 Limousine,27000,PLN,Benzyna,72140,2018,Automatyczna
Mazda,Mazda CX-60 3.3 D mHEV Exclusive Line AWD,189900,PLN,Diesel,23626,2024,Automatyczna
Nissan,Nissan Qashqai 1.3 DIG-T N-Connecta DCT,89901,PLN,Benzyna,79500,2024,Automatyczna
Rolls-Royce,Rolls-Royce Wraith Standard,999000,PLN,Benzyna,22000,2014,Automatyczna
Jaecoo,Jaecoo 8,224900,PLN,Hybryda Plug-in,10,2026,Automatyczna
Omoda,Omoda 9,214800,PLN,Hybryda Plug-in,10,2026,Automatyczna
Omoda,Omoda 9,214800,PLN,Hybryda Plug-in,10,2025,Automatyczna
Porsche,Porsche 911 Targa 4 GTS PDK,979000,PLN,Benzyna,8848,2025,Automatyczna
Ford,Ford Escape,57900,PLN,Benzyna,59000,2020,Automatyczna
Ford,Ford Focus 2.0 EcoBlue S&S ST mit Styling-Paket,74900,PLN,Diesel,42840,2021,Manualna
Jaecoo,Jaecoo 7,166800,PLN,Hybryda Plug-in,10,2026,Automatyczna
Renault,Renault Express,56000,PLN,Benzyna,29000,2021,Manualna
Mitsubishi,Mitsubishi Eclipse Cross 2.4 PHEV Intense Plus Ralliart,119900,PLN,Hybryda Plug-in,15800,2022,Automatyczna
Volvo,Volvo V90 D4 Inscription,85000,PLN,Diesel,145000,2017,Automatyczna
Skoda,Skoda Fabia 1.2 TSI Ambition,19500,PLN,Benzyna,241000,2015,Manualna
Volkswagen,Volkswagen Passat Variant,72999,PLN,Diesel,160425,2022,Manualna
Volkswagen,Volkswagen Passat,7000,PLN,Diesel,300000,2003,Manualna
Audi,Audi A8 3.0 TDI L Quattro,45000,PLN,Diesel,408305,2008,Automatyczna
BMW,BMW X6,30900,PLN,Diesel,262000,2009,Automatyczna
Peugeot,Peugeot 508 2.0 HDi Allure,31500,PLN,Diesel,181091,2014,Automatyczna
Honda,Honda Accord 2.0 Executive Nav,27300,PLN,Benzyna+LPG,281000,2011,Manualna
Citroën,Citroën C4 Cactus e-HDi 92 ETG6 Stop&Start Feel,12900,PLN,Diesel,135000,2015,Automatyczna
Alfa Romeo,Alfa Romeo Tonale 1.5 T4 GSE mHEV Sprint DCT,104900,PLN,Benzyna,39500,2023,Automatyczna
Hyundai,Hyundai i20 1.2 Classic EU5,4400,PLN,Benzyna,365903,2010,Manualna
BMW,BMW Seria 1 116d EfficientDynamics Edition,31000,PLN,Diesel,200802,2016,Manualna
Citroën,Citroën DS4,17500,PLN,Diesel,177993,2016,Manualna
Skoda,Skoda Superb 2.0 TDI DSG L&K,79000,PLN,Diesel,183000,2021,Automatyczna
BMW,BMW X1,43000,PLN,Diesel,162427,2014,Automatyczna
Audi,Audi A1 3-drzwiowe,12500,PLN,Benzyna,191151,2011,Automatyczna
Mercedes-Benz,Mercedes-Benz Klasa C 350 Avantgarde,35000,PLN,Benzyna,233782,2009,Automatyczna
Volkswagen,Volkswagen Passat,6900,PLN,Benzyna+LPG,335600,2002,Manualna
Subaru,Subaru XV,58900,PLN,Benzyna,157000,2018,Automatyczna
Kia,Kia Sportage 1.7 CRDI L 2WD,27900,PLN,Diesel,225000,2014,Manualna
Opel,Opel Insignia 2.0 CDTI Sport,14000,PLN,Diesel,259000,2011,Manualna
Ford,Ford Mondeo SW 2.2 TDCi Titanium S,19400,PLN,Diesel,270000,2009,Manualna
Mazda,Mazda 2,8900,PLN,Benzyna,159845,2008,Manualna
Toyota,Toyota Corolla 1.6 VVT-i Terra,10000,PLN,Benzyna,229000,2006,Manualna
Opel,Opel Astra,3500,PLN,Benzyna,180000,2004,Manualna
Kia,Kia Sportage 1.7 CRDI 2WD Vision,34999,PLN,Diesel,208977,2015,Manualna
Audi,Audi A3 3-drzwiowe,17999,PLN,Benzyna,195500,2009,Manualna
Peugeot,Peugeot 308 1.2 PureTech Allure S&S,26900,PLN,Benzyna,163500,2014,Manualna
Hyundai,Hyundai i30 1.6 CRDi Comfort World Cup,9500,PLN,Diesel,191000,2009,Manualna
Audi,Audi A6 Avant,4200,PLN,Benzyna,312453,2006,Automatyczna
Kia,Kia Ceed,51000,PLN,Diesel,152000,2021,Manualna
Renault,Renault Trafic L2H1 Komfort,14500,PLN,Diesel,303000,2005,Manualna
Honda,Honda Accord 2.0 Sport,7999,PLN,Benzyna+LPG,430000,2004,Manualna
Volkswagen,Volkswagen Polo 1.4 FSI,14500,PLN,Benzyna,238000,2010,Manualna
Volkswagen,Volkswagen Multivan,65000,PLN,Diesel,258000,2013,Automatyczna
Ford,Ford Focus,33500,PLN,Diesel,210000,2015,Manualna
Suzuki,Suzuki Swift,20900,PLN,Benzyna,202000,2012,Manualna
Saab,Saab 900 2.0-16 Turbo S,69000,PLN,Benzyna,192000,1985,Manualna
Subaru,Subaru Forester,10800,PLN,Benzyna+LPG,324000,2007,Automatyczna
Peugeot,Peugeot 207 1.6 HDi,5900,PLN,Diesel,237000,2007,Manualna
Volkswagen,Volkswagen up!,14900,PLN,Benzyna,209300,2013,Manualna
Honda,Honda Accord,26850,PLN,Benzyna+LPG,276953,2010,Manualna
Skoda,Skoda Karoq 1.6 TDI SCR DSG Style,57500,PLN,Diesel,227000,2020,Automatyczna
Honda,Honda City 1.4 Comfort,5500,PLN,Benzyna,284474,2008,Manualna
Ford,Ford Focus,13900,PLN,Benzyna,232612,2016,Manualna
Audi,Audi A3 Sportback,23900,PLN,Diesel,238000,2011,Manualna
BMW,BMW Seria 3,21900,PLN,Benzyna,240000,2011,Manualna
Volkswagen,Volkswagen Passat 1.9 TDI Comfortline,3000,PLN,Diesel,510000,2005,Manualna
Volkswagen,Volkswagen Jetta 2.0 TDI Comfortline,3999,PLN,Diesel,292000,2005,Manualna
Kia,Kia Rio,17000,PLN,Diesel,194000,2015,Manualna
Jeep,Jeep Grand Cherokee,69000,PLN,Benzyna,242000,2014,Automatyczna
Skoda,Skoda RAPID 1.2 TSI Ambition,17900,PLN,Benzyna,186000,2013,Manualna
Opel,Opel Vectra 1.9 CDTI Comfort,6800,PLN,Diesel,266492,2005,Manualna
Seat,Seat Alhambra 2.0 TDI Xcellence DSG,36200,PLN,Diesel,339886,2014,Automatyczna
Hyundai,Hyundai Galloper SWB5 2.5 D intrcooler,7000,PLN,Diesel,339000,1998,Manualna
BMW,BMW Seria 3 320d,36000,PLN,Diesel,308000,2013,Automatyczna
Mazda,Mazda 6 SKYACTIV-G 194 Drive Exclusive-Line,71900,PLN,Benzyna,91500,2021,Automatyczna
Peugeot,Peugeot 407 2.0 HDI Platinum,5200,PLN,Diesel,255000,2005,Automatyczna
BMW,BMW M2,138999,PLN,Benzyna,156000,2017,Automatyczna
Ford,Ford Fiesta 1.6 TDCI Fun,6500,PLN,Diesel,289765,2005,Manualna
Audi,Audi A4 Avant 2.0 TDI,24900,PLN,Diesel,210982,2011,Manualna
Mercedes-Benz,Mercedes-Benz Klasa E 320 Avantgarde,21500,PLN,Benzyna,286900,1997,Automatyczna
Kia,Kia Ceed 1.6 T-GDI GT-Track,39999,PLN,Benzyna,169000,2016,Manualna
Audi,Audi Q3,119000,PLN,Benzyna,94976,2021,Automatyczna
Volkswagen,Volkswagen Polo 1.4 16V Highline,15700,PLN,Benzyna,205000,2009,Manualna
Mazda,Mazda 5,11900,PLN,Diesel,241000,2009,Manualna
Skoda,Skoda Superb,14500,PLN,Benzyna,250000,2009,Automatyczna
Seat,Seat Altea,3800,PLN,Diesel,300000,2004,Manualna
Lexus,Lexus RX,257800,PLN,Hybryda,36922,2023,Automatyczna
Opel,Opel Zafira 2.0 DTI Elegance,4500,PLN,Diesel,326351,2003,Manualna
Citroën,Citroën C4 Picasso,12800,PLN,Diesel,220553,2014,Automatyczna
Seat,Seat Ibiza 1.2 12V Stylance,4200,PLN,Benzyna,260000,2006,Manualna
Renault,Renault Scenic,5000,PLN,Diesel,196200,2005,Manualna
Ford,Ford Mondeo 2.0 Trend / Trend+,10000,PLN,Benzyna+LPG,286948,2007,Manualna
Opel,Opel Zafira,19900,PLN,Diesel,262000,2015,Manualna
Opel,Opel Corsa,4000,PLN,Benzyna,212000,2006,Manualna
BMW,BMW Seria 3 318i,15800,PLN,Benzyna,214000,2007,Manualna
Citroën,Citroën C5 2.0 HDi Exclusive,19000,PLN,Diesel,236752,2010,Manualna
BMW,BMW Seria 4 430i M Sport,77400,PLN,Benzyna,154500,2016,Automatyczna
Skoda,Skoda Fabia 1.4 16V Classic,1500,PLN,Benzyna,256000,2007,Manualna
Citroën,Citroën C5X,5950,PLN,Benzyna+LPG,311240,2010,Manualna
MINI,MINI Cooper,8900,PLN,Benzyna,229082,2003,Manualna
Audi,Audi A3 Sportback,10000,PLN,Benzyna,212000,2004,Manualna
Renault,Renault Twingo 1.2 16V Dynamique,5300,PLN,Benzyna,293461,2008,Manualna
Volvo,Volvo XC 60,45000,PLN,Diesel,290125,2013,Automatyczna
Opel,Opel Combo,5500,PLN,Diesel,287000,2009,Manualna
Hyundai,Hyundai i20 1.1 CRDi Comfort,9500,PLN,Diesel,221000,2012,Manualna
Volvo,Volvo V50,14000,PLN,Diesel,300000,2011,Manualna
Mercedes-Benz,Mercedes-Benz GLA 250 4-Matic AMG Line,91000,PLN,Benzyna,64000,2019,Automatyczna
Volvo,Volvo XC 40,137500,PLN,Benzyna,44000,2023,Automatyczna
Hyundai,Hyundai ix35 1.7 CRDi Comfort 2WD,30000,PLN,Diesel,289000,2014,Manualna
Kia,Kia Ceed 1.6 CRDi SCR L,12900,PLN,Diesel,324000,2020,Manualna
Citroën,Citroën C4,3999,PLN,Diesel,258000,2007,Manualna
Hyundai,Hyundai i40,10800,PLN,Diesel,239069,2016,Manualna
Renault,Renault Clio,2000,PLN,Benzyna+LPG,302403,2002,Manualna
Volvo,Volvo V50 1.6D DRIVe,10000,PLN,Diesel,299276,2010,Manualna
Fiat,Fiat Talento,25200,PLN,Diesel,218978,2018,Manualna
BMW,BMW Seria 3,9000,PLN,Benzyna,290000,2010,Manualna
BMW,BMW X3 xDrive20d,29300,PLN,Diesel,260000,2009,Automatyczna
BMW,BMW Seria 5,15500,PLN,Diesel,408500,2006,Automatyczna
Kia,Kia Sportage,31000,PLN,Diesel,223400,2011,Manualna
Audi,Audi A4 Limousine,134900,PLN,Benzyna,41475,2023,Automatyczna
Toyota,Toyota Corolla,6900,PLN,Benzyna,308000,2006,Manualna
Mitsubishi,Mitsubishi Outlander,51000,PLN,Benzyna+LPG,165248,2016,Manualna
Audi,Audi A4 Limousine,94900,PLN,Benzyna,29132,2020,Automatyczna
Citroën,Citroën Jumpy Combi,4000,PLN,Diesel,281735,2007,Manualna
Volvo,Volvo V50,3000,PLN,Benzyna,480000,2004,Automatyczna
BMW,BMW X3 xDrive20d,59900,PLN,Diesel,131000,2012,Automatyczna
Volkswagen,Volkswagen Golf Variant 2.0 TDI (BlueMotion Technology) DSG Comfortline,54500,PLN,Diesel,197892,2019,Automatyczna
BMW,BMW Seria 3 316d Modern Line,22000,PLN,Diesel,286000,2011,Manualna
Hyundai,Hyundai ix35,21900,PLN,Diesel,237000,2010,Manualna
Audi,Audi A6 Avant,14900,PLN,Benzyna+LPG,447000,2005,Automatyczna
Ford,Ford Fusion,3500,PLN,Benzyna+LPG,260000,2004,Manualna
Fiat,Fiat Stilo,3300,PLN,Diesel,246000,2005,Manualna
Peugeot,Peugeot 508,11900,PLN,Diesel,310000,2011,Manualna
Volkswagen,Volkswagen Touran,12500,PLN,Diesel,380000,2010,Automatyczna
Audi,Audi A4 Avant,18000,PLN,Diesel,238000,2008,Manualna
Toyota,Toyota Prius,11300,PLN,Benzyna+LPG,598000,2008,Automatyczna
Lexus,Lexus GS,27000,PLN,Benzyna,320000,2002,Automatyczna
Porsche,Porsche Cayenne Diesel,49900,PLN,Diesel,396300,2010,Automatyczna
Fiat,Fiat Sedici,6700,PLN,Benzyna,264000,2009,Manualna
Citroën,Citroën Berlingo M 1.5 BlueHDI Feel,45999,PLN,Diesel,189862,2019,Manualna
Seat,Seat Ibiza 1.4 TDI Signo,2500,PLN,Diesel,267388,2005,Manualna
Skoda,Skoda Superb 2.0 TDI 4x4 Ambition,27900,PLN,Diesel,249099,2014,Manualna
Opel,Opel Astra,3000,PLN,Benzyna+LPG,263151,2007,Manualna
Toyota,Toyota Inny,45000,PLN,Benzyna+LPG,330000,2002,Automatyczna
BMW,BMW Seria 5,35000,PLN,Diesel,310000,2011,Manualna
Opel,Opel Astra,12900,PLN,Benzyna+LPG,337000,2000,Manualna
Audi,Audi A3 Sportback,16500,PLN,Diesel,264000,2010,Manualna
Ford,Ford Fiesta,14800,PLN,Diesel,287000,2020,Manualna
Renault,Renault Megane,3000,PLN,Benzyna,235223,2004,Manualna
Citroën,Citroën DS5,17800,PLN,Diesel,221471,2014,Automatyczna
Mercedes-Benz,Mercedes-Benz EQV 300 90kWh,244900,PLN,Elektryczny,26306,2024,Automatyczna
Kia,Kia Rio 1.4 Family,4500,PLN,Benzyna,257800,2006,Manualna
Fiat,Fiat Fiorino 1.3 Multijet 16V Active,7995,PLN,Diesel,418000,2010,Manualna
Citroën,Citroën Berlingo,16999,PLN,Diesel,255000,2010,Manualna
Audi,Audi Q5 2.0 TDI Quattro Sport S tronic,82500,PLN,Diesel,198000,2016,Automatyczna
Volkswagen,Volkswagen New Beetle 2.0,3000,PLN,Benzyna,285000,1999,Manualna
BMW,BMW Seria 1,6600,PLN,Benzyna,250000,2008,Manualna
Audi,Audi A6 Avant,3500,PLN,Diesel,288311,2002,Manualna
Nissan,Nissan X-Trail 2.0 dCi Tekna 2WD Xtronic,52700,PLN,Diesel,298000,2017,Automatyczna
Volkswagen,Volkswagen Golf 2.0 TDI DPF Style,11500,PLN,Diesel,310559,2011,Manualna
Volkswagen,Volkswagen Golf,10200,PLN,Benzyna,341040,2004,Manualna
Toyota,Toyota Proace City Verso 1.5 D-4D Business,46900,PLN,Diesel,189077,2021,Manualna
Seat,Seat Leon,8900,PLN,Diesel,299000,2005,Manualna
Skoda,Skoda Superb,21500,PLN,Diesel,317500,2008,Automatyczna
Skoda,Skoda Octavia,14900,PLN,Benzyna+LPG,350774,2011,Manualna
Opel,Opel Insignia 2.0 CDTI Active,11000,PLN,Diesel,252960,2011,Manualna
BMW,BMW X1 sDrive18i Advantage,73800,PLN,Benzyna,103650,2020,Automatyczna
Kia,Kia Sportage,32000,PLN,Diesel,280000,2012,Manualna
Opel,Opel Insignia,11000,PLN,Diesel,334000,2011,Manualna
Volkswagen,Volkswagen Caddy Trendline,22000,PLN,Diesel,327548,2013,Manualna
Peugeot,Peugeot 508 HDi FAP 140 Business-Line,19900,PLN,Diesel,280000,2011,Manualna
Mercedes-Benz,Mercedes-Benz GLC 200 4-Matic,145900,PLN,Benzyna,22480,2022,Automatyczna
Honda,Honda CR-V,21500,PLN,Diesel,295238,2008,Manualna
Jaecoo,Jaecoo 5,98900,PLN,Benzyna,7299,2025,Automatyczna
Audi,Audi A6 Avant 2.0 TDI Multitronic,39990,PLN,Diesel,228000,2012,Automatyczna
Audi,Audi Q3 Sportback 35 TFSI mHEV S tronic,144900,PLN,Benzyna,15527,2025,Automatyczna
Volvo,Volvo V50 1.6D DRIVe Momentum,12900,PLN,Diesel,265000,2009,Manualna
Citroën,Citroën C4 1.2 PureTech Shine S&S EAT8,66900,PLN,Benzyna,20072,2022,Automatyczna
Audi,Audi A4 Avant,7500,PLN,Diesel,437800,2007,Manualna
BMW,BMW Seria 5,25000,PLN,Diesel,365000,2011,Manualna
BMW,BMW Seria 7 740Ld xDrive,159900,PLN,Diesel,199000,2017,Automatyczna
Volkswagen,Volkswagen T-Roc,98500,PLN,Benzyna,51500,2022,Manualna
Toyota,Toyota RAV4 2.0 Comfort 4x4 MS,99900,PLN,Benzyna,104745,2019,Automatyczna
Skoda,Skoda Octavia,114400,PLN,Benzyna,23945,2025,Automatyczna
Toyota,Toyota Corolla 1.8 Hybrid Comfort,101850,PLN,Hybryda,13159,2024,Automatyczna
Toyota,Toyota Prius+,42000,PLN,Benzyna,320000,2012,Automatyczna
BMW,BMW Seria 3 320d M Sport Shadow,65000,PLN,Diesel,221930,2016,Automatyczna
Volvo,Volvo XC 60,279900,PLN,Hybryda Plug-in,7860,2025,Automatyczna
Suzuki,Suzuki SX4 S-Cross 1.4 SHVS Premium,99850,PLN,Benzyna,16164,2022,Manualna
Volvo,Volvo XC 60,254900,PLN,Hybryda Plug-in,34300,2024,Automatyczna
Toyota,Toyota Yaris Cross Hybrid 1.5 Style,107850,PLN,Hybryda,16870,2024,Automatyczna
Volvo,Volvo V60,172900,PLN,Benzyna,11401,2025,Automatyczna
Lexus,Lexus ES 300h Business Edition,159850,PLN,Hybryda,76151,2023,Automatyczna
Toyota,Toyota Proace Verso 2.0 D4-D Long Business,156850,PLN,Diesel,21714,2024,Manualna
Toyota,Toyota C-HR 1.8 Hybrid Style,96900,PLN,Hybryda,50660,2023,Automatyczna
Mercedes-Benz,Mercedes-Benz Klasa E 220 d 4-Matic 9G-TRONIC,140900,PLN,Diesel,140228,2018,Automatyczna
Volkswagen,Volkswagen Passat 1.9 TDI,7900,PLN,Diesel,271000,2004,Manualna
Volkswagen,Volkswagen Golf 1.9 TDI Trendline,8000,PLN,Diesel,330000,2006,Manualna
Renault,Renault Espace,110000,PLN,Hybryda,1300,2026,Automatyczna
Renault,Renault Megane,12000,PLN,Diesel,223655,2011,Manualna
Peugeot,Peugeot 207 120 Premium,15000,PLN,Benzyna,101876,2009,Manualna
Kia,Kia Sportage 1.6 CRDI L 2WD DCT,59999,PLN,Diesel,93000,2019,Automatyczna
BMW,BMW Seria 7,534900,PLN,Hybryda,1,2026,Automatyczna
BMW,BMW X5 xDrive25d sport,120000,PLN,Diesel,148000,2018,Automatyczna
Skoda,Skoda Kamiq 1.0 TSI Selection,89900,PLN,Benzyna,18500,2025,Manualna
Opel,Opel Insignia 2.8 T V6 Cosmo 4x4,17500,PLN,Benzyna+LPG,188000,2009,Automatyczna
Seat,Seat Leon 1.9 TDI Stylance,6600,PLN,Diesel,366000,2007,Manualna
Volkswagen,Volkswagen T-Roc 1.5 eTSI Life DSG,122000,PLN,Benzyna,1,2026,Automatyczna
Toyota,Toyota Yaris 1.4 D-4D Luna EU5,5500,PLN,Diesel,408500,2010,Manualna
Lexus,Lexus CT 200h Business Edition,79000,PLN,Hybryda,135687,2020,Automatyczna
Citroën,Citroën DS3,27000,PLN,Benzyna,97300,2011,Manualna
Renault,Renault Megane 1.5 dCi Authentique,5150,PLN,Diesel,261200,2006,Manualna
Toyota,Toyota RAV4,119899,PLN,Benzyna,134225,2023,Automatyczna
Volkswagen,Volkswagen T-Roc,99900,PLN,Benzyna,66828,2023,Automatyczna
Citroën,Citroën C5 V6 HDi 240 Biturbo FAP Exclusive,17500,PLN,Diesel,328000,2012,Automatyczna
Audi,Audi A5 Sportback,53000,PLN,Benzyna,135000,2016,Automatyczna
Jaguar,Jaguar XF,32000,PLN,Benzyna,265000,2008,Automatyczna
Nissan,Nissan Qashqai 2.0 4x4 Acenta,22000,PLN,Benzyna+LPG,195000,2007,Manualna
BMW,BMW Seria 4 420d M Sport sport,149900,PLN,Diesel,51100,2023,Automatyczna
Subaru,Subaru Justy 1.3GX 4WD,9400,PLN,Benzyna,105329,2008,Manualna
Hyundai,Hyundai i20 1.2 BlueDrive Go,35900,PLN,Benzyna,135000,2018,Manualna
Ford,Ford Kuga,103899,PLN,Hybryda,72889,2023,Automatyczna
Volvo,Volvo XC 60,168899,PLN,Benzyna,50335,2023,Automatyczna
Porsche,Porsche Panamera 4S,97000,PLN,Benzyna,190000,2011,Automatyczna
Opel,Opel Astra 1.4 T 120 Lat S&S,32500,PLN,Benzyna,216900,2018,Manualna
Toyota,Toyota Avensis 1.6 Luna,19900,PLN,Benzyna+LPG,302000,2010,Manualna
Toyota,Toyota Yaris 1.0 Luna,7500,PLN,Benzyna,155000,2007,Manualna
Ford,Ford Kuga 2.0 EcoBoost 4x4 ST-Line,59900,PLN,Benzyna,164560,2018,Automatyczna
Mercedes-Benz,Mercedes-Benz GLB 200 AMG Line 7G-DCT,159900,PLN,Benzyna,32004,2024,Automatyczna
Mercedes-Benz,Mercedes-Benz GLA 200 AMG Line,159900,PLN,Benzyna,20555,2024,Automatyczna
Mercedes-Benz,Mercedes-Benz GLC,189000,PLN,Benzyna,56505,2022,Automatyczna
BMW,BMW Seria 3 318d M Sport,89900,PLN,Diesel,156120,2019,Automatyczna
Volkswagen,Volkswagen Polo 1.0 TSI OPF DSG Life,74900,PLN,Benzyna,26591,2025,Automatyczna
Mercedes-Benz,Mercedes-Benz GLS 400 4Matic 9G-TRONIC,115900,PLN,Benzyna,194360,2016,Automatyczna
Skoda,Skoda Kodiaq 2.0 TDI 4x4 Sportline DSG,228500,PLN,Diesel,5,2026,Automatyczna
Mercedes-Benz,Mercedes-Benz GLE,434620,PLN,Hybryda Plug-in,24050,2024,Automatyczna
Skoda,Skoda Kodiaq 2.0 TDI 4x4 L&K DSG 7 os,147600,PLN,Diesel,202000,2022,Automatyczna
BMW,BMW Seria 5 525d xDrive,39900,PLN,Diesel,326000,2012,Automatyczna
Suzuki,Suzuki Samurai 1.3 VX Metal Top,22600,PLN,Benzyna,80000,2000,Manualna
BMW,BMW X3 M,139900,PLN,Diesel,170000,2019,Automatyczna
Peugeot,Peugeot 2008 82 VTI Active,22800,PLN,Benzyna,126213,2014,Manualna
MINI,MINI Countryman,204176,PLN,Benzyna,12,2025,Automatyczna
MINI,MINI Cooper,163100,PLN,Benzyna,14,2026,Automatyczna
Skoda,Skoda Fabia 1.0 Drive,80650,PLN,Benzyna,5,2026,Manualna
Fiat,Fiat 500 1.0 Hybrid Connect,31000,PLN,Benzyna,31000,2020,Manualna
Microcar,Microcar Inny,24000,PLN,Diesel,61426,2018,Automatyczna
Renault,Renault Scenic,12900,PLN,Diesel,134772,2010,Manualna
Mazda,Mazda 6,21999,PLN,Diesel,240772,2014,Manualna
Renault,Renault Twingo,7300,PLN,Benzyna,184000,2007,Manualna
Skoda,Skoda Fabia 1.0 TSI Drive,85100,PLN,Benzyna,5,2026,Manualna
Toyota,Toyota C-HR 2.0 PHEV Dynamic Force Executive,180900,PLN,Hybryda Plug-in,6,2026,Automatyczna
Mercedes-Benz,Mercedes-Benz Klasa R,9900,PLN,Diesel,348000,2011,Automatyczna
Citroën,Citroën C3 1.2 PureTech GPF Shine S&S EAT6,47900,PLN,Benzyna,39122,2021,Automatyczna
Kia,Kia Sportage,10900,PLN,Diesel,169000,2014,Manualna
Cupra,Cupra Leon 2.0 TSI DSG,124900,PLN,Benzyna,29763,2022,Automatyczna
Cupra,Cupra Formentor 2.0 TSI 4Drive VZ DSG,174900,PLN,Benzyna,14830,2025,Automatyczna
Volkswagen,Volkswagen Arteon Shooting Brake 2.0 TDI Elegance DSG,124900,PLN,Diesel,89779,2023,Automatyczna
Chrysler,Chrysler Town & Country 3.6 Limited,34900,PLN,Benzyna,298454,2014,Automatyczna
Land Rover,Land Rover Defender,359900,PLN,Diesel,1000,2026,Automatyczna
Mercedes-Benz,Mercedes-Benz Klasa C,18900,PLN,Diesel,199809,2009,Manualna
BMW,BMW Seria 7,23900,PLN,Benzyna,210000,2011,Automatyczna
McLaren,McLaren 570S Coupe Standard,780000,PLN,Benzyna,13625,2018,Automatyczna
Land Rover,Land Rover Defender,419900,PLN,Diesel,1000,2026,Automatyczna
Land Rover,Land Rover Defender,329900,PLN,Diesel,11000,2025,Automatyczna
Kia,Kia Picanto,47950,PLN,Benzyna,31000,2023,Manualna
Audi,Audi A3 Sportback 2.0 TDI Ambition,34900,PLN,Diesel,220100,2013,Manualna
Skoda,Skoda Kodiaq 2.0 TDI 4x4 DSG Ambition,55900,PLN,Diesel,128027,2021,Automatyczna
Aixam,Aixam Coupe,9800,PLN,Diesel,124121,2009,Automatyczna
SWM,SWM G05 1.5T GDI Deluxe DCT,99900,PLN,Benzyna,8,2025,Automatyczna
Audi,Audi Q8 e-tron,260000,PLN,Elektryczny,18220,2023,Automatyczna
SsangYong/KGM,SsangYong/KGM Torres 1.5 T-GDI Adventure,99900,PLN,Benzyna+LPG,55500,2023,Automatyczna
SWM,SWM G03F 1.5 GDI,64900,PLN,Benzyna,4150,2025,Manualna
SsangYong/KGM,SsangYong/KGM Musso 2.2 e-XDi Adventure 4WD,187700,PLN,Diesel,10,2026,Automatyczna
Renault,Renault Captur 0.9 Energy TCe Alize,31900,PLN,Benzyna,119200,2013,Manualna
Hongqi,Hongqi HS5,117900,PLN,Benzyna,82,2024,Automatyczna
Forthing,Forthing T5 EVO T-Five 1.5 DVVT GDI DCT,99900,PLN,Benzyna,9,2025,Automatyczna
Ford,Ford Puma,56900,PLN,Hybryda,108200,2021,Manualna
Mercedes-Benz,Mercedes-Benz GL 400 4Matic 7G-TRONIC,89900,PLN,Benzyna,117000,2016,Automatyczna
Nissan,Nissan Juke 1.0 DIG-T Visia,49900,PLN,Benzyna,48800,2020,Manualna
Mercedes-Benz,Mercedes-Benz Klasa C 300 7G-TRONIC Avantgarde,79900,PLN,Benzyna,171000,2017,Automatyczna
Opel,Opel Astra 1.0 Turbo Start/Stop Business,36900,PLN,Benzyna,123000,2018,Manualna
Land Rover,Land Rover Range Rover V8 Supercharged,62900,PLN,Benzyna,250000,2013,Automatyczna
BMW,BMW Seria 3,67900,PLN,Diesel,133500,2019,Automatyczna
Opel,Opel Mokka 1.7 CDTI ecoFLEX Start/Stop 4x4 Innovation,28900,PLN,Diesel,193400,2013,Manualna
BMW,BMW Seria 7 740d xDrive mHEV sport,522600,PLN,Diesel,7,2026,Automatyczna
BMW,BMW X1 sDrive20i mHEV,202900,PLN,Benzyna,7,2026,Automatyczna
BMW,BMW Seria 7 750Li xDrive,133900,PLN,Benzyna,100000,2018,Automatyczna
BMW,BMW Seria 5,277800,PLN,Diesel,7,2026,Automatyczna
BMW,BMW X1 sDrive20i mHEV,201000,PLN,Benzyna,4000,2026,Automatyczna
BMW,BMW Seria 1,175700,PLN,Benzyna,7,2026,Automatyczna
Kia,Kia XCeed 1.5 T-GDI M,92900,PLN,Benzyna,19883,2025,Manualna
Opel,Opel Corsa 1.2 Start/Stop Edition,38500,PLN,Benzyna,46129,2023,Manualna
Land Rover,Land Rover Range Rover Sport,13900,PLN,Diesel,284000,2010,Automatyczna
Opel,Opel Insignia 1.5 ECOTEC Direct Inj Turbo Innovation,49900,PLN,Benzyna,65000,2018,Manualna
BMW,BMW X1,37500,PLN,Diesel,165000,2013,Manualna
BMW,BMW X1 sDrive20i mHEV xLine sport,159000,PLN,Benzyna,39000,2023,Automatyczna
Mercedes-Benz,Mercedes-Benz GLA 200 d,64998,PLN,Diesel,149500,2016,Manualna
Renault,Renault Clio 0.9 Energy TCe Expression,13700,PLN,Benzyna,205000,2013,Manualna
Chrysler,Chrysler 300C,22500,PLN,Benzyna,193737,2010,Automatyczna
BMW,BMW Seria 5 520d,36700,PLN,Diesel,182699,2011,Manualna
Peugeot,Peugeot 3008,39500,PLN,Diesel,146000,2019,Automatyczna
Toyota,Toyota Avensis 1.8 Sol,14700,PLN,Benzyna+LPG,311000,2009,Manualna
Audi,Audi A3 Sportback,54900,PLN,Benzyna,179000,2017,Manualna
Ford,Ford Puma,97900,PLN,Benzyna,10,2026,Manualna
Toyota,Toyota RAV4 2.5 Hybrid Comfort 4x2,129000,PLN,Hybryda,80600,2023,Automatyczna
Nissan,Nissan Qashqai,139550,PLN,Hybryda,5,2025,Automatyczna
Renault,Renault Trafic ENERGY Grand Spaceclass,73800,PLN,Diesel,185000,2018,Manualna
Kia,Kia Optima 1.7 CRDi XL,26900,PLN,Diesel,218790,2012,Manualna
Ford,Ford Transit Connect,54897,PLN,Benzyna,35050,2022,Manualna
Opel,Opel Astra,17999,PLN,Diesel,282000,2013,Manualna
Chrysler,Chrysler Sebring 2.0 CRD Limited,8900,PLN,Diesel,280000,2007,Manualna
Toyota,Toyota C-HR 1.8 Hybrid Style,149500,PLN,Hybryda,6,2026,Automatyczna
Porsche,Porsche Cayenne S Diesel Platinum Edition,109900,PLN,Diesel,186000,2015,Automatyczna
Ford,Ford Puma,129900,PLN,Benzyna,10,2026,Automatyczna
Kia,Kia Sorento 1.6 T-GDI HEV Prestige Line AWD 7os,179958,PLN,Hybryda,40000,2024,Automatyczna
Honda,Honda Civic,9800,PLN,Benzyna,95943,1979,Manualna
Toyota,Toyota Avensis,18000,PLN,Diesel,323531,2013,Manualna
Suzuki,Suzuki SX4 2.0 DDiS 4x2 Club,18600,PLN,Diesel,199047,2013,Manualna
Subaru,Subaru Forester 2.0 X,10400,PLN,Benzyna+LPG,277943,2006,Manualna
Nissan,Nissan Qashqai 1.3 DIG-T N-Connecta DCT,73000,PLN,Benzyna,53000,2021,Automatyczna
Mercedes-Benz,Mercedes-Benz Klasa B 200 d 4-Matic AMG Line 8G-DCT,129900,PLN,Diesel,16000,2020,Automatyczna
BMW,BMW Seria 2,6100,PLN,Diesel,226000,2017,Automatyczna
Mercedes-Benz,Mercedes-Benz Klasa A 180 d 8G-DCT Lim Entry,69900,PLN,Diesel,174666,2021,Automatyczna
BMW,BMW Seria 5 518d Business Edition,59500,PLN,Diesel,97000,2016,Automatyczna
Honda,Honda Civic 2.0 VTEC Turbo Type R GT,89900,PLN,Benzyna,129000,2016,Manualna
Volkswagen,Volkswagen Transporter,12900,PLN,Diesel,271234,2003,Manualna
Ford,Ford Focus 1.5 EcoBoost ST-Line,43000,PLN,Benzyna,142881,2017,Manualna
Ford,Ford Kuga,153600,PLN,Hybryda,10,2026,Automatyczna
Mazda,Mazda 2 Hybrid 1.5 VVT-i 116 CVT PURE,79800,PLN,Hybryda,7000,2025,Automatyczna
Renault,Renault Clio 1.0 TCe Evolution,54800,PLN,Benzyna,44700,2024,Manualna
BMW,BMW Seria 4 430i xDrive M Sport sport,214900,PLN,Benzyna,28500,2024,Automatyczna
Volvo,Volvo XC 40,75900,PLN,Diesel,195000,2019,Automatyczna
Skoda,Skoda Octavia 2.0 TSI RS 245 DSG,23500,PLN,Benzyna,82000,2021,Automatyczna
BMW,BMW Seria 3,114899,PLN,Benzyna,111951,2022,Automatyczna
BMW,BMW X3,14000,PLN,Diesel,282605,2006,Manualna
Nissan,Nissan Qashqai 1.6 dCi Tekna S&S,37900,PLN,Diesel,193000,2014,Manualna
Skoda,Skoda Fabia 1.0 Active,19800,PLN,Benzyna+LPG,374000,2018,Manualna
BMW,BMW Seria 1 118i Business Edition,73990,PLN,Benzyna,109000,2023,Automatyczna
Ford,Ford S-Max,16900,PLN,Diesel,310000,2012,Manualna
Toyota,Toyota Corolla,62899,PLN,Benzyna,73392,2022,Manualna
Opel,Opel Zafira 1.7 CDTI Essentia,9500,PLN,Diesel,270000,2010,Manualna
Toyota,Toyota Aygo X,63999,PLN,Benzyna,61000,2024,Automatyczna
Opel,Opel Grandland X 1.5 CDTI Ultimate S&S,55900,PLN,Diesel,200000,2021,Manualna
Hyundai,Hyundai Tucson,172500,PLN,Hybryda,10,2026,Automatyczna
Volkswagen,Volkswagen Golf,112899,PLN,Benzyna,55188,2024,Automatyczna
Saab,Saab 9-3,12500,PLN,Benzyna+LPG,274000,2001,Manualna
BMW,BMW X7 xDrive40d mHEV,196800,PLN,Diesel,401258,2021,Automatyczna
Hyundai,Hyundai Bayon,59900,PLN,Benzyna,50450,2022,Manualna
Ford,Ford Focus,27900,PLN,Benzyna,70000,2015,Automatyczna
BMW,BMW Seria 5 520d mHEV M Sport,245900,PLN,Diesel,7000,2025,Automatyczna
Chevrolet,Chevrolet Cruze 1.8 LT,8999,PLN,Benzyna+LPG,296066,2013,Manualna
Peugeot,Peugeot 308,83899,PLN,Diesel,78555,2023,Automatyczna
Volkswagen,Volkswagen Tiguan Allspace,85900,PLN,Diesel,170000,2018,Automatyczna
Jeep,Jeep Compass,90899,PLN,Benzyna,57817,2023,Automatyczna
Renault,Renault Captur E-TECH Full 145 EVOLUTION,75900,PLN,Hybryda,80000,2024,Automatyczna
Skoda,Skoda Octavia 2.0 TDI Ambition,78900,PLN,Diesel,46900,2023,Manualna
Volkswagen,Volkswagen Arteon 2.0 TDI Elegance DSG,94900,PLN,Diesel,121800,2020,Automatyczna
Audi,Audi A4 Avant 35 TFSI S tronic,84900,PLN,Benzyna,91600,2020,Automatyczna
Smart,Smart Fortwo,9500,PLN,Diesel,170000,2007,Automatyczna
Nissan,Nissan Qashqai 1.3 DIG-T MHEV N-Connecta Xtronic,79899,PLN,Benzyna,127882,2022,Automatyczna
BMW,BMW Seria 3,182000,PLN,Benzyna,87000,2020,Automatyczna
Ford,Ford Mondeo,7999,PLN,Diesel,289740,2007,Manualna
Volvo,Volvo XC 40 B4 Ultra Black Edition,149900,PLN,Benzyna,18839,2025,Automatyczna
BMW,BMW Seria 4 M440i xDrive mHEV sport,196900,PLN,Benzyna,79300,2022,Automatyczna
Skoda,Skoda Scala 1.0 TSI Ambition,61900,PLN,Benzyna,90200,2023,Manualna
Renault,Renault Clio,13500,PLN,Diesel,210733,2013,Manualna
Ford,Ford Kuga,178000,PLN,Hybryda,10,2026,Automatyczna
Opel,Opel Insignia 2.0 CDTI Exclusive S&S,35900,PLN,Diesel,198660,2017,Manualna
Opel,Opel Insignia 2.0 Turbo 4x4 Cosmo,26900,PLN,Benzyna,197000,2011,Automatyczna
Peugeot,Peugeot 308 1.2 PureTech Allure Pack S&S,55500,PLN,Benzyna,124831,2023,Manualna
Mitsubishi,Mitsubishi Lancer 2.0 DID Instyle,14999,PLN,Diesel,133000,2009,Manualna
Porsche,Porsche Panamera 4,349000,PLN,Benzyna,89500,2021,Automatyczna
Hyundai,Hyundai i10 1.0 Access,24900,PLN,Benzyna,152000,2018,Manualna
Toyota,Toyota Auris 1.6 VVT-i Prestige,18650,PLN,Benzyna,110000,2007,Manualna
Peugeot,Peugeot 3008 1.6 PureTech Hybrid PHEV GT S&S EAT8,79900,PLN,Hybryda Plug-in,145000,2022,Automatyczna
Renault,Renault Twingo,4500,PLN,Diesel,180000,2008,Manualna
Alfa Romeo,Alfa Romeo 147 1.9 JTDM 8V,7999,PLN,Diesel,208000,2008,Manualna
Mercedes-Benz,Mercedes-Benz GLA 250 4-Matic AMG Line,119900,PLN,Benzyna,90800,2020,Automatyczna
Hyundai,Hyundai i10 1.0 Access,26900,PLN,Benzyna,51230,2015,Manualna
Jeep,Jeep Grand Cherokee 5.7 V8 Limited,37000,PLN,Benzyna,268000,2005,Automatyczna
Toyota,Toyota Yaris Cross Hybrid 1.5 Comfort,86999,PLN,Hybryda,72000,2024,Automatyczna
Ford,Ford Puma,87000,PLN,Benzyna,34610,2022,Automatyczna
Renault,Renault Austral,86999,PLN,Benzyna,114000,2023,Automatyczna
Kia,Kia Optima 1.7 CRDI EcoDynamics Edition 7,34900,PLN,Diesel,222899,2013,Manualna
Chevrolet,Chevrolet Corvette,179999,PLN,Benzyna,149500,2015,Automatyczna
Lancia,Lancia Voyager 2.8CRD Gold,38000,PLN,Diesel,198000,2014,Automatyczna
Land Rover,Land Rover Range Rover Sport S 3.0 D S,426000,PLN,Diesel,10,2025,Automatyczna
Ford,Ford Capri,225500,PLN,Elektryczny,10,2025,Automatyczna
Ford,Ford Galaxy 2.0 TDCi Ghia,10800,PLN,Diesel,300000,2007,Manualna
Skoda,Skoda Superb 1.5 TSI Ambition DSG,77900,PLN,Benzyna,111179,2021,Automatyczna
Renault,Renault Captur ENERGY TCe 90 Start&Stop Luxe,39900,PLN,Benzyna,104240,2017,Manualna
Volvo,Volvo XC 60 T5 GPF AWD Momentum,79900,PLN,Benzyna,222312,2018,Automatyczna
Volvo,Volvo XC 60 T5 GPF AWD Momentum,82900,PLN,Benzyna,222312,2018,Automatyczna
Toyota,Toyota Corolla 1.8 Hybrid Comfort,92500,PLN,Hybryda,83854,2023,Automatyczna
Dacia,Dacia Dokker 1.5 dCi Laureate,12100,PLN,Diesel,92754,2012,Manualna
Ford,Ford Focus 1.6 EcoBoost Start-Stopp-System Titanium,21900,PLN,Benzyna,208000,2013,Manualna
Toyota,Toyota Camry 2.5 Hybrid Comfort CVT,109899,PLN,Hybryda,45131,2023,Automatyczna
Audi,Audi S3,18900,PLN,Benzyna,312276,2000,Manualna
Nissan,Nissan Qashqai 1.2 DIG-T Xtronic N-Connecta,42900,PLN,Benzyna,125058,2016,Automatyczna
Audi,Audi A4 Limousine 40 TDI mHEV Quattro S Line S tronic,144900,PLN,Diesel,38050,2023,Automatyczna
Seat,Seat Leon,28900,PLN,Benzyna,209000,2014,Manualna
Skoda,Skoda Octavia 2.0 TDI Sportline DSG,57500,PLN,Diesel,221000,2021,Automatyczna
Toyota,Toyota 4-Runner,135000,PLN,Benzyna,57312,2020,Automatyczna
Lexus,Lexus RX Standard,28500,PLN,Benzyna+LPG,263000,2004,Automatyczna
Honda,Honda Jazz,4700,PLN,Benzyna,217000,2005,Manualna
Mercedes-Benz,Mercedes-Benz Klasa B,14000,PLN,Benzyna,175201,2008,Manualna
Ford,Ford Mondeo,15900,PLN,Hybryda,253000,2018,Automatyczna
Volkswagen,Volkswagen Golf Variant 2.0 TDI Life,89899,PLN,Diesel,10030,2024,Manualna
Audi,Audi A6 Avant,42000,PLN,Diesel,298244,2014,Automatyczna
Honda,Honda Civic,25000,PLN,Benzyna,148419,2011,Manualna
Hyundai,Hyundai ix35,37000,PLN,Diesel,199135,2015,Manualna
Kia,Kia ProCeed,88899,PLN,Benzyna,115400,2023,Automatyczna
Volvo,Volvo XC 60,229900,PLN,Benzyna,27484,2025,Automatyczna
Volvo,Volvo XC 60,161900,PLN,Diesel,50299,2022,Automatyczna
Ford,Ford Focus 2.0 EcoBoost ST mit Leder-Sport-Paket,49999,PLN,Benzyna,200000,2016,Manualna
Kia,Kia Carens 1.7 CRDi Spirit,27000,PLN,Diesel,177500,2013,Manualna
Ford,Ford Fiesta 1.25 Trend,12500,PLN,Benzyna,140000,2009,Manualna
Fiat,Fiat Ducato MJ L3,21000,PLN,Diesel,457526,2016,Manualna
Toyota,Toyota Camry 2.5 Hybrid Comfort CVT,108899,PLN,Hybryda,42834,2023,Automatyczna
Citroën,Citroën C3 1.2 T Plus,75000,PLN,Benzyna,2,2026,Manualna
Skoda,Skoda Fabia 1.0 TSI Ambition Plus,49899,PLN,Benzyna,74922,2022,Manualna
Alfa Romeo,Alfa Romeo Mito 0.9 8V Twinair Turismo,13900,PLN,Benzyna,130000,2013,Manualna
Seat,Seat Altea XL 2.0 TDI Stylance,5500,PLN,Diesel,303956,2007,Manualna
Kia,Kia Sportage 1.6 CRDI MHEV Business Line 2WD DCT,79800,PLN,Diesel,115000,2023,Automatyczna
Opel,Opel Vivaro L2H1 2.9t,31000,PLN,Diesel,425000,2010,Manualna
BMW,BMW Seria 3,28900,PLN,Benzyna,189000,2005,Automatyczna
BMW,BMW Seria 3,214899,PLN,Benzyna,13864,2025,Automatyczna
Alfa Romeo,Alfa Romeo Tonale 1.5 T4 GSE mHEV Intensa DCT,164900,PLN,Hybryda,17000,2025,Automatyczna
Kia,Kia Niro 1.6 GDI Hybrid M,109900,PLN,Hybryda,10,2025,Automatyczna
Opel,Opel Vivaro L2H1 2.9t,31000,PLN,Diesel,212000,2005,Manualna
BMW,BMW Seria 5 525i,22000,PLN,Benzyna,250523,2006,Automatyczna
Ford,Ford Kuga 2.0 TDCi 4WD Titanium Plus,27900,PLN,Diesel,261719,2011,Manualna
Nissan,Nissan Qashqai,75900,PLN,Benzyna,116000,2022,Automatyczna
Peugeot,Peugeot 5008 2.0 HDi Premium,12500,PLN,Diesel,314000,2012,Automatyczna
DS Automobiles,DS Automobiles DS 7 Crossback,89900,PLN,Benzyna,113055,2021,Automatyczna
Skoda,Skoda Superb 1.4 TSI Plug-In Hybrid Style DSG,83800,PLN,Hybryda Plug-in,100000,2022,Automatyczna
Ford,Ford Focus,47900,PLN,Diesel,200293,2022,Automatyczna
Opel,Opel Astra,26900,PLN,Diesel,144382,2016,Manualna
Volkswagen,Volkswagen Transporter L2 Max,32500,PLN,Diesel,250000,2005,Manualna
Peugeot,Peugeot 3008 1.6 PureTech HYbrid GT Line S&S EAT8,76900,PLN,Hybryda Plug-in,100000,2021,Automatyczna
BMW,BMW X5,199260,PLN,Hybryda Plug-in,160000,2021,Automatyczna
Ford,Ford Puma 1.0 EcoBoost Hybrid TITANIUM X,55800,PLN,Benzyna,120000,2023,Manualna
Audi,Audi A7 Sportback,59999,PLN,Benzyna,189000,2014,Automatyczna
Citroën,Citroën C4 1.2 mHEV Max eDCT6,110000,PLN,Benzyna,2,2026,Automatyczna
Kia,Kia EV6 84kWh Earth,189925,PLN,Elektryczny,10,2025,Automatyczna
Kia,"Kia EV2 42,2-kWh Light",102700,PLN,Elektryczny,10,2026,Automatyczna
Kia,Kia Sportage 1.6 T-GDI M 2WD,119900,PLN,Benzyna,10,2026,Manualna
Ford,Ford Explorer 3.0 EcoBoost PHEV 4WD ST-Line,199900,PLN,Hybryda Plug-in,98660,2021,Automatyczna
Suzuki,Suzuki Swift 1.2 Comfort,18900,PLN,Benzyna,92000,2011,Manualna
Mitsubishi,Mitsubishi Lancer 1.8 Invite,15900,PLN,Benzyna,181148,2009,Manualna
Ford,Ford Kuga 1.5 TDCi FWD Trend,47900,PLN,Diesel,161000,2017,Manualna
Honda,Honda Odyssey 3.5 LX,19900,PLN,Benzyna,352000,2006,Automatyczna
Volkswagen,Volkswagen Golf 2.0 TDI 4Mot Highline,19500,PLN,Diesel,279617,2010,Manualna
Volkswagen,Volkswagen Touran 1.4 TSI Highline,22500,PLN,Benzyna,132000,2010,Manualna
Audi,Audi Q3 2.0 TFSI Quattro S tronic,48900,PLN,Benzyna,163117,2013,Automatyczna
Fiat,Fiat Linea 1.3 MJ 16V Easy,9900,PLN,Diesel,257000,2013,Manualna
Seat,Seat Mii 1.0 SQ Style,16999,PLN,Benzyna,141000,2014,Automatyczna
Volvo,Volvo XC 60,199900,PLN,Benzyna,45121,2025,Automatyczna
Toyota,Toyota Camry,85998,PLN,Hybryda,166363,2023,Automatyczna
Skoda,Skoda Octavia,33000,PLN,Diesel,230145,2018,Manualna
Citroën,Citroën C3,50000,PLN,Benzyna,29930,2023,Manualna
Opel,Opel Grandland X,77998,PLN,Benzyna,48747,2023,Automatyczna
Skoda,Skoda Octavia,72999,PLN,Diesel,99550,2021,Automatyczna
Citroën,Citroën C3 1.2 mHEV Collection,90900,PLN,Benzyna,2,2026,Automatyczna
Volvo,Volvo XC 90,284900,PLN,Benzyna,41737,2025,Automatyczna
Nissan,Nissan Qashqai,30000,PLN,Benzyna,186603,2014,Manualna
Mitsubishi,Mitsubishi Colt,5000,PLN,Benzyna,231664,2007,Manualna
Mercedes-Benz,Mercedes-Benz CLA,72000,PLN,Benzyna,173967,2017,Automatyczna
Skoda,Skoda Fabia,46999,PLN,Benzyna,134819,2023,Manualna
Volvo,Volvo XC 40,152900,PLN,Benzyna,31610,2025,Automatyczna
Volvo,Volvo XC 40,84900,PLN,Benzyna,92760,2019,Manualna
Seat,Seat Leon 2.0 TDI FR S&S DSG,55900,PLN,Diesel,153700,2017,Automatyczna
Opel,Opel Corsa 1.2 16V Cosmo S&S,21900,PLN,Benzyna,92000,2014,Manualna
Opel,Opel Zafira,24900,PLN,Benzyna,228,2012,Manualna
Citroën,Citroën C5 1.8i 16V Dynamique Equilibre,7990,PLN,Benzyna+LPG,319000,2011,Manualna
Peugeot,Peugeot 207 1.6 VTi Sporty,12900,PLN,Benzyna,165000,2008,Manualna
Audi,Audi S4 Limousine,59800,PLN,Benzyna,121172,2019,Automatyczna
Ford,Ford Focus 2.0 TDCi Titanium,17700,PLN,Diesel,288000,2013,Manualna
Citroën,Citroën C5 Aircross 1.2 mHEV Plus eDCT6,122900,PLN,Benzyna,2,2026,Automatyczna
Citroën,Citroën C3 Aircross 1.2 mHEV Max S&S eDCT6,107000,PLN,Benzyna,2,2026,Automatyczna
Peugeot,Peugeot 508 HDi FAP 140 Allure,22500,PLN,Diesel,283000,2012,Manualna
GAC,GAC Emzoom,99900,PLN,Benzyna,10,2026,Automatyczna
Audi,Audi A4 Limousine,79000,PLN,Benzyna,100300,2018,Automatyczna
Ford,Ford Mustang 3.7 V6 Premium,66000,PLN,Benzyna,95000,2014,Automatyczna
Tesla,Tesla Model Y,169990,PLN,Elektryczny,76029,2023,Automatyczna
Audi,Audi Q5 2.0 TDI Quattro Sport S tronic,107000,PLN,Diesel,146000,2018,Automatyczna
Volkswagen,Volkswagen Golf R 4Motion BlueMotion Technology,67900,PLN,Benzyna,188000,2014,Manualna
Toyota,Toyota Yaris,3000,PLN,Benzyna,223809,2003,Manualna
Peugeot,Peugeot Partner 2.0 HDi Totem,6900,PLN,Diesel,387000,2005,Manualna
Renault,Renault Zoe,22900,PLN,Elektryczny,68000,2015,Automatyczna
Peugeot,Peugeot 308 1.5 BlueHDi Active Pack S&S EAT8,79890,PLN,Diesel,96813,2024,Automatyczna
Peugeot,Peugeot 2008,71890,PLN,Benzyna,57927,2022,Automatyczna
Skoda,Skoda Scala 1.0 TSI Selection,69890,PLN,Benzyna,75144,2024,Manualna
Skoda,Skoda Kodiaq 2.0 TDI 4x4 Style DSG,116890,PLN,Diesel,78085,2021,Automatyczna
Toyota,Toyota Corolla 2.0 Hybrid Comfort,87890,PLN,Hybryda,63663,2021,Automatyczna
Toyota,Toyota Camry 2.5 Hybrid Executive CVT,119890,PLN,Hybryda,96005,2023,Automatyczna
Toyota,Toyota Corolla 2.0 Hybrid Comfort,78890,PLN,Hybryda,123270,2021,Automatyczna
Peugeot,Peugeot 508 1.5 BlueHDi GT Line S&S EAT8,106890,PLN,Diesel,92816,2024,Automatyczna
Kia,Kia Picanto 1.2 M,39890,PLN,Benzyna+LPG,134448,2022,Manualna
Nissan,Nissan Qashqai 1.2 DIG-T Tekna+,45900,PLN,Benzyna,108090,2018,Manualna
Toyota,Toyota Corolla 1.6 Premium,52800,PLN,Benzyna,78700,2017,Manualna
Hyundai,Hyundai ix35 1.7 CRDi 2WD Comfort,26500,PLN,Diesel,180855,2010,Manualna
Peugeot,Peugeot 3008,59999,PLN,Diesel,182000,2017,Automatyczna
Hyundai,Hyundai Tucson blue 1.6 GDi 2WD Trend,63999,PLN,Benzyna,131500,2019,Manualna
BMW,BMW Seria 3 318i Sport Line,54900,PLN,Benzyna,195000,2018,Automatyczna
Fiat,Fiat Grande Punto,4900,PLN,Diesel,380,2006,Manualna
Alfa Romeo,Alfa Romeo Tonale,126890,PLN,Benzyna,44632,2024,Automatyczna
Volkswagen,Volkswagen Golf 1.2 TSI BMT Comfortline Perfectline,28000,PLN,Benzyna,140000,2014,Manualna
Mercedes-Benz,Mercedes-Benz Klasa C 180 mHEV Avantgarde,128900,PLN,Benzyna,76500,2021,Automatyczna
Volvo,Volvo XC 40 T4 Plug-In Hybrid Core,109890,PLN,Hybryda Plug-in,83511,2022,Automatyczna
Subaru,Subaru WRX,68800,PLN,Benzyna,154000,2015,Manualna
Cupra,Cupra Formentor 2.5 TSI 4Drive VZ5 DSG,169890,PLN,Benzyna,61830,2022,Automatyczna
Audi,Audi A3 Sportback 2.0 TDI DPF Ambition,16000,PLN,Diesel,331460,2007,Manualna
Mazda,Mazda CX-5 2.0 Hikari 2WD,109890,PLN,Benzyna,121691,2023,Automatyczna
Kia,Kia Picanto 1.2 M,38890,PLN,Benzyna+LPG,188419,2023,Manualna
Mercedes-Benz,Mercedes-Benz EQB 250 70.5kWh Progressive,148890,PLN,Elektryczny,40331,2024,Automatyczna
Audi,Audi A3 Sportback 35 TFSI mHEV S tronic,109890,PLN,Benzyna,36747,2023,Automatyczna
Fiat,Fiat Tipo 1.4 16v Easy,31000,PLN,Benzyna,62000,2017,Manualna
Cupra,Cupra Formentor 2.0 TSI 4Drive DSG,133890,PLN,Benzyna,30064,2024,Automatyczna
Cupra,Cupra Ateca 1.5 TSI DSG,121890,PLN,Benzyna,19063,2024,Automatyczna
Volkswagen,Volkswagen Taigo,103890,PLN,Benzyna,5874,2024,Automatyczna
Volkswagen,Volkswagen T-Roc 1.0 TSI Advance,75890,PLN,Benzyna,91997,2020,Manualna
Volvo,Volvo XC 90 D5 AWD Inscription 7os,108000,PLN,Diesel,170000,2018,Automatyczna
Audi,Audi A3 Limousine 35 TFSI mHEV Advanced S tronic,103890,PLN,Benzyna,116171,2022,Automatyczna
Audi,Audi A3 Sportback 35 TFSI mHEV S Line S tronic,135890,PLN,Benzyna,20388,2025,Automatyczna
Audi,Audi A3 Limousine 35 TFSI mHEV Advanced S tronic,108890,PLN,Benzyna,57321,2023,Automatyczna
Audi,Audi A3 Sportback 35 TFSI mHEV S Line S tronic,105890,PLN,Benzyna,44772,2022,Automatyczna
Audi,Audi A3 Sportback 35 TFSI mHEV Advanced S tronic,104890,PLN,Benzyna,54700,2021,Automatyczna
Jeep,Jeep Grand Cherokee,19999,PLN,Diesel,225000,2011,Automatyczna
Audi,Audi A4 Avant 40 TDI mHEV Quattro S tronic,78890,PLN,Diesel,172878,2022,Automatyczna
Peugeot,Peugeot 2008,69999,PLN,Benzyna,23120,2022,Automatyczna
Citroën,Citroën C3,29500,PLN,Benzyna,71000,2018,Manualna
BMW,BMW X5 M Competition,279890,PLN,Benzyna,111979,2020,Automatyczna
Fiat,Fiat Grande Punto 1.4 8V Dynamic,7500,PLN,Benzyna,137693,2006,Manualna
Toyota,Toyota Yaris Cross Hybrid 1.5 Style,110850,PLN,Hybryda,15289,2025,Automatyczna
Toyota,Toyota Proace City Verso 1.5 D-4D Family,117900,PLN,Diesel,5,2025,Manualna
Toyota,Toyota Proace City Verso 1.5 D-4D L1 Combi,93800,PLN,Diesel,5,2025,Manualna
Land Rover,Land Rover Range Rover Evoque,95000,PLN,Benzyna,113000,2019,Automatyczna
Mazda,Mazda 6 2.0 SKYMotion,67900,PLN,Benzyna,74000,2018,Manualna
Hyundai,Hyundai Tucson blue 1.7 CRDi 2WD DCT Advantage,49900,PLN,Diesel,190000,2017,Automatyczna
Ford,Ford S-Max 2.0 EcoBlue Vignale,140000,PLN,Diesel,75200,2022,Automatyczna
Skoda,Skoda Superb 2.0 TDI SCR Sportline DSG,140000,PLN,Diesel,42150,2022,Automatyczna
Toyota,Toyota Corolla 1.8 Hybrid Comfort,87900,PLN,Hybryda,82170,2023,Automatyczna
Audi,Audi A4 Limousine,40000,PLN,Benzyna,185000,2014,Automatyczna
Ford,Ford Focus 1.6 TDCi DPF Style+,8500,PLN,Diesel,209323,2009,Manualna
Ford,Ford Focus 1.0 EcoBoost Titanium ASS,17900,PLN,Benzyna,160000,2013,Manualna
Peugeot,Peugeot 5008 1.6 HDi Premium,12999,PLN,Diesel,225000,2010,Manualna
Opel,Opel Astra 1.6 Design Edition,12999,PLN,Benzyna,235000,2011,Manualna
Opel,Opel Grandland X 1.5 D Start/Stop Automatik Ultimate,59999,PLN,Diesel,138000,2022,Automatyczna
Nissan,Nissan Qashqai 1.3 DIG-T MHEV Tekna Xtronic,95000,PLN,Benzyna,38400,2022,Automatyczna
Ford,Ford Grand C-MAX 2.0 TDCi Titanium,19900,PLN,Diesel,314000,2012,Manualna
Toyota,Toyota Proace City Verso 1.2 D-4T Family,69850,PLN,Benzyna,124734,2021,Manualna
Toyota,Toyota RAV4,125850,PLN,Hybryda,157567,2022,Automatyczna
BMW,BMW Seria 5 530d xDrive,145900,PLN,Diesel,159000,2021,Automatyczna
Toyota,Toyota RAV4 2.5 Hybrid Executive 4x4,176900,PLN,Hybryda,49990,2023,Automatyczna
Ford,Ford Focus,11500,PLN,Benzyna,212214,2008,Manualna
Mercedes-Benz,Mercedes-Benz CLA,179000,PLN,Benzyna,4,2025,Automatyczna
Dodge,Dodge Challenger,86900,PLN,Benzyna,127000,2015,Manualna
Jeep,Jeep Compass,60500,PLN,Benzyna,123000,2017,Automatyczna
Opel,Opel Insignia 2.0 CDTI Cosmo 4x4,8000,PLN,Diesel,318290,2010,Manualna
Fiat,Fiat Doblo Active,34900,PLN,Benzyna+LPG,150527,2018,Manualna
Mitsubishi,Mitsubishi Outlander,69900,PLN,Benzyna,115799,2017,Automatyczna
Honda,Honda Civic 1.8 Comfort,15900,PLN,Benzyna,202279,2006,Manualna
Opel,Opel Vectra 2.2 Automatik,5000,PLN,Benzyna,301000,2005,Automatyczna
Peugeot,Peugeot 308 120 VTi Access,6500,PLN,Benzyna+LPG,243578,2011,Manualna
Subaru,Subaru Legacy,2800,PLN,Benzyna,300000,2006,Manualna
BMW,BMW Seria 6 650 i,37500,PLN,Benzyna,190000,2005,Automatyczna
Ford,Ford Ranger,102900,PLN,Diesel,185000,2021,Manualna
BYD,BYD Leopard 7,214900,PLN,Hybryda Plug-in,4334,2025,Automatyczna
Toyota,Toyota Corolla,103000,PLN,Hybryda,70021,2024,Automatyczna
Volkswagen,Volkswagen Multivan L1 Highline,30000,PLN,Diesel,468000,2009,Manualna
Audi,Audi A4 Allroad,114900,PLN,Diesel,110468,2021,Automatyczna
Mercedes-Benz,Mercedes-Benz Klasa C,117900,PLN,Diesel,130572,2022,Automatyczna
Volvo,Volvo V60,107900,PLN,Hybryda,147808,2023,Automatyczna
Audi,Audi A6 Limousine,10500,PLN,Benzyna+LPG,360000,2003,Automatyczna
Ford,Ford S-Max 2.0 Silver X,12900,PLN,Benzyna,200000,2006,Manualna
AVATR,AVATR 7,214900,PLN,Hybryda Plug-in,10787,2024,Automatyczna
Mazda,Mazda MX-5,124000,PLN,Benzyna,6647,2024,Manualna
BMW,BMW Seria 5,21900,PLN,Benzyna,410226,2000,Automatyczna
Seat,Seat Leon 1.2 TSI Style S&S,36900,PLN,Benzyna,148000,2018,Manualna
Kia,Kia Ceed,42900,PLN,Benzyna,157000,2019,Manualna
Fiat,Fiat Doblo 1.9 JTD Dynamic,4800,PLN,Diesel,297000,2005,Manualna
Ford,Ford Fiesta,12900,PLN,Benzyna,70000,2007,Manualna
Kia,Kia Rio 1.4 M (klm),20500,PLN,Benzyna,139800,2012,Manualna
Hyundai,Hyundai i30 1.4 Classic +,48000,PLN,Benzyna,81250,2020,Manualna
Volvo,Volvo V70 2.0 Summum,18500,PLN,Benzyna,257773,2009,Manualna
Hyundai,Hyundai i40 1.7 CRDi Comfort,17900,PLN,Diesel,307000,2015,Manualna
Citroën,Citroën C4 1.6 BlueHDi Feel Edition S&S,24800,PLN,Diesel,221000,2015,Manualna
Honda,Honda Civic,13000,PLN,Benzyna,232533,2007,Manualna
Toyota,Toyota Auris 1.6 2010,24500,PLN,Benzyna,140000,2010,Manualna
Volkswagen,Volkswagen Scirocco,27000,PLN,Benzyna,217000,2009,Manualna
Audi,Audi S6 Limousine,41500,PLN,Benzyna,197000,2016,Automatyczna
Fiat,Fiat 500 1.2 8V Color Therapy Euro6,24999,PLN,Benzyna,88140,2019,Manualna
Mazda,Mazda CX-30,61000,PLN,Benzyna,114000,2020,Automatyczna
Ford,Ford Mondeo 2.0 TDCi Titanium,8000,PLN,Diesel,290000,2008,Manualna
BMW,BMW X3 xDrive30i M Sport Edition,139900,PLN,Benzyna,44000,2022,Automatyczna
Honda,Honda CR-V,45999,PLN,Diesel,250000,2014,Automatyczna
Citroën,Citroën Berlingo Multispace BlueHDi 100 FEEL,34900,PLN,Diesel,173000,2017,Manualna
Skoda,Skoda Yeti 1.2 TSI 4x2 Active,23900,PLN,Benzyna,198000,2013,Manualna
Suzuki,Suzuki Vitara 1.6 Premium 4WD,63800,PLN,Benzyna,77000,2016,Automatyczna
Ford,Ford Grand C-MAX 1.6 TDCi Edition,14800,PLN,Diesel,241000,2012,Manualna
Honda,Honda Civic 1.4i LS,4990,PLN,Benzyna,219000,2005,Manualna
Skoda,Skoda Fabia 1.4 16V Comfort,6990,PLN,Benzyna,129000,2010,Manualna
Tesla,Tesla Model 3 AWD,179000,PLN,Elektryczny,53000,2024,Automatyczna
Citroën,Citroën C5,23900,PLN,Diesel,238000,2010,Automatyczna
Mercedes-Benz,Mercedes-Benz GLC 220 d mHEV 4-Matic Avantgarde,181000,PLN,Diesel,64600,2023,Automatyczna
Ford,Ford Kuga 2.0 TDCi 4x4 Titanium,22900,PLN,Diesel,246000,2009,Manualna
Ford,Ford Focus 1.0 EcoBoost Titanium X,62900,PLN,Benzyna,16000,2024,Manualna
Mitsubishi,Mitsubishi Outlander Black Edition,237990,PLN,Hybryda Plug-in,5,2026,Automatyczna
Citroën,Citroën C5 2.0 HDi Exclusive,13999,PLN,Diesel,289170,2011,Manualna
Mitsubishi,Mitsubishi Eclipse Cross,68500,PLN,Benzyna,73000,2019,Automatyczna
Nissan,Nissan Qashqai 2.0 dCi Tekna,19000,PLN,Diesel,247369,2009,Manualna
Honda,Honda HR-V 1.5 i-VTEC Comfort,55900,PLN,Benzyna,79096,2016,Manualna
Peugeot,Peugeot 206,2000,PLN,Benzyna,195000,2001,Manualna
Audi,Audi TT Coupé 1.8T Quattro,18900,PLN,Benzyna+LPG,317000,2000,Manualna
Volkswagen,Volkswagen Sharan 2.0 TDI Highline,18800,PLN,Diesel,261700,2009,Manualna
MINI,MINI Countryman C Classic Trim,37700,PLN,Benzyna,23500,2024,Automatyczna
Audi,Audi A4 Limousine,20999,PLN,Benzyna+LPG,195000,2007,Manualna
Citroën,Citroën Ami,10400,PLN,Elektryczny,1500,2024,Automatyczna
Opel,Opel Corsa 1.4 T Enjoy S&S,34000,PLN,Benzyna,116000,2018,Manualna
BMW,BMW X5 xDrive40e,65000,PLN,Hybryda Plug-in,251423,2017,Automatyczna
Volkswagen,Volkswagen Golf 1.6 TDI Highline Optimum DSG,22000,PLN,Diesel,196171,2010,Automatyczna
Honda,Honda HR-V 1.6 i-DTEC Elegance,19400,PLN,Diesel,104000,2015,Manualna
Kia,Kia Stonic 1.4 L,58800,PLN,Benzyna,69000,2017,Manualna
Ford,Ford B-MAX 1.6 COOL&CONNECT,12900,PLN,Benzyna,113000,2013,Automatyczna
Peugeot,Peugeot 5008 2.0 BlueHDI Allure S&S,52000,PLN,Diesel,246000,2017,Manualna
Audi,Audi A4 Limousine 45 TFSI mHEV Quattro S Line S tronic,94888,PLN,Benzyna,43888,2021,Automatyczna
MINI,MINI ONE,9500,PLN,Benzyna+LPG,190136,2005,Manualna
Jaguar,Jaguar E-Pace,64000,PLN,Diesel,104000,2019,Automatyczna
Audi,Audi A5 Sportback 2.0 TFSI quattro S tronic sport,95000,PLN,Benzyna,218000,2018,Automatyczna
Hyundai,Hyundai ix35 1.7 CRDi Comfort 2WD,27900,PLN,Diesel,218000,2011,Manualna
Audi,Audi A6 Avant 3.0 TDI Quattro S tronic,119500,PLN,Diesel,185000,2019,Automatyczna
Nissan,Nissan Qashqai 1.3 DIG-T N-Style,67900,PLN,Benzyna,56700,2019,Manualna
Jeep,Jeep Compass 73.7kWh Standard Range First Edition FWD,197000,PLN,Elektryczny,1,2026,Automatyczna
Land Rover,Land Rover Range Rover Sport P400e Autobiography Dynamic,91400,PLN,Hybryda Plug-in,106000,2019,Automatyczna
Fiat,Fiat Bravo,9900,PLN,Benzyna,222000,2009,Manualna
Opel,Opel Zafira 1.8 Enjoy,2900,PLN,Benzyna+LPG,289500,2006,Manualna
Lexus,Lexus GS 450h Prestige,129800,PLN,Hybryda,255000,2016,Automatyczna
Mercedes-Benz,Mercedes-Benz GLC,115000,PLN,Benzyna,113343,2018,Automatyczna
BMW,BMW X3,259900,PLN,Diesel,18000,2025,Automatyczna
BMW,BMW 1M,138900,PLN,Benzyna,59000,2022,Automatyczna
Audi,Audi R8 Spyder,400000,PLN,Benzyna,95564,2017,Automatyczna
Hyundai,Hyundai Kona,67000,PLN,Hybryda,88000,2021,Automatyczna
Audi,Audi Q5,32900,PLN,Diesel,275299,2010,Automatyczna
Volkswagen,Volkswagen Polo 1.2 12V Basis,5600,PLN,Benzyna,138000,2002,Manualna
Peugeot,Peugeot RCZ,28900,PLN,Benzyna,89750,2011,Manualna
Renault,Renault Kangoo 1.6 16V Alize,8400,PLN,Benzyna,179771,2002,Manualna
Audi,Audi A6 Limousine 1.8 T,6500,PLN,Benzyna+LPG,329632,2000,Manualna
Audi,Audi Q5 2.0 TDI Quattro Sport S tronic,147600,PLN,Diesel,149000,2018,Automatyczna
Volvo,Volvo V40 T4 Momentum,45500,PLN,Benzyna,147419,2015,Manualna
Alfa Romeo,Alfa Romeo 147 1.9 JTD Distinctive,6900,PLN,Diesel,165000,2003,Manualna
Fiat,Fiat Croma,4300,PLN,Diesel,188000,2009,Manualna
Ford,Ford Focus,15800,PLN,Benzyna,202476,2011,Manualna
Alfa Romeo,Alfa Romeo Giulietta,46900,PLN,Benzyna,217000,2014,Automatyczna
Suzuki,Suzuki Swift,47400,PLN,Benzyna,100000,2017,Manualna
Suzuki,Suzuki Vitara 1.4 T Boosterjet S 4WD,58900,PLN,Benzyna,168000,2015,Manualna
Audi,Audi A6 Limousine 3.0 TDI Quattro S tronic,58000,PLN,Diesel,217000,2011,Automatyczna
Audi,Audi A4 Avant,2700,PLN,Benzyna,268232,2003,Manualna
Kia,Kia Picanto 1.0 L,15990,PLN,Benzyna,205718,2015,Manualna
Opel,Opel Astra 1.4 T Dynamic,29900,PLN,Benzyna,119500,2017,Manualna
MINI,MINI Cooper S Bayswater,16900,PLN,Benzyna,291000,2011,Automatyczna
Fiat,Fiat Bravo 1.4 T-JET 16V Dynamic NAV,15900,PLN,Benzyna,169682,2012,Manualna
Cupra,Cupra Formentor,149000,PLN,Benzyna,69130,2021,Automatyczna
Opel,Opel Insignia,42500,PLN,Benzyna,148000,2018,Automatyczna
Ford,Ford Mondeo 1.5 EcoBoost STart-Stopp ST-Line,53903,PLN,Benzyna,109241,2019,Manualna
Honda,Honda Civic 1.5 T Sport (Navi),79900,PLN,Benzyna,74656,2019,Manualna
Citroën,Citroën Berlingo,6999,PLN,Diesel,500,2010,Manualna
Toyota,Toyota RAV4 2.5 Hybrid Comfort 4x2,99900,PLN,Hybryda,159000,2022,Automatyczna
Ligier,Ligier JS50,47000,PLN,Diesel,31700,2023,Automatyczna
Alfa Romeo,Alfa Romeo Stelvio 2.0 Turbo Intensa Q4,229900,PLN,Benzyna,1,2025,Automatyczna
Ford,Ford Mondeo,6000,PLN,Benzyna,182000,2002,Manualna
Skoda,Skoda Kodiaq 2.0 TSI 4x4 Style DSG,89900,PLN,Benzyna,194900,2019,Automatyczna
Ford,Ford Focus C-Max,6000,PLN,Benzyna,198403,2004,Manualna
Renault,Renault Megane 1.6 Privilege,9999,PLN,Benzyna,135871,2006,Manualna
Volkswagen,Volkswagen Passat 2.0 TDI Comfortline,20900,PLN,Diesel,393835,2013,Manualna
Suzuki,Suzuki Swift,44000,PLN,Benzyna,78000,2015,Manualna
BMW,BMW X3 xDrive20d,53000,PLN,Diesel,190000,2014,Automatyczna
Nissan,Nissan Juke 1.0 DIG-T Acenta DCT,27892,PLN,Benzyna,11194,2025,Automatyczna
Hyundai,Hyundai Tucson 1.6 T-GDi PHEV Executive 4WD,105000,PLN,Hybryda Plug-in,91449,2022,Automatyczna
Opel,Opel Astra 1.6 EU6,29900,PLN,Benzyna,169239,2017,Manualna
Ford,Ford Transit Custom,75000,PLN,Diesel,211625,2016,Manualna
Ford,Ford Tourneo Connect Grand 1.6 TDCi Titanium,42500,PLN,Diesel,145000,2015,Manualna
Audi,Audi A5 Sportback 2.0 TDI DPF (clean diesel) multitronic,60900,PLN,Diesel,86780,2015,Automatyczna
Volkswagen,Volkswagen Amarok 2.0 BiTDI Autm BMT Ultimate,49900,PLN,Diesel,350000,2015,Automatyczna
Renault,Renault Trafic,58900,PLN,Diesel,263000,2019,Manualna
Jeep,Jeep Grand Cherokee 3.6 V6 Pentastar 4WD Automatik Summit,19900,PLN,Benzyna,160000,2018,Automatyczna
Audi,Audi Q7,79900,PLN,Diesel,189000,2016,Automatyczna
Audi,Audi Q5 45 TFSI mHEV Quattro S Line S tronic,154900,PLN,Benzyna,32000,2024,Automatyczna
Ford,Ford Fiesta 1.25 Viva,15700,PLN,Benzyna,136000,2010,Manualna
Kia,Kia Sportage,31800,PLN,Diesel,213000,2013,Manualna
Nissan,Nissan Qashqai 1.2 DIG-T Acenta EU6,36500,PLN,Benzyna,131463,2016,Manualna
Renault,Renault Megane 1.6 16V Dynamique,17900,PLN,Benzyna,229000,2009,Manualna
Audi,Audi A4 Limousine,54900,PLN,Diesel,199000,2016,Manualna
Volkswagen,Volkswagen Golf,44000,PLN,Diesel,150000,2018,Manualna
Seat,Seat Leon 1.4 TSI FR S&S,49999,PLN,Benzyna,189000,2017,Manualna
Volkswagen,Volkswagen Golf 1.2 TSI BlueMotion Technology MATCH,27900,PLN,Benzyna,203475,2013,Manualna
Ford,Ford Focus 1.0 EcoBoost ST-Line,49999,PLN,Benzyna,106000,2020,Manualna
Ford,Ford Focus 1.6 Trend,29750,PLN,Benzyna,191200,2015,Manualna
Audi,Audi Q7,89900,PLN,Diesel,256000,2016,Automatyczna
Dacia,Dacia Lodgy 1.2 TCe Prestige S&S,24000,PLN,Benzyna,179125,2017,Manualna
Mercedes-Benz,Mercedes-Benz Klasa A,109900,PLN,Benzyna,115000,2020,Automatyczna
Peugeot,Peugeot 3008 1.5 BlueHDi GT S&S EAT8,77700,PLN,Diesel,151130,2021,Automatyczna
Land Rover,Land Rover Range Rover Velar 3.0 P400 mHEV Dynamic SE,329000,PLN,Benzyna,11,2026,Automatyczna
Land Rover,Land Rover Range Rover Velar 3.0 P400 mHEV Dynamic SE,339000,PLN,Benzyna,11,2026,Automatyczna
Land Rover,Land Rover Range Rover Velar 3.0 P400 mHEV Dynamic SE,334000,PLN,Benzyna,11,2026,Automatyczna
Hyundai,Hyundai ix35,35000,PLN,Diesel,164000,2012,Manualna
BMW,BMW X3 xDrive20d xLine,95000,PLN,Diesel,167000,2018,Automatyczna
Peugeot,Peugeot 3008 225 e-EAT8 GT Pack,69900,PLN,Hybryda Plug-in,165000,2021,Automatyczna
Audi,Audi A3 Sportback 2.0 TDI DPF Ambition,27999,PLN,Diesel,201221,2011,Manualna
Lexus,Lexus RX 200t / 300 GPF Elite,102700,PLN,Benzyna,155326,2016,Automatyczna
Dacia,Dacia Sandero Stepway 1.0 TCe Comfort,44950,PLN,Benzyna,80000,2022,Manualna
Volvo,Volvo V50,10800,PLN,Diesel,252895,2009,Automatyczna
Seat,Seat Leon,42500,PLN,Benzyna,186200,2014,Manualna
Mercedes-Benz,Mercedes-Benz CLC,25000,PLN,Benzyna,118000,2010,Automatyczna
Land Rover,Land Rover Range Rover 5.0 V8 S/C Vogue,179000,PLN,Benzyna,90000,2016,Automatyczna
Volkswagen,Volkswagen T-Roc 1.5 TSI Style DSG,113000,PLN,Benzyna+LPG,15000,2024,Automatyczna
Hyundai,Hyundai i30,35000,PLN,Benzyna,95000,2017,Manualna
Volkswagen,Volkswagen T-Roc 1.5 TSI OPF Style,68000,PLN,Benzyna,119000,2021,Manualna
BMW,BMW Seria 7 740d xDrive mHEV M Sport sport,429000,PLN,Diesel,40000,2023,Automatyczna
Citroën,Citroën C4 Picasso 1.6 BlueHDi MoreLife S&S EAT6,38900,PLN,Diesel,171521,2018,Automatyczna
Kia,Kia Sportage,125000,PLN,Hybryda Plug-in,19500,2024,Automatyczna
Volkswagen,Volkswagen Tiguan 1.4 TSI DSG BlueMotion Technology Exclusive,28900,PLN,Benzyna,239000,2013,Automatyczna
Ford,Ford C-MAX 1.6 TDCi Start-Stop-System Titanium,19900,PLN,Diesel,198000,2013,Manualna
Citroën,Citroën C1 1.0 Cool&Sound,10900,PLN,Benzyna,101000,2012,Manualna
BMW,BMW X7,279899,PLN,Diesel,135550,2020,Automatyczna
Mazda,Mazda CX-9,142900,PLN,Benzyna,70860,2022,Automatyczna
Volvo,Volvo XC 60 T6 AWD Inscription,139900,PLN,Benzyna,52862,2021,Automatyczna
Kia,Kia Venga 1.4 S,19500,PLN,Benzyna,102000,2010,Manualna
Audi,Audi Q7,95900,PLN,Diesel,162310,2016,Automatyczna
Audi,Audi Q7 3.0 TFSI Quattro Tiptronic,139900,PLN,Benzyna,223550,2017,Automatyczna
Audi,Audi Q3 Sportback,151900,PLN,Benzyna,9188,2025,Automatyczna
Audi,Audi A6 Allroad,222250,PLN,Diesel,57831,2023,Automatyczna
Audi,Audi A4 Allroad,144500,PLN,Diesel,85158,2022,Automatyczna
Audi,Audi A1 Sportback,89900,PLN,Benzyna,25769,2024,Automatyczna
Audi,Audi A6 Avant,144500,PLN,Diesel,55657,2022,Automatyczna
Honda,Honda Jazz 1.3 i-VTEC Comfort,39500,PLN,Benzyna,70000,2017,Manualna
Audi,Audi S3 Limousine,198900,PLN,Benzyna,10,2026,Automatyczna
Renault,Renault Captur 0.9 Energy TCe S-Edition,36600,PLN,Benzyna,146000,2017,Manualna
Toyota,Toyota Land Cruiser,139000,PLN,Diesel,113000,1994,Manualna
Honda,Honda ZR-V 2.0 i-MMD HEV Advance 2WD CVT,174900,PLN,Hybryda,7,2026,Automatyczna
MINI,MINI Countryman S ALL4 mHEV Linia Favoured,207900,PLN,Benzyna,7400,2025,Automatyczna
Ford,Ford C-MAX 1.6 TDCi Titanium,11500,PLN,Diesel,303000,2012,Manualna
Jeep,Jeep Wrangler,50000,PLN,Benzyna,185000,1989,Manualna
Ford,Ford Fiesta 1.25 Trend,26800,PLN,Benzyna,129000,2015,Manualna
Mercedes-Benz,Mercedes-Benz GLC,105000,PLN,Diesel,84000,2018,Automatyczna
BMW,BMW X1,26900,PLN,Diesel,211000,2011,Automatyczna
Volkswagen,Volkswagen T-Roc 1.5 TSI Final Edition DSG,134900,PLN,Benzyna,4945,2025,Automatyczna
Inny,Inny Inny,9700,PLN,Benzyna,117340,1991,Manualna
Peugeot,Peugeot Boxer 2.5TD,17200,PLN,Diesel,341457,2000,Manualna
Nissan,Nissan X-Trail,64900,PLN,Benzyna,128337,2020,Automatyczna
Skoda,Skoda Kamiq 1.0 TSI Monte Carlo DSG,65000,PLN,Benzyna,80200,2020,Automatyczna
Nissan,Nissan Micra 1.4 Tekna,3300,PLN,Benzyna,190000,2004,Manualna
Opel,Opel Insignia 2.0 T Sport 4x4,19800,PLN,Benzyna,152000,2012,Automatyczna
BMW,BMW X1 xDrive20i M Sport sport,68500,PLN,Benzyna,163000,2016,Automatyczna
Toyota,Toyota Proace Verso,105000,PLN,Diesel,22000,2025,Manualna
Seat,Seat Mii 1.0 Reference,17800,PLN,Benzyna,140000,2016,Manualna
Volkswagen,Volkswagen Passat,26300,PLN,Diesel,298700,2016,Manualna
Hyundai,Hyundai ix20 1.4 Trend,29500,PLN,Benzyna,132471,2015,Manualna
Volkswagen,Volkswagen Tiguan 1.4 TSI BlueMotion Technology Sport & Style,37700,PLN,Benzyna,115800,2014,Manualna
Volvo,Volvo V60,89900,PLN,Benzyna,161711,2022,Automatyczna
Ford,Ford Kuga 1.5 EcoBoost 2x4 Titanium,47999,PLN,Benzyna,145797,2017,Manualna
Ford,Ford Focus,46700,PLN,Benzyna,127936,2019,Automatyczna
Ford,Ford Focus 2.0 EcoBoost ST mit Leder-Exclusiv-Paket,63900,PLN,Benzyna,162586,2016,Manualna
Volkswagen,Volkswagen T-Roc 1.5 eTSI R-Line DSG,169500,PLN,Benzyna,1,2026,Automatyczna
Volkswagen,Volkswagen T-Roc 1.5 eTSI Style DSG,134000,PLN,Benzyna,1,2026,Automatyczna
Volkswagen,Volkswagen Tayron 2.0 TSI 4Mot R-Line Plus DSG,254000,PLN,Benzyna,1,2026,Automatyczna
Volkswagen,Volkswagen Tiguan 2.0 TDI 4Mot Elegance DSG,227500,PLN,Diesel,1,2026,Automatyczna
Volkswagen,Volkswagen Tayron,229900,PLN,Hybryda,1,2026,Automatyczna
Ford,Ford Galaxy 2.0 TDCi DPF Ghia,26990,PLN,Diesel,200000,2009,Manualna
Volkswagen,Volkswagen Tayron 2.0 TDI SCR 4Mot R-Line Plus DSG,255500,PLN,Diesel,1,2026,Automatyczna
Volkswagen,Volkswagen Tiguan 1.5 eTSI Life Plus DSG,165000,PLN,Benzyna,1,2026,Automatyczna
Citroën,Citroën C6 2.2 HDi,11800,PLN,Diesel,256000,2007,Manualna
Volkswagen,Volkswagen Tiguan 2.0 TDI 4Mot R-Line Plus DSG,234500,PLN,Diesel,1,2026,Automatyczna
Volkswagen,Volkswagen Tiguan 2.0 TSI 4Mot R-Line Plus DSG,240000,PLN,Benzyna,1,2026,Automatyczna
Toyota,Toyota Corolla 1.5 Comfort MS,77000,PLN,Benzyna,39000,2024,Automatyczna
Hyundai,Hyundai i40 1.6 CRDi Comfort,47990,PLN,Diesel,170000,2020,Manualna
Dacia,Dacia Duster 1.6 SCe Open S&S,34900,PLN,Benzyna,104000,2017,Manualna
Opel,Opel Zafira 1.8 Innovation 110 Jahre,22990,PLN,Benzyna,170000,2012,Manualna
Hyundai,Hyundai ix35 1.7 CRDi Premium 2WD,29000,PLN,Diesel,193000,2015,Manualna
BMW,BMW X3 xDrive20d,36800,PLN,Diesel,293000,2011,Manualna
Opel,Opel Corsa 1.4 Innovation,35900,PLN,Benzyna,91134,2018,Manualna
Opel,Opel Mokka 1.6 Active S&S,34900,PLN,Benzyna,198591,2016,Manualna
Volkswagen,Volkswagen Polo 1.2 12V Highline,6980,PLN,Benzyna,189000,2009,Manualna
BMW,BMW X3 xDrive20 mHEV,224900,PLN,Benzyna,27374,2025,Automatyczna
Ford,Ford Mustang,169900,PLN,Benzyna,24021,2018,Automatyczna
Skoda,Skoda Superb 2.0 TDI SCR Style DSG,92100,PLN,Diesel,103568,2022,Automatyczna
Mazda,Mazda CX-5 2.5 e-SKYACTIV G Prime-Line,139140,PLN,Benzyna,1,2026,Automatyczna
Nissan,Nissan Qashqai 1.3 DIG-T DCT AKARI,74900,PLN,Benzyna,147154,2022,Automatyczna
Toyota,Toyota Corolla 1.6 Comfort MS,54900,PLN,Benzyna,149800,2016,Automatyczna
Jeep,Jeep Avenger 1.2 T3 mHEV Summit FWD eDCT6,119900,PLN,Benzyna,7,2026,Automatyczna
Ford,Ford Tourneo Connect,150300,PLN,Diesel,10,2026,Automatyczna
Honda,Honda HR-V 1.5 Executive (ADAS) CVT,62500,PLN,Benzyna,155000,2015,Automatyczna
Audi,Audi A7 Sportback,99900,PLN,Diesel,230000,2017,Automatyczna
Toyota,Toyota RAV4 Hybrid Premium 4x4,89900,PLN,Hybryda,111304,2017,Automatyczna
Opel,Opel Zafira 1.4 Turbo (ecoFLEX) Start/Stop Active,29999,PLN,Benzyna,178000,2016,Manualna
Chrysler,Chrysler Pacifica,85000,PLN,Benzyna,145000,2019,Automatyczna
Renault,Renault Kadjar 1.3 TCe FAP Black Edition EDC,61900,PLN,Benzyna,51333,2019,Automatyczna
Citroën,Citroën C5,26900,PLN,Diesel,214000,2015,Manualna
Opel,Opel Astra 1.2 T Elegance S&S,35500,PLN,Benzyna,125000,2020,Manualna
Alfa Romeo,Alfa Romeo Tonale 1.5 T4 GSE mHEV Veloce DCT,179900,PLN,Hybryda,1,2026,Automatyczna
Volkswagen,Volkswagen Passat 2.0 TDI BMT Highline DSG,61900,PLN,Diesel,213000,2017,Automatyczna
Renault,Renault Scenic 1.3 TCe Energy Intens EDC,49900,PLN,Benzyna,101100,2018,Automatyczna
Toyota,Toyota Corolla,88850,PLN,Hybryda,97983,2022,Automatyczna
Mercedes-Benz,Mercedes-Benz CLK,26200,PLN,Benzyna,196850,2006,Automatyczna
AVATR,AVATR 12,224900,PLN,Hybryda Plug-in,8604,2025,Automatyczna
Volvo,Volvo XC 60,219900,PLN,Hybryda Plug-in,10789,2025,Automatyczna
Volvo,Volvo V70 D2 Momentum,12500,PLN,Diesel,285000,2011,Manualna
Volvo,Volvo V60,159900,PLN,Benzyna,31517,2025,Automatyczna
Volvo,Volvo V60 D3 R-Design,19900,PLN,Diesel,365000,2012,Manualna
Mercedes-Benz,Mercedes-Benz GLC 300 de PHEV 4-Matic Avantgarde,214900,PLN,Hybryda Plug-in,28410,2024,Automatyczna
Audi,Audi A7 Sportback,109800,PLN,Diesel,135000,2017,Automatyczna
Toyota,Toyota C-HR 1.8 Hybrid Comfort,98999,PLN,Hybryda,74000,2024,Automatyczna
Nissan,Nissan Juke 1.6 T Nismo 4x4,37500,PLN,Benzyna,181086,2013,Automatyczna
Mercedes-Benz,Mercedes-Benz Klasa V 300 d 4-Matic 9G-Tronic Exclusive (d³ugi),389900,PLN,Diesel,74444,2024,Automatyczna
Audi,Audi A7 Sportback 3.0 TDI Quattro Tiptronic,59000,PLN,Diesel,245000,2012,Automatyczna
Toyota,Toyota Yaris Hybrid 100 Sol,36900,PLN,Hybryda,249400,2017,Automatyczna
BMW,BMW X3,144000,PLN,Benzyna,126775,2019,Automatyczna
Peugeot,Peugeot 208 1.2 PureTech Allure Pack S&S,44999,PLN,Benzyna,42304,2021,Manualna
Skoda,Skoda Octavia 2.0 TDI Ambition DSG,75700,PLN,Diesel,26000,2025,Automatyczna
Honda,Honda HR-V 1.5 i-MMD Advance BSI CVT,133900,PLN,Hybryda,5,2026,Automatyczna
Renault,Renault Grand Scenic Gr 1.2 TCe Energy Limited EU6,31900,PLN,Benzyna,182912,2017,Manualna
Ford,Ford Tourneo Custom,221800,PLN,Diesel,10,2026,Automatyczna
Citroën,Citroën DS3 PureTech 110 Start & Stop EAT6 OPF CONNECTED CHIC,36900,PLN,Benzyna,98000,2018,Automatyczna
BMW,BMW Seria 1 116d Sport Line Shadow,63500,PLN,Diesel,114000,2022,Automatyczna
Mercedes-Benz,Mercedes-Benz Klasa S 500 BlueEFFICIENCY 4-Matic,139900,PLN,Benzyna,73640,2011,Automatyczna
Suzuki,Suzuki SX4,45500,PLN,Benzyna,103000,2017,Manualna
Renault,Renault Koleos 2.0 Blue dCi Initiale Paris 4x4 X-Tronic,89900,PLN,Diesel,80000,2019,Automatyczna
Volvo,Volvo V40 D2 Kinetic,22900,PLN,Diesel,257000,2013,Manualna
Skoda,Skoda Fabia 1.4 16V Sport,19500,PLN,Benzyna,150000,2013,Manualna
Mercedes-Benz,Mercedes-Benz Vito Mixto 447.701,53500,PLN,Diesel,137000,2016,Manualna
Citroën,Citroën Berlingo M Benzin 110 PLUS,29500,PLN,Benzyna,176000,2017,Manualna
BMW,BMW Seria 3 328i Modern Line,39000,PLN,Benzyna,143376,2012,Automatyczna
Abarth,Abarth 500,66999,PLN,Benzyna,50000,2019,Manualna
Ford,Ford Focus 1.5 EcoBlue Start-Stopp-System ACTIVE,44999,PLN,Diesel,175000,2020,Automatyczna
Renault,Renault Captur 0.9 Energy TCe Alize EU6,39900,PLN,Benzyna,61000,2017,Manualna
Renault,Renault Twingo 1.2 16V Dynamique,8400,PLN,Benzyna,203000,2010,Manualna
Ford,Ford S-Max 2.5 Duratec FHEV VIGNALE,99900,PLN,Hybryda,145000,2021,Automatyczna
Suzuki,Suzuki Swift 1.2 Dualjet SHVS Premium,50000,PLN,Benzyna,74000,2021,Manualna
Volkswagen,Volkswagen Touran,11500,PLN,Diesel,280000,2007,Manualna
Volvo,Volvo XC 60 B5 B R-Design,149900,PLN,Benzyna,34000,2025,Automatyczna
Honda,Honda Jazz,13000,PLN,Benzyna,135000,2009,Automatyczna
Volkswagen,Volkswagen T-Roc 1.5 eTSI R-Line DSG,162450,PLN,Benzyna,1,2026,Automatyczna
Dodge,Dodge Challenger,189900,PLN,Benzyna,88700,2016,Automatyczna
Ford,Ford Mustang 2.3 EcoBoost,95900,PLN,Benzyna,77820,2020,Automatyczna
Seat,Seat Ibiza,5890,PLN,Benzyna,210997,2007,Manualna
BMW,BMW Seria 3 316d Modern Line,33900,PLN,Diesel,164390,2013,Manualna
Toyota,Toyota Auris 1.6 D-4D Comfort,30000,PLN,Diesel,237373,2016,Manualna
Audi,Audi S3,150000,PLN,Benzyna,52000,2022,Automatyczna
Ford,Ford EcoSport 1.5 TDCi TITANIUM,39900,PLN,Diesel,90860,2017,Manualna
Nissan,Nissan X-Trail 1.6 DCi Tekna 2WD EU6,46700,PLN,Diesel,155700,2017,Manualna
Audi,Audi A4 Avant 1.8 TFSI,24800,PLN,Benzyna,280217,2011,Manualna
MINI,MINI Countryman Cooper S E All4,94999,PLN,Hybryda Plug-in,50283,2021,Automatyczna
Fiat,Fiat 500X,38000,PLN,Benzyna,107000,2019,Manualna
Opel,Opel Astra 1.6,7900,PLN,Benzyna,206000,2005,Manualna
Nissan,Nissan Qashqai,68700,PLN,Benzyna,117000,2019,Manualna
Honda,Honda Jazz 1.4 SI,34900,PLN,Benzyna,95270,2013,Manualna
Lexus,Lexus NX 450h+ Prestige AWD,249900,PLN,Hybryda Plug-in,20054,2025,Automatyczna
Fiat,Fiat Freemont 2.0 Multijet 16V DPF Black Code,39900,PLN,Diesel,178000,2014,Manualna
Renault,Renault Megane,20900,PLN,Diesel,207000,2015,Manualna
BMW,BMW Seria 5 520d Edition Fleet Sport,14200,PLN,Diesel,352000,2007,Automatyczna
BMW,BMW Seria 5 520d mHEV M Sport sport,145000,PLN,Diesel,151000,2023,Automatyczna
Toyota,Toyota Proace Verso,153850,PLN,Diesel,91053,2021,Automatyczna
Citroën,Citroën C5 Aircross 1.6 PHEV 225 Shine EAT8,84800,PLN,Hybryda Plug-in,80000,2023,Automatyczna
Opel,Opel Grandland 1.2 T GS Line S&S,86800,PLN,Benzyna,17000,2024,Manualna
BMW,BMW X3 M Competition,269000,PLN,Benzyna,32800,2021,Automatyczna
Peugeot,Peugeot 3008 1.6 PureTech Hybrid PHEV GT S&S EAT8,90800,PLN,Hybryda Plug-in,119000,2022,Automatyczna
Denza,Denza N9,329900,PLN,Hybryda Plug-in,10996,2025,Automatyczna
Seat,Seat Ibiza,15900,PLN,Benzyna,174000,2014,Manualna
Ford,Ford Focus 1.6 TDCi Edition,19000,PLN,Diesel,261012,2012,Manualna
Ford,Ford Focus 1.0 EcoBoost Edition,22800,PLN,Benzyna,182000,2016,Manualna
Fiat,Fiat Talento Multicab Multijet L2H1 Base,35900,PLN,Diesel,195000,2018,Manualna
Renault,Renault Twingo SCe 70 Start&Stop Cosmic,15900,PLN,Benzyna,84900,2015,Manualna
Mazda,Mazda 3 SKYACTIV-G 120 Exclusive-Line,49900,PLN,Benzyna,79821,2018,Manualna
Renault,Renault Koleos 2.0 dCi 4x4 Dynamique,25999,PLN,Diesel,193329,2011,Automatyczna
Jaguar,Jaguar F-Pace 30t AWD Prestige,77000,PLN,Benzyna,145000,2020,Automatyczna
Ford,Ford Focus 2.0 TDCi SYNC Edition ASS,25999,PLN,Diesel,230000,2015,Manualna
Tesla,Tesla Model Y,159900,PLN,Elektryczny,49900,2023,Automatyczna
Volvo,Volvo V60,72570,PLN,Benzyna,203000,2020,Automatyczna
Peugeot,Peugeot 508,36900,PLN,Diesel,180000,2016,Automatyczna
Audi,Audi A8,35000,PLN,Benzyna,215000,1999,Automatyczna
Honda,Honda Jazz 1.2 i-VTEC,10900,PLN,Benzyna,226314,2009,Manualna
Volkswagen,Volkswagen Tiguan 1.5 eTSI Life DSG,129900,PLN,Benzyna,23244,2024,Automatyczna
Fiat,Fiat Freemont 2.0 Multijet 16V DPF Lounge,32900,PLN,Diesel,119847,2012,Manualna
Opel,Opel Mokka X 1.4 T Enjoy S&S,41900,PLN,Benzyna+LPG,174572,2017,Manualna
Volvo,Volvo V60 DRIVe Kinetic,24900,PLN,Diesel,286660,2015,Manualna
Opel,Opel Astra 1.6 CDTI Active,19900,PLN,Diesel,117058,2015,Manualna
Ford,Ford Focus 1.0 EcoBoost Trend,39999,PLN,Benzyna,116000,2019,Manualna
Audi,Audi A4 Avant,34000,PLN,Benzyna,128,2013,Automatyczna
Cupra,Cupra Ateca,111900,PLN,Benzyna,20150,2024,Automatyczna
Honda,Honda Civic 1.8 Lifestyle (Honda Connect+),45900,PLN,Benzyna+LPG,237919,2016,Manualna
Jeep,Jeep Compass,94800,PLN,Benzyna,1312,2022,Automatyczna
Subaru,Subaru Impreza 2.0 GT,69900,PLN,Benzyna,219000,1998,Manualna
Renault,Renault Trafic ENERGY L2H1 3.0t Komfort,64900,PLN,Diesel,81620,2023,Manualna
Renault,Renault Trafic ENERGY L2H1 3.0t Komfort,59900,PLN,Diesel,117047,2023,Manualna
Omoda,Omoda 7,149900,PLN,Hybryda Plug-in,2000,2025,Automatyczna
Skoda,Skoda Fabia,3999,PLN,Benzyna,113,2002,Manualna
Infiniti,Infiniti FX FX30d S,20000,PLN,Diesel,384000,2010,Automatyczna
Kia,Kia XCeed 1.5 T-GDI L DCT,110900,PLN,Benzyna,23932,2024,Automatyczna
Toyota,Toyota Corolla,65000,PLN,Benzyna,96000,2018,Manualna
Hyundai,Hyundai i30 1.6 CRDi Premium,10000,PLN,Diesel,230000,2009,Manualna
Audi,Audi A4 Limousine,2000,PLN,Benzyna,185000,1997,Manualna
BMW,BMW X1 xDrive23d mHEV M Sport sport,165000,PLN,Diesel,72624,2022,Automatyczna
Volkswagen,Volkswagen Touran 1.6 FSI Trendline,5000,PLN,Benzyna,270000,2005,Manualna
Audi,Audi Q5 TFSI mHEV 150 kW Quattro S tronic,144900,PLN,Hybryda,68399,2023,Automatyczna
Volkswagen,Volkswagen Polo 1.2 Trendline CityLine,17900,PLN,Benzyna,129000,2011,Manualna
Mercedes-Benz,Mercedes-Benz Vito 639.705,18449,PLN,Diesel,755743,2009,Automatyczna
Volvo,Volvo V60 D3 Drive-E Momentum,37500,PLN,Diesel,248777,2017,Automatyczna
BMW,BMW Seria 5 520d xDrive mHEV M Sport,214900,PLN,Diesel,37804,2025,Automatyczna
Skoda,Skoda Fabia 1.0 TSI Drive,83500,PLN,Benzyna,9,2026,Manualna
Audi,Audi Q5,96000,PLN,Benzyna,93000,2019,Automatyczna
Subaru,Subaru Crosstrek 2.0i-S e-Boxer Platinum (EyeSight) Lineartronic,166000,PLN,Hybryda,9,2026,Automatyczna
BMW,BMW Seria 3,159900,PLN,Diesel,74608,2023,Automatyczna
Seat,Seat Leon 2.0 TDI FR S&S DSG,69999,PLN,Diesel,159000,2022,Automatyczna
Volkswagen,Volkswagen Golf,139900,PLN,Benzyna,29210,2023,Automatyczna
Audi,Audi A6 Limousine,15900,PLN,Diesel,527000,2011,Automatyczna
MINI,MINI Clubman Cooper SD Bond Street,23900,PLN,Diesel,193206,2011,Automatyczna
Kia,Kia ProCeed,99000,PLN,Benzyna,61000,2022,Automatyczna
Volvo,Volvo XC 40 T5 Recharge DKG RDesign,91900,PLN,Hybryda Plug-in,160000,2022,Automatyczna
Volkswagen,Volkswagen Golf 1.5 TSI BMT Evo IQ Drive DSG,66500,PLN,Benzyna,83000,2020,Automatyczna
Volkswagen,Volkswagen Golf,200000,PLN,Benzyna,10,2026,Automatyczna
Volvo,Volvo V90 D4 AWD Momentum,74800,PLN,Diesel,223000,2016,Automatyczna
Audi,Audi A7 Sportback 55 TFSI mHEV Quattro S tronic,185000,PLN,Benzyna,53539,2019,Automatyczna
Tesla,Tesla Model X,129000,PLN,Elektryczny,218301,2016,Automatyczna
Dacia,Dacia Duster 1.6 SCe Access S&S,25900,PLN,Benzyna,200000,2017,Manualna
Toyota,Toyota Corolla,68880,PLN,Hybryda,132000,2019,Automatyczna
Skoda,Skoda Fabia 1.0 TSI Drive,81000,PLN,Benzyna,9,2026,Manualna
BMW,BMW X5 xDrive30d mHEV sport,418000,PLN,Diesel,1,2026,Automatyczna
Hyundai,Hyundai ix20,23000,PLN,Benzyna,130000,2011,Manualna
Skoda,Skoda Superb,27500,PLN,Benzyna,179568,2011,Manualna
Honda,Honda Civic,18000,PLN,Benzyna,186000,2008,Manualna
BMW,BMW Seria 5 528i xDrive,55000,PLN,Benzyna,135000,2012,Automatyczna
Dacia,Dacia Bigster 1.8 Full Hybrid 155 Journey MMT,121900,PLN,Hybryda,7000,2025,Automatyczna
MINI,MINI Countryman,181400,PLN,Hybryda,10,2026,Automatyczna
Land Rover,Land Rover Range Rover Sport P460e Dynamic SE,529000,PLN,Benzyna,1800,2025,Automatyczna
Volkswagen,Volkswagen Transporter,29100,PLN,Diesel,343800,2006,Automatyczna
Opel,Opel Mokka X 1.4 T Elite S&S,52900,PLN,Benzyna,135300,2016,Manualna
Toyota,Toyota Yaris,9900,PLN,Benzyna,137000,2008,Manualna
Renault,Renault Arkana 1.6 E-TECH Techno MMT,94900,PLN,Hybryda,18102,2024,Automatyczna
Nissan,Nissan Qashqai 1.2 DIG-T N-Connecta EU6,53900,PLN,Benzyna,89000,2018,Manualna
Renault,Renault Scenic 1.2 TCe Energy Dynamique,19900,PLN,Benzyna,153000,2014,Manualna
BMW,BMW X5 xDrive40d mHEV,491100,PLN,Diesel,1,2026,Automatyczna
Dacia,Dacia Logan TCe 90 Prestige,18990,PLN,Benzyna,144628,2014,Manualna
Renault,Renault Laguna 2.0 DCi Privilege,14900,PLN,Diesel,266938,2010,Manualna
Renault,Renault Megane 1.2 16V TCe Energy Limited,15900,PLN,Benzyna,199000,2014,Manualna
Opel,Opel Insignia,19900,PLN,Diesel,237660,2011,Automatyczna
Audi,Audi A6 Avant,239900,PLN,Diesel,20295,2025,Automatyczna
Mercedes-Benz,Mercedes-Benz Klasa V 300 d lang 9G-TRONIC Avantgarde Edition 2020,189800,PLN,Diesel,73000,2020,Automatyczna
Seat,Seat Ateca,129900,PLN,Benzyna,10,2026,Automatyczna
Hyundai,Hyundai i30 1.5 DPI Modern,46900,PLN,Benzyna,129000,2022,Manualna
Volvo,Volvo V60 D3 Geartronic Linje Business,29999,PLN,Diesel,267412,2016,Automatyczna
Jeep,Jeep Renegade 1.3 GSE T4 Turbo Limited 4x4 S&S,59900,PLN,Benzyna,143123,2019,Automatyczna
Seat,Seat Arona,77900,PLN,Benzyna,8590,2023,Manualna
BMW,BMW X3 xDrive20d mHEV,278500,PLN,Diesel,1000,2026,Automatyczna
Audi,Audi A2,2500,PLN,Benzyna,20012,2002,Manualna
Seat,Seat Leon 1.8 TSI Start&Stop DSG XCELLENCE,38800,PLN,Benzyna,183000,2013,Automatyczna
Peugeot,Peugeot 207 1.4,5900,PLN,Benzyna,162714,2009,Manualna
Peugeot,Peugeot 308,39000,PLN,Diesel,236011,2015,Automatyczna
Audi,Audi Q7 50 TDI mHEV Quattro S Line Tiptr,250000,PLN,Diesel,32853,2024,Automatyczna
Hyundai,Hyundai Tucson,65900,PLN,Benzyna,75000,2020,Automatyczna
Skoda,Skoda Octavia 1.6 Ambiente,18999,PLN,Benzyna+LPG,254000,2010,Manualna
Opel,Opel Mokka X 1.4 ECOTEC Start/Stop Design Line,47300,PLN,Benzyna,124984,2017,Manualna
Nissan,Nissan Murano,56800,PLN,Benzyna+LPG,128000,2015,Automatyczna
Suzuki,Suzuki Vitara 1.6 (4x4) Allgrip Automatik Comfort,58990,PLN,Benzyna,61165,2016,Automatyczna
Mercedes-Benz,Mercedes-Benz Klasa E 220 CDI Avantgarde,27900,PLN,Diesel,300000,2010,Manualna
Kia,Kia Sportage 2.0 CVVT 4WD Automatik Spirit,44400,PLN,Benzyna,139800,2012,Automatyczna
Opel,Opel Karl 1.0 Innovation,21999,PLN,Benzyna,148440,2015,Manualna
BMW,BMW Seria 1,6300,PLN,Benzyna,169311,2008,Manualna
Opel,Opel Corsa 1.6T OPC,22000,PLN,Benzyna,280000,2008,Manualna
Volkswagen,Volkswagen T-Roc 1.5 eTSI R-Line DSG,155120,PLN,Benzyna,10,2026,Automatyczna
Audi,Audi Q5 40 TFSI quattro S tronic,128000,PLN,Benzyna,10400,2024,Automatyczna
Mercedes-Benz,Mercedes-Benz EQE 350 4MATIC,299900,PLN,Elektryczny,9742,2025,Automatyczna
Renault,Renault Megane 1.5 dCi Generation,8700,PLN,Diesel,337795,2011,Manualna
Volvo,Volvo XC 90 T6 AWD Inscription 7os,76000,PLN,Benzyna,236700,2016,Automatyczna
Tesla,Tesla Model 3,139000,PLN,Elektryczny,73000,2023,Automatyczna
Seat,Seat Arona 1.0 TSI OPF FR BEATS,69900,PLN,Benzyna,50000,2022,Manualna
Citroën,Citroën C4 Picasso,24500,PLN,Diesel,175000,2016,Manualna
BMW,BMW M3,359000,PLN,Benzyna,55000,2024,Automatyczna
Ford,Ford Kuga 2.0 EcoBlue AWD ST-Line,99000,PLN,Diesel,79500,2022,Automatyczna
BMW,BMW Seria 4 430i xDrive M Sport,165000,PLN,Benzyna,114212,2022,Automatyczna
BMW,BMW X5 xDrive40i mHEV M Sport sport,345900,PLN,Benzyna,29000,2023,Automatyczna
Kia,Kia Picanto 1.1 Spirit,21900,PLN,Benzyna,111000,2016,Manualna
Dacia,Dacia Bigster 1.8 Full Hybrid 155 Extreme MMT,128699,PLN,Hybryda,5,2026,Automatyczna
Renault,Renault Clio 1.2 TCe Techno,94299,PLN,Benzyna,5,2026,Manualna
Dacia,Dacia Duster,93900,PLN,Benzyna+LPG,5,2026,Manualna
Renault,Renault Captur 1.8 E-TECH Full Hybrid 160 Techno,120399,PLN,Hybryda,5,2026,Automatyczna
Renault,Renault Kadjar TCe 140 GPF INTENS,75900,PLN,Benzyna,69587,2021,Manualna
Renault,Renault Grand Scenic ENERGY dCi 130 INTENS,55900,PLN,Diesel,145800,2018,Manualna
BMW,BMW X3 xDrive20 mHEV,224900,PLN,Benzyna,17237,2025,Automatyczna
BMW,BMW X1 sDrive18i,143900,PLN,Benzyna,30277,2025,Automatyczna
BMW,BMW Seria 5 520d xDrive mHEV M Sport,214900,PLN,Diesel,33247,2025,Automatyczna
BMW,BMW X2,247900,PLN,Benzyna,15724,2025,Automatyczna
BYD,BYD Seal U,157900,PLN,Hybryda Plug-in,30,2025,Automatyczna
BMW,BMW Seria 5 540d xDrive mHEV M Sport,374900,PLN,Diesel,17900,2025,Automatyczna
MG,MG HS,78900,PLN,Benzyna,42147,2023,Automatyczna
Fiat,Fiat Ducato L3,99876,PLN,Diesel,51600,2024,Manualna
BMW,BMW X2,217900,PLN,Diesel,11120,2025,Automatyczna
Renault,Renault Espace 2.0 Blue dCi Initiale Paris EDC,108850,PLN,Diesel,100529,2021,Automatyczna
Honda,Honda Civic,33900,PLN,Benzyna,117000,2011,Manualna
Fiat,Fiat Panda 1.2 Classic,10900,PLN,Benzyna,185300,2012,Manualna
Volkswagen,Volkswagen Golf Variant,190000,PLN,Benzyna,1,2026,Automatyczna
Kia,Kia XCeed 1.4 T-GDI L DCT,77900,PLN,Benzyna,16057,2020,Automatyczna
Kia,Kia Ceed 1.5 T-GDI M DCT,94900,PLN,Benzyna,8037,2024,Automatyczna
Audi,Audi S4 Limousine,129000,PLN,Benzyna,99000,2019,Automatyczna
Suzuki,Suzuki Swift 1.3 JB Edition,4799,PLN,Benzyna,226434,2008,Manualna
Honda,Honda Jazz,31999,PLN,Hybryda,107591,2014,Automatyczna
Kia,Kia Optima,39900,PLN,Diesel,246600,2019,Automatyczna
Skoda,Skoda Octavia 1.4 Ambiente,9549,PLN,Benzyna+LPG,327323,2009,Manualna
Audi,Audi A4 Avant 2.0 TDI,36000,PLN,Diesel,236447,2010,Manualna
Toyota,Toyota Yaris 1.5 Life,32999,PLN,Benzyna,158105,2020,Manualna
Audi,Audi A3 Limousine 35 TFSI S tronic advanced,82500,PLN,Benzyna,122000,2022,Automatyczna
Ford,Ford Kuga 2.0 TDCi 2x4 Trend,21999,PLN,Diesel,218776,2010,Manualna
Volkswagen,Volkswagen Golf Sportsvan SV 1.6 TDI BMT Start,33999,PLN,Diesel,130809,2015,Manualna
BMW,BMW Seria 3 330i xDrive M Sport,199999,PLN,Benzyna,29305,2024,Automatyczna
Renault,Renault Kadjar,39900,PLN,Benzyna,143150,2016,Automatyczna
BMW,BMW X1,24999,PLN,Diesel,249334,2011,Manualna
Volvo,Volvo XC 40 T2 Essential,79000,PLN,Benzyna,138000,2020,Automatyczna
Skoda,Skoda Superb 2.0 TDI Ambition,19900,PLN,Diesel,249000,2011,Manualna
Renault,Renault Megane,2500,PLN,Benzyna,119,1999,Manualna
Skoda,Skoda Fabia,3500,PLN,Benzyna+LPG,390000,2009,Manualna
Peugeot,Peugeot 3008,34000,PLN,Diesel,127500,2016,Manualna
Dacia,Dacia Spring 27.4kWh Business,42850,PLN,Elektryczny,13215,2021,Automatyczna
Opel,Opel Insignia 2.0 CDTI Elegance S&S,59999,PLN,Diesel,186943,2021,Automatyczna
Audi,Audi A6 Avant 45 TFSI mHEV Quattro S tronic,179900,PLN,Benzyna,26477,2023,Automatyczna
Alfa Romeo,Alfa Romeo Stelvio 2.0 Turbo 16V AT8-Q4 B-Tech,109900,PLN,Benzyna,93000,2019,Automatyczna
Mercedes-Benz,Mercedes-Benz Klasa C 180 mHEV,159900,PLN,Benzyna,22009,2025,Automatyczna
Dacia,Dacia Sandero,73499,PLN,Benzyna+LPG,5,2026,Manualna
Dacia,Dacia Duster 1.2 TCe Hybrid-G 150 Extreme 4x4,124699,PLN,Hybryda,5,2026,Automatyczna
Dacia,Dacia Duster,89000,PLN,Benzyna+LPG,2602,2025,Manualna
Dacia,Dacia Bigster 1.2 TCe Hybrid-G 150 Extreme 4x4,132999,PLN,Hybryda,5,2026,Automatyczna
Dacia,Dacia Sandero Stepway,73799,PLN,Benzyna+LPG,5,2026,Manualna
Renault,Renault Symbioz 1.6 E-Tech Full Hybrid 145 Esprit Alpine,116900,PLN,Hybryda,16000,2024,Automatyczna
Dacia,Dacia Duster,93899,PLN,Benzyna+LPG,5,2026,Manualna
Renault,Renault Clio 1.0 TCe Techno,77000,PLN,Benzyna+LPG,5,2025,Manualna
Renault,Renault Austral 1.3 TCe mHEV Techno,135399,PLN,Hybryda,5,2026,Automatyczna
Dacia,Dacia Duster,79999,PLN,Benzyna+LPG,5,2026,Manualna
Volkswagen,Volkswagen Passat 2.0 TDI EVO Business DSG,79900,PLN,Diesel,125000,2023,Automatyczna
Maserati,Maserati Grecale,399000,PLN,Hybryda,8,2026,Automatyczna
BMW,BMW X5 xDrive45e sport,244900,PLN,Hybryda,122547,2022,Automatyczna
Mazda,Mazda CX-30 2.0 mHEV Centre-Line 2WD,121900,PLN,Benzyna,9070,2025,Automatyczna
Mazda,Mazda 3 2.0 mHEV Centre-Line,110900,PLN,Benzyna,13874,2025,Automatyczna
Volkswagen,Volkswagen Golf 1.5 TSI OPF Life,82900,PLN,Benzyna,38277,2023,Manualna
Peugeot,Peugeot 308 1.6 HDi Trendy,11500,PLN,Diesel,205000,2012,Manualna
Hyundai,Hyundai i10,8900,PLN,Benzyna,171600,2009,Manualna
Opel,Opel Astra 1.6 CDTI Elite S&S,31900,PLN,Diesel,190000,2017,Manualna
Mercedes-Benz,Mercedes-Benz GLC,279900,PLN,Diesel,18186,2025,Automatyczna
Mercedes-Benz,Mercedes-Benz GLC,269900,PLN,Benzyna,17633,2025,Automatyczna
Mercedes-Benz,Mercedes-Benz GLC 200 d mHEV 4-Matic AMG Line,259900,PLN,Diesel,20625,2025,Automatyczna
Mercedes-Benz,Mercedes-Benz GLC,279900,PLN,Diesel,23601,2024,Automatyczna
Fiat,Fiat Doblo Kombi Dynamic,70900,PLN,Diesel,133012,2021,Manualna
Peugeot,Peugeot 5008,63000,PLN,Diesel,135000,2018,Manualna
Mercedes-Benz,Mercedes-Benz GLC,304900,PLN,Diesel,23018,2025,Automatyczna
Mercedes-Benz,Mercedes-Benz GLS,539900,PLN,Diesel,5410,2026,Automatyczna
Porsche,Porsche Cayenne,50000,PLN,Benzyna,150000,2012,Automatyczna
Citroën,Citroën C3,1899,PLN,Benzyna,173265,2004,Manualna
Jeep,Jeep Cherokee 2.5L CRD Limited,19999,PLN,Diesel,236240,2002,Manualna
Ford,Ford Focus,37000,PLN,Diesel,180310,2020,Manualna
Ford,Ford Ranger Raptor,220000,PLN,Benzyna,62000,2022,Automatyczna
Land Rover,Land Rover Defender 130 D350 X-Dynamic HSE,504000,PLN,Diesel,10,2026,Automatyczna
Citroën,Citroën C3 Aircross 1.2 PureTech GPF Feel Pack S&S,35900,PLN,Benzyna,70000,2018,Manualna
Volkswagen,Volkswagen Touareg 3.0 V6 TDI 4Motion R-Line,299000,PLN,Diesel,5638,2025,Automatyczna
Seat,Seat Leon 1.5 EcoTSI Evo FR S&S,52999,PLN,Benzyna,149000,2018,Manualna
Volkswagen,Volkswagen Golf Variant,175500,PLN,Benzyna,4419,2025,Automatyczna
Mercedes-Benz,Mercedes-Benz Klasa A 45 S AMG 4-Matic 8G-DCT,149000,PLN,Benzyna,138000,2020,Automatyczna
BMW,BMW Seria 3 320d mHEV,216907,PLN,Diesel,4000,2026,Automatyczna
Volkswagen,Volkswagen Touran 1.5 TSI EVO Highline DSG,158900,PLN,Benzyna,7439,2025,Automatyczna
Audi,Audi A3 Limousine 1.4 TFSI CoD ultra Ambition S tronic,65000,PLN,Benzyna,192500,2016,Automatyczna
Toyota,Toyota Corolla,72899,PLN,Hybryda,137216,2022,Automatyczna
Land Rover,Land Rover Range Rover 3.0 D HSE,699000,PLN,Diesel,11,2026,Automatyczna
Kia,Kia ProCeed 1.5 T-GDI GT Line DCT,79900,PLN,Benzyna,119085,2022,Automatyczna
Land Rover,Land Rover Range Rover Sport S 3.0 D300 mHEV Dynamic SE,504000,PLN,Diesel,10,2026,Automatyczna
BMW,BMW Seria 1,144108,PLN,Benzyna,7,2026,Automatyczna
BMW,BMW Seria 1,243600,PLN,Benzyna,7,2026,Automatyczna
Peugeot,Peugeot 2008 PureTech 110 Stop&Start Allure,29900,PLN,Benzyna,138000,2017,Manualna
Toyota,Toyota Camry 2.5 Hybrid Comfort CVT,103899,PLN,Hybryda,51048,2023,Automatyczna
Mercedes-Benz,Mercedes-Benz GLC AMG 63 4Matic+ AMG Speedshift MCT Edition 1,538500,PLN,Benzyna,29900,2024,Automatyczna
Mitsubishi,Mitsubishi Lancer Evolution GSR,104900,PLN,Benzyna,86000,2014,Manualna
BMW,BMW Seria 5 518d,40500,PLN,Diesel,343000,2015,Automatyczna
Volkswagen,Volkswagen Passat Variant 2.0 TSI Business DSG,77899,PLN,Benzyna,89197,2021,Automatyczna
Volkswagen,Volkswagen T-Roc 1.5 TSI Life,72899,PLN,Benzyna,102847,2023,Manualna
Cupra,Cupra Formentor 1.5 TSI DSG,99899,PLN,Benzyna,57104,2023,Automatyczna
Lexus,Lexus RX 200t / 300 Elegance,99900,PLN,Benzyna,109000,2018,Automatyczna
Peugeot,Peugeot 207 75 Urban Move,8200,PLN,Benzyna,260000,2008,Manualna
BMW,BMW X7 xDrive40d mHEV sport,530180,PLN,Diesel,7,2026,Automatyczna
Dacia,Dacia Duster 1.0 TCe Comfort,47900,PLN,Benzyna,107000,2022,Manualna
Jaguar,Jaguar F-Pace,189000,PLN,Benzyna,68000,2021,Automatyczna
Peugeot,Peugeot 208,44999,PLN,Benzyna,25721,2025,Manualna
Volkswagen,Volkswagen Passat,175000,PLN,Diesel,26300,2025,Automatyczna
Volkswagen,Volkswagen Passat 2.0 TDI Comfortline,24999,PLN,Diesel,340000,2011,Manualna
Skoda,Skoda Kodiaq,149900,PLN,Diesel,131661,2022,Automatyczna
Skoda,Skoda Superb 2.0 TSI 4x4 Scout DSG,139900,PLN,Benzyna,130419,2022,Automatyczna
Toyota,Toyota Hilux,199900,PLN,Benzyna,100,2026,Manualna
Hyundai,Hyundai i10 1.2 Comfort,19900,PLN,Benzyna,27213,2020,Automatyczna
Opel,Opel Astra 1.4 150 Jahre,15700,PLN,Benzyna,186000,2012,Manualna
Skoda,Skoda Superb,109900,PLN,Diesel,142071,2022,Automatyczna
Subaru,Subaru XV 2.0ie Lineartronic Active,69600,PLN,Hybryda,136000,2022,Automatyczna
Toyota,Toyota Land Cruiser KJ70,93500,PLN,Diesel,316759,1994,Manualna
Mitsubishi,Mitsubishi Pajero,88000,PLN,Diesel,132276,2009,Manualna
Toyota,Toyota Yaris Hybrid 1.5 Style,93900,PLN,Hybryda,27061,2025,Automatyczna
Volkswagen,Volkswagen Caddy 1.6 (5-Si.) DSG Edition 30,33900,PLN,Diesel,203000,2013,Automatyczna
Audi,Audi A4 Limousine 1.8 TFSI multitronic Ambiente,25900,PLN,Benzyna,183454,2009,Automatyczna
BMW,BMW X5 xDrive40i mHEV,212900,PLN,Benzyna,64171,2022,Automatyczna
Kia,Kia Stonic 1.0 T-GDI M DCT,68900,PLN,Benzyna,22000,2023,Automatyczna
Land Rover,Land Rover Range Rover Velar 2.0 P250 R-Dynamic S,178900,PLN,Benzyna,64524,2022,Automatyczna
Opel,Opel Insignia 2.0 CDTI automatik Innovation,55900,PLN,Diesel,107126,2018,Automatyczna
Audi,Audi Q3 35 TFSI mHEV S-Line S tronic,156500,PLN,Benzyna,15909,2025,Automatyczna
Kia,Kia Stonic,40000,PLN,Benzyna,16108,2024,Manualna
Mercedes-Benz,Mercedes-Benz CLA 200 mHEV 8G-DCT,189900,PLN,Benzyna,6537,2025,Automatyczna
Land Rover,Land Rover Range Rover Velar ver-3-0-p400-mhev-dynamic-se,339000,PLN,Benzyna,11,2026,Automatyczna
Volkswagen,Volkswagen Golf,37000,PLN,Benzyna,85865,2021,Manualna
Volvo,Volvo V90,40500,PLN,Diesel,117462,2019,Automatyczna
Skoda,Skoda Octavia 1.6 Tour,4900,PLN,Benzyna,150000,2006,Manualna
Skoda,Skoda Octavia 1.4 TSI Classic,13500,PLN,Benzyna,227000,2010,Manualna
Skoda,Skoda Kamiq 1.0 TSI Monte Carlo DSG,56000,PLN,Benzyna,4787,2025,Automatyczna
Citroën,Citroën C3 1.2 PureTech Max,49890,PLN,Benzyna,49933,2024,Manualna
Ford,Ford Ranger Raptor 3.0 EcoBoost Twin-Turbo 4x4 DC,343800,PLN,Benzyna,5,2026,Automatyczna
Volkswagen,Volkswagen Arteon Shooting Brake 2.0 TSI 4Motion Elegance DSG,209900,PLN,Benzyna,17309,2024,Automatyczna
Volkswagen,Volkswagen Arteon 2.0 TSI 4Motion R DSG,164900,PLN,Benzyna,71488,2022,Automatyczna
Skoda,Skoda Superb 2.0 TDI SCR Style DSG,128900,PLN,Diesel,55900,2023,Automatyczna
Citroën,Citroën C3 1.2 PureTech Max,49890,PLN,Benzyna,55773,2024,Manualna
Suzuki,Suzuki Swift,14800,PLN,Diesel,133000,2013,Manualna
Mercedes-Benz,Mercedes-Benz Klasa S 350 L,89890,PLN,Benzyna,105645,2008,Automatyczna
Cupra,Cupra Ateca 1.5 TSI DSG,123890,PLN,Benzyna,11669,2024,Automatyczna
Honda,Honda HR-V 1.5 i-MMD Advance Style CVT,126890,PLN,Hybryda,23537,2024,Automatyczna
Jeep,Jeep Avenger,116800,PLN,Hybryda,7,2026,Automatyczna
Cupra,Cupra Ateca 1.5 TSI DSG,121890,PLN,Benzyna,12547,2024,Automatyczna
Cupra,Cupra Ateca 1.5 TSI DSG,121890,PLN,Benzyna,19032,2024,Automatyczna
Jeep,Jeep Compass 1.2 T3 mHEV First Edition FWD DCT,144900,PLN,Benzyna,7,2026,Automatyczna
Volvo,Volvo XC 60,160000,PLN,Diesel,52719,2022,Automatyczna
Cupra,Cupra Ateca 1.5 TSI DSG,119890,PLN,Benzyna,20529,2024,Automatyczna
Audi,Audi Q3 Sportback 35 TFSI mHEV S-Line S tronic,154890,PLN,Benzyna,12562,2024,Automatyczna
Audi,Audi Q3 35 TFSI mHEV S-Line S tronic,151890,PLN,Benzyna,10269,2024,Automatyczna
Peugeot,Peugeot 3008 1.6 PureTech Hybrid PHEV Allure S&S EAT8,79890,PLN,Hybryda Plug-in,143174,2021,Automatyczna
Peugeot,Peugeot 2008,99900,PLN,Benzyna,14715,2025,Automatyczna
Toyota,Toyota Corolla,82890,PLN,Benzyna,56558,2022,Automatyczna
Opel,Opel Corsa,13500,PLN,Benzyna+LPG,220000,2010,Manualna
Opel,Opel Astra,7500,PLN,Benzyna+LPG,245306,2005,Manualna
Peugeot,Peugeot 5008 1.2 PureTech Allure Pack S&S EAT8,89890,PLN,Benzyna,35719,2022,Automatyczna
BMW,BMW Seria 3,9900,PLN,Benzyna,272000,2003,Manualna
Alfa Romeo,Alfa Romeo Tonale,126890,PLN,Benzyna,47028,2024,Automatyczna
BMW,BMW Seria 3,107890,PLN,Hybryda Plug-in,159223,2021,Automatyczna
Toyota,Toyota RAV4,157890,PLN,Hybryda Plug-in,84345,2022,Automatyczna
Ford,Ford EcoSport 1.0 EcoBoost ST-Line ASS,48890,PLN,Benzyna,97319,2022,Manualna
Volkswagen,Volkswagen T-Roc 2.0 TSI 4Motion Style DSG,114900,PLN,Benzyna,39510,2022,Automatyczna
Volvo,Volvo S90 B4 B Momentum Pro,165555,PLN,Benzyna,3000,2025,Automatyczna
Skoda,Skoda Octavia,47000,PLN,Benzyna,115706,2024,Automatyczna
Kia,Kia Ceed 1.0 T-GDI M,34900,PLN,Benzyna,149000,2020,Manualna
Ford,Ford Grand C-MAX 1.0 EcoBoost Titanium ASS,25900,PLN,Benzyna,129000,2016,Manualna
Kia,Kia Soul 64kWh L,99000,PLN,Elektryczny,52068,2022,Automatyczna
Dodge,Dodge Caliber 1.8 SXT,4000,PLN,Benzyna+LPG,231587,2009,Manualna
Toyota,Toyota Corolla 1.8 Hybrid GPF Trek,69900,PLN,Hybryda,101819,2020,Automatyczna
Skoda,Skoda Kodiaq,155000,PLN,Diesel,43227,2024,Automatyczna
Audi,Audi Q3,45000,PLN,Diesel,291334,2016,Manualna
Cupra,Cupra Formentor,107000,PLN,Benzyna,56280,2023,Automatyczna
Fiat,Fiat 500X,37999,PLN,Benzyna,140943,2016,Manualna
Opel,Opel Mokka,26000,PLN,Diesel,218216,2014,Manualna
Renault,Renault Laguna,15000,PLN,Diesel,261713,2014,Manualna
Toyota,Toyota Auris,13000,PLN,Diesel,217706,2007,Manualna
Kia,Kia Stonic,49000,PLN,Benzyna,69069,2018,Manualna
MG,MG HS,85000,PLN,Benzyna,33574,2023,Automatyczna
Hyundai,Hyundai i30,42999,PLN,Benzyna,125143,2021,Automatyczna
Skoda,Skoda Octavia,66999,PLN,Diesel,104297,2022,Manualna
Chevrolet,Chevrolet Orlando,15498,PLN,Diesel,269788,2011,Manualna
Ford,Ford Grand C-MAX,25000,PLN,Diesel,230936,2015,Automatyczna
Seat,Seat Leon,11000,PLN,Benzyna,280311,2008,Manualna
Hyundai,Hyundai Tucson,62500,PLN,Benzyna,160122,2016,Automatyczna
Audi,Audi A4 Allroad,68000,PLN,Benzyna,216697,2017,Automatyczna
Fiat,Fiat Panda,50000,PLN,Benzyna,12990,2024,Manualna
Volkswagen,Volkswagen Tiguan 1.4 TSI BlueMotion Technology Sport & Style,33000,PLN,Benzyna,159258,2012,Manualna
Suzuki,Suzuki Swift,16900,PLN,Benzyna+LPG,145000,2009,Manualna
Opel,Opel Insignia 1.5 Automatik Edition,56900,PLN,Diesel,64500,2022,Automatyczna
Audi,Audi Q5 2.0 TFSI Quattro Tiptronic,54900,PLN,Benzyna,124000,2014,Automatyczna
Volkswagen,Volkswagen Caddy 2.0 (5-Si.) Trendline,39900,PLN,Diesel,350000,2020,Manualna
BMW,BMW X1 sDrive18i M Sport sport,143900,PLN,Benzyna,28555,2025,Automatyczna
Peugeot,Peugeot 308 PureTech 110 Stop & Start Style,25900,PLN,Benzyna,151000,2017,Manualna
MG,MG HS 1.5T-GDI Comfort,78900,PLN,Benzyna,44996,2023,Automatyczna
BMW,BMW Seria 7 750iL,269000,PLN,Benzyna,11000,1988,Automatyczna
Mercedes-Benz,Mercedes-Benz ML 280 CDI 4Matic 7G-TRONIC DPF,27500,PLN,Diesel,320000,2006,Automatyczna
Jaguar,Jaguar MK II,159000,PLN,Benzyna,126000,1959,Automatyczna
BMW,BMW Seria 5 520d xDrive mHEV M Sport,267900,PLN,Diesel,9950,2025,Automatyczna
Skoda,Skoda Superb 2.0 TDI SCR Ambition DSG,87900,PLN,Diesel,137197,2022,Automatyczna
Skoda,Skoda Octavia 1.5 TSI ACT Ambition,81900,PLN,Benzyna,98000,2023,Manualna
Skoda,Skoda Octavia 1.5 TSI Edition 130 Selection,102900,PLN,Benzyna,16871,2025,Manualna
Peugeot,Peugeot 2008 1.2 Pure Tech Active S&S,31000,PLN,Benzyna,80382,2018,Manualna
BMW,BMW X5 xDrive30i,51000,PLN,Benzyna,158000,2010,Automatyczna
Hyundai,Hyundai ix35 1.6 2WD Comfort,28900,PLN,Benzyna,224000,2012,Manualna
Fiat,Fiat Talento,49793,PLN,Diesel,145058,2020,Manualna
Renault,Renault Megane 1.2 16V TCE Energy Dynamique,22500,PLN,Benzyna,203000,2012,Manualna
Ford,Ford Ranger 2.0 EcoBlue Bi-Turbo 4x4 DC Wildtrak,230010,PLN,Diesel,8,2025,Automatyczna
Ford,Ford Ranger Raptor,269500,PLN,Diesel,8,2025,Automatyczna
Toyota,Toyota Avensis 2.4 VVT-i Prestige,15900,PLN,Benzyna,202373,2004,Automatyczna
Audi,Audi A5 Sportback,46999,PLN,Benzyna,323000,2018,Manualna
Opel,Opel Grandland 1.6 T PHEV GS,83900,PLN,Hybryda Plug-in,89000,2022,Automatyczna
Mercedes-Benz,Mercedes-Benz Klasa C 300 4Matic 7G-TRONIC Avantgarde,36900,PLN,Benzyna+LPG,149950,2011,Automatyczna
Nissan,Nissan Juke 1.6 Visia,22900,PLN,Benzyna,196628,2014,Manualna
Mercedes-Benz,Mercedes-Benz CLA 220 AMG Line 7G-DCT,77000,PLN,Benzyna,203000,2019,Automatyczna
Jaguar,Jaguar XK XKR-S,239900,PLN,Benzyna,33400,2012,Automatyczna
Jeep,Jeep Wrangler,119000,PLN,Benzyna,21000,2024,Automatyczna
Audi,Audi A6 Limousine,21000,PLN,Benzyna,233000,2005,Automatyczna
Mercedes-Benz,Mercedes-Benz CL,279000,PLN,Benzyna,30000,2011,Automatyczna
Mercedes-Benz,Mercedes-Benz Klasa C,799000,PLN,Benzyna,21000,2012,Automatyczna
Mercedes-Benz,Mercedes-Benz CLK,23900,PLN,Benzyna,304000,2004,Manualna
Volkswagen,Volkswagen Arteon 2.0 TDI Elegance DSG,99000,PLN,Diesel,136790,2023,Automatyczna
Toyota,Toyota RAV4 2.5 Hybrid Comfort 4x4,138500,PLN,Hybryda,65000,2021,Automatyczna
Mercedes-Benz,Mercedes-Benz Klasa S,47900,PLN,Benzyna,235999,1991,Automatyczna
Mercedes-Benz,Mercedes-Benz SL AMG 63,469000,PLN,Benzyna,9534,2018,Automatyczna
Fiat,Fiat Punto Evo,10900,PLN,Benzyna,215000,2011,Manualna
Toyota,Toyota Proace Verso,115000,PLN,Diesel,91000,2021,Automatyczna
Mercedes-Benz,Mercedes-Benz GLE 300 d mHEV 4-Matic AMG Line,389900,PLN,Diesel,17295,2025,Automatyczna
Opel,Opel Astra 1.5 D Automatik Edition,59990,PLN,Diesel,22300,2024,Automatyczna
Opel,Opel Astra 1.6 Enjoy,6700,PLN,Benzyna,239000,2005,Manualna
JAC,JAC JS8,109900,PLN,Benzyna,4000,2025,Automatyczna
JAC,JAC JS6,109900,PLN,Benzyna,1,2026,Automatyczna
BMW,BMW Seria 3,20000,PLN,Benzyna,234000,2007,Manualna
Suzuki,Suzuki SX4 2.0 DDiS 4x4 Limited,18900,PLN,Diesel,227000,2011,Manualna
Citroën,Citroën C3 Pure Tech (VTi) 82 Exclusive,19500,PLN,Benzyna,43000,2015,Manualna
Renault,Renault Master L3 Pack Clim,28801,PLN,Diesel,1043700,2017,Manualna
Fiat,Fiat Doblo,39900,PLN,Diesel,119000,2022,Manualna
Peugeot,Peugeot 308 1.2 PureTech Active S&S,24000,PLN,Benzyna,140814,2017,Manualna
Fiat,Fiat Doblo,41900,PLN,Diesel,199000,2020,Manualna
Peugeot,Peugeot 5008,86000,PLN,Benzyna,27000,2023,Automatyczna
Suzuki,Suzuki SX4 S-Cross 1.6 Premium Plus 4WD,39850,PLN,Benzyna,180000,2013,Manualna
Ford,Ford Transit Connect Kombi 230 L2 Trend,50999,PLN,Diesel,235100,2021,Manualna
Jeep,Jeep Wrangler,75000,PLN,Benzyna+LPG,233000,2007,Manualna
Mercedes-Benz,Mercedes-Benz GLC,249000,PLN,Benzyna,53000,2022,Automatyczna
Volkswagen,Volkswagen Golf 1.5 TSI OPF Life,71500,PLN,Benzyna,114000,2020,Manualna
JAC,JAC T9,159777,PLN,Diesel,1,2026,Automatyczna
JAC,JAC T8 PRO,122877,PLN,Diesel,1,2026,Manualna
Renault,Renault Megane 1.6 SCe Life,37900,PLN,Benzyna+LPG,119260,2018,Manualna
JAC,JAC JS8,111900,PLN,Benzyna,1,2025,Automatyczna
JAC,JAC T9,159777,PLN,Diesel,2,2026,Automatyczna
BMW,BMW X7 xDrive40d mHEV sport,309000,PLN,Diesel,91641,2023,Automatyczna
MINI,MINI Countryman Cooper ALL4,117900,PLN,Benzyna,31581,2023,Automatyczna
Peugeot,Peugeot 3008,27500,PLN,Hybryda,183000,2014,Automatyczna
Peugeot,Peugeot 308 1.5 BlueHDi Allure Pack S&S EAT8,78890,PLN,Diesel,97420,2024,Automatyczna
BMW,BMW X3 xDrive30e,137890,PLN,Hybryda Plug-in,162215,2022,Automatyczna
Ford,Ford Edge 2.0 TDCi Twin-Turbo 4WD ST-Line,89890,PLN,Diesel,115429,2018,Automatyczna
Volvo,Volvo XC 60 B4 B Momentum Pro,136890,PLN,Benzyna,78588,2022,Automatyczna
Ford,Ford Focus 1.0 EcoBoost mHEV Titanium X,68890,PLN,Benzyna,112103,2022,Automatyczna
BMW,BMW Seria 3 318i,96890,PLN,Benzyna,85733,2021,Automatyczna
Audi,Audi Q3,89900,PLN,Benzyna,75000,2019,Automatyczna
Ford,Ford Kuga,74890,PLN,Benzyna,81126,2021,Manualna
Audi,Audi A3 Sportback 1.5 TFSI cylinder on demand sport,63500,PLN,Benzyna,151000,2018,Manualna
Toyota,Toyota Avensis,16900,PLN,Benzyna+LPG,258000,2016,Manualna
Nissan,Nissan Qashqai,7000,PLN,Benzyna,296,2007,Manualna
Opel,Opel Astra 1.4 Active,31000,PLN,Benzyna,83000,2014,Manualna
Volkswagen,Volkswagen Golf 1.0 TSI (BlueMotion Technology) Trendline,42500,PLN,Benzyna,106000,2018,Manualna
Peugeot,Peugeot 208 68 VTI Active,21900,PLN,Benzyna,57600,2016,Manualna
Audi,Audi A1 Sportback,38500,PLN,Benzyna,104000,2016,Automatyczna
Opel,Opel Astra 1.4 Turbo Start/Stop Business,38500,PLN,Benzyna,131000,2018,Manualna
Opel,Opel Astra,27900,PLN,Benzyna,186000,2020,Manualna
Peugeot,Peugeot 5008,7990,PLN,Benzyna,249000,2011,Manualna
Ford,Ford Kuga 1.5 EcoBoost FWD Titanium ASS MMT6,66000,PLN,Benzyna,77200,2019,Manualna
Peugeot,Peugeot 208,12900,PLN,Benzyna,58258,2018,Manualna
Toyota,Toyota Yaris 1.3 Luna A/C,20900,PLN,Benzyna,79300,2008,Manualna
Kia,Kia Niro 1.6 GDI Hybrid L Business Line,58700,PLN,Hybryda,46000,2023,Automatyczna
BMW,BMW Seria 3 330e M Sport,98900,PLN,Hybryda Plug-in,140855,2021,Automatyczna
Renault,Renault Trafic,25000,PLN,Diesel,281000,2010,Manualna
Skoda,Skoda Fabia,66700,PLN,Benzyna,5,2026,Manualna
Skoda,Skoda Kamiq,83200,PLN,Benzyna,5,2026,Manualna
Skoda,Skoda Scala,81100,PLN,Benzyna,5,2026,Manualna
Honda,Honda CR-V 2.2i DTEC DPF Executive,32900,PLN,Diesel,237594,2010,Manualna
Audi,Audi Q3,58900,PLN,Benzyna,159000,2017,Automatyczna
Ford,Ford Mustang,154000,PLN,Benzyna,32000,2024,Automatyczna
Seat,Seat Leon 2.0 TDI FR S&S DSG EU6,41999,PLN,Diesel,180000,2015,Automatyczna
Microcar,Microcar M.GO,32500,PLN,Diesel,49900,2016,Automatyczna
Ford,Ford Grand C-MAX 1.6 TDCi Start-Stop-System Titanium,16900,PLN,Diesel,241000,2010,Manualna
BMW,BMW Seria 5 520d Luxury Line sport,77091,PLN,Diesel,238000,2018,Automatyczna
Volkswagen,Volkswagen Polo,11000,PLN,Diesel,273000,2011,Manualna
Renault,Renault Clio 1.0 TCe Zen,42000,PLN,Benzyna+LPG,99244,2020,Manualna
Audi,Audi SQ8,189900,PLN,Diesel,230000,2019,Automatyczna
Volvo,Volvo V60 T4 Drive-E Kinetic,42900,PLN,Benzyna,201000,2016,Automatyczna
Porsche,Porsche Panamera,85000,PLN,Benzyna,80000,2012,Automatyczna
Toyota,Toyota Land Cruiser,48900,PLN,Diesel,358000,2006,Automatyczna
Renault,Renault Captur 1.3 Energy TCe Initiale Paris,51000,PLN,Benzyna,91349,2019,Manualna
Seat,Seat Ateca 1.5 TSI Style S&S DSG,95900,PLN,Benzyna,31779,2023,Automatyczna
Lamborghini,Lamborghini Huracan LP610-4,885000,PLN,Benzyna,16807,2015,Automatyczna
Suzuki,Suzuki Jimny,298000,PLN,Benzyna,150,2024,Automatyczna
Volvo,Volvo XC 60,53997,PLN,Benzyna+LPG,235275,2013,Automatyczna
Honda,Honda CR-V 2.0 i-MMD Elegance (2WD / Connect+),97496,PLN,Hybryda,131000,2019,Automatyczna
Renault,Renault Scenic dCi 110 Xmod Paris,22900,PLN,Diesel,191331,2014,Manualna
Mercedes-Benz,Mercedes-Benz CLS 350 CDI BlueEff,69900,PLN,Diesel,217785,2011,Automatyczna
Alfa Romeo,Alfa Romeo 156,4800,PLN,Diesel,265000,2000,Manualna
Seat,Seat Ibiza,14999,PLN,Diesel,230000,2012,Manualna
Honda,Honda Civic 1.0 T Executive (Pakiet Premium),54999,PLN,Benzyna,93000,2017,Automatyczna
Opel,Opel Corsa 1.2 Edition S&S,42999,PLN,Benzyna,46035,2023,Manualna
Ford,Ford Kuga 2.0 TDCi Titanium,35000,PLN,Diesel,217818,2013,Manualna
Volvo,Volvo V60 D3 Edition,19900,PLN,Diesel,443000,2013,Manualna
Hyundai,Hyundai Santa Fe,186900,PLN,Benzyna,19326,2024,Automatyczna
Porsche,Porsche Macan,183900,PLN,Benzyna,56650,2022,Automatyczna
Skoda,Skoda Octavia 1.5 TSI GPF ACT Ambition,47900,PLN,Benzyna,182000,2019,Manualna
Peugeot,Peugeot 208 1.6 BlueHDi Active S&S,22500,PLN,Diesel,200000,2016,Manualna
Renault,Renault Captur 0.9 Energy TCe Limited,39800,PLN,Benzyna,25000,2015,Manualna
Mercedes-Benz,Mercedes-Benz CL,32800,PLN,Benzyna,314900,2003,Automatyczna
Audi,Audi RS5 Coupé TFSI quattro tiptronic,139000,PLN,Benzyna,138000,2018,Automatyczna
Opel,Opel Astra 1.6 Start,10700,PLN,Benzyna+LPG,192000,2007,Manualna
Mercedes-Benz,Mercedes-Benz Klasa C 180 CGI BlueEff Elegance,17999,PLN,Benzyna,206000,2010,Manualna
Toyota,Toyota Yaris 1.5 Active,49900,PLN,Benzyna,33000,2020,Manualna
Mazda,Mazda CX-7 2.3T Energy,11999,PLN,Benzyna,260318,2008,Manualna
Volvo,Volvo XC 40 T4 AWD Geartronic,37700,PLN,Benzyna,80000,2019,Automatyczna
Toyota,Toyota Auris,44500,PLN,Hybryda,169651,2015,Automatyczna
Kia,Kia Ceed 1.0 T-GDI S,53500,PLN,Benzyna,49226,2023,Manualna
Volvo,Volvo XC 60 T8 Plug-In Hybrid AWD Polestar Engineered,159285,PLN,Hybryda Plug-in,169000,2020,Automatyczna
Land Rover,Land Rover Range Rover Evoque eD4 Pure Technik,19600,PLN,Diesel,108000,2015,Manualna
Dacia,Dacia Duster 1.6 SCe Ambiance S&S,34800,PLN,Benzyna,82000,2016,Manualna
MINI,MINI Cooper S John Works Trim,49800,PLN,Benzyna,6800,2024,Automatyczna
BMW,BMW Seria 5 520d xDrive,82000,PLN,Diesel,252000,2018,Automatyczna
Opel,Opel Astra,9900,PLN,Benzyna,203000,2008,Manualna
Volvo,Volvo S60 D3,20900,PLN,Diesel,266235,2011,Manualna
Dacia,Dacia Duster dCi 110 4WD Prestige,22900,PLN,Diesel,140000,2017,Manualna
Opel,Opel Grandland X,60000,PLN,Diesel,89000,2018,Automatyczna
Audi,Audi A4 Avant 2.0 TDI,27500,PLN,Diesel,301000,2013,Manualna
Toyota,Toyota Prius,23500,PLN,Hybryda,241000,2009,Automatyczna
Audi,Audi A6 Avant,67900,PLN,Diesel,152600,2016,Automatyczna
Skoda,Skoda Fabia 1.0 Active,18800,PLN,Benzyna,212000,2021,Manualna
Renault,Renault Megane 1.3 TCe FAP GT Line EDC,55200,PLN,Benzyna,86000,2019,Automatyczna
Audi,Audi A4 Limousine,32000,PLN,Diesel,312600,2008,Manualna
Aixam,Aixam Crossover,18400,PLN,Diesel,70000,2012,Automatyczna
Citroën,Citroën C3 1.4 Attraction,9000,PLN,Benzyna,128000,2010,Manualna
Audi,Audi A6 Avant 3.0 TDI DPF quattro S tronic sport selection,19800,PLN,Diesel,315000,2013,Automatyczna
DS Automobiles,DS Automobiles DS 7 Crossback 2.0 BlueHDi Performance Line +,85000,PLN,Diesel,153320,2019,Automatyczna
BMW,BMW X3 xDrive30i xLine sport,112900,PLN,Benzyna,120000,2018,Automatyczna
Fiat,Fiat Seicento Fresh,3300,PLN,Benzyna,107649,2004,Manualna
Ford,Ford Mondeo 1.5 EcoBoost Trend,47500,PLN,Benzyna,104000,2019,Manualna
Toyota,Toyota RAV4 2.0 Style 4x4 MS,69900,PLN,Benzyna+LPG,195716,2015,Automatyczna
Honda,Honda Accord 2.4 Executive,31900,PLN,Benzyna,261467,2009,Automatyczna
Dacia,Dacia Logan 1.5 dCi Prestige,13500,PLN,Diesel,175500,2014,Manualna
Alfa Romeo,Alfa Romeo Stelvio 2.0 Turbo First Edition Q4,83900,PLN,Benzyna,195000,2017,Automatyczna
Nissan,Nissan Juke 1.5 dCi N-Vision,14600,PLN,Diesel,300000,2015,Manualna
Ford,Ford Focus 1.0 EcoBoost Titanium,18900,PLN,Benzyna,170000,2014,Manualna
Chrysler,Chrysler 200,49800,PLN,Benzyna+LPG,128000,2015,Automatyczna
BMW,BMW i3 (120 Ah),46700,PLN,Elektryczny,7000,2021,Automatyczna
Nissan,Nissan Qashqai,61700,PLN,Benzyna,143152,2018,Manualna
Opel,Opel Astra,21999,PLN,Benzyna,172780,2012,Manualna
Hyundai,Hyundai Tucson 1.6 T-GDi Executive N Line 2WD,119000,PLN,Benzyna,32336,2021,Manualna
Fiat,Fiat Panda 1.2 Active Eco,5500,PLN,Benzyna,221950,2010,Manualna
Dodge,Dodge Journey,39900,PLN,Benzyna+LPG,268400,2015,Automatyczna
Hyundai,Hyundai Tucson 1.7 CRDI BlueDrive Style 2WD DCT,58000,PLN,Diesel,79820,2017,Automatyczna
Ford,Ford Focus,10500,PLN,Benzyna,210000,2008,Manualna
Opel,Opel Zafira Tourer 1.4 Turbo Business Innovation,33500,PLN,Benzyna,169677,2015,Manualna
Nissan,Nissan Navara 2.5 D LE,30500,PLN,Diesel,373312,2008,Manualna
Peugeot,Peugeot 3008 HDi FAP 115 Family,16400,PLN,Diesel,129000,2014,Manualna
Volkswagen,Volkswagen Passat 1.4 TSI ACT (BlueMotion Technology) Comfortline,36000,PLN,Benzyna,236900,2014,Manualna
Audi,Audi A4 Avant,20000,PLN,Diesel,410000,2013,Manualna
Seat,Seat Altea XL,9900,PLN,Diesel,39,2008,Manualna
Ford,Ford Focus 1.6 TDCi Econetic,6900,PLN,Diesel,214102,2010,Manualna
Abarth,Abarth 500,49500,PLN,Benzyna,180000,2017,Manualna
Toyota,Toyota RAV4 Hybrid Prestige 4x4,78000,PLN,Hybryda,168000,2016,Automatyczna
Opel,Opel Astra 1.4 T Sport,25400,PLN,Benzyna,196888,2013,Manualna
Skoda,Skoda Octavia,9800,PLN,Diesel,344500,2009,Manualna
Renault,Renault Clio SCe 75 EXPERIENCE,24900,PLN,Benzyna,85500,2019,Manualna
Renault,Renault Koleos ENERGY dCi 175 X-tronic 4WD INITIALE PARIS,36400,PLN,Diesel,164000,2019,Automatyczna
Fiat,Fiat Doblo 1.6 16V Multijet Easy,18400,PLN,Diesel,368400,2015,Manualna
Nissan,Nissan Qashqai 1.2 DIG-T Visia Xtronic,41900,PLN,Benzyna,84000,2014,Automatyczna
Toyota,Toyota GT86 2.0 Limited Edition,89999,PLN,Benzyna,65000,2014,Manualna
BMW,BMW Seria 7,44000,PLN,Benzyna+LPG,395796,1996,Automatyczna
Nissan,Nissan Qashqai,47900,PLN,Benzyna,160000,2018,Manualna
Mercedes-Benz,Mercedes-Benz Klasa E,235000,PLN,Diesel,12000,2023,Automatyczna
BMW,BMW Seria 5,27900,PLN,Diesel,198514,2011,Manualna
Suzuki,Suzuki SX4 S-Cross 1.4 Boosterjet Allgrip Comfort+,53900,PLN,Benzyna,170000,2017,Manualna
Mazda,Mazda 2 1.3 MZR Center-Line,11900,PLN,Benzyna+LPG,209000,2012,Manualna
Volkswagen,Volkswagen Golf,6600,PLN,Diesel,350000,2002,Manualna
Kia,Kia Soul 1.6 GDI Dream Team Edition,39000,PLN,Benzyna,122995,2016,Manualna
Volkswagen,Volkswagen Golf 1.0 TSI BlueMotion Comfortline,35900,PLN,Benzyna,189000,2019,Manualna
Opel,Opel Vivaro,15800,PLN,Diesel,358500,2009,Manualna
Mercedes-Benz,Mercedes-Benz GLE 400 d 4-Matic,355000,PLN,Diesel,27474,2023,Automatyczna
Kia,Kia XCeed 1.6 T-GDI XL DCT,79900,PLN,Benzyna,124900,2020,Automatyczna
Renault,Renault Megane 1.5 dCi Intens EDC,29900,PLN,Diesel,154000,2017,Automatyczna
Skoda,Skoda Kodiaq 2.0 TSI 4x4 Ambition DSG 7os,87000,PLN,Benzyna,79500,2017,Automatyczna
Mazda,Mazda 3 1.6 Comfort,19000,PLN,Benzyna,194054,2010,Manualna
Nissan,Nissan Qashqai+2 2.0 dCi Tekna EU5,25000,PLN,Diesel,246000,2011,Manualna
Suzuki,Suzuki Swift,17999,PLN,Benzyna,148000,2013,Manualna
Opel,Opel Corsa 1.7 CDTI Cosmo,4000,PLN,Diesel,373432,2005,Manualna
MINI,MINI ONE salt,6000,PLN,Benzyna,208317,2003,Manualna
Opel,Opel Astra,92000,PLN,Hybryda Plug-in,27000,2024,Automatyczna
Volkswagen,Volkswagen Golf 2.0 TDI,52900,PLN,Diesel,183000,2020,Manualna
Mazda,Mazda CX-5 2.0 Skypassion,54000,PLN,Benzyna,220000,2015,Automatyczna
Opel,Opel Mokka 1.4 T Cosmo,38000,PLN,Benzyna+LPG,180989,2016,Manualna
Honda,Honda Civic,13999,PLN,Benzyna,200450,2005,Manualna
Citroën,Citroën C3 1.6 HDi Exclusive Euro5,15900,PLN,Diesel,192800,2011,Manualna
Fiat,Fiat Doblo 1.4 16V Active,45000,PLN,Benzyna,62700,2020,Manualna
Volvo,Volvo XC 60 T5 AWD Momentum,62900,PLN,Benzyna,186300,2015,Automatyczna
Audi,Audi A4 Limousine,23000,PLN,Benzyna,285000,2006,Manualna
Volkswagen,Volkswagen Polo Cross,7900,PLN,Diesel,190000,2008,Manualna
Peugeot,Peugeot 207 1.4 16V Trendy,2800,PLN,Benzyna,87282,2007,Manualna
Seat,Seat Arona 1.5 TSI FR S&S,61565,PLN,Benzyna,149460,2018,Manualna
Alfa Romeo,Alfa Romeo Giulietta,38800,PLN,Diesel,166000,2017,Manualna
Opel,Opel Astra 1.4 T Energy EU6,36800,PLN,Benzyna,84040,2016,Manualna
Lexus,Lexus UX 250h GPF Omotenashi AWD,110900,PLN,Hybryda,92000,2019,Automatyczna
Skoda,Skoda Superb,39900,PLN,Benzyna,227100,2020,Manualna
Jeep,Jeep Renegade 1.4 MultiAir Limited 4WD S&S,43000,PLN,Benzyna,200000,2015,Automatyczna
Skoda,Skoda Superb 2.0 TDI SCR 4x4 Style DSG,72570,PLN,Diesel,190000,2019,Automatyczna
Skoda,Skoda RAPID 1.2 TSI Ambition,29500,PLN,Benzyna,124424,2016,Manualna
Volvo,Volvo XC 60 B4 D Plus Dark,148900,PLN,Diesel,110121,2022,Automatyczna
Alfa Romeo,Alfa Romeo Stelvio 2.0 Turbo Intensa Q4,227900,PLN,Benzyna,7000,2025,Automatyczna
Audi,Audi Q5 45 TFSI mHEV Quattro Advanced S tronic,148900,PLN,Benzyna,92500,2022,Automatyczna
Fiat,Fiat 500X,48400,PLN,Benzyna,149000,2018,Automatyczna
Honda,Honda Civic,18500,PLN,Benzyna,59000,2000,Manualna
Ford,Ford Escape,53000,PLN,Benzyna,63000,2019,Automatyczna
Volkswagen,Volkswagen Passat,62500,PLN,Benzyna,191000,2018,Automatyczna
Hyundai,Hyundai H-1 Starex,38000,PLN,Diesel,237752,2006,Manualna
Mazda,Mazda 3 1.6 Exclusive,6765,PLN,Benzyna+LPG,257500,2008,Manualna
Fiat,Fiat Doblo 1.6 Multijet 16V Active,13500,PLN,Diesel,185724,2010,Manualna
Opel,Opel Crossland,60500,PLN,Benzyna,30500,2024,Manualna
Ford,Ford Kuga 1.6 EcoBoost FWD Titanium ASS,28900,PLN,Benzyna,179000,2013,Manualna
Fiat,Fiat Tipo 1.4 16V Lounge,32900,PLN,Benzyna,79095,2016,Manualna
Opel,Opel Mokka 1.2 T GS Line S&S,70900,PLN,Benzyna,65474,2022,Automatyczna
Ford,Ford Focus 2.0 TDCi Titanium ASS PowerShift,40999,PLN,Diesel,216000,2017,Automatyczna
Opel,Opel Vectra 1.8 Comfort,6000,PLN,Benzyna,335147,2005,Manualna
Suzuki,Suzuki Vitara 1.4 Boosterjet Premium 2WD,53900,PLN,Benzyna,166122,2018,Manualna
Peugeot,Peugeot 5008,56900,PLN,Diesel,130682,2019,Automatyczna
Volkswagen,Volkswagen Passat,6666,PLN,Benzyna,220000,1997,Manualna
Lexus,Lexus UX,109900,PLN,Hybryda,90280,2019,Automatyczna
Suzuki,Suzuki Swift 1.2 Dualjet Hybrid Club,41900,PLN,Benzyna,110106,2020,Manualna
Seat,Seat Ateca 2.0 TDI FR S&S 4Drive DSG,79900,PLN,Diesel,99900,2018,Automatyczna
Peugeot,Peugeot 5008,16000,PLN,Diesel,173435,2010,Manualna
Opel,Opel Corsa,50999,PLN,Benzyna,41211,2022,Automatyczna
Hyundai,Hyundai i30,51000,PLN,Benzyna,72012,2021,Automatyczna
Seat,Seat Ibiza,5500,PLN,Diesel,200354,2008,Manualna
Citroën,Citroën C5X,68499,PLN,Benzyna,95203,2023,Automatyczna
Fiat,Fiat Grande Punto,9300,PLN,Benzyna,159400,2008,Manualna
Renault,Renault Laguna,32500,PLN,Diesel,186769,2013,Manualna
MG,MG HS,81998,PLN,Benzyna,21010,2023,Automatyczna
Jeep,Jeep Cherokee 2.8 CRD Limited,28900,PLN,Diesel,201300,2007,Automatyczna
BMW,BMW Seria 3 318d DPF,11900,PLN,Diesel,350000,2010,Manualna
Audi,Audi Q7 45 TDI mHEV Quattro S Line Tiptr,420783,PLN,Diesel,2100,2025,Automatyczna
Jeep,Jeep Compass 2.2 CRD 4x4 Limited,9900,PLN,Diesel,210000,2011,Manualna
MINI,MINI 1300,38500,PLN,Benzyna,91000,1997,Manualna
Mercedes-Benz,Mercedes-Benz GLC,78500,PLN,Benzyna,185053,2015,Automatyczna
Porsche,Porsche 911 Turbo S,1099000,PLN,Benzyna,20000,2023,Automatyczna
Alfa Romeo,Alfa Romeo Stelvio 2.0 Turbo Veloce Q4,229900,PLN,Benzyna,1,2025,Automatyczna
Mitsubishi,Mitsubishi Outlander,12900,PLN,Diesel,291972,2007,Manualna
BMW,BMW Seria 1,12000,PLN,Benzyna,267000,2008,Manualna
Ford,Ford Kuga,25500,PLN,Diesel,237743,2011,Manualna
BMW,BMW Seria 5 M550i xDrive,229000,PLN,Benzyna,46500,2023,Automatyczna
Renault,Renault Megane 1.6 16V Exception,11900,PLN,Benzyna+LPG,297051,2009,Manualna
Opel,Opel Mokka 1.4 T Cosmo,27900,PLN,Benzyna,238000,2015,Manualna
Lexus,Lexus RX 450h+ Prestige,319900,PLN,Hybryda Plug-in,16090,2025,Automatyczna
Fiat,Fiat Tipo 1.4 16v Pop,29900,PLN,Benzyna,129240,2016,Manualna
Mercedes-Benz,Mercedes-Benz W124 (1984-1993),45000,PLN,Benzyna,232000,1991,Manualna
Fiat,Fiat 500 1.2 8V Lounge,20900,PLN,Benzyna,103340,2011,Manualna
Land Rover,Land Rover Range Rover Sport,479000,PLN,Diesel,5,2025,Automatyczna
Hyundai,Hyundai Matrix,3500,PLN,Benzyna,260000,2009,Manualna
Audi,Audi A6 Avant 2.0 TFSI,13900,PLN,Benzyna,251000,2006,Manualna
Volkswagen,Volkswagen Golf 1.6 Comfortline,5900,PLN,Benzyna,244923,2001,Manualna
Nissan,Nissan Qashqai 2.0 dCi 4 x 4 DPF acenta,16000,PLN,Diesel,292933,2011,Manualna
BMW,BMW X3,129000,PLN,Benzyna,80000,2018,Automatyczna
Suzuki,Suzuki Jimny,48900,PLN,Benzyna,136000,2011,Manualna
Suzuki,Suzuki Jimny,56700,PLN,Benzyna,139000,2010,Manualna
Nissan,Nissan X-Trail 2.0 dCi Tekna 4WD Xtronic,72900,PLN,Diesel,42238,2018,Automatyczna
Opel,Opel Zafira 1.8 Elegance,4650,PLN,Benzyna+LPG,311000,2006,Manualna
Skoda,Skoda Octavia 1.9 TDI Ambiente,9900,PLN,Diesel,223000,2008,Manualna
Chevrolet,Chevrolet Aveo 1.4 16V LT,11499,PLN,Benzyna,151000,2011,Manualna
Kia,Kia ProCeed,32000,PLN,Benzyna,175363,2013,Manualna
Skoda,Skoda Kamiq 1.0 TSI Drive DSG,110500,PLN,Benzyna,5,2026,Automatyczna
Audi,Audi A3 Limousine,141900,PLN,Benzyna,8672,2026,Automatyczna
Skoda,Skoda Kamiq 1.5 TSI Drive DSG,116500,PLN,Benzyna,5,2026,Automatyczna
Skoda,Skoda Octavia 1.9 TDI Ambiente,12500,PLN,Diesel,234000,2007,Manualna
Volkswagen,Volkswagen Passat 1.5 TSI EVO Highline DSG,71900,PLN,Benzyna,71790,2018,Automatyczna
Volkswagen,Volkswagen Polo 1.4 TDI Trendline,5000,PLN,Diesel,226864,2005,Manualna
BMW,BMW X4,135000,PLN,Diesel,205000,2020,Automatyczna
Volkswagen,Volkswagen Golf 1.5 TSI ACT OPF BlueMotion Join,52500,PLN,Benzyna,150000,2018,Manualna
Mercedes-Benz,Mercedes-Benz CLA 200 7G-DCT,48950,PLN,Benzyna,227578,2015,Automatyczna
Audi,Audi Q3 Sportback 35 TFSI mHEV S tronic,187900,PLN,Benzyna,10,2026,Automatyczna
BMW,BMW M4 Competition sport,210000,PLN,Benzyna,121800,2021,Automatyczna
BYD,BYD Seal U,142500,PLN,Hybryda Plug-in,11150,2026,Automatyczna
Audi,Audi A4 Avant,56900,PLN,Diesel,219000,2022,Automatyczna
BMW,BMW Seria 3 320d DPF Edition Sport,24900,PLN,Diesel,224000,2012,Automatyczna
Lexus,Lexus IS 200,24900,PLN,Benzyna,254269,2001,Manualna
Opel,Opel Astra 2.0 CDTI Sport,19500,PLN,Diesel,228567,2013,Manualna
Kia,Kia Sorento 2.0 CRDI Business Line,68000,PLN,Diesel,148400,2015,Automatyczna
Toyota,Toyota Auris 1.4 D-4D Terra,10500,PLN,Diesel,275000,2011,Manualna
MINI,MINI ONE,109400,PLN,Benzyna,10,2026,Automatyczna
Toyota,Toyota Supra 3.0 Turbo,299000,PLN,Benzyna,25000,2024,Automatyczna
Mercedes-Benz,Mercedes-Benz Klasa V 220 (BlueTEC) d Avantgarde 7G-Tronic,130000,PLN,Diesel,332656,2018,Automatyczna
Volkswagen,Volkswagen Passat 2.0 TDI 4Mot Highline DSG,29000,PLN,Diesel,369000,2012,Automatyczna
BYD,BYD Sealion 7,247900,PLN,Elektryczny,10,2026,Automatyczna
Volkswagen,Volkswagen Passat CC 2.0 TDI DPF,28500,PLN,Diesel,188000,2010,Manualna
Audi,Audi A6 Avant 2.0T FSI,6900,PLN,Benzyna,474000,2007,Manualna
Renault,Renault Trafic,30000,PLN,Diesel,109078,2020,Manualna
BMW,BMW X3 xDrive30i xLine,112000,PLN,Benzyna,94953,2020,Automatyczna
Mitsubishi,Mitsubishi Space Star 1.0 Inform,13500,PLN,Benzyna,122354,2014,Manualna
Volvo,Volvo S60,6500,PLN,Diesel,380353,2005,Manualna
Skoda,Skoda Fabia 1.4 Comfort,3200,PLN,Benzyna,51898,2002,Manualna
Land Rover,Land Rover Discovery,15800,PLN,Diesel,220000,2002,Automatyczna
Porsche,Porsche Boxster S Tiptronic S,134700,PLN,Benzyna,74282,2007,Automatyczna
Maserati,Maserati Levante Q4,103900,PLN,Benzyna,74000,2017,Automatyczna
BYD,BYD Atto 3,183206,PLN,Elektryczny,10,2026,Automatyczna
Opel,Opel Crossland X,41000,PLN,Benzyna,56000,2020,Manualna
BMW,BMW Seria 1 116i M Sport,43000,PLN,Benzyna,224547,2019,Manualna
Skoda,Skoda Superb 3.6 FSI 4x4 Elegance DSG,32000,PLN,Benzyna,170212,2010,Automatyczna
Opel,Opel Astra 1.4 T Cosmo,21950,PLN,Benzyna+LPG,218000,2014,Manualna
Porsche,Porsche Macan T,299900,PLN,Benzyna,7000,2024,Automatyczna
Lexus,Lexus RX,355300,PLN,Hybryda Plug-in,5,2025,Automatyczna
Volkswagen,Volkswagen Caddy Standard,47000,PLN,Benzyna,48209,2021,Manualna
Audi,Audi A6 Limousine,37900,PLN,Benzyna,298000,2013,Automatyczna
Suzuki,Suzuki Grand Vitara 2.0,21500,PLN,Benzyna+LPG,217701,2006,Manualna
BYD,BYD Seal,244900,PLN,Elektryczny,10,2026,Automatyczna
Kia,Kia Sportage 1.6 T-GDI AWD DCT GT LINE,69900,PLN,Benzyna,150000,2017,Automatyczna
Mercedes-Benz,Mercedes-Benz Citan Tourer 415.703,20910,PLN,Diesel,299533,2016,Manualna
Porsche,Porsche Macan PDK,97000,PLN,Benzyna,159000,2018,Automatyczna
Mitsubishi,Mitsubishi Eclipse Cross 1.5 T-MIVEC ClearTec 2WD Diamant Edition,74999,PLN,Benzyna,29079,2020,Manualna
BMW,BMW X6 xDrive30d,199700,PLN,Diesel,149735,2020,Automatyczna
Toyota,Toyota C-HR 1.8 Hybrid Comfort,99900,PLN,Hybryda,49150,2023,Automatyczna
Skoda,Skoda Octavia 1.4 TSI Active,29900,PLN,Benzyna,289700,2015,Manualna
Renault,Renault Scenic,12000,PLN,Diesel,220000,2009,Manualna
Ford,Ford Focus 1.8 TDCi Ghia,3600,PLN,Diesel,261877,2007,Manualna
Nissan,Nissan Qashqai,18999,PLN,Benzyna+LPG,270646,2013,Manualna
Fiat,Fiat Panda,4500,PLN,Benzyna,150000,2003,Manualna
Ford,Ford Kuga 2.0 TDCi Trend FWD,12900,PLN,Diesel,260000,2009,Manualna
Audi,Audi A6 Limousine,86900,PLN,Benzyna,136257,2017,Automatyczna
Jeep,Jeep Cherokee 2.0 MJD Active Drive II Limited,44900,PLN,Diesel,210000,2015,Automatyczna
Citroën,Citroën C4 Cactus,11900,PLN,Benzyna,117000,2015,Manualna
Peugeot,Peugeot 208,19000,PLN,Benzyna,138080,2015,Manualna
Mazda,Mazda CX-30,78499,PLN,Benzyna,96566,2019,Automatyczna
Audi,Audi A4 Avant,45000,PLN,Diesel,188788,2015,Automatyczna
Skoda,Skoda Karoq,135999,PLN,Benzyna,28679,2025,Automatyczna
BMW,BMW X1 xDrive20i xLine,70000,PLN,Benzyna,170000,2016,Automatyczna
Audi,Audi A6 Limousine 2.0 TFSI S tronic,47000,PLN,Benzyna,255033,2014,Automatyczna
Land Rover,Land Rover Range Rover 5.0 V8 S/C AB,228000,PLN,Benzyna,175488,2019,Automatyczna
BMW,BMW Seria 3 320d xDrive mHEV M Sport,154700,PLN,Diesel,82764,2023,Automatyczna
Peugeot,Peugeot 207,9400,PLN,Benzyna+LPG,145000,2010,Manualna
Hyundai,Hyundai Tucson 1.7 CRDI BlueDrive Comfort 2WD,51900,PLN,Diesel,198000,2015,Manualna
Opel,Opel Vivaro,55350,PLN,Diesel,315925,2015,Manualna
Honda,Honda Civic 1.8 Executive,15500,PLN,Benzyna,222996,2008,Manualna
Fiat,Fiat Punto Evo 1.2 8V Easy Start&Stopp,10900,PLN,Benzyna,129900,2013,Manualna
Kia,Kia Sportage,85998,PLN,Benzyna,82316,2023,Manualna
Opel,Opel Corsa 1.2 Elegance S&S,29900,PLN,Benzyna,169000,2022,Manualna
Audi,Audi A4 Avant 1.8 T,12000,PLN,Benzyna+LPG,357000,2005,Manualna
Toyota,Toyota Corolla 1.8 Hybrid Style,104900,PLN,Hybryda,86012,2023,Automatyczna
Toyota,Toyota Yaris Hybrid 1.5 Style,85900,PLN,Hybryda,49007,2024,Automatyczna
BMW,BMW X4,146000,PLN,Diesel,145000,2019,Automatyczna
Renault,Renault Clio,1900,PLN,Benzyna,202529,2002,Manualna
Volkswagen,Volkswagen up! Standard,19500,PLN,Benzyna,94444,2013,Manualna
Mitsubishi,Mitsubishi ASX 1.6 DID Intense Plus 4WD,48900,PLN,Diesel,87794,2018,Manualna
Porsche,Porsche Cayenne Black Edition,539367,PLN,Benzyna,10,2026,Automatyczna
BYD,BYD Seal 6,166167,PLN,Hybryda Plug-in,10,2026,Automatyczna
Mercedes-Benz,Mercedes-Benz GLE 350 de PHEV 4-Matic AMG Line,249700,PLN,Hybryda Plug-in,111298,2022,Automatyczna
Mitsubishi,Mitsubishi Pajero 3.5 V6 GDI Elegance,9800,PLN,Benzyna,210000,2002,Automatyczna
Renault,Renault Clio 1.5 dCi Authentique,14000,PLN,Diesel,261000,2013,Manualna
Ford,Ford Focus 1.6 TDCi Silver X,7900,PLN,Diesel,243000,2009,Manualna
Volkswagen,Volkswagen Tiguan,61500,PLN,Diesel,282000,2018,Automatyczna
Peugeot,Peugeot 3008 1.2 PureTech Style,33900,PLN,Benzyna,67552,2016,Manualna
Ford,Ford Fiesta 1.25 Ambiente,24700,PLN,Benzyna,89390,2014,Manualna
Skoda,Skoda Octavia 1.9 TDI Elegance,15500,PLN,Diesel,275500,2007,Manualna
BMW-ALPINA,BMW-ALPINA D3 Standard,39999,PLN,Diesel,271272,2007,Manualna
BMW,BMW Seria 3,29000,PLN,Benzyna,274000,2002,Manualna
Hyundai,Hyundai ix35,28500,PLN,Diesel,187051,2012,Manualna
Honda,Honda Civic,119000,PLN,Hybryda,15620,2024,Automatyczna
Suzuki,Suzuki Vitara 1.5 Strong Hybrid Premium 4WD AGS,77367,PLN,Hybryda,43000,2022,Automatyczna
Skoda,Skoda Octavia,26500,PLN,Diesel,279000,2016,Automatyczna
Skoda,Skoda Octavia 1.5 TSI ACT Style DSG,64900,PLN,Benzyna,128000,2019,Automatyczna
Suzuki,Suzuki Grand Vitara 1.9 DDiS De Luxe,18000,PLN,Diesel,231342,2010,Manualna
Peugeot,Peugeot 407 2.0 HDi Premium,5500,PLN,Diesel,186700,2008,Manualna
BYD,BYD Seal U,192336,PLN,Hybryda Plug-in,10,2026,Automatyczna
BMW,BMW X5 xDrive40d mHEV,342078,PLN,Diesel,31200,2024,Automatyczna
Honda,Honda Civic,16900,PLN,Benzyna,203000,2006,Manualna
Toyota,Toyota RAV4 2.0 Style 4x4 MS,85000,PLN,Benzyna,128554,2017,Automatyczna
Nissan,Nissan Qashqai 2.0 dCi Acenta Pack,19900,PLN,Diesel,225000,2011,Manualna
Fiat,Fiat 500L Urban 1.3 Multijet Start&Stopp Lounge,19900,PLN,Diesel,142710,2013,Manualna
Mercedes-Benz,Mercedes-Benz GLA 220 4-Matic AMG Line,99500,PLN,Benzyna,43800,2018,Automatyczna
Toyota,Toyota RAV4 2.5 Plug-In Hybrid Selection 4x4,162900,PLN,Hybryda Plug-in,99333,2021,Automatyczna
Ford,Ford Mondeo,9000,PLN,Benzyna,258000,2008,Manualna
Dacia,Dacia Lodgy,16900,PLN,Diesel,230000,2015,Manualna
Porsche,Porsche Cayenne Standard,214900,PLN,Benzyna,108000,2021,Automatyczna
Dacia,Dacia Duster 1.6 Laureate Euro5,24000,PLN,Benzyna,168000,2014,Manualna
Alfa Romeo,Alfa Romeo Tonale 1.5 T4 GSE mHEV Sport Speciale DCT,186500,PLN,Hybryda,1,2026,Automatyczna
Renault,Renault Megane 1.9 dCi Business Line,7500,PLN,Diesel,323936,2010,Manualna
BMW,BMW X3,44800,PLN,Diesel,227057,2013,Automatyczna
Renault,Renault Scenic 2.0 16V Privilege X-Tronic CVT,17900,PLN,Benzyna,180000,2012,Automatyczna
Skoda,Skoda Fabia,4300,PLN,Diesel,324373,2006,Manualna
Nissan,Nissan Primera,4390,PLN,Benzyna,290000,2004,Manualna
BMW,BMW Seria 3 318d Sport Line,43000,PLN,Diesel,199000,2017,Automatyczna
Volkswagen,Volkswagen Golf,8000,PLN,Benzyna,275000,2004,Manualna
Opel,Opel Mokka 1.4 T Cosmo S&S 4x4,39800,PLN,Benzyna,109655,2014,Manualna
Porsche,Porsche Macan,119900,PLN,Benzyna,90500,2018,Automatyczna
Audi,Audi A6 Avant 2.0 TDI Ultra,60000,PLN,Diesel,208900,2015,Manualna
Opel,Opel Astra 1.4,8000,PLN,Benzyna,192129,2009,Manualna
BMW,BMW M8,349999,PLN,Benzyna,63524,2020,Automatyczna
Opel,Opel Zafira 1.6 CDTI Cosmo,27600,PLN,Diesel,192484,2015,Manualna
BMW,BMW X3 M Competition,265000,PLN,Benzyna,54124,2022,Automatyczna
Ford,Ford Focus C-Max,5600,PLN,Benzyna,193200,2007,Manualna
Volkswagen,Volkswagen Passat 1.8 TSI BMT Highline DSG,62000,PLN,Benzyna,224000,2017,Automatyczna
Denza,Denza N9,317700,PLN,Hybryda Plug-in,7300,2025,Automatyczna
Opel,Opel Insignia,12500,PLN,Benzyna,452000,2015,Manualna
Audi,Audi A5 Sportback,39444,PLN,Diesel,354000,2011,Manualna
Ford,Ford F150,149700,PLN,Benzyna,123656,2019,Automatyczna
Volkswagen,Volkswagen Passat 1.4 TSI BMT ACT Highline,45500,PLN,Benzyna,196200,2016,Manualna
Toyota,Toyota Yaris Hybrid 1.5 Comfort,65500,PLN,Hybryda,107000,2022,Automatyczna
Ford,Ford Mondeo 2.0 TDCi STart-Stopp PowerShift-Aut Titanium,28900,PLN,Diesel,288770,2015,Automatyczna
Lexus,Lexus NX 350h Omotenashi AWD,229900,PLN,Hybryda,38930,2023,Automatyczna
Alfa Romeo,Alfa Romeo Giulia 2.2 D Turbo Veloce Q4,235900,PLN,Diesel,1,2026,Automatyczna
BYD,BYD Seal U,168489,PLN,Hybryda Plug-in,10,2026,Automatyczna
Toyota,Toyota Corolla 1.8 Hybrid Style,104900,PLN,Hybryda,75311,2023,Automatyczna
Audi,Audi RS3 Sportback 2.5 TFSI GPF Quattro S tronic,139999,PLN,Benzyna,125000,2019,Automatyczna
Volvo,Volvo XC 90,185000,PLN,Benzyna,3520,2026,Automatyczna
Seat,Seat Leon 2.0 TDI DPF Start&Stop FR,39500,PLN,Diesel,238208,2015,Manualna
Honda,Honda CR-V 2.0 Executive,38400,PLN,Benzyna,218982,2011,Manualna
Renault,Renault Megane,6900,PLN,Diesel,212900,2004,Manualna
Toyota,Toyota Yaris Cross Hybrid 1.5 Style,108700,PLN,Hybryda,10133,2025,Automatyczna
Toyota,Toyota C-HR 1.8 Hybrid GPF Comfort,87800,PLN,Hybryda,111400,2022,Automatyczna
Infiniti,Infiniti FX,27900,PLN,Benzyna,232000,2008,Automatyczna
Porsche,Porsche Macan PDK,96000,PLN,Benzyna,140000,2017,Automatyczna
Toyota,Toyota Sienna 3.5 V6 SE,64500,PLN,Benzyna+LPG,187000,2014,Automatyczna
Renault,Renault Kangoo 1.6 8V Helios,14500,PLN,Benzyna,192000,2010,Manualna
BMW,BMW Seria 3 328i xDrive Luxury Line,55000,PLN,Benzyna,177000,2014,Automatyczna
Hyundai,Hyundai i10 1.0 BlueDrive Comfort,23900,PLN,Benzyna,140527,2018,Manualna
Volkswagen,Volkswagen Golf Plus 1.4 TSI Comfortline DSG,18600,PLN,Benzyna,211000,2011,Automatyczna
Chevrolet,Chevrolet Corvette,114000,PLN,Benzyna,73278,2005,Automatyczna
Volvo,Volvo XC 60 D4 AWD Summum,69900,PLN,Diesel,272684,2017,Automatyczna
Toyota,Toyota Proace Verso 2.0 D4-D Long Business,151850,PLN,Diesel,58983,2024,Manualna
Toyota,Toyota C-HR 2.0 Hybrid Selection,99850,PLN,Hybryda,61478,2019,Automatyczna
Volkswagen,Volkswagen Transporter,89600,PLN,Diesel,147488,2019,Manualna
Toyota,Toyota Corolla 1.8 Hybrid Comfort,89800,PLN,Hybryda,100274,2022,Automatyczna
MINI,MINI Countryman C mHEV Blackyard,178100,PLN,Hybryda,10,2025,Automatyczna
MINI,MINI Cooper C Linia Classic,140700,PLN,Benzyna,17,2025,Automatyczna
Audi,Audi A6 Limousine 40 TDI mHEV Quattro Sport S tronic,106000,PLN,Diesel,173000,2020,Automatyczna
Alfa Romeo,Alfa Romeo Spider 2.0 TSpark,19900,PLN,Benzyna,186775,2001,Manualna
Alfa Romeo,Alfa Romeo Giulietta 2.0 JTDM Progression,12999,PLN,Diesel,292300,2011,Manualna
Audi,Audi Q5 2.0 TFSI Quattro Sport S tronic,74500,PLN,Benzyna,199982,2018,Automatyczna
Opel,Opel Astra 1.8 Sport,13900,PLN,Benzyna+LPG,176000,2006,Manualna
MINI,MINI Cooper,41900,PLN,Benzyna,139144,2018,Automatyczna
Skoda,Skoda Kodiaq 2.0 TSI 4x4 Drive DSG,192116,PLN,Benzyna,7,2026,Automatyczna
Jaguar,Jaguar XJ,39900,PLN,Benzyna,142935,2004,Automatyczna
Honda,Honda Civic,7900,PLN,Benzyna,188000,2004,Manualna
Opel,Opel Mokka 1.6 CDTI ecoFLEX Start/Stop 4x4 Edition,39900,PLN,Diesel,136000,2015,Manualna
Skoda,Skoda Fabia 1.0 TSI Drive,81800,PLN,Benzyna,1,2026,Manualna
Citroën,Citroën C5 Aircross 1.2 mHEV Max eDCT6,129900,PLN,Benzyna,8100,2025,Automatyczna
MINI,MINI Aceman SE 54.2kWh Linia Favoured,179600,PLN,Elektryczny,19,2025,Automatyczna
Renault,Renault Captur,32900,PLN,Benzyna,120000,2014,Automatyczna
Kia,Kia Sportage 1.6 T-GDI HEV Business Line 2WD,99900,PLN,Hybryda,135000,2022,Automatyczna
Citroën,Citroën Jumper L2H2 S&S Live,89900,PLN,Diesel,245359,2019,Manualna
Mercedes-Benz,Mercedes-Benz Klasa G,229000,PLN,Diesel,142500,2009,Automatyczna
Volvo,Volvo XC 60,129900,PLN,Benzyna,125950,2021,Automatyczna
Porsche,Porsche 911 Carrera 4 GTS,807577,PLN,Benzyna,18225,2023,Automatyczna
BMW,BMW Seria 3 320d xDrive,59900,PLN,Diesel,154550,2014,Automatyczna
Volkswagen,Volkswagen T-Roc,64900,PLN,Diesel,194000,2018,Automatyczna
Skoda,Skoda Octavia 1.4 TSI Ambition,45000,PLN,Benzyna,121000,2016,Manualna
Porsche,Porsche Macan GTS,399000,PLN,Benzyna,4300,2022,Automatyczna
MINI,MINI Clubman,43800,PLN,Benzyna,124790,2017,Automatyczna
Ford,Ford Fiesta 1.25 Celebration,23900,PLN,Benzyna,161000,2014,Manualna
BMW,BMW Seria 3 318d Edition M Sport Shadow,99900,PLN,Diesel,228000,2023,Automatyczna
Fiat,Fiat Panda 1.2 Mylife Eco,7777,PLN,Benzyna,163554,2011,Manualna
BMW,BMW Seria 5 530i M Sport Edition,122900,PLN,Benzyna,81900,2018,Automatyczna
Kia,Kia Ceed,45000,PLN,Benzyna,113000,2017,Manualna
Jeep,Jeep Compass 2.0 MultiJet Active Drive Longitude,57900,PLN,Diesel,125000,2018,Manualna
Skoda,Skoda Octavia 1.6 Ambition,9500,PLN,Benzyna+LPG,346245,2012,Manualna
Ford,Ford Ranger 2.5 TDCi DC XL,26900,PLN,Diesel,184695,2006,Manualna
Volvo,Volvo S60 T5 Drive-E Summum,64000,PLN,Benzyna,112000,2016,Automatyczna
Kia,Kia Ceed 1.6 CRDi (48V Mild-Hybrid) DCT7 Platinum,47900,PLN,Diesel,156000,2021,Automatyczna
Audi,Audi SQ5,147000,PLN,Benzyna,135000,2018,Automatyczna
Mercedes-Benz,Mercedes-Benz W123,56700,PLN,Diesel,363692,1980,Manualna
Citroën,Citroën DS3,15200,PLN,Benzyna,120000,2011,Manualna
Ford,Ford Kuga 2.5 Duratec FHEV ST-LINE,85700,PLN,Hybryda,22000,2025,Automatyczna
Dacia,Dacia Sandero TCe 100 Comfort,31700,PLN,Benzyna,62000,2023,Manualna
Suzuki,Suzuki Swace 1.8 Hybrid Premium Plus CVT,86700,PLN,Hybryda,6000,2024,Automatyczna
Citroën,Citroën C4 e-HDi 115 Selection,9900,PLN,Diesel,275255,2014,Manualna
BMW,BMW Seria 3 318d Sport Line Shadow,58700,PLN,Diesel,148000,2019,Automatyczna
Porsche,Porsche Cayenne S Platinum Edition,73700,PLN,Diesel,240000,2015,Automatyczna
Renault,Renault Master L2 Pack Clim,59000,PLN,Diesel,190700,2017,Manualna
Citroën,Citroën DS3 PureTech 110 Start & Stop SoChic,19999,PLN,Benzyna,120500,2016,Manualna
Opel,Opel Insignia,29900,PLN,Diesel,171838,2014,Automatyczna
Opel,Opel Insignia 2.0 T Sport 4x4,12900,PLN,Benzyna,291000,2009,Automatyczna
Porsche,Porsche Panamera Turbo S E-Hybrid PHEV,1160978,PLN,Hybryda Plug-in,10,2026,Automatyczna
Hyundai,Hyundai ix20 1.4 Classic +,18500,PLN,Benzyna,140000,2011,Manualna
Peugeot,Peugeot 208,21900,PLN,Diesel,140863,2012,Automatyczna
Audi,Audi A3 Limousine,147900,PLN,Benzyna,8079,2026,Automatyczna
Opel,Opel Mokka 1.2 T mHEV Ultimate S&S eDTC6,116500,PLN,Benzyna,2,2026,Automatyczna
Ford,Ford Escape 1.6 EcoBoost FWD SEL,31900,PLN,Benzyna+LPG,217585,2014,Automatyczna
Land Rover,Land Rover Range Rover 3.0 P460e PHEV LWB Autobiography,719000,PLN,Hybryda Plug-in,11900,2025,Automatyczna
Seat,Seat Ibiza 1.2 12V Entry,8800,PLN,Benzyna,135560,2009,Manualna
Nissan,Nissan Pulsar 1.2 DIG-T Xtronic Tekna,28700,PLN,Benzyna,64420,2015,Automatyczna
Peugeot,Peugeot 206 1.1 Color-Line,3900,PLN,Benzyna,209500,2004,Manualna
Opel,Opel Combo,54900,PLN,Diesel,119000,2021,Manualna
Kia,Kia Sportage 1.6 GDI Business Line L 2WD,39400,PLN,Benzyna,169000,2013,Manualna
Lexus,Lexus NX 300h F Sport Edition AWD,115000,PLN,Hybryda,49000,2019,Automatyczna
Chatenet,Chatenet Inny,9999,PLN,Diesel,55000,2005,Automatyczna
Renault,Renault Captur 1.8 E-TECH Full Hybrid 160 Techno,89000,PLN,Hybryda,19000,2024,Automatyczna
Citroën,Citroën C3 1.2 PureTech Shine S&S,27900,PLN,Benzyna,95300,2016,Manualna
Fiat,Fiat 500,59900,PLN,Benzyna,120000,2019,Manualna
Polonez,Polonez Inny,14900,PLN,Benzyna,50000,1990,Manualna
Subaru,Subaru Uncharted,212000,PLN,Elektryczny,5,2026,Automatyczna
Ford,Ford EcoSport,51000,PLN,Benzyna,46000,2022,Automatyczna
Citroën,Citroën C5 Aircross 180 e-EAT8 MAX,67500,PLN,Hybryda Plug-in,21000,2024,Automatyczna
BAIC,BAIC 3 1.5T Luxury,57850,PLN,Benzyna,11626,2024,Manualna
Peugeot,Peugeot 308 1.6 THP Access,24900,PLN,Benzyna,80200,2014,Manualna
Nissan,Nissan Qashqai,151130,PLN,Hybryda,5,2026,Automatyczna
Daewoo,Daewoo Tico 800 SX,6000,PLN,Benzyna,57500,1996,Manualna
Hyundai,Hyundai i30,108900,PLN,Benzyna,11,2026,Automatyczna
Porsche,Porsche Macan,407105,PLN,Elektryczny,10,2026,Automatyczna
Volkswagen,Volkswagen Golf,78500,PLN,Hybryda Plug-in,94733,2022,Automatyczna
Audi,Audi SQ5 3.0 TDI Quattro Tiptronic competition,70000,PLN,Diesel,136000,2016,Automatyczna
Mercedes-Benz,Mercedes-Benz Klasa S,465000,PLN,Benzyna,64500,2014,Automatyczna
Jeep,Jeep Renegade 1.4 MultiAir Limited FWD S&S,54900,PLN,Benzyna,89800,2017,Automatyczna
Hyundai,Hyundai Tucson,141900,PLN,Benzyna,11,2026,Automatyczna
Hyundai,Hyundai i30,112900,PLN,Benzyna,11,2026,Automatyczna
Hyundai,Hyundai i30,112500,PLN,Benzyna,10,2026,Automatyczna
Mazda,Mazda CX-3 SKYACTIV-G 121 FWD Drive KANGEI,64400,PLN,Benzyna,86000,2019,Automatyczna
Toyota,Toyota Corolla 1.5 Comfort,54990,PLN,Benzyna,90000,2022,Manualna
Ford,Ford Kuga,110899,PLN,Hybryda,38502,2023,Automatyczna
Citroën,Citroën Ami,29990,PLN,Elektryczny,6000,2025,Automatyczna
Opel,Opel Corsa 1.2 Edition S&S,63900,PLN,Benzyna,2,2026,Manualna
RAM,RAM 1500 TRX,329000,PLN,Benzyna,24000,2021,Automatyczna
Ford,Ford Tourneo Connect,46700,PLN,Diesel,68000,2023,Manualna
Toyota,Toyota Sienna,252000,PLN,Benzyna,10200,2023,Automatyczna
Ford,Ford Kuga,173500,PLN,Hybryda,10,2026,Automatyczna
Subaru,Subaru Solterra,225000,PLN,Elektryczny,1,2026,Automatyczna
Seat,Seat Ateca 1.5 TSI ACT DSG OPF Xperience,72900,PLN,Benzyna,99000,2021,Automatyczna
Jaecoo,Jaecoo 5,133400,PLN,Hybryda,10,2026,Automatyczna
Omoda,Omoda 5,133400,PLN,Hybryda,10,2026,Automatyczna
Opel,Opel Corsa 1.4 Automatik Edition,31800,PLN,Benzyna,88642,2018,Automatyczna
Audi,Audi A7 Sportback,109000,PLN,Diesel,101000,2016,Automatyczna
Mercedes-Benz,Mercedes-Benz Klasa A,27000,PLN,Diesel,110000,2021,Automatyczna
Audi,Audi Q5 2.0 TFSI Quattro S tronic design,87200,PLN,Benzyna,128000,2019,Automatyczna
Audi,Audi RS5 Sportback 2.9 TFSI Quattro Tiptronic,277900,PLN,Benzyna,31270,2023,Automatyczna
Mercedes-Benz,Mercedes-Benz Klasa G,1360000,PLN,Benzyna,57324,2021,Automatyczna
Ford,Ford Mondeo,65900,PLN,Hybryda,130200,2019,Automatyczna
Kia,Kia Stonic 1.2 L,49900,PLN,Benzyna,146050,2018,Manualna
Seat,Seat Ibiza,29900,PLN,Benzyna,70000,2017,Manualna
Opel,Opel Grandland 1.6 T PHEV Business Elegance,73900,PLN,Hybryda Plug-in,140000,2022,Automatyczna
Audi,Audi A5 Sportback 2.0 TDI DPF multitronic,49900,PLN,Diesel,135220,2013,Automatyczna
Honda,Honda Civic 2.0 i-MMD Sport BSI CVT,152400,PLN,Hybryda,5,2026,Automatyczna
Hyundai,Hyundai i30,121900,PLN,Benzyna,11,2026,Automatyczna
Opel,Opel Mokka X 1.4 T Enjoy S&S,57900,PLN,Benzyna,68430,2018,Manualna
Smart,Smart Fortwo perfect,32900,PLN,Elektryczny,46000,2019,Automatyczna
Toyota,Toyota Corolla,65890,PLN,Benzyna,84532,2021,Automatyczna
BMW,BMW X4 M M40i,99900,PLN,Benzyna,164600,2016,Automatyczna
Audi,Audi Q3 45 TFSI Quattro S tronic S line,99900,PLN,Benzyna,104152,2020,Automatyczna
Toyota,Toyota Camry 2.5 Hybrid Dynamic Force Executive e-CVT,234500,PLN,Hybryda,15000,2025,Automatyczna
Fiat,Fiat 500 1.2 Lounge,29999,PLN,Benzyna,58367,2018,Manualna
Toyota,Toyota Aygo x-play,41500,PLN,Benzyna,83700,2019,Manualna
Land Rover,Land Rover Discovery Sport TD4 Dynamic,42999,PLN,Diesel,141000,2017,Automatyczna
Dacia,Dacia Spring,31300,PLN,Elektryczny,14200,2021,Manualna
Seat,Seat Tarraco 2.0 TSI 4Drive DSG OPF Xcellence,93000,PLN,Benzyna,125000,2020,Automatyczna
Volkswagen,Volkswagen Golf Sportsvan SV 2.0 TDI BMT Highline,54800,PLN,Diesel,147000,2017,Manualna
Audi,Audi Q5,124000,PLN,Benzyna,35000,2023,Automatyczna
Aston Martin,Aston Martin Vanquish,795000,PLN,Benzyna,17000,2017,Automatyczna
Audi,Audi A4 Limousine 40 TFSI mHEV Quattro S tronic,104000,PLN,Benzyna,104343,2021,Automatyczna
Nissan,Nissan Qashqai,72900,PLN,Benzyna,143100,2022,Automatyczna
Mercedes-Benz,Mercedes-Benz GLC AMG 43 4Matic 9G-TRONIC,119000,PLN,Benzyna,124000,2019,Automatyczna
Ford,Ford Fiesta 1.4 Trend,23000,PLN,Benzyna,92679,2014,Manualna
Abarth,Abarth 595,69900,PLN,Benzyna,60000,2019,Manualna
Omoda,Omoda 7,174800,PLN,Hybryda Plug-in,10,2026,Automatyczna
Fiat,Fiat Tipo 1.4 Classic,19700,PLN,Benzyna,164000,2021,Manualna
Opel,Opel Grandland X 1.2 T GPF Edition Business Pack S&S,47800,PLN,Benzyna,126900,2018,Automatyczna
Audi,Audi A6 Limousine 55 TFSI mHEV Quattro S Line S tronic,235000,PLN,Benzyna,51000,2022,Automatyczna
Citroën,Citroën Visa,16900,PLN,Benzyna,87769,1983,Manualna
Fiat,Fiat 500X 1.4 MultiAir 4x2 S&S Lounge,48900,PLN,Benzyna,84000,2018,Manualna
Toyota,Toyota Yaris 1.5 Comfort,58900,PLN,Benzyna+LPG,93122,2023,Manualna
Suzuki,Suzuki Swift 1.2 Club,24900,PLN,Benzyna,156600,2015,Manualna
Opel,Opel Cascada,34900,PLN,Benzyna,100800,2013,Manualna
Renault,Renault Trafic,91000,PLN,Diesel,89000,2024,Manualna
Toyota,Toyota Yaris Hybrid 100 Dynamic EU6,49900,PLN,Hybryda,99730,2017,Automatyczna
Opel,Opel Corsa,43900,PLN,Benzyna,67400,2020,Manualna
Mazda,Mazda CX-3 2.0 Skyenergy,58900,PLN,Benzyna,130730,2017,Manualna
Volkswagen,Volkswagen Passat Variant,24900,PLN,Hybryda Plug-in,80000,2020,Automatyczna
Renault,Renault Espace,112545,PLN,Hybryda,39000,2025,Automatyczna
Opel,Opel Zafira,199900,PLN,Diesel,2,2026,Automatyczna
Hyundai,Hyundai i30 1.4 Comfort,27900,PLN,Benzyna+LPG,138062,2013,Manualna
MINI,MINI Countryman,49900,PLN,Diesel,123520,2015,Automatyczna
Fiat,Fiat 500L 1.4 16V Pop-Star,31900,PLN,Benzyna,132000,2016,Manualna
Mazda,Mazda 3 SKYACTIV-G 120 Automatik Exclusive-Line,69900,PLN,Benzyna,82310,2019,Automatyczna
Mercedes-Benz,Mercedes-Benz Klasa E AMG 63 S 4-Matic+,279900,PLN,Benzyna,62700,2019,Automatyczna
Volkswagen,Volkswagen Golf 1.5 TSI BMT Comfortline,51900,PLN,Benzyna,101200,2019,Manualna
Peugeot,Peugeot 208 PureTech 75 Allure,39900,PLN,Benzyna,76100,2021,Manualna
Hyundai,Hyundai Veloster,24990,PLN,Benzyna,150000,2011,Manualna
Suzuki,Suzuki SX4,39900,PLN,Benzyna,63970,2014,Manualna
Mercedes-Benz,Mercedes-Benz GLA 200 (CDI) d 7G-DCT Style,65900,PLN,Diesel,113680,2015,Automatyczna
Suzuki,Suzuki Swift,74900,PLN,Benzyna,1,2026,Manualna
Volkswagen,Volkswagen Golf Sportsvan 1.2 TSI (BlueMotion Technology) Comfortline,49900,PLN,Benzyna,114800,2017,Manualna
Honda,Honda ZR-V 2.0 i-MMD HEV Advance BSI/CTM 2WD CVT,174900,PLN,Hybryda,5,2026,Automatyczna
Skoda,Skoda Octavia 1.5 TSI e-Tec Style DSG,81900,PLN,Benzyna,58200,2022,Automatyczna
Subaru,Subaru E-Outback,255440,PLN,Elektryczny,1,2026,Automatyczna
Jeep,Jeep Grand Cherokee 3.6 V6 Limited,166500,PLN,Benzyna,97900,2022,Automatyczna
Porsche,Porsche 718 Cayman GTS 4.0 PDK,469000,PLN,Benzyna,46999,2023,Automatyczna
Kia,Kia Sportage 1.6 T-GDI HEV GT Line 2WD,31800,PLN,Hybryda,160000,2023,Automatyczna
Volkswagen,Volkswagen Caddy 2.0 TDI Alltrack 4Motion,79890,PLN,Diesel,181523,2019,Manualna
Renault,Renault Clio 1.2 16V Limited,34900,PLN,Benzyna,59270,2017,Manualna
BMW,BMW Seria 3 320d,44500,PLN,Diesel,212039,2015,Automatyczna
Ford,Ford B-MAX 1.0 EcoBoost Ambiente,18900,PLN,Benzyna,63000,2013,Manualna
Ford,Ford Transit,174200,PLN,Diesel,10,2026,Automatyczna
Citroën,Citroën C4 Hybrid 136 ë-DSC6 YOU,22900,PLN,Benzyna,7000,2024,Automatyczna
Mercedes-Benz,Mercedes-Benz Klasa S 450 d mHEV 4-Matic L 9G-TRONIC,450000,PLN,Diesel,55000,2023,Automatyczna
Skoda,Skoda Octavia 1.5 TSI ACT Style,82990,PLN,Benzyna,57725,2022,Manualna
BMW,BMW M5,367900,PLN,Benzyna,55214,2023,Automatyczna
BMW,BMW X1 xDrive18d,26000,PLN,Diesel,150000,2010,Manualna
Audi,Audi A6 Avant,24990,PLN,Diesel,353000,2009,Automatyczna
Opel,Opel Grandland X 1.2 Start/Stop Dynamic,36900,PLN,Benzyna,129000,2017,Manualna
BMW,BMW X4,84000,PLN,Benzyna,130000,2018,Automatyczna
Fiat,Fiat 500 1.2 Pop,24999,PLN,Benzyna,178000,2017,Manualna
Volkswagen,Volkswagen Jetta 1.2 TSI Comfortline Perfectline,19900,PLN,Benzyna,180000,2011,Manualna
Peugeot,Peugeot 208,39900,PLN,Benzyna,58500,2023,Manualna
Audi,Audi A3 3-drzwiowe,11000,PLN,Diesel,336250,2010,Manualna
Suzuki,Suzuki Jimny,59999,PLN,Benzyna,110000,2012,Automatyczna
Renault,Renault Megane 1.6 16V Dynamique,13200,PLN,Benzyna+LPG,272000,2008,Manualna
Peugeot,Peugeot 308 BlueHDi FAP 180 EAT8 Stop & Start GT,59999,PLN,Diesel,132000,2018,Automatyczna
Suzuki,Suzuki Ignis,57999,PLN,Benzyna,30000,2019,Automatyczna
Suzuki,Suzuki Jimny,67999,PLN,Benzyna,100000,2013,Manualna
Volkswagen,Volkswagen Golf Plus 2.0 TDI Highline,17900,PLN,Diesel,292000,2012,Manualna
Skoda,Skoda Octavia Scout 2.0 TDI 4x4 DSG,45900,PLN,Diesel,235000,2016,Automatyczna
Suzuki,Suzuki Grand Vitara,44999,PLN,Benzyna,89000,2007,Manualna
Ford,Ford Fiesta ST2 EU6,37900,PLN,Benzyna,189000,2015,Manualna
Toyota,Toyota C-HR,156850,PLN,Hybryda,13390,2024,Automatyczna
MG,MG HS 1.5 T-GDI Excite DCT,29900,PLN,Benzyna+LPG,78900,2023,Automatyczna
Peugeot,Peugeot 208 1.2 PureTech Access,21900,PLN,Benzyna,74000,2017,Manualna
Opel,Opel Meriva 1.7 CDTI Edition 150,12900,PLN,Diesel,209000,2011,Manualna
Citroën,Citroën C4 Picasso e-HDi 115 Intensive,19500,PLN,Diesel,253000,2014,Manualna
Seat,Seat Leon 2.0 TDI FR S&S DSG,74700,PLN,Diesel,122500,2021,Automatyczna
Audi,Audi A3 Sportback 1.6 TDI DPF Attraction S tronic,18900,PLN,Diesel,248000,2010,Automatyczna
Audi,Audi Q5,41900,PLN,Benzyna,255250,2009,Automatyczna
Citroën,Citroën C4 Picasso,6500,PLN,Diesel,241000,2007,Automatyczna
Skoda,Skoda Octavia,54000,PLN,Diesel,91000,2019,Manualna
Volkswagen,Volkswagen Tiguan 2.0 TDI Perfectline,29900,PLN,Diesel,228000,2012,Manualna
Toyota,Toyota Yaris 1.0 Premium EU6,31900,PLN,Benzyna,56000,2016,Manualna
Opel,Opel Zafira 1.7 CDTI Sport,12800,PLN,Diesel,258000,2010,Manualna
Volvo,Volvo XC 60 T8 AWD Polestar Engineered,218940,PLN,Hybryda Plug-in,70000,2022,Automatyczna
Porsche,Porsche Panamera GTS,349935,PLN,Benzyna,135000,2019,Automatyczna
Suzuki,Suzuki Grand Vitara,52700,PLN,Benzyna+LPG,139000,2011,Manualna
Suzuki,Suzuki Grand Vitara 2.0 De luxe,43700,PLN,Benzyna,138000,2008,Manualna
Skoda,Skoda RAPID,16500,PLN,Benzyna,350000,2016,Manualna
Ford,Ford Kuga 2.5P PHEV FWD ST-Line X,83640,PLN,Hybryda Plug-in,154000,2020,Automatyczna
Opel,Opel Movano,25000,PLN,Diesel,804000,2018,Manualna
Peugeot,Peugeot 2008 1.2 Pure Tech Access EU6,18900,PLN,Benzyna,179000,2014,Manualna
Volvo,Volvo V60 D4 SCR Inscription,68999,PLN,Diesel,240000,2019,Manualna
Audi,Audi Q3 45 TFSI Quattro S Line S tronic,89700,PLN,Benzyna,141141,2021,Automatyczna
Citroën,Citroën Berlingo,1600,PLN,Diesel,359000,2006,Manualna
Ford,Ford Transit Connect,38000,PLN,Benzyna,78000,2023,Manualna
Hyundai,Hyundai Tucson,94998,PLN,Benzyna,90714,2023,Automatyczna
Toyota,Toyota Yaris,38000,PLN,Benzyna,100744,2014,Manualna
Skoda,Skoda Octavia,71999,PLN,Benzyna,122404,2022,Automatyczna
Toyota,Toyota Avensis,27000,PLN,Diesel,183037,2014,Manualna
Hyundai,Hyundai Santa Fe,50999,PLN,Diesel,192027,2015,Automatyczna
Kia,Kia Sportage,69999,PLN,Benzyna,67548,2018,Automatyczna
Audi,Audi A6 Limousine,130000,PLN,Hybryda,102587,2021,Automatyczna
Citroën,Citroën C3,58999,PLN,Benzyna,19758,2024,Automatyczna
Opel,Opel Astra,36999,PLN,Benzyna,95989,2020,Manualna
Fiat,Fiat 500,32000,PLN,Benzyna,23828,2015,Automatyczna
BMW,BMW Seria 3,46000,PLN,Benzyna,168840,2013,Automatyczna
BMW,BMW i3 94 Ah,69000,PLN,Elektryczny,63000,2018,Automatyczna
Volkswagen,Volkswagen Golf 1.6 TDI BMT Comfortline,29999,PLN,Diesel,268500,2015,Manualna
Kia,Kia Sportage 1.6 GDI M 2WD,42900,PLN,Benzyna,156000,2012,Manualna
BMW,BMW X3 xDrive30i mHEV M Sport sport,170900,PLN,Benzyna,36000,2023,Automatyczna
Opel,Opel Grandland X 2.0 D Start/Stop Automatik Dynamic,59999,PLN,Diesel,194000,2019,Automatyczna
Mercedes-Benz,Mercedes-Benz Klasa B 180 (CDI) d Urban,49999,PLN,Diesel,169000,2017,Manualna
Dacia,Dacia Duster 1.2 TCe Prestige,28299,PLN,Benzyna,133000,2014,Manualna
Seat,Seat Ibiza 1.2 12V Copa,17999,PLN,Benzyna,119000,2012,Manualna
Porsche,Porsche Cayenne Standard,484000,PLN,Benzyna,10400,2024,Automatyczna
Toyota,Toyota Yaris Hybrid 1.5 Executive,84900,PLN,Hybryda,39000,2023,Automatyczna
Ford,Ford Mondeo,24999,PLN,Benzyna,211800,2000,Manualna
MINI,MINI Cooper S Linia John Works,156600,PLN,Benzyna,1,2026,Automatyczna
Peugeot,Peugeot 2008 1.2 Pure Tech Allure S&S,29900,PLN,Benzyna,94000,2016,Manualna
Skoda,Skoda Karoq,63800,PLN,Diesel,119894,2020,Manualna
BMW,BMW X5 xDrive25d,144900,PLN,Diesel,190000,2019,Automatyczna
Land Rover,Land Rover Defender 3.0 D250 mHEV S,429900,PLN,Diesel,50,2026,Automatyczna
Mitsubishi,Mitsubishi Outlander,10900,PLN,Benzyna+LPG,278000,2004,Manualna
Dodge,Dodge Challenger 3.6 SXT Plus,111999,PLN,Benzyna,46000,2020,Automatyczna
Volkswagen,Volkswagen Tiguan 1.4 TSI 4Motion Sport & Style,22900,PLN,Benzyna,212438,2008,Manualna
Opel,Opel Grandland 1.2 T Business Elegance S&S,55900,PLN,Benzyna,200000,2022,Automatyczna
Opel,Opel Corsa 1.2 16V EcoFLEX Satellite,12700,PLN,Benzyna,212102,2011,Manualna
Ford,Ford S-Max,22900,PLN,Benzyna,214000,2014,Manualna
Honda,Honda CR-V 2.0i-VTEC 4WD Automatik Lifestyle,53900,PLN,Benzyna,207600,2013,Automatyczna
Mercedes-Benz,Mercedes-Benz CLA 200 AMG Line,55500,PLN,Benzyna,254000,2017,Manualna
Seat,Seat Cordoba,2300,PLN,Benzyna+LPG,316000,1996,Manualna
Honda,Honda Civic 1.5 i-VTEC Turbo Elegance,77900,PLN,Benzyna,58000,2019,Manualna
Toyota,Toyota RAV4,118000,PLN,Benzyna,55998,2023,Automatyczna
Hyundai,Hyundai ix20,39000,PLN,Benzyna,48041,2017,Manualna
Honda,Honda Jazz 1.3 i-VTEC Elegance,47900,PLN,Benzyna,87364,2018,Manualna
Toyota,Toyota Corolla 1.8D L,7900,PLN,Diesel,226650,1988,Manualna
Honda,Honda Jazz 1.3 i-VTEC Comfort (ADAS) CVT,76900,PLN,Benzyna,7900,2021,Automatyczna
Honda,Honda Civic,30000,PLN,Benzyna+LPG,181901,2013,Manualna
Kia,Kia Picanto 1.2 L,40900,PLN,Benzyna,72000,2019,Automatyczna
Opel,Opel Corsa 1.4 Enjoy,26900,PLN,Benzyna,147917,2018,Manualna
Peugeot,Peugeot 308,69999,PLN,Diesel,58691,2022,Manualna
Renault,Renault Clio 1.5 dCi Energy Intens+ EU6,32900,PLN,Diesel,84000,2018,Manualna
Kia,Kia Ceed,56999,PLN,Benzyna,136689,2022,Manualna
Renault,Renault Scenic 1.9 dCi FAP Conquest,4300,PLN,Diesel,343000,2007,Manualna
Renault,Renault Megane,30000,PLN,Benzyna,105874,2016,Automatyczna
Honda,Honda Civic 1.8 Sport,38900,PLN,Benzyna,151000,2013,Manualna
Seat,Seat Leon,11500,PLN,Diesel,280000,2005,Manualna
Kia,Kia Sorento 2.0 CRDI XL 7os,42000,PLN,Diesel,200000,2014,Manualna
Opel,Opel Astra 1.4 Turbo ecoFLEX Start/Stop Sport,19990,PLN,Benzyna,173927,2011,Manualna
Audi,Audi A3 Limousine 40 TFSI quattro S tronic S line,92900,PLN,Benzyna,9400,2022,Automatyczna
Ford,Ford Mustang,57900,PLN,Benzyna+LPG,213000,2008,Automatyczna
Seat,Seat Leon,63900,PLN,Benzyna,78200,2020,Manualna
Ford,Ford Focus ver-1-0-ecoboost-mhev-active-x,52900,PLN,Hybryda,104000,2021,Manualna
Audi,Audi A6 Avant 3.0 TDI DPF quattro S tronic,52500,PLN,Diesel,240000,2013,Automatyczna
Mercedes-Benz,Mercedes-Benz Klasa C 200 7G-TRONIC,77500,PLN,Benzyna,207521,2016,Automatyczna
Volkswagen,Volkswagen Golf 1.5 TSI EVO Life,63900,PLN,Benzyna,59198,2020,Manualna
Porsche,Porsche Macan T PDK,219000,PLN,Benzyna,15000,2023,Automatyczna
Peugeot,Peugeot 2008 BlueHDi FAP 120 STOP & START GT-Line Edition,38900,PLN,Diesel,97000,2017,Manualna
Hyundai,Hyundai Tucson,83900,PLN,Benzyna,63752,2023,Manualna
Suzuki,Suzuki Splash,16900,PLN,Benzyna,81828,2012,Manualna
Skoda,Skoda Octavia,7999,PLN,Benzyna,343570,2011,Manualna
Mazda,Mazda MX-3,52000,PLN,Elektryczny,57181,2020,Automatyczna
Hyundai,Hyundai Kona 1.6 T-GDI Premium N Line 4WD DCT,129000,PLN,Benzyna,8200,2024,Automatyczna
Opel,Opel Insignia 1.5 T Enjoy S&S,46900,PLN,Benzyna,118500,2017,Manualna
Mazda,Mazda 5,19900,PLN,Benzyna,220000,2015,Manualna
Peugeot,Peugeot 208 1.6 e-HDi Active STT,15000,PLN,Diesel,144673,2012,Manualna
Toyota,Toyota C-HR,91800,PLN,Hybryda,73400,2019,Automatyczna
Hyundai,Hyundai ix35,35800,PLN,Diesel,117400,2013,Automatyczna
Volvo,Volvo S90 D5 SCR AWD R-Design,98000,PLN,Diesel,168000,2019,Automatyczna
Peugeot,Peugeot 3008,59900,PLN,Benzyna,138900,2017,Automatyczna
Opel,Opel Astra,3300,PLN,Diesel,287000,2006,Manualna
Renault,Renault Talisman,29600,PLN,Diesel,200000,2019,Automatyczna
BMW,BMW Seria 5,27500,PLN,Diesel,354862,2005,Automatyczna
Seat,Seat Leon 1.5 EcoTSI Evo Xcellence S&S,59900,PLN,Benzyna,67843,2019,Manualna
Opel,Opel Vivaro L2H1 2.9t Edition Elegance,44900,PLN,Diesel,305100,2015,Manualna
Volkswagen,Volkswagen Golf Variant 1.5 TSI EVO Life,17700,PLN,Benzyna,48000,2024,Manualna
Jeep,Jeep Renegade 1.4 MultiAir Limited FWD S&S,36500,PLN,Benzyna,140000,2015,Manualna
Jaguar,Jaguar XE 2.0 T Pure,53900,PLN,Benzyna,156700,2017,Automatyczna
Citroën,Citroën Berlingo Multispace HDi 115 FAP Exclusive,21900,PLN,Diesel,212000,2014,Manualna
Opel,Opel Insignia 1.5 GS Line,54900,PLN,Diesel,100962,2021,Manualna
BMW,BMW Seria 1 135i,45000,PLN,Benzyna,125000,2010,Manualna
Mercedes-Benz,Mercedes-Benz Klasa E 320 CDI Avantgarde,25000,PLN,Diesel,295163,2008,Automatyczna
Citroën,Citroën SpaceTourer 2.0 BlueHDi M Shine,71900,PLN,Diesel,119900,2020,Manualna
Audi,Audi A5 Sportback 40 TFSI mHEV S Line S tronic,88560,PLN,Benzyna,198000,2019,Automatyczna
Citroën,Citroën DS3,12999,PLN,Benzyna,169000,2010,Manualna
Opel,Opel Combo,11999,PLN,Benzyna,157000,2003,Manualna
Audi,Audi A6 Limousine,14500,PLN,Diesel,265000,2007,Manualna
Peugeot,Peugeot 207,9500,PLN,Benzyna,169000,2009,Manualna
Mercedes-Benz,Mercedes-Benz CLA,130000,PLN,Diesel,46000,2022,Automatyczna
BMW,BMW Seria 1 118i,13500,PLN,Benzyna,244478,2005,Manualna
Opel,Opel Insignia,54900,PLN,Benzyna,107000,2019,Manualna
Mazda,Mazda 3,17000,PLN,Benzyna,191391,2012,Manualna
Audi,Audi A3 Sportback 35 TFSI Sport S tronic,99500,PLN,Benzyna,86000,2020,Automatyczna
Opel,Opel Insignia 1.6 CDTI ecoFLEX Start/Stop Sport,25700,PLN,Diesel,225000,2017,Manualna
Kia,Kia Venga 1.4 CVVT Business Line,42900,PLN,Benzyna,27000,2018,Manualna
Volkswagen,Volkswagen Touareg 3.0 V6 TDI DPF Perfect Tiptr,25999,PLN,Diesel,370000,2008,Automatyczna
Ford,Ford Galaxy 2.0 TDCi Titanium MPS6,27000,PLN,Diesel,273268,2012,Automatyczna
Volkswagen,Volkswagen CC 2.0 TDI DPF BMT,36999,PLN,Diesel,259000,2013,Manualna
Ford,Ford Transit Custom L2H1 VA Trend,39500,PLN,Diesel,291000,2014,Manualna
Citroën,Citroën C5 II 2.0i 16V Exclusive,17999,PLN,Benzyna,234524,2009,Manualna
Volkswagen,Volkswagen Tiguan 2.0 TDI DPF 4Motion BlueMotion Technology DSG Life,48000,PLN,Diesel,175500,2013,Automatyczna
Renault,Renault Megane,32500,PLN,Benzyna,148091,2012,Manualna
Alfa Romeo,Alfa Romeo Stelvio 2.0 Turbo TI Q4,119000,PLN,Benzyna,63000,2021,Automatyczna
Suzuki,Suzuki Grand Vitara 2.0 HDi,10850,PLN,Diesel,450000,2004,Manualna
Opel,Opel Astra 2.0 CDTI DPF ecoFLEX Start/Stop Edition Sport,22500,PLN,Diesel,203500,2015,Manualna
Seat,Seat Leon 1.6 TDI DPF Style,23900,PLN,Diesel,254108,2014,Manualna
Volkswagen,Volkswagen Garbus,104000,PLN,Benzyna,400,1962,Manualna
Peugeot,Peugeot 3008 1.2 PureTech Crossway S&S,32900,PLN,Benzyna,114982,2016,Manualna
Seat,Seat Ibiza 1.2 12V Style Salsa,21000,PLN,Benzyna,151000,2015,Manualna
Seat,Seat Leon 1.2 TSI Start&Stop I-Tech,18900,PLN,Benzyna,269139,2013,Manualna
Volkswagen,Volkswagen Passat 3.6 V6 4Mot Highline DSG,22900,PLN,Benzyna,401062,2012,Automatyczna
Mercedes-Benz,Mercedes-Benz AMG GT,359000,PLN,Benzyna,9000,2018,Automatyczna
Toyota,Toyota Yaris,65500,PLN,Benzyna+LPG,51000,2022,Manualna
Ford,Ford Mustang,99900,PLN,Benzyna,56100,2018,Automatyczna
Citroën,Citroën C3 Pure Tech 83 S&S SHINE PACK,38500,PLN,Benzyna,53600,2021,Manualna
Volvo,Volvo V60 B4 D Momentum Pro,75000,PLN,Diesel,176800,2022,Automatyczna
BMW,BMW X6,275000,PLN,Diesel,110000,2022,Automatyczna
Mazda,Mazda MX-5 ver-1-8,37999,PLN,Benzyna,246000,1996,Manualna
Kia,Kia Sorento 2.0 CRDI XL,70000,PLN,Diesel,184000,2016,Automatyczna
BMW,BMW Seria 3 330i Sport Line,99000,PLN,Benzyna,147000,2019,Automatyczna
Toyota,Toyota Auris 1.4 D-4D Life,19900,PLN,Diesel,305331,2013,Manualna
Honda,Honda Accord 2.0 Comfort,12000,PLN,Benzyna,236800,2005,Manualna
Audi,Audi A3 Sportback 1.6 TDI 102g DPF,39900,PLN,Diesel,237450,2014,Manualna
Opel,Opel Astra 1.4 T Active,28000,PLN,Benzyna+LPG,272104,2018,Manualna
Renault,Renault Megane ENERGY TCe 130 Start & Stop LIMITED,35900,PLN,Benzyna,127000,2018,Manualna
Lexus,Lexus NX 300h Elegance AWD,94000,PLN,Hybryda,125797,2017,Automatyczna
Toyota,Toyota Corolla 1.8 Hybrid Comfort,67000,PLN,Hybryda,182000,2021,Automatyczna
Porsche,Porsche Macan,132000,PLN,Benzyna,136020,2017,Automatyczna
Opel,Opel Corsa 1.4 16V EcoFLEX Start-Stop 150 Jahre,15900,PLN,Benzyna,79000,2014,Manualna
Mercedes-Benz,Mercedes-Benz Klasa E 250 CDI 4-Matic Avantgarde,36000,PLN,Diesel,380000,2014,Automatyczna
Dacia,Dacia Duster,26900,PLN,Benzyna,89000,2021,Manualna
Ford,Ford C-MAX,26800,PLN,Hybryda,212400,2013,Automatyczna
Toyota,Toyota Avensis,18900,PLN,Diesel,314000,2012,Manualna
Mitsubishi,Mitsubishi Outlander 2.0 Intense + Navi 4WD CVT,49900,PLN,Benzyna,164000,2020,Automatyczna
MINI,MINI Clubman,143437,PLN,Benzyna,57500,2023,Automatyczna
Dodge,Dodge Durango,149000,PLN,Benzyna,130000,2022,Automatyczna
Peugeot,Peugeot 308 1.4 Presence,12900,PLN,Benzyna,160000,2011,Manualna
Mercedes-Benz,Mercedes-Benz Klasa S 560 9G-TRONIC Exclusive Edition,419900,PLN,Benzyna,74062,2019,Automatyczna
Audi,Audi RS Q8 TFSI quattro tiptronic,365000,PLN,Benzyna,85026,2021,Automatyczna
BMW,BMW Seria 7 M760Li xDrive,319000,PLN,Benzyna,72000,2017,Automatyczna
BMW,BMW M5 DKG,229000,PLN,Benzyna,52730,2014,Automatyczna
Ferrari,Ferrari F430 F1,465000,PLN,Benzyna,55000,2007,Automatyczna
Fiat,Fiat 500L,63000,PLN,Benzyna,98708,1970,Manualna
Volkswagen,Volkswagen Scirocco,56000,PLN,Benzyna,223000,2010,Automatyczna
Seat,Seat Leon 1.4 TSI Start&Stop I-Tech,37800,PLN,Benzyna,140000,2014,Manualna
Audi,Audi A3 Sportback 2.0 TDI DPF Ambition,8900,PLN,Diesel,397000,2005,Manualna
Volkswagen,Volkswagen Touran 1.2 TSI BlueMot CityLine,26800,PLN,Benzyna,186479,2013,Manualna
BMW,BMW Seria 5,72600,PLN,Diesel,141200,2015,Automatyczna
DS Automobiles,DS Automobiles DS 7 Crossback,69900,PLN,Diesel,197000,2022,Automatyczna
Opel,Opel Astra,52000,PLN,Benzyna,140000,2018,Manualna
Renault,Renault Clio,25900,PLN,Benzyna,80000,2019,Manualna
BMW,BMW Seria 2 220d Sport Line,52000,PLN,Diesel,219000,2014,Manualna
Nissan,Nissan Qashqai 1.2 DIG-T Tekna+,56700,PLN,Benzyna,90856,2018,Manualna
Hyundai,Hyundai i30,7500,PLN,Benzyna,261000,2008,Manualna
Peugeot,Peugeot 3008 1.6 PureTech HYbrid4 GT S&S EAT8,89700,PLN,Hybryda Plug-in,134000,2021,Automatyczna
Land Rover,Land Rover Range Rover Evoque,94500,PLN,Diesel,86865,2021,Automatyczna
Subaru,Subaru Impreza 1.6i Lineartronic Exclusive,61500,PLN,Benzyna,50000,2021,Automatyczna
Opel,Opel Insignia 2.0 CDTI ecoFLEXStart/Stop Business Innovation,36500,PLN,Diesel,208109,2015,Manualna
Honda,Honda Civic,52900,PLN,Benzyna,137000,2015,Manualna
Volvo,Volvo V60 D3 Geartronic Momentum,29900,PLN,Diesel,177000,2013,Automatyczna
Nissan,Nissan Qashqai,102000,PLN,Hybryda,61000,2023,Automatyczna
Honda,Honda Civic 1.4 Comfort,15500,PLN,Benzyna,250000,2010,Manualna
Renault,Renault Megane,3800,PLN,Diesel,219188,2007,Manualna
Suzuki,Suzuki SX4,15900,PLN,Diesel,188001,2008,Manualna
Jeep,Jeep Grand Cherokee 2.7 CRD Overland,29900,PLN,Diesel,212000,2004,Automatyczna
Toyota,Toyota Yaris,29950,PLN,Benzyna,87000,2012,Manualna
Kia,Kia Ceed 1.5 T-GDI M,52900,PLN,Benzyna,156400,2022,Manualna
Kia,Kia Venga 1.6 CVVT Automatik Vision,19900,PLN,Benzyna,183000,2010,Automatyczna
Hyundai,Hyundai Tucson 1.6 Turbo 4WD DCT Premium,61900,PLN,Benzyna,119000,2016,Automatyczna
Nissan,Nissan Qashqai 1.5 dCi Acenta,34900,PLN,Diesel,199800,2014,Manualna
BMW,BMW Seria 7 730d xDrive,43900,PLN,Diesel,280799,2013,Automatyczna
Fiat,Fiat Panda,2900,PLN,Benzyna,182200,2005,Manualna
Nissan,Nissan Terrano 3.0 Di Luxury,23500,PLN,Diesel,325143,2005,Manualna
Mercedes-Benz,Mercedes-Benz Viano 3.0 CDI Trend (d³ugi),79000,PLN,Diesel,298248,2011,Automatyczna
Seat,Seat Leon 1.4 TSI FR S&S,41999,PLN,Benzyna,178000,2015,Manualna
Renault,Renault Kangoo,25900,PLN,Elektryczny,140500,2020,Automatyczna
Honda,Honda Civic,14000,PLN,Benzyna,230500,2006,Manualna
BMW,BMW Seria 3,7500,PLN,Benzyna,1,2000,Manualna
Opel,Opel Combo 1.5 CDTI Edition S&S,122508,PLN,Diesel,7,2026,Manualna
BMW,BMW Seria 3 318d,35999,PLN,Diesel,227000,2014,Manualna
Citroën,Citroën C4 Picasso,22500,PLN,Diesel,218000,2013,Manualna
Skoda,Skoda Superb 1.5 TSI Style DSG,79000,PLN,Benzyna,114000,2019,Automatyczna
BMW,BMW X1 xDrive18d,166900,PLN,Diesel,43000,2024,Automatyczna
MINI,MINI Countryman,36500,PLN,Benzyna,170000,2012,Automatyczna
Mercedes-Benz,Mercedes-Benz CLA 200 AMG Line 7G-DCT,129900,PLN,Benzyna,67029,2022,Automatyczna
BMW,BMW X7,279000,PLN,Benzyna,81000,2023,Automatyczna
Opel,Opel Vectra 2.0 T Design,12000,PLN,Benzyna,193500,2004,Manualna
Opel,Opel Astra 1.6 Enjoy,8000,PLN,Benzyna,235000,2007,Manualna
Audi,Audi S7 Sportback Standard,175000,PLN,Benzyna,29000,2015,Automatyczna
Audi,Audi A5 Sportback,51999,PLN,Diesel,177509,2013,Manualna
Mercedes-Benz,Mercedes-Benz ML 63 AMG 4-Matic,67900,PLN,Benzyna,223000,2008,Automatyczna
Volkswagen,Volkswagen Passat 2.0 TDI DSG BlueMotion Technology R-Line,33900,PLN,Diesel,242000,2014,Automatyczna
Renault,Renault Megane 1.4 16V TCE Dynamique,11900,PLN,Benzyna,230000,2011,Manualna
Fiat,Fiat 500 1.2 Star,40000,PLN,Benzyna,58000,2019,Manualna
Citroën,Citroën C3 1.4 HDi SX Plus,6900,PLN,Diesel,173000,2009,Manualna
Mercedes-Benz,Mercedes-Benz GLA 220 d 4-Matic,132500,PLN,Diesel,192000,2021,Automatyczna
Volkswagen,Volkswagen Polo 1.2 TSI Highline,17900,PLN,Benzyna,164000,2011,Manualna
Citroën,Citroën C5,11999,PLN,Diesel,267000,2008,Automatyczna
Volvo,Volvo XC 60 D4 R-Design,103999,PLN,Diesel,162000,2018,Automatyczna
Opel,Opel Zafira Tourer 1.4 Turbo Active,29900,PLN,Benzyna,153412,2014,Manualna
Seat,Seat Leon 1.4,12400,PLN,Benzyna,236000,2008,Manualna
Audi,Audi A7 Sportback 3.0 TDI Quattro Competition Tiptr,69900,PLN,Diesel,263100,2015,Automatyczna
Peugeot,Peugeot 308 1.6 BlueHDi Allure S&S,17900,PLN,Diesel,239000,2016,Manualna
Toyota,Toyota Corolla 1.8 Hybrid Comfort,72000,PLN,Hybryda,153000,2022,Automatyczna
Ford,Ford Fiesta 1.25 SYNC Edition,14990,PLN,Benzyna,189000,2011,Manualna
Peugeot,Peugeot 207 1.4 16V Presence,8990,PLN,Benzyna,157000,2007,Manualna
BMW,BMW Seria 3,16900,PLN,Diesel,250,2008,Manualna
Kia,Kia Sportage 1.7 CRDI M 2WD,28500,PLN,Diesel,216600,2013,Manualna
Seat,Seat Ibiza 1.6 16V Sport Edition,13900,PLN,Benzyna,160000,2009,Manualna
Audi,Audi A6 Allroad,199800,PLN,Diesel,60500,2023,Automatyczna
BMW,BMW M2,299999,PLN,Benzyna,7620,2024,Automatyczna
Audi,Audi RS3 Limousine 2.5 TFSI GPF Quattro S tronic,160000,PLN,Benzyna,99802,2019,Automatyczna
Skoda,Skoda Fabia 1.0 Ambition,51500,PLN,Benzyna,27316,2021,Manualna
Fiat,Fiat 500 1.4 16V Sport,9900,PLN,Benzyna,249112,2009,Manualna
Kia,Kia XCeed 1.5 T-GDI M,91500,PLN,Benzyna,19500,2023,Manualna
Renault,Renault Laguna 2.0 Dynamique,11900,PLN,Benzyna,236800,2010,Manualna
Toyota,Toyota C-HR 2.0 Hybrid Style,95000,PLN,Hybryda,75000,2023,Automatyczna
Volvo,Volvo S90 D5 AWD Geartronic R Design,83333,PLN,Diesel,191000,2018,Automatyczna
Opel,Opel Astra 1.6 CDTI DPF ecoFLEX Start/Stop Edition,17900,PLN,Diesel,224000,2015,Manualna
Citroën,Citroën C5,9000,PLN,Diesel,137168,2004,Automatyczna
Hyundai,Hyundai ix35 1.7 CRDi Classic 2WD,32500,PLN,Diesel,159700,2014,Manualna
Renault,Renault Trafic,94899,PLN,Diesel,91200,2023,Manualna
Ford,Ford Grand C-MAX 1.6 TDCi Titanium,26000,PLN,Diesel,202628,2013,Manualna
Ford,Ford Kuga,21000,PLN,Diesel,305000,2008,Manualna
Mercedes-Benz,Mercedes-Benz Klasa E,87500,PLN,Benzyna,125000,2017,Automatyczna
Citroën,Citroën C-Elysée 1.2 VTi Seduction,11500,PLN,Benzyna,127797,2013,Manualna
Mercedes-Benz,Mercedes-Benz Klasa C 180,52700,PLN,Benzyna,161100,2016,Manualna
Peugeot,Peugeot 2008 PureTech 110 Stop&Start EAT6 Crossway,36900,PLN,Benzyna,106000,2016,Automatyczna
Mercedes-Benz,Mercedes-Benz CLS 350 BlueEFFICIENCY,64000,PLN,Benzyna,220000,2011,Automatyczna
Alfa Romeo,Alfa Romeo Stelvio 2.0 Turbo Veloce Q4,139000,PLN,Benzyna,59900,2021,Automatyczna
Opel,Opel Vivaro,14900,PLN,Diesel,432000,2004,Manualna
Volvo,Volvo C30 1.8F Summum,16500,PLN,Benzyna+LPG,236511,2008,Manualna
Opel,Opel Astra,22100,PLN,Diesel,210928,2012,Automatyczna
Opel,Opel Astra,7000,PLN,Benzyna+LPG,193746,2005,Manualna
MINI,MINI Cooper 50 Mayfair,24900,PLN,Benzyna,139554,2010,Automatyczna
Volkswagen,Volkswagen CC,20900,PLN,Diesel,30000,2008,Automatyczna
Skoda,Skoda Kamiq 1.5 TSI Drive DSG,111202,PLN,Benzyna,7,2026,Automatyczna
Peugeot,Peugeot 3008 1.2 PureTech GPF Allure S&S EAT8,66900,PLN,Benzyna,158500,2019,Automatyczna
Volkswagen,Volkswagen Passat 2.0 TDI SCR DSG 4Motion Business,80500,PLN,Diesel,122000,2019,Automatyczna
Dacia,Dacia Sandero Stepway,18900,PLN,Benzyna,114000,2012,Manualna
Kia,Kia Ceed 1.4 CVVT Dream Team Edition,35800,PLN,Benzyna,144000,2015,Manualna
Alfa Romeo,Alfa Romeo Junior 1.2 mHEV Ti Q4 eDCT,143500,PLN,Hybryda,1,2026,Automatyczna
Alfa Romeo,Alfa Romeo Junior 1.2 mHEV Ti eDCT,135900,PLN,Hybryda,1,2026,Automatyczna
Mercedes-Benz,Mercedes-Benz Klasa C 43 AMG 4MATIC,251550,PLN,Benzyna,4650,2021,Automatyczna
Peugeot,Peugeot 206 plus 1.1 Presence,9100,PLN,Benzyna,83500,2009,Manualna
Opel,Opel Mokka 1.4 T Cosmo S&S 4x4 EU6,36900,PLN,Benzyna,110247,2013,Manualna
Toyota,Toyota Prius 1.8 HSD Prestige,19900,PLN,Benzyna+LPG,428000,2010,Automatyczna
Kia,Kia Ceed 1.6 GDI M,27000,PLN,Benzyna,180830,2012,Manualna
Volvo,Volvo V70 D4 Drive-E Momentum,39900,PLN,Diesel,234000,2015,Automatyczna
Toyota,Toyota Prius,18900,PLN,Benzyna+LPG,335000,2011,Automatyczna
Ford,Ford Focus,115000,PLN,Benzyna,70000,2016,Manualna
BMW,BMW Seria 3 330i GPF xDrive Sport Line Sport,75800,PLN,Benzyna,98900,2018,Automatyczna
Kia,Kia Venga 1.4 M,14900,PLN,Benzyna+LPG,230000,2010,Manualna
Opel,Opel Insignia,12500,PLN,Benzyna,261000,2010,Manualna
Toyota,Toyota Aygo 1.0 VVT-i Color Edition,37000,PLN,Benzyna,56000,2018,Manualna
Volkswagen,Volkswagen Golf 1.4 Q,5000,PLN,Benzyna,228509,2001,Manualna
Audi,Audi A3 Sportback 40 e-tron S tronic design,46900,PLN,Hybryda Plug-in,161079,2015,Automatyczna
Jeep,Jeep Wrangler 3.6 Unlim Sahara,75000,PLN,Benzyna,136096,2012,Automatyczna
Nissan,Nissan Juke 1.6 N-Tec CVT,32900,PLN,Benzyna,134000,2013,Automatyczna
Citroën,Citroën C8 2.2 HDi Exclusive,6800,PLN,Diesel,339200,2009,Manualna
Skoda,Skoda Octavia 1.5 TSI mHEV Drive Selection DSG,135072,PLN,Benzyna,7,2026,Automatyczna
Volkswagen,Volkswagen Transporter,15700,PLN,Diesel,420000,2008,Manualna
Hyundai,Hyundai Santa Fe,13900,PLN,Benzyna,177000,2013,Automatyczna
Opel,Opel Mokka 1.6 ecoFLEX Start/Stop Selection,33900,PLN,Benzyna,198000,2013,Manualna
Peugeot,Peugeot 3008,88300,PLN,Benzyna,60900,2022,Automatyczna
Saab,Saab 9-5,15500,PLN,Benzyna,315000,2007,Automatyczna
Toyota,Toyota Corolla 1.6 Comfort,45900,PLN,Benzyna+LPG,176422,2017,Manualna
Nissan,Nissan Qashqai 1.2 DIG-T Acenta EU6,34900,PLN,Benzyna,188500,2015,Manualna
Mitsubishi,Mitsubishi Lancer 1.8 Invite,16000,PLN,Benzyna+LPG,348909,2008,Manualna
Mercedes-Benz,Mercedes-Benz CLK,5500,PLN,Benzyna+LPG,247272,1998,Automatyczna
Renault,Renault Clio,10999,PLN,Benzyna,204000,2009,Manualna
Citroën,Citroën C4 PureTech 130 Stop & Start Exclusive,11800,PLN,Benzyna,165000,2014,Manualna
Audi,Audi Q8,389900,PLN,Hybryda Plug-in,1539,2026,Automatyczna
Ford,Ford Focus,26999,PLN,Benzyna,138000,2014,Manualna
Opel,Opel Vectra,3500,PLN,Benzyna,235000,2004,Manualna
Mazda,Mazda 6 1.8 Exclusive,14000,PLN,Benzyna,280000,2008,Manualna
Jeep,Jeep Grand Cherokee 4.7 Limited,65000,PLN,Benzyna,349870,2000,Automatyczna
Toyota,Toyota Corolla Verso 1.6 Terra,5500,PLN,Benzyna,327000,2003,Manualna
Toyota,Toyota Avensis 1.6 Luna,15900,PLN,Benzyna,283000,2009,Manualna
Mercedes-Benz,Mercedes-Benz CLS 450 4-Matic AMG,244900,PLN,Benzyna,61300,2021,Automatyczna
Ford,Ford Tourneo Custom 2.0 EcoBlue Hybrid L2 Titanium,124900,PLN,Diesel,120705,2022,Manualna
Fiat,Fiat Punto 1.2 Fresh,17200,PLN,Benzyna,100500,2013,Manualna
Skoda,Skoda Kamiq 1.0 TSI Ambition,67900,PLN,Benzyna,86256,2023,Manualna
Chrysler,Chrysler Sebring,12500,PLN,Benzyna,139145,2008,Automatyczna
Mercedes-Benz,Mercedes-Benz Klasa A 180 AMG Line 7G-DCT,99900,PLN,Benzyna,58446,2020,Automatyczna
Peugeot,Peugeot 508 1.6 T Business Line,18200,PLN,Benzyna,217000,2011,Manualna
Volkswagen,Volkswagen Scirocco,17900,PLN,Benzyna,299000,2010,Manualna
Ford,Ford Fiesta 1.25 Titanium X,24900,PLN,Benzyna,159806,2013,Manualna
Hyundai,Hyundai Tucson 1.6 GDi 2WD Style,62900,PLN,Benzyna,127074,2017,Manualna
Renault,Renault Captur,65900,PLN,Benzyna,100000,2020,Automatyczna
BMW,BMW X3,13700,PLN,Diesel,356421,2004,Automatyczna
Mercedes-Benz,Mercedes-Benz Klasa B 200 BlueEFFICIENCY Edition 1,32990,PLN,Benzyna,194000,2014,Manualna
Mazda,Mazda 6 2.0 SKYEnergy,58000,PLN,Benzyna,139000,2017,Automatyczna
Audi,Audi Q7 50 TDI mHEV Quattro Tiptr,109900,PLN,Diesel,208400,2018,Automatyczna
Ford,Ford Fiesta 1.4 Viva X,13990,PLN,Benzyna,151000,2009,Manualna
Ford,Ford Puma 1.0 EcoBoost Hybrid ST-LINE X DESIGN,59900,PLN,Benzyna,100000,2022,Manualna
Opel,Opel Astra,12000,PLN,Benzyna,136655,2011,Manualna
Mercedes-Benz,Mercedes-Benz Klasa A,42500,PLN,Diesel,208000,2012,Manualna
Ford,Ford Kuga 2.0 TDCi AWD Titanium,69900,PLN,Diesel,95291,2018,Automatyczna
Peugeot,Peugeot Partner 120 VTi Tendance,19990,PLN,Benzyna,200000,2012,Manualna
BMW,BMW X3 M,237900,PLN,Diesel,74000,2022,Automatyczna
Mazda,Mazda MX-5 1.6,39900,PLN,Benzyna,252779,1991,Manualna
Audi,Audi A8 50 TDI mHEV Quattro Tiptr,149900,PLN,Diesel,200000,2019,Automatyczna
Jeep,Jeep Avenger,87900,PLN,Benzyna,21300,2024,Automatyczna
Ford,Ford Mondeo 1.8 TDCi Titanium,11050,PLN,Diesel,197803,2008,Manualna
Ford,Ford Kuga 2.5 Titanium,22000,PLN,Benzyna,230401,2009,Automatyczna
Volvo,Volvo V40 Cross Country D3 Summum,45900,PLN,Diesel,180000,2016,Manualna
Toyota,Toyota Avensis,40500,PLN,Diesel,139136,2018,Manualna
Kia,Kia Ceed 1.5 T-GDI M DCT,89900,PLN,Benzyna,22915,2024,Automatyczna
Opel,Opel Zafira 1.6 (ECOTEC) DIT Automatik Business Edition,55900,PLN,Benzyna,109000,2017,Automatyczna
DS Automobiles,DS Automobiles DS 7 Crossback 1.6 E-Tense 4x4 Louvre,94000,PLN,Hybryda Plug-in,170137,2022,Automatyczna
Skoda,Skoda Octavia 1.5 TSI ACT Ambition,92000,PLN,Benzyna,76917,2020,Manualna
Opel,Opel Combo 1.5 CDTI Essentia S&S,118900,PLN,Diesel,1,2026,Manualna
Toyota,Toyota Proace City Verso Long 1.5 D-4D Business,116900,PLN,Diesel,5,2026,Manualna
Opel,Opel Astra 1.6 Turbo Cosmo,20900,PLN,Benzyna,220000,2010,Manualna
BMW,BMW Seria 5 530i xDrive,93000,PLN,Benzyna,175000,2018,Automatyczna
Seat,Seat Leon 1.4 TSI Xcellence S&S,55900,PLN,Benzyna,120000,2017,Manualna
Honda,Honda HR-V 1.5 i-VTEC CVT Executive,77900,PLN,Benzyna,48000,2018,Automatyczna
Seat,Seat Ibiza SC 1.6 TDI CR Copa,15500,PLN,Diesel,144971,2012,Manualna
Hongqi,Hongqi HS3,114100,PLN,Benzyna,10,2025,Automatyczna
Audi,Audi A3 Limousine 2.0 TFSI quattro S tronic design,75600,PLN,Benzyna,160000,2017,Automatyczna
Hongqi,Hongqi H5 2.0T Comfort,138500,PLN,Benzyna,10,2025,Automatyczna
Skoda,Skoda Octavia 1.2 TSI Active,25000,PLN,Benzyna,331000,2015,Manualna
Fiat,Fiat 600 HYBRID 125 Jahre Edition,75000,PLN,Benzyna,2500,2025,Automatyczna
Hyundai,Hyundai Tucson 1.6 T-GDi HEV 2WD Prime,79900,PLN,Hybryda,159000,2021,Automatyczna
Hyundai,Hyundai i30,21500,PLN,Benzyna,171675,2012,Manualna
Renault,Renault Kadjar,64900,PLN,Benzyna,106664,2020,Automatyczna
Renault,Renault Scenic ENERGY TCe 115 Bose Edition,21999,PLN,Benzyna,119000,2013,Manualna
Renault,Renault Grand Espace 2.0 Initiale,18500,PLN,Benzyna+LPG,193000,2005,Manualna
Kia,Kia Rio 1.4 M,35500,PLN,Benzyna,121000,2017,Manualna
Audi,Audi Q5 40 TFSI mHEV Quattro Advanced S tronic,140890,PLN,Benzyna,51800,2023,Automatyczna
Kia,Kia Ceed 1.6 CRDi M,16900,PLN,Diesel,259000,2014,Manualna
BMW,BMW Seria 3,258000,PLN,Benzyna,19000,2024,Automatyczna
Audi,Audi Q7,375900,PLN,Diesel,1583,2026,Automatyczna
Volvo,Volvo XC 40 T3 Geartronic RDesign,89900,PLN,Benzyna,149000,2021,Automatyczna
Skoda,Skoda Kodiaq 2.0 TDI 4x4 Style DSG,104900,PLN,Diesel,165252,2022,Automatyczna
Alfa Romeo,Alfa Romeo Tonale 1.6 JTD Sprint DCT,145900,PLN,Diesel,1,2026,Automatyczna
Opel,Opel Insignia 2.0 CDTI 4x4 Automatik Business Edition,26900,PLN,Diesel,217000,2015,Automatyczna
Seat,Seat Leon 1.9 TDI Reference,8900,PLN,Diesel,300768,2007,Manualna
Hyundai,Hyundai ix35,26900,PLN,Diesel,199000,2011,Manualna
Toyota,Toyota RAV4 2.2 D-CAT 4x4 Sol,17900,PLN,Diesel,172920,2008,Manualna
Opel,Opel Meriva 1.4 Active,16900,PLN,Benzyna,255000,2012,Manualna
Kia,Kia Venga 1.4 CRDi 90 Spirit,17900,PLN,Diesel,138912,2014,Manualna
Opel,Opel Meriva 1.4 Active,16900,PLN,Benzyna,209872,2012,Manualna
Skoda,Skoda Yeti 2.0 TDI Elegance,31900,PLN,Diesel,223489,2016,Manualna
Volkswagen,Volkswagen Tiguan 2.0 TSI 4Motion Sport & Style,29900,PLN,Benzyna,162605,2009,Manualna
Volkswagen,Volkswagen Tiguan 1.4 TSI Trend&Fun,34900,PLN,Benzyna,190542,2014,Manualna
Toyota,Toyota RAV4 2.0 Premium 4x4 MS,50000,PLN,Benzyna+LPG,248961,2015,Automatyczna
Nissan,Nissan Micra 1.2 Style Edition CVT,23900,PLN,Benzyna,189864,2011,Automatyczna
BMW,BMW X1 xDrive25i GPF Sport Line sport,32000,PLN,Benzyna,78912,2021,Automatyczna
MINI,MINI Cooper S,29900,PLN,Benzyna,164000,2012,Manualna
Volvo,Volvo V50,6500,PLN,Diesel,263000,2008,Manualna
Volkswagen,Volkswagen Golf,36000,PLN,Diesel,200000,2017,Manualna
Volvo,Volvo XC 60 T6 AWD Inscription,34500,PLN,Benzyna,68962,2018,Automatyczna
Skoda,Skoda Fabia,23000,PLN,Benzyna,250000,2010,Manualna
Hyundai,Hyundai Tucson 1.6 GDi 4WD DCT Premium,23500,PLN,Benzyna,80282,2017,Automatyczna
Mazda,Mazda 6,27900,PLN,Diesel,229000,2013,Automatyczna
Citroën,Citroën C5,26900,PLN,Diesel,249000,2015,Automatyczna
Audi,Audi A4 Avant 2.0 TDI,18900,PLN,Diesel,292000,2008,Manualna
Hyundai,Hyundai Kona 2.0 T-GDI N Performance DCT,94990,PLN,Benzyna,43975,2023,Automatyczna
Land Rover,Land Rover Discovery Sport 2.0 D200 mHEV Dynamic SE,214900,PLN,Diesel,13000,2025,Automatyczna
Audi,Audi A4 Avant,66900,PLN,Benzyna,125000,2018,Automatyczna
BMW,BMW Seria 8,248000,PLN,Benzyna,109801,2020,Automatyczna
BMW,BMW Seria 3 330i xDrive M Sport,164900,PLN,Benzyna,45000,2023,Automatyczna
Mercedes-Benz,Mercedes-Benz Klasa A 35 AMG 4-Matic 7G-DCT,139900,PLN,Benzyna,56770,2021,Automatyczna
Suzuki,Suzuki Vitara 1.4 Boosterjet Hybrid Allgrip Comfort,73900,PLN,Benzyna,52000,2021,Manualna
Hyundai,Hyundai i20 1.25 Classic +,5800,PLN,Benzyna+LPG,289739,2014,Manualna
Fiat,Fiat Punto 1.2 Fresh,12900,PLN,Benzyna,171150,2013,Manualna
Porsche,Porsche Macan Standard,273000,PLN,Benzyna,32000,2023,Automatyczna
Volvo,Volvo V60,174900,PLN,Hybryda Plug-in,13650,2024,Automatyczna
Volkswagen,Volkswagen Golf,70000,PLN,Benzyna,57207,2022,Manualna
Kia,Kia Ceed 1.4 CVVT Edition 7,33900,PLN,Benzyna,199000,2016,Manualna
Toyota,Toyota Aygo x-play touch,29800,PLN,Benzyna,73000,2015,Manualna
Hyundai,Hyundai i30,30900,PLN,Benzyna,83000,2016,Automatyczna
Audi,Audi A3 Sportback 2.0 TDI Quattro Ambition,8000,PLN,Diesel,279490,2007,Manualna
Mercedes-Benz,Mercedes-Benz Klasa C 250 (BlueTEC) d 7G-TRONIC,29999,PLN,Diesel,365000,2012,Automatyczna
Volkswagen,Volkswagen Touran,27200,PLN,Benzyna,245678,2011,Manualna
Volvo,Volvo V40 Cross Country D2 Geartronic,44900,PLN,Diesel,169000,2017,Automatyczna
Audi,Audi A6 Avant 55 TFSI e quattro S tronic S line,119000,PLN,Hybryda Plug-in,124900,2020,Automatyczna
Volkswagen,Volkswagen Golf Plus,10900,PLN,Benzyna,221000,2006,Manualna
Renault,Renault Clio 0.9 Energy TCe Alize,25500,PLN,Benzyna,144800,2019,Manualna
Cupra,Cupra Formentor 2.0 TSI 4Drive DSG VZ Extreme,158900,PLN,Benzyna,13000,2025,Automatyczna
Opel,Opel Mokka X 1.6 (ecoFLEX) Start/Stop Selection,49999,PLN,Benzyna,98000,2017,Manualna
Ford,Ford Focus 1.0 EcoBoost Titanium,17900,PLN,Benzyna,136997,2012,Manualna
Fiat,Fiat Punto,8700,PLN,Diesel,238567,2008,Manualna
Renault,Renault Captur,51500,PLN,Benzyna+LPG,152548,2020,Manualna
Hyundai,Hyundai Tucson,110000,PLN,Hybryda,178855,2022,Automatyczna
Peugeot,Peugeot 308 1.2 PureTech GPF GT Pack S&S,21900,PLN,Benzyna,129000,2016,Manualna
Volkswagen,Volkswagen T-Roc,106999,PLN,Benzyna,42335,2023,Automatyczna
Mitsubishi,Mitsubishi ASX,19500,PLN,Diesel,241000,2010,Manualna
Kia,Kia Ceed,22900,PLN,Diesel,285500,2019,Manualna
Suzuki,Suzuki Swift 1.2 Dualjet Hybrid Comfort,49900,PLN,Benzyna,20839,2023,Manualna
Citroën,Citroën DS3,19999,PLN,Benzyna,116900,2012,Manualna
Peugeot,Peugeot 2008 PureTech 130 GPF Stop&Start Allure,49900,PLN,Benzyna,138673,2019,Manualna
Dacia,Dacia Sandero TCe 90 Laureate,26500,PLN,Benzyna,93300,2016,Manualna
Volkswagen,Volkswagen Golf 1.6 TDI Highline,12980,PLN,Diesel,289000,2011,Manualna
Nissan,Nissan Qashqai 1.2 DIG-T Acenta EU6,33700,PLN,Benzyna,168000,2017,Manualna
Citroën,Citroën SpaceTourer 2.0 BlueHDi XL Shine,140900,PLN,Diesel,40000,2024,Automatyczna
Fiat,Fiat Punto 1.4 Estiva S&S,12500,PLN,Benzyna,138112,2011,Manualna
Audi,Audi S5 Sportback 3.0 TFSI Quattro S tronic,59500,PLN,Benzyna,220000,2012,Automatyczna
Cupra,Cupra Leon 1.5 eTSI mHEV DSG,104900,PLN,Benzyna,39500,2023,Automatyczna
BMW,BMW Seria 2,29900,PLN,Diesel,201000,2014,Manualna
Renault,Renault Espace,6500,PLN,Diesel,370000,2006,Manualna
Skoda,Skoda Kodiaq,104999,PLN,Diesel,115624,2022,Automatyczna
Toyota,Toyota Proace City,95850,PLN,Diesel,9653,2024,Manualna
Kia,Kia Carens,12900,PLN,Benzyna+LPG,197114,2008,Manualna
Audi,Audi Q2 1.4 TFSI Cylinder on demand S tronic sport,69900,PLN,Benzyna,106000,2016,Automatyczna
BMW,BMW Seria 3 318i M Sport,119000,PLN,Benzyna,54000,2020,Automatyczna
Suzuki,Suzuki SX4 S-Cross 1.0 Boosterjet Club,31500,PLN,Benzyna,189000,2017,Manualna
Honda,Honda CR-V 2.0i-VTEC Comfort,29900,PLN,Benzyna,199000,2009,Manualna
Skoda,Skoda Octavia 2.0 TDI DPF Ambiente,8700,PLN,Diesel,266000,2006,Manualna
BMW,BMW X3 xDrive20d xLine sport,124800,PLN,Diesel,103000,2020,Automatyczna
Lexus,Lexus NX 450h+ Prestige AWD,199900,PLN,Hybryda Plug-in,52766,2022,Automatyczna
Audi,Audi Inny,44500,PLN,Benzyna,250000,1989,Manualna
Volvo,Volvo S60 T5 R-Design,54500,PLN,Benzyna,112000,2019,Automatyczna
Citroën,Citroën C3 Aircross 1.2 Turbo Plus S&S,72900,PLN,Benzyna,13000,2025,Manualna
Audi,Audi A4 Avant,20500,PLN,Benzyna,256000,2007,Automatyczna
Volkswagen,Volkswagen Arteon 2.0 TSI DSG R-Line Edition,92500,PLN,Benzyna,160620,2018,Automatyczna
Peugeot,Peugeot 508 1.6 e-THP Allure S&S,39900,PLN,Benzyna,75900,2015,Manualna
Skoda,Skoda Kamiq 1.0 TSI Ambition,55900,PLN,Benzyna,127000,2020,Manualna
Audi,Audi SQ7,150000,PLN,Diesel,215000,2016,Automatyczna
BMW,BMW Seria 4,165000,PLN,Benzyna,62000,2022,Automatyczna
Ford,Ford Tourneo Custom 2.0 EcoBlue L1 Active SelectShift,319000,PLN,Diesel,200,2026,Automatyczna
Kia,Kia Stonic,52900,PLN,Benzyna,12000,2024,Manualna
Audi,Audi A3 3-drzwiowe,9999,PLN,Diesel,238000,2008,Manualna
Mercedes-Benz,Mercedes-Benz Klasa E,39999,PLN,Benzyna,169000,1994,Automatyczna
Audi,Audi S4 Limousine,46000,PLN,Benzyna,209000,2009,Automatyczna
Seat,Seat Exeo 2.0 TDI CR Style,2999,PLN,Diesel,248000,2009,Manualna
Opel,Opel Meriva 1.4 Ecoflex Innovation,21900,PLN,Benzyna,150000,2011,Manualna
Kia,Kia XCeed 1.5 T-GDI Business Line,78700,PLN,Benzyna,67000,2021,Manualna
Toyota,Toyota Corolla 1.8 Hybrid GPF Comfort,55999,PLN,Hybryda,195837,2019,Automatyczna
Kia,Kia ProCeed 1.6 GDI L,31900,PLN,Benzyna,108000,2014,Manualna
Toyota,Toyota Avensis Touring Sports 1.8 Edition S+,54900,PLN,Benzyna,174000,2015,Manualna
Audi,Audi A6 Avant,7500,PLN,Diesel,380000,2006,Automatyczna
Dacia,Dacia Duster 1.5 Blue dCi Prestige,31900,PLN,Diesel,107000,2020,Manualna
Audi,Audi S6 Limousine,85900,PLN,Benzyna,179830,2013,Automatyczna
Skoda,Skoda Octavia,17900,PLN,Benzyna,185200,2011,Manualna
Audi,Audi Q3 2.0 TFSI Quattro,48800,PLN,Benzyna,153000,2013,Manualna
BMW,BMW Seria 3 318d Sport Line Shadow,43900,PLN,Diesel,235000,2018,Manualna
Mercedes-Benz,Mercedes-Benz Klasa E 200 9G-TRONIC,117000,PLN,Benzyna,78000,2017,Automatyczna
Opel,Opel Corsa 1.4 T Cosmo S&S,32900,PLN,Benzyna,158000,2017,Manualna
Audi,Audi S5 Coupé 3.0 TFSI Quattro Tiptronic,122500,PLN,Benzyna,116500,2019,Automatyczna
Skoda,Skoda Kamiq 1.5 TSI Drive DSG,121900,PLN,Benzyna,5,2026,Automatyczna
Skoda,Skoda Kamiq 1.5 TSI Drive DSG,123000,PLN,Benzyna,5,2026,Automatyczna
Kia,Kia Ceed 1.4 CVVT Spirit,21500,PLN,Benzyna+LPG,215000,2012,Manualna
Volvo,Volvo XC 40 B3 Plus Dark,143999,PLN,Benzyna,36500,2023,Automatyczna
Subaru,Subaru Legacy ver-2-0-d-comfort-at,21000,PLN,Diesel,168000,2013,Automatyczna
Mercedes-Benz,Mercedes-Benz Klasa C 180 CGI BlueEff Classic,59999,PLN,Benzyna,40383,2015,Manualna
Nissan,Nissan Juke 1.6 DIG-T ALL-MODE 4x4i Xtronic Acenta,29900,PLN,Benzyna,124000,2011,Automatyczna
Ford,Ford EcoSport,29900,PLN,Benzyna,140076,2014,Manualna
Volkswagen,Volkswagen Transporter,36800,PLN,Diesel,345000,2011,Manualna
Volvo,Volvo V90 D4 Momentum Pro,96000,PLN,Diesel,135000,2019,Automatyczna
Nissan,Nissan Juke 1.6 Visia,23500,PLN,Benzyna,91000,2011,Manualna
Ford,Ford Transit Custom,169900,PLN,Diesel,10,2026,Manualna
Fiat,Fiat Tipo 1.6 MultiJet,69900,PLN,Diesel,22000,2024,Manualna
Kia,Kia Venga 1.4 CRDi S,32000,PLN,Diesel,173668,2017,Manualna
Audi,Audi A3 Sportback 2.0 TFSI Quattro Ambition S tronic,25900,PLN,Benzyna,150000,2008,Automatyczna
Dacia,Dacia Duster SCe 115 2WD Comfort,41000,PLN,Benzyna+LPG,204000,2019,Manualna
Mercedes-Benz,Mercedes-Benz Klasa A 180 d,18900,PLN,Diesel,332974,2013,Manualna
Hyundai,Hyundai i30 1.6 CRDI 48V-Hybrid DCT Prime,52900,PLN,Diesel,135000,2022,Automatyczna
Peugeot,Peugeot 308,8000,PLN,Diesel,278515,2008,Manualna
Citroën,Citroën Berlingo 1.6 HDi Multispace,8900,PLN,Diesel,354049,2010,Manualna
Tesla,Tesla Model 3 Standard Hinterradantrieb,79000,PLN,Elektryczny,66000,2020,Automatyczna
Peugeot,Peugeot 208 1.2 PureTech Active S&S,53999,PLN,Benzyna,22304,2023,Manualna
Dacia,Dacia Dokker 1.5 dCi Laureate,25900,PLN,Diesel,150000,2016,Manualna
Opel,Opel Astra 1.6 Color Edition,35900,PLN,Benzyna,99000,2015,Manualna
Opel,Opel Corsa 1.2 Direct Injection Turbo Automatik,37900,PLN,Benzyna,60000,2023,Automatyczna
Volvo,Volvo V60 Cross Country,174900,PLN,Diesel,39060,2023,Automatyczna
Lexus,Lexus LX,499000,PLN,Benzyna,15200,2019,Automatyczna
Volkswagen,Volkswagen Golf,1500,PLN,Diesel,420000,2002,Manualna
Nissan,Nissan Qashqai,24000,PLN,Benzyna,224517,2010,Manualna
Opel,Opel Meriva,17500,PLN,Benzyna,147106,2011,Manualna
Skoda,Skoda Octavia,61999,PLN,Benzyna,184519,2023,Manualna
Citroën,Citroën Berlingo,22000,PLN,Benzyna,176433,2009,Manualna
Hyundai,Hyundai Tucson,66999,PLN,Benzyna,150271,2016,Automatyczna
BMW,BMW X6,52500,PLN,Diesel,211038,2010,Automatyczna
Kia,Kia Sportage,21000,PLN,Benzyna,110228,2008,Manualna
Volvo,Volvo S60,102000,PLN,Benzyna,95037,2019,Automatyczna
Volvo,Volvo XC 60,69000,PLN,Diesel,173235,2017,Automatyczna
Mercedes-Benz,Mercedes-Benz Klasa E,39500,PLN,Benzyna,220077,2010,Automatyczna
BMW,BMW 3GT,42000,PLN,Diesel,348144,2018,Automatyczna
Kia,Kia Ceed,8000,PLN,Benzyna+LPG,298474,2008,Manualna
Opel,Opel Zafira 1.6,8570,PLN,Benzyna,243000,2005,Manualna
Hyundai,Hyundai i40 1.6 GDI Comfort,34900,PLN,Benzyna,180000,2016,Manualna
Peugeot,Peugeot 308 1.2 PureTech Active S&S,27600,PLN,Benzyna,124906,2015,Manualna
Hyundai,Hyundai Santa Fe 2.0 CRDI Premium,46999,PLN,Diesel,255000,2015,Manualna
BMW,BMW Seria 5 530e PHEV M Sport,312100,PLN,Hybryda Plug-in,4000,2026,Automatyczna
Volkswagen,Volkswagen Jetta 1.4 TSI DSG Comfortline,24900,PLN,Benzyna,248500,2011,Automatyczna
Renault,Renault Trafic L1H1 Passenger Lux,49900,PLN,Diesel,240000,2010,Manualna
Opel,Opel Astra 1.4 Turbo Innovation,35000,PLN,Benzyna,103800,2017,Manualna
Nissan,Nissan Qashqai 1.5 dCi Tekna,21500,PLN,Diesel,150000,2012,Manualna
Renault,Renault Clio TCe 90 Luxe,22000,PLN,Benzyna,148000,2014,Manualna
Opel,Opel Astra 1.6 CDTI Executive,18800,PLN,Diesel,250000,2015,Manualna
Peugeot,Peugeot 308,14300,PLN,Diesel,201900,2015,Manualna
Opel,Opel Insignia,23500,PLN,Diesel,309000,2015,Manualna
Ford,Ford Fiesta,23900,PLN,Benzyna,84000,2013,Manualna
Volkswagen,Volkswagen Tiguan 1.4 TSI Perfectline,27000,PLN,Benzyna,224802,2013,Manualna
Volkswagen,Volkswagen Touran ver-1-4-tsi-bluemotion-technology-dsg-comfortline,56999,PLN,Benzyna,150000,2018,Automatyczna
Subaru,Subaru Impreza SW 2.5 WRX,29900,PLN,Benzyna,322000,2007,Manualna
Lexus,Lexus UX 250h GPF Business Edition AWD,102500,PLN,Hybryda,96500,2020,Automatyczna
Volkswagen,Volkswagen Beetle 1.4 TSI,28000,PLN,Benzyna,149000,2013,Manualna
Peugeot,Peugeot 108,28999,PLN,Benzyna,114861,2020,Manualna
Opel,Opel Crossland 1.2 T Edition Business Pack,52000,PLN,Benzyna,59352,2021,Manualna
Volkswagen,Volkswagen Arteon 2.0 TSI 4Motion Elegance DSG,85900,PLN,Benzyna,154000,2017,Automatyczna
Nissan,Nissan X-Trail 2.0 dCi N-Connecta 4WD Xtronic,66000,PLN,Diesel,112000,2017,Automatyczna
BMW,BMW Seria 3,20000,PLN,Diesel,241863,2010,Automatyczna
Mercedes-Benz,Mercedes-Benz GLC,94900,PLN,Benzyna,87136,2018,Automatyczna
BMW,BMW Seria 1 M135i xDrive,99999,PLN,Benzyna,159000,2021,Automatyczna
BMW,BMW Seria 2 216d,24200,PLN,Diesel,249500,2016,Manualna
Mercedes-Benz,Mercedes-Benz Klasa C,88000,PLN,Benzyna,94933,2017,Automatyczna
Audi,Audi Q5 2.0 TFSI Quattro S tronic,89000,PLN,Benzyna,124636,2019,Automatyczna
Nissan,Nissan Patrol 2.8 TD SG,35000,PLN,Diesel,233950,1996,Manualna
Kia,Kia Venga,23000,PLN,Benzyna,109954,2011,Manualna
Toyota,Toyota Camry,104999,PLN,Hybryda,75776,2021,Automatyczna
Opel,Opel Vivaro,59900,PLN,Diesel,190000,2018,Manualna
Toyota,Toyota Land Cruiser LC 2.8 D-4D mHEV Executive,402800,PLN,Diesel,6,2025,Automatyczna
Toyota,Toyota RAV4,114999,PLN,Hybryda,87152,2021,Automatyczna
Lexus,Lexus RX,160000,PLN,Benzyna,30175,2020,Automatyczna
Audi,Audi A3 Sportback,60000,PLN,Benzyna,110090,2018,Automatyczna
Mercedes-Benz,Mercedes-Benz GLC,149999,PLN,Hybryda,81314,2022,Automatyczna
Kia,Kia Carens,29500,PLN,Benzyna,124533,2013,Manualna
Volkswagen,Volkswagen Golf 1.4 Comfortline,25900,PLN,Benzyna,122000,2012,Manualna
Volkswagen,Volkswagen up!,32000,PLN,Benzyna,71873,2017,Manualna
MG,MG ZS,88500,PLN,Hybryda,18235,2024,Automatyczna
Nissan,Nissan Qashqai 1.3 DIG-T Tekna,56900,PLN,Benzyna,160000,2019,Manualna
Volkswagen,Volkswagen Golf 2.0 TDI BMT Comfortline,56000,PLN,Diesel,94000,2019,Manualna
Renault,Renault Megane 1.2 Energy TCe Life,29900,PLN,Benzyna,81500,2017,Manualna
BMW,BMW X5 3.0d xDrive,39999,PLN,Diesel,323566,2007,Automatyczna
Opel,Opel Astra 1.6 T Plug-in Hybrid GS Line,69900,PLN,Hybryda Plug-in,159000,2023,Automatyczna
Fiat,Fiat Punto 1.3 Multijet 16V Start,6900,PLN,Diesel,207400,2009,Manualna
Renault,Renault Grand Espace Gr 2.0 dCi 25th,16900,PLN,Diesel,189911,2010,Automatyczna
Opel,Opel Corsa 1.4 T Color Edition S&S,25500,PLN,Benzyna,113000,2016,Manualna
Audi,Audi A4 Limousine,7999,PLN,Diesel,377000,2005,Manualna
Toyota,Toyota Yaris Cross Hybrid 1.5 Comfort,112400,PLN,Hybryda,6,2026,Automatyczna
Fiat,Fiat Grande Punto 1.4 8V,4999,PLN,Benzyna,216442,2009,Manualna
Kia,Kia Sportage 1.6 GDI Business Line L 2WD,41800,PLN,Benzyna,167432,2015,Manualna
Volvo,Volvo S90,159900,PLN,Benzyna,49313,2023,Automatyczna
Seat,Seat Leon 1.0 TSI ECOMOTIVE DSG Style,26900,PLN,Benzyna,43200,2022,Automatyczna
Volvo,Volvo V60 Cross Country D4 Geartronic Pro,62900,PLN,Diesel,173300,2019,Automatyczna
Renault,Renault Koleos 2.0 dCi FAP 4x4 Bose Edition,18999,PLN,Diesel,223366,2011,Manualna
BMW,BMW Seria 5 530e sport,116600,PLN,Hybryda Plug-in,164000,2022,Automatyczna
Ford,Ford Focus 1.0 EcoBoost Gold X (Edition),18000,PLN,Benzyna,125218,2013,Manualna
Ford,Ford Fiesta 1.25 Champions Edition,16700,PLN,Benzyna,175000,2012,Manualna
Volvo,Volvo XC 60 T6 AWD Inscription,89900,PLN,Benzyna,99000,2019,Automatyczna
Toyota,Toyota Yaris 1.0 Comfort,42500,PLN,Benzyna,52000,2020,Manualna
Audi,Audi A3 Sportback,25000,PLN,Diesel,265000,2012,Manualna
BMW,BMW Seria 5 520d,39500,PLN,Diesel,190000,2011,Automatyczna
Opel,Opel Astra 1.4 Turbo Start/Stop Dynamic,42900,PLN,Benzyna,159702,2019,Manualna
Toyota,Toyota Auris Hybrid 135 Selection,48900,PLN,Hybryda,218000,2017,Automatyczna
Alfa Romeo,Alfa Romeo Tonale 1.5 T4 GSE mHEV Intensa DCT,172900,PLN,Hybryda,1,2025,Automatyczna
Nissan,Nissan Primastar,21900,PLN,Diesel,420373,2007,Manualna
Toyota,Toyota Yaris 1.33 Life,35900,PLN,Benzyna,108155,2015,Manualna
Hyundai,Hyundai Tucson,43000,PLN,Diesel,76953,2019,Automatyczna
Mazda,Mazda CX-3,25000,PLN,Benzyna,124650,2018,Manualna
Alfa Romeo,Alfa Romeo 159 1.9JTDM Progression,13500,PLN,Diesel,308496,2008,Manualna
Volkswagen,Volkswagen Caravelle L2 Comfortline,29500,PLN,Diesel,344000,2007,Manualna
Skoda,Skoda Octavia 1.4 TSI Style DSG,44000,PLN,Benzyna,199999,2017,Automatyczna
Toyota,Toyota Corolla Cross,129850,PLN,Hybryda,13505,2023,Automatyczna
Volkswagen,Volkswagen Golf Plus 1.2 TSI Team,19900,PLN,Benzyna,140805,2010,Manualna
Audi,Audi Q8 50 TDI mHEV Quattro Tiptronic,176900,PLN,Diesel,166500,2018,Automatyczna
Ford,Ford Fiesta 1.25 Silver X Plus,13500,PLN,Benzyna,149000,2009,Manualna
Renault,Renault Laguna 2.0 Expression,13700,PLN,Benzyna+LPG,300000,2008,Manualna
Skoda,Skoda RAPID 1.0 TSI Ambition,35000,PLN,Benzyna,158092,2018,Manualna
Nissan,Nissan Note 1.5 dci more,3900,PLN,Diesel,222222,2006,Manualna
BMW,BMW Seria 5,127000,PLN,Benzyna,134233,2019,Automatyczna
Kia,Kia Sportage 2.0 CVVT 4WD Automatik Vision,30900,PLN,Benzyna,215000,2012,Automatyczna
Ford,Ford Mustang 5.0 Ti-VCT V8 GT,99000,PLN,Benzyna,117613,2018,Automatyczna
BMW,BMW Seria 3,44900,PLN,Diesel,243000,2014,Automatyczna
Seat,Seat Leon,26000,PLN,Benzyna,202764,2010,Automatyczna
Volkswagen,Volkswagen Golf 2.0 TDI Highline,23000,PLN,Diesel,284000,2011,Manualna
Citroën,Citroën C3 1.2 PureTech Shine,45500,PLN,Benzyna,69900,2022,Manualna
Citroën,Citroën C3,23300,PLN,Diesel,180000,2019,Manualna
Citroën,Citroën C4 Cactus,19900,PLN,Benzyna,165000,2015,Manualna
Peugeot,Peugeot 308 1.6 HDi Active,3333,PLN,Diesel,302000,2010,Manualna
Peugeot,Peugeot 208 1.2 PureTech Style,21900,PLN,Benzyna,185809,2018,Manualna
SsangYong/KGM,SsangYong/KGM Tivoli,35550,PLN,Benzyna,76000,2015,Manualna
Mercedes-Benz,Mercedes-Benz GLE,280000,PLN,Benzyna,61000,2022,Automatyczna
Land Rover,Land Rover Range Rover,79900,PLN,Diesel,290000,2014,Automatyczna
Volkswagen,Volkswagen T-Roc 1.5 TSI R-Line DSG,109900,PLN,Benzyna,14200,2024,Automatyczna
Alfa Romeo,Alfa Romeo Giulietta,26500,PLN,Benzyna,160000,2013,Manualna
